barcode	sample
nc_AAACCCAAGAAGAACG-1	nc_larvae
nc_AAACCCAAGCTGCCTG-1	nc_larvae
nc_AAACCCAAGGTATCTC-1	nc_larvae
nc_AAACCCAAGTGCCTCG-1	nc_larvae
nc_AAACCCAAGTGGATAT-1	nc_larvae
nc_AAACCCACAAGTGCTT-1	nc_larvae
nc_AAACCCACAGCTACTA-1	nc_larvae
nc_AAACCCACATAGATGA-1	nc_larvae
nc_AAACCCACATGACTAC-1	nc_larvae
nc_AAACCCAGTCCGTACG-1	nc_larvae
nc_AAACCCATCAGGAACG-1	nc_larvae
nc_AAACCCATCTAGTCAG-1	nc_larvae
nc_AAACCCATCTTCCACG-1	nc_larvae
nc_AAACGAAAGCGAATGC-1	nc_larvae
nc_AAACGAAAGTAAATGC-1	nc_larvae
nc_AAACGAACACTCATAG-1	nc_larvae
nc_AAACGAACATCGTCCT-1	nc_larvae
nc_AAACGAACATTCTGTT-1	nc_larvae
nc_AAACGAAGTACGATCT-1	nc_larvae
nc_AAACGAAGTAGGGTAC-1	nc_larvae
nc_AAACGAAGTCCGTACG-1	nc_larvae
nc_AAACGAAGTCGATGCC-1	nc_larvae
nc_AAACGAATCAGCTAGT-1	nc_larvae
nc_AAACGAATCTACGGTA-1	nc_larvae
nc_AAACGAATCTTCGGAA-1	nc_larvae
nc_AAACGCTAGGTACTGG-1	nc_larvae
nc_AAACGCTCAAAGGGTC-1	nc_larvae
nc_AAACGCTCAACAAGAT-1	nc_larvae
nc_AAACGCTCAGCAGACA-1	nc_larvae
nc_AAACGCTGTATTTCGG-1	nc_larvae
nc_AAACGCTGTCTTACAG-1	nc_larvae
nc_AAACGCTGTTCTCAGA-1	nc_larvae
nc_AAACGCTTCGAAGGAC-1	nc_larvae
nc_AAACGCTTCTCGTTTA-1	nc_larvae
nc_AAAGAACCACAACATC-1	nc_larvae
nc_AAAGAACCACACGCCA-1	nc_larvae
nc_AAAGAACCACCAGGTC-1	nc_larvae
nc_AAAGAACGTTTCGGCG-1	nc_larvae
nc_AAAGAACTCACGATAC-1	nc_larvae
nc_AAAGAACTCATTTGGG-1	nc_larvae
nc_AAAGAACTCCATCACC-1	nc_larvae
nc_AAAGAACTCCATCTGC-1	nc_larvae
nc_AAAGAACTCCCGAGAC-1	nc_larvae
nc_AAAGAACTCTTCTAAC-1	nc_larvae
nc_AAAGGATAGAACAGGA-1	nc_larvae
nc_AAAGGATAGAGCCCAA-1	nc_larvae
nc_AAAGGATAGAGTGAAG-1	nc_larvae
nc_AAAGGATAGGTCACCC-1	nc_larvae
nc_AAAGGATAGGTCTACT-1	nc_larvae
nc_AAAGGATCAATTTCGG-1	nc_larvae
nc_AAAGGATCAGTTAGAA-1	nc_larvae
nc_AAAGGATGTAGCCCTG-1	nc_larvae
nc_AAAGGATTCAAACCTG-1	nc_larvae
nc_AAAGGATTCTGAGTCA-1	nc_larvae
nc_AAAGGATTCTTTCGAT-1	nc_larvae
nc_AAAGGGCAGAGTGTGC-1	nc_larvae
nc_AAAGGGCCAGGGTTGA-1	nc_larvae
nc_AAAGGGCCATCTATCT-1	nc_larvae
nc_AAAGGGCGTAACGGTG-1	nc_larvae
nc_AAAGGGCGTGGCTGCT-1	nc_larvae
nc_AAAGGGCTCACGTAGT-1	nc_larvae
nc_AAAGGTAAGACCACGA-1	nc_larvae
nc_AAAGGTAAGAGGTCGT-1	nc_larvae
nc_AAAGGTAAGATTGACA-1	nc_larvae
nc_AAAGGTAAGGATTTCC-1	nc_larvae
nc_AAAGGTAAGTTACGGG-1	nc_larvae
nc_AAAGGTACAAAGCTCT-1	nc_larvae
nc_AAAGGTACAACATACC-1	nc_larvae
nc_AAAGGTACAGCAGTCC-1	nc_larvae
nc_AAAGGTAGTAGACGGT-1	nc_larvae
nc_AAAGGTAGTGATTCAC-1	nc_larvae
nc_AAAGGTAGTGTCTTGA-1	nc_larvae
nc_AAAGGTAGTGTGCTTA-1	nc_larvae
nc_AAAGGTAGTTTGCAGT-1	nc_larvae
nc_AAAGGTATCATTCGGA-1	nc_larvae
nc_AAAGGTATCGAAGCCC-1	nc_larvae
nc_AAAGGTATCTAGAGCT-1	nc_larvae
nc_AAAGGTATCTGAGTCA-1	nc_larvae
nc_AAAGTCCAGCATCAGG-1	nc_larvae
nc_AAAGTCCAGTTGCATC-1	nc_larvae
nc_AAAGTCCCACGACCTG-1	nc_larvae
nc_AAAGTCCGTGAGATAT-1	nc_larvae
nc_AAAGTCCTCAGCTCTC-1	nc_larvae
nc_AAAGTCCTCCGCTAGG-1	nc_larvae
nc_AAAGTCCTCCGTAGTA-1	nc_larvae
nc_AAAGTCCTCCTTCTTC-1	nc_larvae
nc_AAAGTCCTCGGAGCAA-1	nc_larvae
nc_AAAGTCCTCGGCAGTC-1	nc_larvae
nc_AAAGTCCTCGTTTACT-1	nc_larvae
nc_AAAGTCCTCTTAGCTT-1	nc_larvae
nc_AAAGTGAAGCATAGGC-1	nc_larvae
nc_AAAGTGAAGCGACTAG-1	nc_larvae
nc_AAAGTGAAGCTGCCTG-1	nc_larvae
nc_AAAGTGAAGGCCACTC-1	nc_larvae
nc_AAAGTGACAACGGCCT-1	nc_larvae
nc_AAAGTGACACACCGCA-1	nc_larvae
nc_AAAGTGACAGGCCCTA-1	nc_larvae
nc_AAAGTGACAGTCAACT-1	nc_larvae
nc_AAAGTGACAGTTACCA-1	nc_larvae
nc_AAAGTGAGTACGATGG-1	nc_larvae
nc_AAAGTGAGTGGCTTAT-1	nc_larvae
nc_AAAGTGAGTTCGAACT-1	nc_larvae
nc_AAAGTGATCCGGCAAC-1	nc_larvae
nc_AAAGTGATCCTGGTCT-1	nc_larvae
nc_AAAGTGATCGGCCTTT-1	nc_larvae
nc_AAATGGACAATAGGAT-1	nc_larvae
nc_AAATGGACAATAGTCC-1	nc_larvae
nc_AAATGGACACCCTGAG-1	nc_larvae
nc_AAATGGACACTAGTAC-1	nc_larvae
nc_AAATGGACATCGGTTA-1	nc_larvae
nc_AAATGGACATGTGGCC-1	nc_larvae
nc_AAATGGACATTGCTTT-1	nc_larvae
nc_AAATGGAGTACCGTCG-1	nc_larvae
nc_AAATGGAGTCCTCATC-1	nc_larvae
nc_AAATGGAGTCTCCTGT-1	nc_larvae
nc_AAATGGATCAAATAGG-1	nc_larvae
nc_AAATGGATCACTGGGC-1	nc_larvae
nc_AAATGGATCCTTCAGC-1	nc_larvae
nc_AAATGGATCGACCAAT-1	nc_larvae
nc_AAATGGATCGCCTAGG-1	nc_larvae
nc_AAATGGATCGCTTAAG-1	nc_larvae
nc_AACAAAGAGACGGATC-1	nc_larvae
nc_AACAAAGAGACTGGGT-1	nc_larvae
nc_AACAAAGAGAGGGTCT-1	nc_larvae
nc_AACAAAGAGATACTGA-1	nc_larvae
nc_AACAAAGAGTACAGCG-1	nc_larvae
nc_AACAAAGCACAAGCAG-1	nc_larvae
nc_AACAAAGCACCGCTAG-1	nc_larvae
nc_AACAAAGCATTAAAGG-1	nc_larvae
nc_AACAAAGGTCACGTGC-1	nc_larvae
nc_AACAAAGGTGCGTTTA-1	nc_larvae
nc_AACAAAGGTTACCCAA-1	nc_larvae
nc_AACAAAGTCTTGCAGA-1	nc_larvae
nc_AACAACCAGCATTTCG-1	nc_larvae
nc_AACAACCAGTTCTACG-1	nc_larvae
nc_AACAACCCACGCAGTC-1	nc_larvae
nc_AACAACCCAGAACGCA-1	nc_larvae
nc_AACAACCGTATGATCC-1	nc_larvae
nc_AACAACCGTGCCTACG-1	nc_larvae
nc_AACAACCGTGGCTGAA-1	nc_larvae
nc_AACAACCGTGTTAAAG-1	nc_larvae
nc_AACAACCTCGACCTAA-1	nc_larvae
nc_AACAACCTCGTCCATC-1	nc_larvae
nc_AACAACCTCGTGCACG-1	nc_larvae
nc_AACAAGAAGGAAGTCC-1	nc_larvae
nc_AACAAGACACATTCTT-1	nc_larvae
nc_AACAAGAGTCCAAAGG-1	nc_larvae
nc_AACAAGATCATCTGTT-1	nc_larvae
nc_AACAAGATCTAGCCAA-1	nc_larvae
nc_AACACACAGGTTCACT-1	nc_larvae
nc_AACACACAGTGGACTG-1	nc_larvae
nc_AACACACCAAGGTACG-1	nc_larvae
nc_AACACACCAGTTGTTG-1	nc_larvae
nc_AACACACGTGGATCAG-1	nc_larvae
nc_AACACACGTTCACCGG-1	nc_larvae
nc_AACACACGTTTCAGAC-1	nc_larvae
nc_AACACACGTTTGAACC-1	nc_larvae
nc_AACACACTCCACGTAA-1	nc_larvae
nc_AACACACTCCTCAGGG-1	nc_larvae
nc_AACACACTCCTGGGTG-1	nc_larvae
nc_AACACACTCTCATGCC-1	nc_larvae
nc_AACAGGGAGAGCATTA-1	nc_larvae
nc_AACAGGGAGGCGTTGA-1	nc_larvae
nc_AACAGGGCAATAGAGT-1	nc_larvae
nc_AACAGGGGTACGAGCA-1	nc_larvae
nc_AACAGGGGTGCCCTTT-1	nc_larvae
nc_AACAGGGGTTCTCGCT-1	nc_larvae
nc_AACAGGGGTTGGAGGT-1	nc_larvae
nc_AACAGGGTCACCGACG-1	nc_larvae
nc_AACAGGGTCACTTATC-1	nc_larvae
nc_AACCAACGTCGATTCA-1	nc_larvae
nc_AACCAACGTCGTGATT-1	nc_larvae
nc_AACCAACGTGACAACG-1	nc_larvae
nc_AACCAACGTGCGAACA-1	nc_larvae
nc_AACCAACGTGCTCTTC-1	nc_larvae
nc_AACCAACTCACCATCC-1	nc_larvae
nc_AACCAACTCCACTGGG-1	nc_larvae
nc_AACCAACTCCCAGGCA-1	nc_larvae
nc_AACCAACTCCCATAAG-1	nc_larvae
nc_AACCAACTCTGTACAG-1	nc_larvae
nc_AACCACAAGTTTGAGA-1	nc_larvae
nc_AACCACACACACCGAC-1	nc_larvae
nc_AACCACACACAGCTGC-1	nc_larvae
nc_AACCACACAGGACTTT-1	nc_larvae
nc_AACCACAGTACTGCCG-1	nc_larvae
nc_AACCACAGTCACTTCC-1	nc_larvae
nc_AACCACATCAATCTTC-1	nc_larvae
nc_AACCACATCACGGTCG-1	nc_larvae
nc_AACCACATCATGTCAG-1	nc_larvae
nc_AACCACATCCGCGATG-1	nc_larvae
nc_AACCACATCTCTTCAA-1	nc_larvae
nc_AACCATGAGAGAGCCT-1	nc_larvae
nc_AACCATGAGCCGTAAG-1	nc_larvae
nc_AACCATGAGCGCCTAC-1	nc_larvae
nc_AACCATGAGGCAATGC-1	nc_larvae
nc_AACCATGAGTCTAACC-1	nc_larvae
nc_AACCATGAGTCTGCGC-1	nc_larvae
nc_AACCATGCATCCCACT-1	nc_larvae
nc_AACCATGCATTCCTCG-1	nc_larvae
nc_AACCATGCATTCGATG-1	nc_larvae
nc_AACCATGGTACAAGTA-1	nc_larvae
nc_AACCATGTCTGATTCT-1	nc_larvae
nc_AACCCAACAGCGGTCT-1	nc_larvae
nc_AACCCAACAGCGTACC-1	nc_larvae
nc_AACCCAAGTGCGTGCT-1	nc_larvae
nc_AACCCAAGTGCTATTG-1	nc_larvae
nc_AACCCAATCACGATAC-1	nc_larvae
nc_AACCCAATCAGAGCGA-1	nc_larvae
nc_AACCCAATCGGAAACG-1	nc_larvae
nc_AACCCAATCTACAGGT-1	nc_larvae
nc_AACCCAATCTGGTGGC-1	nc_larvae
nc_AACCTGAAGCATGAAT-1	nc_larvae
nc_AACCTGAGTATCCCTC-1	nc_larvae
nc_AACCTGAGTGACAACG-1	nc_larvae
nc_AACCTGATCTATTCGT-1	nc_larvae
nc_AACCTTTAGCCAGACA-1	nc_larvae
nc_AACCTTTAGGGAGGAC-1	nc_larvae
nc_AACCTTTAGTGCTCGC-1	nc_larvae
nc_AACCTTTCACTTCAGA-1	nc_larvae
nc_AACCTTTCAGACCTGC-1	nc_larvae
nc_AACCTTTCAGCCCAGT-1	nc_larvae
nc_AACCTTTCATCCCACT-1	nc_larvae
nc_AACCTTTGTACCGTCG-1	nc_larvae
nc_AACCTTTTCAAGGCTT-1	nc_larvae
nc_AACCTTTTCACTCTTA-1	nc_larvae
nc_AACCTTTTCGGTGCAC-1	nc_larvae
nc_AACCTTTTCTAGGCCG-1	nc_larvae
nc_AACCTTTTCTGCTTTA-1	nc_larvae
nc_AACGAAAAGCACCGAA-1	nc_larvae
nc_AACGAAAAGCATTTCG-1	nc_larvae
nc_AACGAAAAGCGCTTCG-1	nc_larvae
nc_AACGAAAAGCTGGCCT-1	nc_larvae
nc_AACGAAACACCGAATT-1	nc_larvae
nc_AACGAAACAGAGCCCT-1	nc_larvae
nc_AACGAAACAGCAGTGA-1	nc_larvae
nc_AACGAAAGTCTGTAGT-1	nc_larvae
nc_AACGAAATCAGCTGTA-1	nc_larvae
nc_AACGAAATCGTGCGAC-1	nc_larvae
nc_AACGGGAAGGTCTACT-1	nc_larvae
nc_AACGGGAAGTATCTGC-1	nc_larvae
nc_AACGGGAAGTCATCCA-1	nc_larvae
nc_AACGGGAAGTGAACAT-1	nc_larvae
nc_AACGGGAGTTGGATCT-1	nc_larvae
nc_AACGGGAGTTGTTGTG-1	nc_larvae
nc_AACGGGATCAGCATTG-1	nc_larvae
nc_AACGGGATCGCTACGG-1	nc_larvae
nc_AACGGGATCTGCAGCG-1	nc_larvae
nc_AACGTCAAGACATAGT-1	nc_larvae
nc_AACGTCAAGAGCCTGA-1	nc_larvae
nc_AACGTCACAAAGGTTA-1	nc_larvae
nc_AACGTCACACCAGCTG-1	nc_larvae
nc_AACGTCACAGTCGCTG-1	nc_larvae
nc_AACGTCACATATGGCT-1	nc_larvae
nc_AACGTCACATTGTCGA-1	nc_larvae
nc_AACGTCAGTCTACGTA-1	nc_larvae
nc_AACGTCAGTTGTTTGG-1	nc_larvae
nc_AACGTCATCACTCACC-1	nc_larvae
nc_AACGTCATCCACTTTA-1	nc_larvae
nc_AACGTCATCCAGTGTA-1	nc_larvae
nc_AACTTCTAGGGATGTC-1	nc_larvae
nc_AACTTCTCAACCTATG-1	nc_larvae
nc_AACTTCTCACGGCACT-1	nc_larvae
nc_AACTTCTCACTAGGTT-1	nc_larvae
nc_AACTTCTCAGATTAAG-1	nc_larvae
nc_AACTTCTCATCAGTCA-1	nc_larvae
nc_AACTTCTCATGTGCCG-1	nc_larvae
nc_AACTTCTGTGGTCTGC-1	nc_larvae
nc_AACTTCTGTTCCCAAA-1	nc_larvae
nc_AACTTCTTCAGGTAAA-1	nc_larvae
nc_AACTTCTTCCTGGTCT-1	nc_larvae
nc_AAGAACAAGAGTGGCT-1	nc_larvae
nc_AAGAACAAGGAATTAC-1	nc_larvae
nc_AAGAACAAGGCCACTC-1	nc_larvae
nc_AAGAACAAGGTTAAAC-1	nc_larvae
nc_AAGAACACAATCCTAG-1	nc_larvae
nc_AAGAACACAATTGAGA-1	nc_larvae
nc_AAGAACACAGCTGGTC-1	nc_larvae
nc_AAGAACACAGTCGAGA-1	nc_larvae
nc_AAGAACAGTGCTATTG-1	nc_larvae
nc_AAGAACAGTTCTCTAT-1	nc_larvae
nc_AAGAACATCACATACG-1	nc_larvae
nc_AAGAACATCTAGCATG-1	nc_larvae
nc_AAGACAAAGCCTCTTC-1	nc_larvae
nc_AAGACAAAGGTAAACT-1	nc_larvae
nc_AAGACAAAGGTCACTT-1	nc_larvae
nc_AAGACAAAGTACTCGT-1	nc_larvae
nc_AAGACAAAGTCCGTCG-1	nc_larvae
nc_AAGACAACAACCCTAA-1	nc_larvae
nc_AAGACAACACATATGC-1	nc_larvae
nc_AAGACAACACCAGTTA-1	nc_larvae
nc_AAGACAACAGCACGAA-1	nc_larvae
nc_AAGACAACAGGAACCA-1	nc_larvae
nc_AAGACAACAGGCATTT-1	nc_larvae
nc_AAGACAAGTAATTAGG-1	nc_larvae
nc_AAGACAAGTAGCTTTG-1	nc_larvae
nc_AAGACAAGTATTTCCT-1	nc_larvae
nc_AAGACAAGTGCGGCTT-1	nc_larvae
nc_AAGACAAGTGGGAGAG-1	nc_larvae
nc_AAGACAAGTGTAGCAG-1	nc_larvae
nc_AAGACAATCATAGAGA-1	nc_larvae
nc_AAGACAATCATTGCCC-1	nc_larvae
nc_AAGACAATCCACAGCG-1	nc_larvae
nc_AAGACAATCCGTTGAA-1	nc_larvae
nc_AAGACAATCGGTCTGG-1	nc_larvae
nc_AAGACTCAGAAGGCTC-1	nc_larvae
nc_AAGACTCAGATGGCAC-1	nc_larvae
nc_AAGACTCAGCCTGACC-1	nc_larvae
nc_AAGACTCAGGTTCTAC-1	nc_larvae
nc_AAGACTCCACCACATA-1	nc_larvae
nc_AAGACTCCATCTTTCA-1	nc_larvae
nc_AAGACTCGTATCGAGG-1	nc_larvae
nc_AAGACTCGTCGACGCT-1	nc_larvae
nc_AAGACTCGTGTTAAAG-1	nc_larvae
nc_AAGACTCGTGTTGATC-1	nc_larvae
nc_AAGATAGAGCACTCGC-1	nc_larvae
nc_AAGATAGCAGCACAAG-1	nc_larvae
nc_AAGATAGGTAAGCAAT-1	nc_larvae
nc_AAGATAGTCGTCTAAG-1	nc_larvae
nc_AAGCATCCAAGTGTCT-1	nc_larvae
nc_AAGCATCCAGACAAGC-1	nc_larvae
nc_AAGCATCCAGTAACCT-1	nc_larvae
nc_AAGCATCGTTACGATC-1	nc_larvae
nc_AAGCCATAGAGTGACC-1	nc_larvae
nc_AAGCCATAGCATCAAA-1	nc_larvae
nc_AAGCCATAGCGGTATG-1	nc_larvae
nc_AAGCCATAGGAGAATG-1	nc_larvae
nc_AAGCCATAGGATACAT-1	nc_larvae
nc_AAGCCATAGTATAACG-1	nc_larvae
nc_AAGCCATAGTGGTTCT-1	nc_larvae
nc_AAGCCATCAACAAAGT-1	nc_larvae
nc_AAGCCATCAATACGAA-1	nc_larvae
nc_AAGCCATCAGTGCCTG-1	nc_larvae
nc_AAGCCATGTCCACTTC-1	nc_larvae
nc_AAGCCATTCGCCAACG-1	nc_larvae
nc_AAGCCATTCTTCTGTA-1	nc_larvae
nc_AAGCGAGAGAACAAGG-1	nc_larvae
nc_AAGCGAGAGCATTGTC-1	nc_larvae
nc_AAGCGAGAGGCCTTGC-1	nc_larvae
nc_AAGCGAGCACCTGCGA-1	nc_larvae
nc_AAGCGAGCACTAACGT-1	nc_larvae
nc_AAGCGAGCAGAAATCA-1	nc_larvae
nc_AAGCGAGCATTGAGGG-1	nc_larvae
nc_AAGCGAGGTAGTAAGT-1	nc_larvae
nc_AAGCGAGGTTTCCCAC-1	nc_larvae
nc_AAGCGAGTCATGCATG-1	nc_larvae
nc_AAGCGAGTCCAGCACG-1	nc_larvae
nc_AAGCGAGTCCCTCTTT-1	nc_larvae
nc_AAGCGAGTCGTTCAGA-1	nc_larvae
nc_AAGCGTTAGATAGTCA-1	nc_larvae
nc_AAGCGTTAGCATCCCG-1	nc_larvae
nc_AAGCGTTAGGCGAAGG-1	nc_larvae
nc_AAGCGTTCAAGGTCAG-1	nc_larvae
nc_AAGCGTTCACGCGTCA-1	nc_larvae
nc_AAGCGTTCATCCGTTC-1	nc_larvae
nc_AAGCGTTGTAGACACG-1	nc_larvae
nc_AAGCGTTGTATAGGAT-1	nc_larvae
nc_AAGCGTTGTATGAGGC-1	nc_larvae
nc_AAGCGTTTCCTTCTTC-1	nc_larvae
nc_AAGCGTTTCGGCCCAA-1	nc_larvae
nc_AAGGAATCAACGATTC-1	nc_larvae
nc_AAGGAATCAATAGGAT-1	nc_larvae
nc_AAGGAATCACTTGAAC-1	nc_larvae
nc_AAGGAATCATGTAACC-1	nc_larvae
nc_AAGGAATGTCCGGCAT-1	nc_larvae
nc_AAGGAATTCCACGTAA-1	nc_larvae
nc_AAGGAATTCGGCTGAC-1	nc_larvae
nc_AAGGTAAAGACATAAC-1	nc_larvae
nc_AAGGTAAAGAGGCCAT-1	nc_larvae
nc_AAGGTAAAGGCGTCCT-1	nc_larvae
nc_AAGGTAAAGTCACTAC-1	nc_larvae
nc_AAGGTAACAACCGTGC-1	nc_larvae
nc_AAGGTAACAGCTGTTA-1	nc_larvae
nc_AAGGTAACATATCGGT-1	nc_larvae
nc_AAGGTAACATGGTACT-1	nc_larvae
nc_AAGGTAAGTCCTGAAT-1	nc_larvae
nc_AAGGTAAGTTCCCAAA-1	nc_larvae
nc_AAGGTAAGTTGAATCC-1	nc_larvae
nc_AAGGTAATCAAGTCGT-1	nc_larvae
nc_AAGGTAATCTTCTCAA-1	nc_larvae
nc_AAGTACCCAGCAGATG-1	nc_larvae
nc_AAGTACCGTGTTCATG-1	nc_larvae
nc_AAGTACCTCGAGAACG-1	nc_larvae
nc_AAGTCGTAGACTCATC-1	nc_larvae
nc_AAGTCGTAGCGATGAC-1	nc_larvae
nc_AAGTCGTAGTAAGACT-1	nc_larvae
nc_AAGTCGTCAATGAACA-1	nc_larvae
nc_AAGTCGTCACGGCGTT-1	nc_larvae
nc_AAGTCGTCAGACACCC-1	nc_larvae
nc_AAGTCGTCATGAGATA-1	nc_larvae
nc_AAGTCGTCATGGGATG-1	nc_larvae
nc_AAGTCGTGTGTTATCG-1	nc_larvae
nc_AAGTCGTTCATCTACT-1	nc_larvae
nc_AAGTCGTTCGAGTGAG-1	nc_larvae
nc_AAGTCGTTCTAGCCTC-1	nc_larvae
nc_AAGTGAAAGAAGGCTC-1	nc_larvae
nc_AAGTGAAAGACTTCAC-1	nc_larvae
nc_AAGTGAAAGATGCTTC-1	nc_larvae
nc_AAGTGAAAGCCTGGAA-1	nc_larvae
nc_AAGTGAACAGATTAAG-1	nc_larvae
nc_AAGTGAACAGCCGTCA-1	nc_larvae
nc_AAGTGAACATAGGTTC-1	nc_larvae
nc_AAGTGAACATTCAGGT-1	nc_larvae
nc_AAGTGAAGTACAGGTG-1	nc_larvae
nc_AAGTGAATCGCGTAGC-1	nc_larvae
nc_AAGTGAATCGGAGTGA-1	nc_larvae
nc_AAGTTCGAGCTCTTCC-1	nc_larvae
nc_AAGTTCGAGGATAATC-1	nc_larvae
nc_AAGTTCGAGTATTGCC-1	nc_larvae
nc_AAGTTCGCAAAGAGTT-1	nc_larvae
nc_AAGTTCGCACCTGAAT-1	nc_larvae
nc_AAGTTCGCAGCGTAGA-1	nc_larvae
nc_AAGTTCGCAGGTCAGA-1	nc_larvae
nc_AAGTTCGGTACGAGCA-1	nc_larvae
nc_AAGTTCGGTCGAGATG-1	nc_larvae
nc_AAGTTCGGTGGAATGC-1	nc_larvae
nc_AATAGAGAGAATACAC-1	nc_larvae
nc_AATAGAGAGACAGCGT-1	nc_larvae
nc_AATAGAGAGGACATCG-1	nc_larvae
nc_AATAGAGAGGCACAAC-1	nc_larvae
nc_AATAGAGAGTATCTGC-1	nc_larvae
nc_AATAGAGCAGGTGTGA-1	nc_larvae
nc_AATAGAGTCAATCCGA-1	nc_larvae
nc_AATAGAGTCCAGCAAT-1	nc_larvae
nc_AATAGAGTCCTACCGT-1	nc_larvae
nc_AATAGAGTCCTGCCAT-1	nc_larvae
nc_AATCACGAGCCGCACT-1	nc_larvae
nc_AATCACGAGCGGGTAT-1	nc_larvae
nc_AATCACGAGGACGCTA-1	nc_larvae
nc_AATCACGAGTTGCATC-1	nc_larvae
nc_AATCACGCAAAGCTCT-1	nc_larvae
nc_AATCACGCAAATGATG-1	nc_larvae
nc_AATCACGCACAGTGTT-1	nc_larvae
nc_AATCACGCACATGGTT-1	nc_larvae
nc_AATCACGCACCACTGG-1	nc_larvae
nc_AATCACGCACCTTCGT-1	nc_larvae
nc_AATCACGGTTATCTGG-1	nc_larvae
nc_AATCACGTCGTAATGC-1	nc_larvae
nc_AATCGACAGCTGTACT-1	nc_larvae
nc_AATCGACCACAGAAGC-1	nc_larvae
nc_AATCGACCAGGTTCGC-1	nc_larvae
nc_AATCGACCAGGTTTAC-1	nc_larvae
nc_AATCGACCATGTTTGG-1	nc_larvae
nc_AATCGACGTACGAGTG-1	nc_larvae
nc_AATCGACGTGCATGTT-1	nc_larvae
nc_AATCGACTCAATCGGT-1	nc_larvae
nc_AATCGACTCCAACCAA-1	nc_larvae
nc_AATCGACTCGCTCATC-1	nc_larvae
nc_AATCGACTCTAGCCTC-1	nc_larvae
nc_AATCGACTCTATGCCC-1	nc_larvae
nc_AATCGACTCTGAGGCC-1	nc_larvae
nc_AATCGTGAGCCGATAG-1	nc_larvae
nc_AATCGTGAGGGCAGAG-1	nc_larvae
nc_AATCGTGCAAGGTCAG-1	nc_larvae
nc_AATCGTGCAGTAACGG-1	nc_larvae
nc_AATCGTGGTAGGATAT-1	nc_larvae
nc_AATCGTGTCACGATAC-1	nc_larvae
nc_AATCGTGTCATCGACA-1	nc_larvae
nc_AATCGTGTCCGATGTA-1	nc_larvae
nc_AATGAAGAGAGAGCCT-1	nc_larvae
nc_AATGAAGAGGCCGCTT-1	nc_larvae
nc_AATGAAGAGTGCACTT-1	nc_larvae
nc_AATGAAGCAAACACCT-1	nc_larvae
nc_AATGAAGCAAGCGAGT-1	nc_larvae
nc_AATGAAGCAAGGGTCA-1	nc_larvae
nc_AATGAAGCACGATTCA-1	nc_larvae
nc_AATGAAGGTAGTATAG-1	nc_larvae
nc_AATGAAGGTCAAACGG-1	nc_larvae
nc_AATGAAGGTCATTGCA-1	nc_larvae
nc_AATGAAGTCCCTCGTA-1	nc_larvae
nc_AATGAAGTCGAGTACT-1	nc_larvae
nc_AATGACCAGGAAACGA-1	nc_larvae
nc_AATGACCAGTGATCGG-1	nc_larvae
nc_AATGACCCAATGGCAG-1	nc_larvae
nc_AATGACCCAATTGTGC-1	nc_larvae
nc_AATGACCCATATGAAG-1	nc_larvae
nc_AATGACCCATCTTTCA-1	nc_larvae
nc_AATGACCGTACTAGCT-1	nc_larvae
nc_AATGACCGTCACTTAG-1	nc_larvae
nc_AATGACCGTGAGCGAT-1	nc_larvae
nc_AATGACCGTGATATAG-1	nc_larvae
nc_AATGACCGTTCTTAGG-1	nc_larvae
nc_AATGACCTCACCATGA-1	nc_larvae
nc_AATGACCTCCGCAAAT-1	nc_larvae
nc_AATGACCTCGAAACAA-1	nc_larvae
nc_AATGCCAAGCACCCAC-1	nc_larvae
nc_AATGCCAAGGTCATCT-1	nc_larvae
nc_AATGCCAAGTAGGGTC-1	nc_larvae
nc_AATGCCAAGTGCCTCG-1	nc_larvae
nc_AATGCCACACTGCATA-1	nc_larvae
nc_AATGCCACATCCCACT-1	nc_larvae
nc_AATGCCAGTATTCCTT-1	nc_larvae
nc_AATGCCAGTCTGGTTA-1	nc_larvae
nc_AATGCCAGTTCTCGTC-1	nc_larvae
nc_AATGCCATCATCGCCT-1	nc_larvae
nc_AATGCCATCCATCGTC-1	nc_larvae
nc_AATGCCATCCGATGCG-1	nc_larvae
nc_AATGGAAAGACCTCCG-1	nc_larvae
nc_AATGGAAAGCGAGTCA-1	nc_larvae
nc_AATGGAAAGCTCGGCT-1	nc_larvae
nc_AATGGAAAGGAGAGGC-1	nc_larvae
nc_AATGGAAAGGTACAGC-1	nc_larvae
nc_AATGGAACAAATTGGA-1	nc_larvae
nc_AATGGAACAAGATCCT-1	nc_larvae
nc_AATGGAACAGGATCTT-1	nc_larvae
nc_AATGGAATCCGATGCG-1	nc_larvae
nc_AATGGAATCGTAACCA-1	nc_larvae
nc_AATGGCTAGAAGCCAC-1	nc_larvae
nc_AATGGCTAGAGGACTC-1	nc_larvae
nc_AATGGCTAGTTCTCTT-1	nc_larvae
nc_AATGGCTCAGGTTTAC-1	nc_larvae
nc_AATGGCTGTAAGTTGA-1	nc_larvae
nc_AATGGCTGTAGTCACT-1	nc_larvae
nc_AATGGCTGTCATCGGC-1	nc_larvae
nc_AATGGCTGTGTTCGAT-1	nc_larvae
nc_AATGGCTTCCCAACTC-1	nc_larvae
nc_AATGGCTTCCGATCTC-1	nc_larvae
nc_AATGGCTTCGCCGATG-1	nc_larvae
nc_AATGGCTTCGTCGATA-1	nc_larvae
nc_AATGGCTTCTCACCCA-1	nc_larvae
nc_AATGGCTTCTCTCGAC-1	nc_larvae
nc_AATTCCTAGCACTGGA-1	nc_larvae
nc_AATTCCTAGCGACTTT-1	nc_larvae
nc_AATTCCTAGCTACGTT-1	nc_larvae
nc_AATTCCTAGGCGAACT-1	nc_larvae
nc_AATTCCTAGGTGCATG-1	nc_larvae
nc_AATTCCTAGTCACTCA-1	nc_larvae
nc_AATTCCTAGTGCCTCG-1	nc_larvae
nc_AATTCCTCACGGAAGT-1	nc_larvae
nc_AATTCCTGTAAGGCTG-1	nc_larvae
nc_AATTCCTGTACGTGAG-1	nc_larvae
nc_AATTCCTGTACTCAAC-1	nc_larvae
nc_AATTCCTGTAGCGATG-1	nc_larvae
nc_AATTCCTGTATAATGG-1	nc_larvae
nc_AATTCCTGTATGAGGC-1	nc_larvae
nc_AATTCCTGTGGAACAC-1	nc_larvae
nc_AATTCCTGTGGACCAA-1	nc_larvae
nc_AATTCCTGTGGTCTAT-1	nc_larvae
nc_AATTCCTTCGCAGTGC-1	nc_larvae
nc_AATTTCCAGAAACCCG-1	nc_larvae
nc_AATTTCCAGACTCATC-1	nc_larvae
nc_AATTTCCAGTACGTCT-1	nc_larvae
nc_AATTTCCAGTCGCGAA-1	nc_larvae
nc_AATTTCCCACGACTAT-1	nc_larvae
nc_AATTTCCCACGTTCGG-1	nc_larvae
nc_AATTTCCCACTACACA-1	nc_larvae
nc_AATTTCCCAGTTACCA-1	nc_larvae
nc_AATTTCCCATCCAACA-1	nc_larvae
nc_AATTTCCCATCTCATT-1	nc_larvae
nc_AATTTCCGTACAAGCG-1	nc_larvae
nc_AATTTCCTCATGGTAC-1	nc_larvae
nc_AATTTCCTCCGTGTGG-1	nc_larvae
nc_AATTTCCTCCTTACCG-1	nc_larvae
nc_AATTTCCTCGGTTAGT-1	nc_larvae
nc_AATTTCCTCTTGATTC-1	nc_larvae
nc_ACAAAGAAGGTATAGT-1	nc_larvae
nc_ACAAAGAAGTCACGAG-1	nc_larvae
nc_ACAAAGACACATACGT-1	nc_larvae
nc_ACAAAGACACTACCCT-1	nc_larvae
nc_ACAAAGACAGAGAATT-1	nc_larvae
nc_ACAAAGAGTAAGGCCA-1	nc_larvae
nc_ACAAAGAGTCGATTTG-1	nc_larvae
nc_ACAAAGAGTCGCGTCA-1	nc_larvae
nc_ACAAAGAGTGATACTC-1	nc_larvae
nc_ACAAAGAGTTACACTG-1	nc_larvae
nc_ACAAAGATCCAACACA-1	nc_larvae
nc_ACAAAGATCCGTCCTA-1	nc_larvae
nc_ACAACCAAGAAAGCGA-1	nc_larvae
nc_ACAACCAAGACGCTCC-1	nc_larvae
nc_ACAACCAAGAGTCGAC-1	nc_larvae
nc_ACAACCAAGCAGCCCT-1	nc_larvae
nc_ACAACCAGTACCTATG-1	nc_larvae
nc_ACAACCAGTACTCGTA-1	nc_larvae
nc_ACAACCAGTCCACAGC-1	nc_larvae
nc_ACAACCAGTCGCGGTT-1	nc_larvae
nc_ACAACCAGTGATACCT-1	nc_larvae
nc_ACAACCAGTTTACTGG-1	nc_larvae
nc_ACAACCATCATCCTGC-1	nc_larvae
nc_ACAACCATCCACAGGC-1	nc_larvae
nc_ACAACCATCTCGCTTG-1	nc_larvae
nc_ACAAGCTAGCCTGTGC-1	nc_larvae
nc_ACAAGCTAGGAACATT-1	nc_larvae
nc_ACAAGCTAGTCTTCGA-1	nc_larvae
nc_ACAAGCTAGTGGCAGT-1	nc_larvae
nc_ACAAGCTCAAGGTCGA-1	nc_larvae
nc_ACAAGCTCACCAGCCA-1	nc_larvae
nc_ACAAGCTCACCTCGTT-1	nc_larvae
nc_ACAAGCTCAGACATCT-1	nc_larvae
nc_ACAAGCTCAGCAGTAG-1	nc_larvae
nc_ACAAGCTGTAGTCGTT-1	nc_larvae
nc_ACAAGCTGTCTTCGAA-1	nc_larvae
nc_ACAAGCTGTGTCTAAC-1	nc_larvae
nc_ACAAGCTGTTACTCAG-1	nc_larvae
nc_ACAAGCTTCACCCTGT-1	nc_larvae
nc_ACAAGCTTCCATTTCA-1	nc_larvae
nc_ACAAGCTTCGGAAACG-1	nc_larvae
nc_ACAAGCTTCGGTTAGT-1	nc_larvae
nc_ACACAGTCACGGCACT-1	nc_larvae
nc_ACACAGTCAGTCGCAC-1	nc_larvae
nc_ACACAGTGTAACAAGT-1	nc_larvae
nc_ACACAGTGTCGTTGGC-1	nc_larvae
nc_ACACAGTGTTGGTACT-1	nc_larvae
nc_ACACAGTTCCCATAAG-1	nc_larvae
nc_ACACCAACAATGCAAA-1	nc_larvae
nc_ACACCAACACGGCACT-1	nc_larvae
nc_ACACCAACAGAACTCT-1	nc_larvae
nc_ACACCAACAGAATTCC-1	nc_larvae
nc_ACACCAACAGGTCAAG-1	nc_larvae
nc_ACACCAACATACCGTA-1	nc_larvae
nc_ACACCAACATCCGTTC-1	nc_larvae
nc_ACACCAACATGACAGG-1	nc_larvae
nc_ACACCAAGTAGAGTTA-1	nc_larvae
nc_ACACCAAGTATCGGTT-1	nc_larvae
nc_ACACCAAGTCATCCCT-1	nc_larvae
nc_ACACCAAGTGTTACAC-1	nc_larvae
nc_ACACCAAGTTCGATTG-1	nc_larvae
nc_ACACGCGAGACTCATC-1	nc_larvae
nc_ACACGCGAGATACAGT-1	nc_larvae
nc_ACACGCGAGATTGCGG-1	nc_larvae
nc_ACACGCGAGGCAGCTA-1	nc_larvae
nc_ACACGCGCACTTCAGA-1	nc_larvae
nc_ACACGCGCAGTTAGAA-1	nc_larvae
nc_ACACGCGCAGTTGTCA-1	nc_larvae
nc_ACACGCGCATCCAATG-1	nc_larvae
nc_ACACGCGGTAAGATCA-1	nc_larvae
nc_ACACGCGGTCACTTAG-1	nc_larvae
nc_ACACGCGGTTGGTACT-1	nc_larvae
nc_ACACGCGTCCGGTAGC-1	nc_larvae
nc_ACACGCGTCGAACACT-1	nc_larvae
nc_ACACTGACACCGCTAG-1	nc_larvae
nc_ACACTGACATCGAACT-1	nc_larvae
nc_ACACTGAGTCCACTTC-1	nc_larvae
nc_ACACTGAGTCTAATCG-1	nc_larvae
nc_ACACTGATCATGAGGG-1	nc_larvae
nc_ACACTGATCCGTCAAA-1	nc_larvae
nc_ACACTGATCGACATTG-1	nc_larvae
nc_ACACTGATCGCATTAG-1	nc_larvae
nc_ACACTGATCTACGGGC-1	nc_larvae
nc_ACAGAAAAGATCGCCC-1	nc_larvae
nc_ACAGAAAAGCTCGGCT-1	nc_larvae
nc_ACAGAAAAGGCGATAC-1	nc_larvae
nc_ACAGAAAAGTCTGGTT-1	nc_larvae
nc_ACAGAAAAGTTGGACG-1	nc_larvae
nc_ACAGAAACACAGTGAG-1	nc_larvae
nc_ACAGAAATCACTGATG-1	nc_larvae
nc_ACAGAAATCTACGGGC-1	nc_larvae
nc_ACAGCCGCACGCGTCA-1	nc_larvae
nc_ACAGCCGCAGCATACT-1	nc_larvae
nc_ACAGCCGCATCCCACT-1	nc_larvae
nc_ACAGCCGCATGCAGCC-1	nc_larvae
nc_ACAGCCGCATGGGCAA-1	nc_larvae
nc_ACAGCCGCATGGTACT-1	nc_larvae
nc_ACAGCCGGTCTAGATC-1	nc_larvae
nc_ACAGCCGGTTAAGAAC-1	nc_larvae
nc_ACAGCCGTCACCCATC-1	nc_larvae
nc_ACAGCCGTCAGGAGAC-1	nc_larvae
nc_ACAGCCGTCGAGCACC-1	nc_larvae
nc_ACAGCCGTCGATGGAG-1	nc_larvae
nc_ACAGGGAAGGTTAGTA-1	nc_larvae
nc_ACAGGGAAGTCCTGCG-1	nc_larvae
nc_ACAGGGAAGTGCCCGT-1	nc_larvae
nc_ACAGGGACAACTGAAA-1	nc_larvae
nc_ACAGGGACACCCTGTT-1	nc_larvae
nc_ACAGGGACACCTGTCT-1	nc_larvae
nc_ACAGGGACAGCAAGAC-1	nc_larvae
nc_ACAGGGACAGGTGTGA-1	nc_larvae
nc_ACAGGGACAGTATTCG-1	nc_larvae
nc_ACAGGGAGTACATTGC-1	nc_larvae
nc_ACAGGGAGTCTAACTG-1	nc_larvae
nc_ACAGGGAGTGGCTAGA-1	nc_larvae
nc_ACAGGGATCACATACG-1	nc_larvae
nc_ACAGGGATCATGGAGG-1	nc_larvae
nc_ACAGGGATCGCGTGCA-1	nc_larvae
nc_ACAGGGATCTAGTTCT-1	nc_larvae
nc_ACATCCCAGATAACGT-1	nc_larvae
nc_ACATCCCAGCTCCACG-1	nc_larvae
nc_ACATCCCCAACTCGAT-1	nc_larvae
nc_ACATCCCCAATGTTGC-1	nc_larvae
nc_ACATCCCCACACCTGG-1	nc_larvae
nc_ACATCCCCACATCATG-1	nc_larvae
nc_ACATCCCGTCATCCCT-1	nc_larvae
nc_ACATCCCGTTATTCCT-1	nc_larvae
nc_ACATCCCGTTCCCAAA-1	nc_larvae
nc_ACATCCCTCAAGGTGG-1	nc_larvae
nc_ACATCCCTCATGCCGG-1	nc_larvae
nc_ACATCCCTCCTTCACG-1	nc_larvae
nc_ACATCCCTCTCGGCTT-1	nc_larvae
nc_ACATCGAAGAAGGGAT-1	nc_larvae
nc_ACATCGAAGACGTCGA-1	nc_larvae
nc_ACATCGACAAGAGATT-1	nc_larvae
nc_ACATCGACAATACGAA-1	nc_larvae
nc_ACATCGACATCGTGCG-1	nc_larvae
nc_ACATCGACATCTTCGC-1	nc_larvae
nc_ACATCGACATGGCTGC-1	nc_larvae
nc_ACATCGAGTACGATCT-1	nc_larvae
nc_ACATCGAGTAGACAAT-1	nc_larvae
nc_ACATCGAGTATGCTAC-1	nc_larvae
nc_ACATCGAGTGTACAGG-1	nc_larvae
nc_ACATCGATCAACCTCC-1	nc_larvae
nc_ACATCGATCACCTCAC-1	nc_larvae
nc_ACATCGATCAGCGCAC-1	nc_larvae
nc_ACATCGATCAGGTGTT-1	nc_larvae
nc_ACATCGATCCCAGCGA-1	nc_larvae
nc_ACATCGATCCTACCGT-1	nc_larvae
nc_ACATCGATCTCAAAGC-1	nc_larvae
nc_ACATCGATCTCCCATG-1	nc_larvae
nc_ACATCGATCTTTGGAG-1	nc_larvae
nc_ACATGCAAGAAACTCA-1	nc_larvae
nc_ACATGCAAGAGCATCG-1	nc_larvae
nc_ACATGCAAGAGGGTGG-1	nc_larvae
nc_ACATGCAAGTCATACC-1	nc_larvae
nc_ACATGCAAGTCGTTAC-1	nc_larvae
nc_ACATGCACAACACAAA-1	nc_larvae
nc_ACATGCACACATTGTG-1	nc_larvae
nc_ACATGCACACGTTCGG-1	nc_larvae
nc_ACATGCACACTATCGA-1	nc_larvae
nc_ACATGCACAGTTCTAG-1	nc_larvae
nc_ACATGCACATGAGATA-1	nc_larvae
nc_ACATGCAGTGCAACGA-1	nc_larvae
nc_ACATGCATCCCGTTCA-1	nc_larvae
nc_ACATGCATCCTCACTG-1	nc_larvae
nc_ACATGCATCCTCGCAT-1	nc_larvae
nc_ACATGCATCTGAGATC-1	nc_larvae
nc_ACATGCATCTGGTGCG-1	nc_larvae
nc_ACATTTCAGATAACGT-1	nc_larvae
nc_ACATTTCAGCCGCACT-1	nc_larvae
nc_ACATTTCAGCTGCCTG-1	nc_larvae
nc_ACATTTCCAGCAGACA-1	nc_larvae
nc_ACATTTCGTCTGTCCT-1	nc_larvae
nc_ACATTTCTCAACTTTC-1	nc_larvae
nc_ACATTTCTCACGGACC-1	nc_larvae
nc_ACATTTCTCTATTTCG-1	nc_larvae
nc_ACATTTCTCTGGACTA-1	nc_larvae
nc_ACATTTCTCTGTGCGG-1	nc_larvae
nc_ACCAAACAGAATGTTG-1	nc_larvae
nc_ACCAAACAGATTGAGT-1	nc_larvae
nc_ACCAAACAGCGACTTT-1	nc_larvae
nc_ACCAAACAGGATATAC-1	nc_larvae
nc_ACCAAACAGGCATCGA-1	nc_larvae
nc_ACCAAACAGTCGCCCA-1	nc_larvae
nc_ACCAAACGTAACCCTA-1	nc_larvae
nc_ACCAAACGTATGTCTG-1	nc_larvae
nc_ACCAAACGTGGCATCC-1	nc_larvae
nc_ACCAAACTCGTTAGAC-1	nc_larvae
nc_ACCAAACTCTCTGCCA-1	nc_larvae
nc_ACCAAACTCTGTCCCA-1	nc_larvae
nc_ACCAACAGTTCAAGGG-1	nc_larvae
nc_ACCAACAGTTTGAACC-1	nc_larvae
nc_ACCAACATCACAAGGG-1	nc_larvae
nc_ACCAACATCAGTCAGT-1	nc_larvae
nc_ACCACAAAGAGTATAC-1	nc_larvae
nc_ACCACAACAAATACAG-1	nc_larvae
nc_ACCACAACACCTGCGA-1	nc_larvae
nc_ACCACAACATGCAGCC-1	nc_larvae
nc_ACCACAAGTCGTGATT-1	nc_larvae
nc_ACCACAAGTCTGTGTA-1	nc_larvae
nc_ACCACAAGTGCCTATA-1	nc_larvae
nc_ACCACAAGTGTCCTAA-1	nc_larvae
nc_ACCACAATCATCCTGC-1	nc_larvae
nc_ACCATTTAGCAACAGC-1	nc_larvae
nc_ACCATTTAGTCAAGCG-1	nc_larvae
nc_ACCATTTAGTGATTCC-1	nc_larvae
nc_ACCATTTAGTTGGACG-1	nc_larvae
nc_ACCATTTCAAATCGTC-1	nc_larvae
nc_ACCATTTCAACAGTGG-1	nc_larvae
nc_ACCATTTGTAAGATTG-1	nc_larvae
nc_ACCATTTGTGAGCAGT-1	nc_larvae
nc_ACCATTTGTTGGATCT-1	nc_larvae
nc_ACCCAAAAGACATATG-1	nc_larvae
nc_ACCCAAAAGGAGTACC-1	nc_larvae
nc_ACCCAAAAGGCATCGA-1	nc_larvae
nc_ACCCAAAAGGTAAGAG-1	nc_larvae
nc_ACCCAAACAACCCTCT-1	nc_larvae
nc_ACCCAAACACCGTGAC-1	nc_larvae
nc_ACCCAAACAGCTCATA-1	nc_larvae
nc_ACCCAAACAGGTCCGT-1	nc_larvae
nc_ACCCAAACAGTCTACA-1	nc_larvae
nc_ACCCAAAGTCCTGGGT-1	nc_larvae
nc_ACCCAAATCACCTCGT-1	nc_larvae
nc_ACCCAAATCCACGTCT-1	nc_larvae
nc_ACCCTCAAGAGCCGAT-1	nc_larvae
nc_ACCCTCAAGTACAACA-1	nc_larvae
nc_ACCCTCAAGTCTAGAA-1	nc_larvae
nc_ACCCTCACAACCGATT-1	nc_larvae
nc_ACCCTCACAAGTCATC-1	nc_larvae
nc_ACCCTCACACATAACC-1	nc_larvae
nc_ACCCTCACAGAATTCC-1	nc_larvae
nc_ACCCTCACAGCCGGTT-1	nc_larvae
nc_ACCCTCACAGCGCTTG-1	nc_larvae
nc_ACCCTCACATACCATG-1	nc_larvae
nc_ACCCTCACATGTGGCC-1	nc_larvae
nc_ACCCTCAGTAGGCTCC-1	nc_larvae
nc_ACCCTCAGTATGGAGC-1	nc_larvae
nc_ACCCTCAGTTACCTGA-1	nc_larvae
nc_ACCCTCAGTTTGACAC-1	nc_larvae
nc_ACCCTCATCATTACTC-1	nc_larvae
nc_ACCCTCATCCTTCTGG-1	nc_larvae
nc_ACCCTTGAGGTGCTGA-1	nc_larvae
nc_ACCCTTGCACCGCTAG-1	nc_larvae
nc_ACCCTTGCAGGACTAG-1	nc_larvae
nc_ACCCTTGCAGGGAGAG-1	nc_larvae
nc_ACCCTTGGTGACACGA-1	nc_larvae
nc_ACCCTTGGTTTAGACC-1	nc_larvae
nc_ACCCTTGTCACTCTTA-1	nc_larvae
nc_ACCCTTGTCCGAAGGA-1	nc_larvae
nc_ACCGTTCCACAATCTG-1	nc_larvae
nc_ACCGTTCGTAGGACTG-1	nc_larvae
nc_ACCGTTCGTATTTCCT-1	nc_larvae
nc_ACCGTTCGTGCCGTAC-1	nc_larvae
nc_ACCGTTCGTTCGGTCG-1	nc_larvae
nc_ACCGTTCGTTGGATCT-1	nc_larvae
nc_ACCGTTCTCAGCTGTA-1	nc_larvae
nc_ACCGTTCTCAGTCATG-1	nc_larvae
nc_ACCGTTCTCAGTGATC-1	nc_larvae
nc_ACCGTTCTCATTTCCA-1	nc_larvae
nc_ACCTACCAGACGCATG-1	nc_larvae
nc_ACCTACCAGGCAGGGA-1	nc_larvae
nc_ACCTACCAGGGAGTGG-1	nc_larvae
nc_ACCTACCAGTCAGAGC-1	nc_larvae
nc_ACCTACCGTGGACAGT-1	nc_larvae
nc_ACCTACCTCGTGGCTG-1	nc_larvae
nc_ACCTGAAAGCACTCCG-1	nc_larvae
nc_ACCTGAAAGCTGACTT-1	nc_larvae
nc_ACCTGAAAGGGCCAAT-1	nc_larvae
nc_ACCTGAAAGTCCGTCG-1	nc_larvae
nc_ACCTGAACAAATTGGA-1	nc_larvae
nc_ACCTGAACATGCACTA-1	nc_larvae
nc_ACCTGAAGTCACAATC-1	nc_larvae
nc_ACCTGAATCGACCCAG-1	nc_larvae
nc_ACCTGAATCTCCATAT-1	nc_larvae
nc_ACCTGTCAGAGAGCAA-1	nc_larvae
nc_ACCTGTCAGTACTGTC-1	nc_larvae
nc_ACCTGTCAGTGGTCAG-1	nc_larvae
nc_ACCTGTCCAAGTTCCA-1	nc_larvae
nc_ACCTGTCCAGAGTTCT-1	nc_larvae
nc_ACCTGTCCATAACTCG-1	nc_larvae
nc_ACCTGTCGTAACCCGC-1	nc_larvae
nc_ACCTGTCGTGTTCCTC-1	nc_larvae
nc_ACCTGTCGTTGCATCA-1	nc_larvae
nc_ACCTGTCTCTTACACT-1	nc_larvae
nc_ACGATCAAGCGCCATC-1	nc_larvae
nc_ACGATCAAGTAACAGT-1	nc_larvae
nc_ACGATCAAGTGTAGAT-1	nc_larvae
nc_ACGATCACAGGCCTGT-1	nc_larvae
nc_ACGATCAGTAACTAAG-1	nc_larvae
nc_ACGATCAGTTCTAACG-1	nc_larvae
nc_ACGATCATCATCGGGC-1	nc_larvae
nc_ACGATCATCATCTATC-1	nc_larvae
nc_ACGATCATCATGCCCT-1	nc_larvae
nc_ACGATCATCCACAGCG-1	nc_larvae
nc_ACGATCATCGACACTA-1	nc_larvae
nc_ACGATCATCTACGGTA-1	nc_larvae
nc_ACGATGTAGAGCAGAA-1	nc_larvae
nc_ACGATGTAGAGTATAC-1	nc_larvae
nc_ACGATGTAGGTTCTAC-1	nc_larvae
nc_ACGATGTCACAGTCGC-1	nc_larvae
nc_ACGATGTCACCCTAAA-1	nc_larvae
nc_ACGATGTCACTAGGTT-1	nc_larvae
nc_ACGATGTCACTTGAAC-1	nc_larvae
nc_ACGATGTCATCGGATT-1	nc_larvae
nc_ACGATGTGTCCAAGAG-1	nc_larvae
nc_ACGATGTTCACGATAC-1	nc_larvae
nc_ACGATGTTCCCGATCT-1	nc_larvae
nc_ACGATGTTCCCGTGAG-1	nc_larvae
nc_ACGATGTTCGCGTCGA-1	nc_larvae
nc_ACGATGTTCGTAGCCG-1	nc_larvae
nc_ACGCACGAGCAAGTCG-1	nc_larvae
nc_ACGCACGAGGCACTAG-1	nc_larvae
nc_ACGCACGCAACGTAAA-1	nc_larvae
nc_ACGCACGCATGTTCAG-1	nc_larvae
nc_ACGCACGGTCCGCAGT-1	nc_larvae
nc_ACGCACGGTCTTCTAT-1	nc_larvae
nc_ACGCACGGTTAGAAGT-1	nc_larvae
nc_ACGCACGTCGTACCTC-1	nc_larvae
nc_ACGCACGTCTGGTGCG-1	nc_larvae
nc_ACGGAAGAGACGGTCA-1	nc_larvae
nc_ACGGAAGAGCACTAGG-1	nc_larvae
nc_ACGGAAGCAAATGGCG-1	nc_larvae
nc_ACGGAAGGTCGGATTT-1	nc_larvae
nc_ACGGAAGTCTAGTGTG-1	nc_larvae
nc_ACGGGTCAGAATTCAG-1	nc_larvae
nc_ACGGGTCAGACTTCAC-1	nc_larvae
nc_ACGGGTCAGTATGGAT-1	nc_larvae
nc_ACGGGTCAGTGATAGT-1	nc_larvae
nc_ACGGGTCCAAGTATAG-1	nc_larvae
nc_ACGGGTCCAATCGCCG-1	nc_larvae
nc_ACGGGTCGTAAGAACT-1	nc_larvae
nc_ACGGGTCGTGGTTTGT-1	nc_larvae
nc_ACGGGTCTCAGATTGC-1	nc_larvae
nc_ACGGGTCTCGGCACTG-1	nc_larvae
nc_ACGGGTCTCGGTTGTA-1	nc_larvae
nc_ACGGGTCTCTGGTTGA-1	nc_larvae
nc_ACGGTCGAGAAGGGAT-1	nc_larvae
nc_ACGGTCGAGACCGTTT-1	nc_larvae
nc_ACGGTCGAGGATATGT-1	nc_larvae
nc_ACGGTCGAGGTGGCTA-1	nc_larvae
nc_ACGGTCGAGTAAGACT-1	nc_larvae
nc_ACGGTCGAGTGATAGT-1	nc_larvae
nc_ACGGTCGCAACGACTT-1	nc_larvae
nc_ACGGTCGCAGGTTACT-1	nc_larvae
nc_ACGGTCGGTACAAAGT-1	nc_larvae
nc_ACGGTCGGTACACGTT-1	nc_larvae
nc_ACGGTCGGTGTTAAAG-1	nc_larvae
nc_ACGGTCGTCCAGTGTA-1	nc_larvae
nc_ACGGTCGTCCTGTTGC-1	nc_larvae
nc_ACGGTCGTCGCATGAT-1	nc_larvae
nc_ACGGTCGTCGGTCTAA-1	nc_larvae
nc_ACGGTTAAGATGCCGA-1	nc_larvae
nc_ACGGTTACAAATGGCG-1	nc_larvae
nc_ACGGTTATCGACCATA-1	nc_larvae
nc_ACGGTTATCGGCTGAC-1	nc_larvae
nc_ACGGTTATCGTAACCA-1	nc_larvae
nc_ACGGTTATCTATCCAT-1	nc_larvae
nc_ACGGTTATCTATTCGT-1	nc_larvae
nc_ACGGTTATCTCAAAGC-1	nc_larvae
nc_ACGTAACAGAGTCAGC-1	nc_larvae
nc_ACGTAACAGCTACTGT-1	nc_larvae
nc_ACGTAACAGCTCCGAC-1	nc_larvae
nc_ACGTAACAGTGATAGT-1	nc_larvae
nc_ACGTAACCAAACTCTG-1	nc_larvae
nc_ACGTAACCAAAGGATT-1	nc_larvae
nc_ACGTAACCAACCAATC-1	nc_larvae
nc_ACGTAACCAATAGGAT-1	nc_larvae
nc_ACGTAACCATGAAAGT-1	nc_larvae
nc_ACGTAACGTGCTTCAA-1	nc_larvae
nc_ACGTAACGTTCTTAGG-1	nc_larvae
nc_ACGTAACTCCTGGCTT-1	nc_larvae
nc_ACGTACAAGGAATCGC-1	nc_larvae
nc_ACGTACAAGGGCTGAT-1	nc_larvae
nc_ACGTACAAGTTCATCG-1	nc_larvae
nc_ACGTACACACAAATAG-1	nc_larvae
nc_ACGTACACAGTCGCAC-1	nc_larvae
nc_ACGTACAGTATACCCA-1	nc_larvae
nc_ACGTACAGTCTAGTGT-1	nc_larvae
nc_ACGTACATCGCTTTAT-1	nc_larvae
nc_ACGTACATCGGTAAGG-1	nc_larvae
nc_ACGTACATCTGACCCT-1	nc_larvae
nc_ACGTACATCTTTCCAA-1	nc_larvae
nc_ACGTAGTAGAGCAACC-1	nc_larvae
nc_ACGTAGTAGCGAGAAA-1	nc_larvae
nc_ACGTAGTAGGAAGTAG-1	nc_larvae
nc_ACGTAGTAGTATTCCG-1	nc_larvae
nc_ACGTAGTAGTCGTTAC-1	nc_larvae
nc_ACGTAGTAGTTTGCTG-1	nc_larvae
nc_ACGTAGTCAGCGATTT-1	nc_larvae
nc_ACGTAGTGTCAGTCGC-1	nc_larvae
nc_ACGTAGTGTTACTCAG-1	nc_larvae
nc_ACGTAGTGTTAGGCCC-1	nc_larvae
nc_ACGTAGTTCTGAATCG-1	nc_larvae
nc_ACGTCCTAGAAAGTCT-1	nc_larvae
nc_ACGTCCTAGAATTGCA-1	nc_larvae
nc_ACGTCCTAGACATAAC-1	nc_larvae
nc_ACGTCCTCAGGTTCGC-1	nc_larvae
nc_ACGTCCTCATGAGTAA-1	nc_larvae
nc_ACGTCCTGTGAGTAGC-1	nc_larvae
nc_ACGTCCTTCCTAAACG-1	nc_larvae
nc_ACGTTCCAGACTGGGT-1	nc_larvae
nc_ACGTTCCAGCGATGCA-1	nc_larvae
nc_ACGTTCCAGCTGACAG-1	nc_larvae
nc_ACGTTCCAGGCAGCTA-1	nc_larvae
nc_ACGTTCCAGGTCCCTG-1	nc_larvae
nc_ACGTTCCAGTGTTGAA-1	nc_larvae
nc_ACGTTCCCAATTGCCA-1	nc_larvae
nc_ACGTTCCCAGTAGTGG-1	nc_larvae
nc_ACGTTCCGTACAATAG-1	nc_larvae
nc_ACGTTCCGTCATCGCG-1	nc_larvae
nc_ACTACGAAGATGACAT-1	nc_larvae
nc_ACTACGAAGTACGTCT-1	nc_larvae
nc_ACTACGAAGTGATAGT-1	nc_larvae
nc_ACTACGAAGTGCAAAT-1	nc_larvae
nc_ACTACGACACACAGCC-1	nc_larvae
nc_ACTACGACACTGGAAG-1	nc_larvae
nc_ACTACGACAGAGACTG-1	nc_larvae
nc_ACTACGACAGCATACT-1	nc_larvae
nc_ACTACGAGTGTATACC-1	nc_larvae
nc_ACTACGATCAGTGTCA-1	nc_larvae
nc_ACTACGATCATCGGGC-1	nc_larvae
nc_ACTACGATCGAGATAA-1	nc_larvae
nc_ACTACGATCTAGGCAT-1	nc_larvae
nc_ACTATCTAGAGCCGTA-1	nc_larvae
nc_ACTATCTAGGACTATA-1	nc_larvae
nc_ACTATCTAGGCGACAT-1	nc_larvae
nc_ACTATCTAGTTGGACG-1	nc_larvae
nc_ACTATCTGTATGTCCA-1	nc_larvae
nc_ACTATCTGTCCTTAAG-1	nc_larvae
nc_ACTATCTGTTTGGAAA-1	nc_larvae
nc_ACTATCTTCCGATGCG-1	nc_larvae
nc_ACTATCTTCGACGACC-1	nc_larvae
nc_ACTATCTTCGAGTCTA-1	nc_larvae
nc_ACTATCTTCGTCTAAG-1	nc_larvae
nc_ACTATCTTCTAGCCAA-1	nc_larvae
nc_ACTATCTTCTGTCAGA-1	nc_larvae
nc_ACTATGGAGCAGCAGT-1	nc_larvae
nc_ACTATGGAGGGTAATT-1	nc_larvae
nc_ACTATGGCAAACCATC-1	nc_larvae
nc_ACTATGGCAAATGGCG-1	nc_larvae
nc_ACTATGGCATCCTTCG-1	nc_larvae
nc_ACTATGGGTCAACCTA-1	nc_larvae
nc_ACTATGGGTCGGTGTC-1	nc_larvae
nc_ACTATGGGTTACCGTA-1	nc_larvae
nc_ACTATGGTCTAAGGAA-1	nc_larvae
nc_ACTATTCAGAGCCATG-1	nc_larvae
nc_ACTATTCAGATGGCGT-1	nc_larvae
nc_ACTATTCAGGAGGGTG-1	nc_larvae
nc_ACTATTCAGGCCGCTT-1	nc_larvae
nc_ACTATTCAGGTAACTA-1	nc_larvae
nc_ACTATTCAGTGAATAC-1	nc_larvae
nc_ACTATTCAGTTCCAGT-1	nc_larvae
nc_ACTATTCCAATAGTGA-1	nc_larvae
nc_ACTATTCCAATCGTCA-1	nc_larvae
nc_ACTATTCCAATTTCTC-1	nc_larvae
nc_ACTATTCCACGACAAG-1	nc_larvae
nc_ACTATTCCATCCGATA-1	nc_larvae
nc_ACTATTCGTACAGAAT-1	nc_larvae
nc_ACTATTCGTATCCCAA-1	nc_larvae
nc_ACTATTCGTCGAGATG-1	nc_larvae
nc_ACTATTCGTCGTAATC-1	nc_larvae
nc_ACTATTCGTGGGAGAG-1	nc_larvae
nc_ACTATTCTCAACTGGT-1	nc_larvae
nc_ACTATTCTCGCAGTGC-1	nc_larvae
nc_ACTATTCTCGCTGCGA-1	nc_larvae
nc_ACTATTCTCGGCCCAA-1	nc_larvae
nc_ACTATTCTCTTAGTTC-1	nc_larvae
nc_ACTCCCAAGAAATGGG-1	nc_larvae
nc_ACTCCCAAGGCTAACG-1	nc_larvae
nc_ACTCCCACAAAGACGC-1	nc_larvae
nc_ACTCCCACAATCGAAA-1	nc_larvae
nc_ACTCCCACAGTGGCTC-1	nc_larvae
nc_ACTCCCAGTCTTACAG-1	nc_larvae
nc_ACTCCCATCCCTGTTG-1	nc_larvae
nc_ACTCCCATCGCCGATG-1	nc_larvae
nc_ACTCCCATCTGTCGCT-1	nc_larvae
nc_ACTCTCGCATGTGACT-1	nc_larvae
nc_ACTCTCGGTCGTGGAA-1	nc_larvae
nc_ACTCTCGGTGCATGTT-1	nc_larvae
nc_ACTCTCGTCACAATGC-1	nc_larvae
nc_ACTCTCGTCATTTACC-1	nc_larvae
nc_ACTCTCGTCCCATACC-1	nc_larvae
nc_ACTCTCGTCCGTGGGT-1	nc_larvae
nc_ACTCTCGTCTCTGGTC-1	nc_larvae
nc_ACTGATGAGCATGAAT-1	nc_larvae
nc_ACTGATGAGCTGAAGC-1	nc_larvae
nc_ACTGATGAGCTGACCC-1	nc_larvae
nc_ACTGATGAGGTGCGAT-1	nc_larvae
nc_ACTGATGAGTCTAGCT-1	nc_larvae
nc_ACTGATGAGTGCCTCG-1	nc_larvae
nc_ACTGATGCAAGCTGCC-1	nc_larvae
nc_ACTGATGCAATAGTGA-1	nc_larvae
nc_ACTGATGCACTCCCTA-1	nc_larvae
nc_ACTGATGCAGGTTCAT-1	nc_larvae
nc_ACTGATGCATAATGAG-1	nc_larvae
nc_ACTGATGGTGCCCACA-1	nc_larvae
nc_ACTGATGTCCACTAGA-1	nc_larvae
nc_ACTGATGTCGCATGAT-1	nc_larvae
nc_ACTGCAAAGCCTATTG-1	nc_larvae
nc_ACTGCAAAGCGTCTGC-1	nc_larvae
nc_ACTGCAACAGCGATTT-1	nc_larvae
nc_ACTGCAACAGTAGGAC-1	nc_larvae
nc_ACTGCAACAGTGTGGA-1	nc_larvae
nc_ACTGCAATCACCATAG-1	nc_larvae
nc_ACTGCAATCCTGGGAC-1	nc_larvae
nc_ACTGTCCAGATCGGTG-1	nc_larvae
nc_ACTGTCCCAATTAGGA-1	nc_larvae
nc_ACTGTCCCAGGCTTGC-1	nc_larvae
nc_ACTGTCCCATGGAATA-1	nc_larvae
nc_ACTGTCCCATGTTTGG-1	nc_larvae
nc_ACTGTCCGTATAGGAT-1	nc_larvae
nc_ACTGTCCGTCACTACA-1	nc_larvae
nc_ACTGTCCTCCACGTCT-1	nc_larvae
nc_ACTGTCCTCGGCATAT-1	nc_larvae
nc_ACTGTCCTCTACGCAA-1	nc_larvae
nc_ACTGTGAAGCGCGTTC-1	nc_larvae
nc_ACTGTGAAGTAAGAGG-1	nc_larvae
nc_ACTGTGACATCGGCCA-1	nc_larvae
nc_ACTGTGACATGGATCT-1	nc_larvae
nc_ACTGTGAGTCTGTGCG-1	nc_larvae
nc_ACTGTGAGTGGTCCCA-1	nc_larvae
nc_ACTGTGAGTTCCCACT-1	nc_larvae
nc_ACTGTGATCCACACAA-1	nc_larvae
nc_ACTGTGATCCCTTGTG-1	nc_larvae
nc_ACTGTGATCGCTCTCA-1	nc_larvae
nc_ACTGTGATCTGCATGA-1	nc_larvae
nc_ACTTAGGAGCGATTCT-1	nc_larvae
nc_ACTTAGGAGGTTTACC-1	nc_larvae
nc_ACTTAGGAGTGGCAGT-1	nc_larvae
nc_ACTTAGGCACGGCACT-1	nc_larvae
nc_ACTTAGGGTTCGTAAC-1	nc_larvae
nc_ACTTAGGTCCTGTAAG-1	nc_larvae
nc_ACTTATCAGCAGTAAT-1	nc_larvae
nc_ACTTATCAGTTTAGGA-1	nc_larvae
nc_ACTTATCCAAGAGTTA-1	nc_larvae
nc_ACTTATCCATCCGGTG-1	nc_larvae
nc_ACTTATCCATTGACTG-1	nc_larvae
nc_ACTTATCGTCGAACAG-1	nc_larvae
nc_ACTTATCTCAAGCCTA-1	nc_larvae
nc_ACTTATCTCACCTCGT-1	nc_larvae
nc_ACTTATCTCCCAGGAC-1	nc_larvae
nc_ACTTATCTCCGAAGGA-1	nc_larvae
nc_ACTTATCTCGAATGCT-1	nc_larvae
nc_ACTTATCTCGCTGCGA-1	nc_larvae
nc_ACTTATCTCGCTTAAG-1	nc_larvae
nc_ACTTATCTCTGGCCGA-1	nc_larvae
nc_ACTTCCGAGCGTGTCC-1	nc_larvae
nc_ACTTCCGAGCTAAGTA-1	nc_larvae
nc_ACTTCCGAGTCATCCA-1	nc_larvae
nc_ACTTCCGGTCTTTCTA-1	nc_larvae
nc_ACTTCCGGTGAATTGA-1	nc_larvae
nc_ACTTCCGGTGCCCACA-1	nc_larvae
nc_ACTTCCGGTTAATGAG-1	nc_larvae
nc_ACTTCCGGTTGTGCAT-1	nc_larvae
nc_ACTTCCGTCCAGTACA-1	nc_larvae
nc_ACTTCCGTCCGTACGG-1	nc_larvae
nc_ACTTCCGTCGTAGTGT-1	nc_larvae
nc_ACTTCCGTCGTCACCT-1	nc_larvae
nc_ACTTCGCAGCACACAG-1	nc_larvae
nc_ACTTCGCAGTACCCTA-1	nc_larvae
nc_ACTTCGCCACATACTG-1	nc_larvae
nc_ACTTCGCCACTTGGGC-1	nc_larvae
nc_ACTTCGCTCAAGAATG-1	nc_larvae
nc_ACTTCGCTCCATTGCC-1	nc_larvae
nc_ACTTCGCTCGCCGAGT-1	nc_larvae
nc_ACTTCGCTCTCAGGCG-1	nc_larvae
nc_ACTTTCAAGATGCGAC-1	nc_larvae
nc_ACTTTCAAGCCTCGTG-1	nc_larvae
nc_ACTTTCACAATCAGCT-1	nc_larvae
nc_ACTTTCACAGAGAAAG-1	nc_larvae
nc_ACTTTCACAGATTCGT-1	nc_larvae
nc_ACTTTCAGTACCCAGC-1	nc_larvae
nc_ACTTTCAGTCTACAAC-1	nc_larvae
nc_ACTTTCAGTGTAACGG-1	nc_larvae
nc_ACTTTCAGTTCTTGTT-1	nc_larvae
nc_ACTTTCATCATACAGC-1	nc_larvae
nc_ACTTTGTAGAAAGCGA-1	nc_larvae
nc_ACTTTGTAGAATCCCT-1	nc_larvae
nc_ACTTTGTAGACCGTTT-1	nc_larvae
nc_ACTTTGTAGCGATGAC-1	nc_larvae
nc_ACTTTGTAGCTACAAA-1	nc_larvae
nc_ACTTTGTCAGACACAG-1	nc_larvae
nc_ACTTTGTCAGCGTACC-1	nc_larvae
nc_ACTTTGTCAGGAATCG-1	nc_larvae
nc_ACTTTGTCAGTAGAAT-1	nc_larvae
nc_ACTTTGTGTCAACCAT-1	nc_larvae
nc_ACTTTGTGTCGCACGT-1	nc_larvae
nc_ACTTTGTGTGTCCATA-1	nc_larvae
nc_ACTTTGTGTGTGGTCC-1	nc_larvae
nc_ACTTTGTGTTTACGTG-1	nc_larvae
nc_ACTTTGTTCATCCTAT-1	nc_larvae
nc_ACTTTGTTCCTCTCTT-1	nc_larvae
nc_AGAAATGAGACACACG-1	nc_larvae
nc_AGAAATGAGCCTTGAT-1	nc_larvae
nc_AGAAATGAGCTGGCTC-1	nc_larvae
nc_AGAAATGAGGGTTGCA-1	nc_larvae
nc_AGAAATGAGTCGCTAT-1	nc_larvae
nc_AGAAATGAGTTGCGCC-1	nc_larvae
nc_AGAAATGCAATGAGCG-1	nc_larvae
nc_AGAAATGCAGCGAACA-1	nc_larvae
nc_AGAAATGCATTGTAGC-1	nc_larvae
nc_AGAAATGGTAACTGCT-1	nc_larvae
nc_AGAAATGTCGCCCAGA-1	nc_larvae
nc_AGAAATGTCGTCGACG-1	nc_larvae
nc_AGAACAAAGAGCAGAA-1	nc_larvae
nc_AGAACAAAGCGTCGAA-1	nc_larvae
nc_AGAACAAAGGTACCTT-1	nc_larvae
nc_AGAACAACAAAGGCGT-1	nc_larvae
nc_AGAACAACACCCGTAG-1	nc_larvae
nc_AGAACAACACGGCTAC-1	nc_larvae
nc_AGAACAACAGTCAGCC-1	nc_larvae
nc_AGAACAACATGTTCAG-1	nc_larvae
nc_AGAACAAGTGCGTTTA-1	nc_larvae
nc_AGAACAATCACCGCTT-1	nc_larvae
nc_AGAACAATCCGTGCGA-1	nc_larvae
nc_AGAACAATCGAAGAAT-1	nc_larvae
nc_AGAACAATCGGTTCAA-1	nc_larvae
nc_AGAACCTAGCATGGGT-1	nc_larvae
nc_AGAACCTAGGATGCGT-1	nc_larvae
nc_AGAACCTAGTAGACAT-1	nc_larvae
nc_AGAACCTCACGTGTGC-1	nc_larvae
nc_AGAACCTCAGGAATCG-1	nc_larvae
nc_AGAACCTCATTGACTG-1	nc_larvae
nc_AGAACCTGTAAGTAGT-1	nc_larvae
nc_AGAACCTGTACACGCC-1	nc_larvae
nc_AGAACCTGTAGATTAG-1	nc_larvae
nc_AGAACCTGTAGTCTGT-1	nc_larvae
nc_AGAACCTGTGGCACTC-1	nc_larvae
nc_AGAACCTTCCCATACC-1	nc_larvae
nc_AGAACCTTCCCTCATG-1	nc_larvae
nc_AGAAGCGAGCAGGCTA-1	nc_larvae
nc_AGAAGCGAGCCTCTCT-1	nc_larvae
nc_AGAAGCGAGCTGCCTG-1	nc_larvae
nc_AGAAGCGAGTGGCCTC-1	nc_larvae
nc_AGAAGCGCAACTGCCG-1	nc_larvae
nc_AGAAGCGCAATGAAAC-1	nc_larvae
nc_AGAAGCGCAGCTACTA-1	nc_larvae
nc_AGAAGCGGTCTGATCA-1	nc_larvae
nc_AGAAGCGGTGAATAAC-1	nc_larvae
nc_AGAAGCGGTTAAACCC-1	nc_larvae
nc_AGAAGCGTCCGTGGCA-1	nc_larvae
nc_AGAAGCGTCTAAGAAG-1	nc_larvae
nc_AGAAGTAAGCAATAAC-1	nc_larvae
nc_AGAAGTAAGCCTATCA-1	nc_larvae
nc_AGAAGTAAGCGAGTAC-1	nc_larvae
nc_AGAAGTAAGGAACGCT-1	nc_larvae
nc_AGAAGTAAGGTTACCT-1	nc_larvae
nc_AGAAGTAAGTCCGTCG-1	nc_larvae
nc_AGAAGTACAAAGGGTC-1	nc_larvae
nc_AGAAGTACAACACACT-1	nc_larvae
nc_AGAAGTACAACCGTAT-1	nc_larvae
nc_AGAAGTACAACGGTAG-1	nc_larvae
nc_AGAAGTACAAGAAACT-1	nc_larvae
nc_AGAAGTACAAGCTCTA-1	nc_larvae
nc_AGAAGTACACACGGTC-1	nc_larvae
nc_AGAAGTACAGGATGAC-1	nc_larvae
nc_AGAAGTACATCAGTCA-1	nc_larvae
nc_AGAAGTATCACTGAAC-1	nc_larvae
nc_AGAAGTATCAGCTCTC-1	nc_larvae
nc_AGAAGTATCGGATTAC-1	nc_larvae
nc_AGAAGTATCTCAGGCG-1	nc_larvae
nc_AGAAGTATCTGTAACG-1	nc_larvae
nc_AGAAGTATCTTGAACG-1	nc_larvae
nc_AGACAAAAGCTGGCCT-1	nc_larvae
nc_AGACAAAAGGTTGGTG-1	nc_larvae
nc_AGACAAACAGCTCCTT-1	nc_larvae
nc_AGACAAACAGTATACC-1	nc_larvae
nc_AGACAAACAGTTAGGG-1	nc_larvae
nc_AGACAAACATCGAAGG-1	nc_larvae
nc_AGACAAACATTATGCG-1	nc_larvae
nc_AGACAAAGTACCTAAC-1	nc_larvae
nc_AGACAAAGTGTAGTGG-1	nc_larvae
nc_AGACAAATCGACCCAG-1	nc_larvae
nc_AGACAAATCGGAAACG-1	nc_larvae
nc_AGACAAATCTACCACC-1	nc_larvae
nc_AGACAAATCTGCCCTA-1	nc_larvae
nc_AGACACTAGACCCGCT-1	nc_larvae
nc_AGACACTAGAGCTTTC-1	nc_larvae
nc_AGACACTAGATCCAAA-1	nc_larvae
nc_AGACACTAGTCCCGGT-1	nc_larvae
nc_AGACACTCACCTGCTT-1	nc_larvae
nc_AGACACTCAGACGATG-1	nc_larvae
nc_AGACACTCAGCAATTC-1	nc_larvae
nc_AGACACTCAGTGCGCT-1	nc_larvae
nc_AGACACTGTCACGTGC-1	nc_larvae
nc_AGACACTGTCAGTCCG-1	nc_larvae
nc_AGACACTGTGACGCCT-1	nc_larvae
nc_AGACACTTCATAAGGA-1	nc_larvae
nc_AGACAGGAGGGATCTG-1	nc_larvae
nc_AGACAGGCAACCACGC-1	nc_larvae
nc_AGACAGGCACACAGCC-1	nc_larvae
nc_AGACAGGCATCTTCGC-1	nc_larvae
nc_AGACAGGGTGATTCAC-1	nc_larvae
nc_AGACAGGGTTGCCTAA-1	nc_larvae
nc_AGACAGGTCAACGAGG-1	nc_larvae
nc_AGACAGGTCCGGCTTT-1	nc_larvae
nc_AGACAGGTCTAGCCAA-1	nc_larvae
nc_AGACAGGTCTTACGTT-1	nc_larvae
nc_AGACCATAGCTCCATA-1	nc_larvae
nc_AGACCATCACTTGACA-1	nc_larvae
nc_AGACCATGTCTCGGGT-1	nc_larvae
nc_AGACCCGCAACCGATT-1	nc_larvae
nc_AGACCCGCACCCTAGG-1	nc_larvae
nc_AGACCCGGTCGCGTTG-1	nc_larvae
nc_AGACCCGGTCGTCAGC-1	nc_larvae
nc_AGACCCGGTGCGGTAA-1	nc_larvae
nc_AGACCCGTCCAACCGG-1	nc_larvae
nc_AGACCCGTCTATTGTC-1	nc_larvae
nc_AGACCCGTCTTGGGCG-1	nc_larvae
nc_AGACTCAAGTGGACTG-1	nc_larvae
nc_AGACTCAAGTTGCTCA-1	nc_larvae
nc_AGACTCACAAGAGGCT-1	nc_larvae
nc_AGACTCACAGCTTCGG-1	nc_larvae
nc_AGACTCAGTTCGTACA-1	nc_larvae
nc_AGACTCATCATCTCTA-1	nc_larvae
nc_AGACTCATCCCTTGTG-1	nc_larvae
nc_AGACTCATCCTCTAAT-1	nc_larvae
nc_AGACTCATCGCTCATC-1	nc_larvae
nc_AGACTCATCTCAAAGC-1	nc_larvae
nc_AGACTCATCTTCTTCC-1	nc_larvae
nc_AGAGAATAGAGTGGCT-1	nc_larvae
nc_AGAGAATAGCTAAACA-1	nc_larvae
nc_AGAGAATAGGGAACAA-1	nc_larvae
nc_AGAGAATCACTAACGT-1	nc_larvae
nc_AGAGAATGTCGACGCT-1	nc_larvae
nc_AGAGAATTCGAGCCAC-1	nc_larvae
nc_AGAGAATTCGTCGCTT-1	nc_larvae
nc_AGAGAATTCTCTAAGG-1	nc_larvae
nc_AGAGAGCAGGCTATCT-1	nc_larvae
nc_AGAGAGCAGGTACATA-1	nc_larvae
nc_AGAGAGCCAGGCTCTG-1	nc_larvae
nc_AGAGAGCCATCACCAA-1	nc_larvae
nc_AGAGAGCCATTGTCGA-1	nc_larvae
nc_AGAGAGCGTACAGTCT-1	nc_larvae
nc_AGAGAGCGTAGATTAG-1	nc_larvae
nc_AGAGAGCGTCCCGTGA-1	nc_larvae
nc_AGAGAGCTCCAGCCTT-1	nc_larvae
nc_AGAGAGCTCGGCTTCT-1	nc_larvae
nc_AGAGCAGAGCCAGAGT-1	nc_larvae
nc_AGAGCAGAGCCGGATA-1	nc_larvae
nc_AGAGCAGAGGCACCAA-1	nc_larvae
nc_AGAGCAGAGGTCGAGT-1	nc_larvae
nc_AGAGCAGCAGTCGAGA-1	nc_larvae
nc_AGAGCAGCATAGTCAC-1	nc_larvae
nc_AGAGCAGGTACTCGAT-1	nc_larvae
nc_AGAGCAGGTACTTCCC-1	nc_larvae
nc_AGAGCAGGTATCGAAA-1	nc_larvae
nc_AGAGCAGGTATGTCAC-1	nc_larvae
nc_AGAGCAGGTTATCCAG-1	nc_larvae
nc_AGAGCAGGTTGCGGAA-1	nc_larvae
nc_AGAGCAGGTTTACACG-1	nc_larvae
nc_AGAGCAGTCTTCGGAA-1	nc_larvae
nc_AGAGCCCAGCTGACTT-1	nc_larvae
nc_AGAGCCCAGGGATCAC-1	nc_larvae
nc_AGAGCCCAGTTTGAGA-1	nc_larvae
nc_AGAGCCCCAATTAGGA-1	nc_larvae
nc_AGAGCCCCAGCACCCA-1	nc_larvae
nc_AGAGCCCCAGGTTTAC-1	nc_larvae
nc_AGAGCCCCATCAGTCA-1	nc_larvae
nc_AGAGCCCCATCCGGTG-1	nc_larvae
nc_AGAGCCCGTACGATGG-1	nc_larvae
nc_AGAGCCCGTGAGTTTC-1	nc_larvae
nc_AGAGCCCTCCCTCTAG-1	nc_larvae
nc_AGATAGAAGCCTCACG-1	nc_larvae
nc_AGATAGAAGCCTGAAG-1	nc_larvae
nc_AGATAGAAGGAACTAT-1	nc_larvae
nc_AGATAGAAGGCAGTCA-1	nc_larvae
nc_AGATAGAAGGCGTCCT-1	nc_larvae
nc_AGATAGAAGTATAACG-1	nc_larvae
nc_AGATAGAAGTTCTACG-1	nc_larvae
nc_AGATAGACAAGCGCAA-1	nc_larvae
nc_AGATAGACAATGAAAC-1	nc_larvae
nc_AGATAGACAGCCCAGT-1	nc_larvae
nc_AGATAGACAGTATACC-1	nc_larvae
nc_AGATAGACATCATCTT-1	nc_larvae
nc_AGATAGAGTGAATGTA-1	nc_larvae
nc_AGATAGAGTGAGATAT-1	nc_larvae
nc_AGATAGAGTGCTCTCT-1	nc_larvae
nc_AGATAGAGTTCAAACC-1	nc_larvae
nc_AGATAGATCACACCCT-1	nc_larvae
nc_AGATAGATCACGAACT-1	nc_larvae
nc_AGATAGATCCAGCACG-1	nc_larvae
nc_AGATAGATCTAAGCGT-1	nc_larvae
nc_AGATAGATCTTGAGCA-1	nc_larvae
nc_AGATCCAAGAAGCGGG-1	nc_larvae
nc_AGATCCAAGAAGCTGC-1	nc_larvae
nc_AGATCCAAGAATCTAG-1	nc_larvae
nc_AGATCCAAGCGCCATC-1	nc_larvae
nc_AGATCCAAGGACAGTC-1	nc_larvae
nc_AGATCCAAGGATGCGT-1	nc_larvae
nc_AGATCCAAGGATTACA-1	nc_larvae
nc_AGATCCACAAATACAG-1	nc_larvae
nc_AGATCCACAACGAGGT-1	nc_larvae
nc_AGATCCACAAGTGCAG-1	nc_larvae
nc_AGATCCACACGTCTCT-1	nc_larvae
nc_AGATCCACAGTAGATA-1	nc_larvae
nc_AGATCCAGTAGTCCTA-1	nc_larvae
nc_AGATCCAGTCACTCAA-1	nc_larvae
nc_AGATCCAGTCGAATGG-1	nc_larvae
nc_AGATCCAGTCGGAAAC-1	nc_larvae
nc_AGATCCAGTGCATGTT-1	nc_larvae
nc_AGATCCAGTGTAAATG-1	nc_larvae
nc_AGATCCATCCTTCACG-1	nc_larvae
nc_AGATCCATCGGTCGAC-1	nc_larvae
nc_AGATCCATCTATCGTT-1	nc_larvae
nc_AGATCGTAGACCAGCA-1	nc_larvae
nc_AGATCGTAGCGTCTGC-1	nc_larvae
nc_AGATCGTAGGGAGTTC-1	nc_larvae
nc_AGATCGTAGTGGTTGG-1	nc_larvae
nc_AGATCGTAGTGTTCAC-1	nc_larvae
nc_AGATCGTCAAGACCGA-1	nc_larvae
nc_AGATCGTCAGATTCGT-1	nc_larvae
nc_AGATCGTTCCATCGTC-1	nc_larvae
nc_AGATCGTTCGACCAAT-1	nc_larvae
nc_AGATCGTTCGCGGTAC-1	nc_larvae
nc_AGATCGTTCTCGAGTA-1	nc_larvae
nc_AGATCGTTCTGCGTCT-1	nc_larvae
nc_AGATGAAAGCGCCTTG-1	nc_larvae
nc_AGATGAACAAGCAGGT-1	nc_larvae
nc_AGATGAACACAGCCTG-1	nc_larvae
nc_AGATGAACAGACCAAG-1	nc_larvae
nc_AGATGAACATAATCGC-1	nc_larvae
nc_AGATGAAGTGACAACG-1	nc_larvae
nc_AGATGAAGTGACCGTC-1	nc_larvae
nc_AGATGAAGTGGACTGA-1	nc_larvae
nc_AGATGAAGTGTCTTGA-1	nc_larvae
nc_AGATGAAGTTATTCCT-1	nc_larvae
nc_AGATGAAGTTTGCCGG-1	nc_larvae
nc_AGATGAATCCATTTGT-1	nc_larvae
nc_AGATGAATCGGCTCTT-1	nc_larvae
nc_AGATGAATCTTCGATT-1	nc_larvae
nc_AGATGCTAGAACTGAT-1	nc_larvae
nc_AGATGCTAGAGAGTTT-1	nc_larvae
nc_AGATGCTAGCGCAATG-1	nc_larvae
nc_AGATGCTAGGATCACG-1	nc_larvae
nc_AGATGCTAGGCACTAG-1	nc_larvae
nc_AGATGCTAGGTCCCGT-1	nc_larvae
nc_AGATGCTCAAGCGAAC-1	nc_larvae
nc_AGATGCTCAGGACATG-1	nc_larvae
nc_AGATGCTGTAAGTAGT-1	nc_larvae
nc_AGATGCTGTCATGCAT-1	nc_larvae
nc_AGATGCTGTGCCCAGT-1	nc_larvae
nc_AGATGCTGTGTCCACG-1	nc_larvae
nc_AGATGCTGTTCTGACA-1	nc_larvae
nc_AGATGCTGTTGTGTAC-1	nc_larvae
nc_AGATGCTTCGAAGGAC-1	nc_larvae
nc_AGCATCAAGAGGTTTA-1	nc_larvae
nc_AGCATCAAGGCCTAAG-1	nc_larvae
nc_AGCATCAAGTATGACA-1	nc_larvae
nc_AGCATCAAGTGCACCC-1	nc_larvae
nc_AGCATCACACACCTAA-1	nc_larvae
nc_AGCATCACACTAGAGG-1	nc_larvae
nc_AGCATCACAGGCCTGT-1	nc_larvae
nc_AGCATCACATTCACAG-1	nc_larvae
nc_AGCATCAGTACGATTC-1	nc_larvae
nc_AGCATCAGTATCGATC-1	nc_larvae
nc_AGCATCAGTGCCGGTT-1	nc_larvae
nc_AGCATCATCAAACCCA-1	nc_larvae
nc_AGCATCATCCGTGTGG-1	nc_larvae
nc_AGCATCATCCGTTTCG-1	nc_larvae
nc_AGCATCATCGAATGCT-1	nc_larvae
nc_AGCATCATCTATTCGT-1	nc_larvae
nc_AGCCAATAGCCTTTCC-1	nc_larvae
nc_AGCCAATAGTACTGTC-1	nc_larvae
nc_AGCCAATAGTTGCATC-1	nc_larvae
nc_AGCCAATCACCGTACG-1	nc_larvae
nc_AGCCAATCAGGAATAT-1	nc_larvae
nc_AGCCAATGTCGCATTA-1	nc_larvae
nc_AGCCAATTCACTTTGT-1	nc_larvae
nc_AGCCAATTCCGTGTAA-1	nc_larvae
nc_AGCCAATTCGGCCTTT-1	nc_larvae
nc_AGCCACGAGTAGGAAG-1	nc_larvae
nc_AGCCACGCAAGCACCC-1	nc_larvae
nc_AGCCACGCAATGCAAA-1	nc_larvae
nc_AGCCACGGTGGTCAAG-1	nc_larvae
nc_AGCCACGTCAAGTGTC-1	nc_larvae
nc_AGCCACGTCATTGCCC-1	nc_larvae
nc_AGCCACGTCCACACCT-1	nc_larvae
nc_AGCCACGTCTCTGACC-1	nc_larvae
nc_AGCCAGCAGTCGGCCT-1	nc_larvae
nc_AGCCAGCAGTGTAGTA-1	nc_larvae
nc_AGCCAGCCACAAGCAG-1	nc_larvae
nc_AGCCAGCCACCAGCCA-1	nc_larvae
nc_AGCCAGCCACTGTCCT-1	nc_larvae
nc_AGCCAGCCAGACACCC-1	nc_larvae
nc_AGCCAGCCATGTCAGT-1	nc_larvae
nc_AGCCAGCGTATAGGGC-1	nc_larvae
nc_AGCCAGCGTCATTGCA-1	nc_larvae
nc_AGCCAGCGTCTTGCTC-1	nc_larvae
nc_AGCCAGCGTTCAATCG-1	nc_larvae
nc_AGCCAGCTCAACACCA-1	nc_larvae
nc_AGCCAGCTCGAACCAT-1	nc_larvae
nc_AGCCAGCTCTGAGTCA-1	nc_larvae
nc_AGCGATTAGAAGCGAA-1	nc_larvae
nc_AGCGATTAGAGAGTGA-1	nc_larvae
nc_AGCGATTAGTACGAGC-1	nc_larvae
nc_AGCGATTCAAGGACAC-1	nc_larvae
nc_AGCGATTCACTCTCGT-1	nc_larvae
nc_AGCGATTGTAGACGTG-1	nc_larvae
nc_AGCGATTGTTGGGAAC-1	nc_larvae
nc_AGCGATTTCCTGGCTT-1	nc_larvae
nc_AGCGATTTCGGTTGTA-1	nc_larvae
nc_AGCGATTTCGTTCTGC-1	nc_larvae
nc_AGCGCCACAACACGTT-1	nc_larvae
nc_AGCGCCACACGCACCA-1	nc_larvae
nc_AGCGCCAGTATGTCAC-1	nc_larvae
nc_AGCGCCAGTCCTGTTC-1	nc_larvae
nc_AGCGCCATCAGCATTG-1	nc_larvae
nc_AGCGCCATCATTGAGC-1	nc_larvae
nc_AGCGCTGAGTGTTCCA-1	nc_larvae
nc_AGCGCTGCAAACGAGC-1	nc_larvae
nc_AGCGCTGCAGCGTGAA-1	nc_larvae
nc_AGCGCTGCAGGGACTA-1	nc_larvae
nc_AGCGCTGGTCCTGTTC-1	nc_larvae
nc_AGCGCTGGTGGCACTC-1	nc_larvae
nc_AGCGCTGGTGGTCCCA-1	nc_larvae
nc_AGCGCTGGTTCTTAGG-1	nc_larvae
nc_AGCGCTGGTTGCATAC-1	nc_larvae
nc_AGCGCTGTCACGAGGA-1	nc_larvae
nc_AGCGCTGTCCCTTTGG-1	nc_larvae
nc_AGCGCTGTCCTAGCGG-1	nc_larvae
nc_AGCGCTGTCGTTAGTG-1	nc_larvae
nc_AGCGCTGTCTGGCTGG-1	nc_larvae
nc_AGCGTATAGAGCAGTC-1	nc_larvae
nc_AGCGTATAGAGCTGCA-1	nc_larvae
nc_AGCGTATCAAAGTGTA-1	nc_larvae
nc_AGCGTATCAAATGATG-1	nc_larvae
nc_AGCGTATCAACGACTT-1	nc_larvae
nc_AGCGTATCAAGTTTGC-1	nc_larvae
nc_AGCGTATCACGGTAGA-1	nc_larvae
nc_AGCGTATTCAGACTGT-1	nc_larvae
nc_AGCGTATTCATTTGCT-1	nc_larvae
nc_AGCGTATTCGCAGATT-1	nc_larvae
nc_AGCGTCGCAAAGTATG-1	nc_larvae
nc_AGCGTCGCAACTGGTT-1	nc_larvae
nc_AGCGTCGCACCGCTGA-1	nc_larvae
nc_AGCGTCGGTACCCGCA-1	nc_larvae
nc_AGCGTCGGTCTAACGT-1	nc_larvae
nc_AGCTACAAGAAACTGT-1	nc_larvae
nc_AGCTACAAGCATGAAT-1	nc_larvae
nc_AGCTACAAGGTCGTAG-1	nc_larvae
nc_AGCTACACAACGATTC-1	nc_larvae
nc_AGCTACACACATTCGA-1	nc_larvae
nc_AGCTACAGTAGCGTAG-1	nc_larvae
nc_AGCTACAGTATACGGG-1	nc_larvae
nc_AGCTACAGTATGCTTG-1	nc_larvae
nc_AGCTACAGTCACTCGG-1	nc_larvae
nc_AGCTACAGTCTCACGG-1	nc_larvae
nc_AGCTACATCGTAGAGG-1	nc_larvae
nc_AGCTACATCTAGTCAG-1	nc_larvae
nc_AGCTCAAAGAAGCCTG-1	nc_larvae
nc_AGCTCAAAGAGCAGAA-1	nc_larvae
nc_AGCTCAAAGGTTATAG-1	nc_larvae
nc_AGCTCAAAGTACCGGA-1	nc_larvae
nc_AGCTCAACACGCGCAT-1	nc_larvae
nc_AGCTCAACAGTCGTTA-1	nc_larvae
nc_AGCTCAAGTATTCTCT-1	nc_larvae
nc_AGCTCAATCCGATAGT-1	nc_larvae
nc_AGCTCAATCCGTGGCA-1	nc_larvae
nc_AGCTCAATCGACCTAA-1	nc_larvae
nc_AGCTCAATCGATTTCT-1	nc_larvae
nc_AGCTCAATCTTGGGCG-1	nc_larvae
nc_AGCTTCCAGACAACAT-1	nc_larvae
nc_AGCTTCCAGCCTTTCC-1	nc_larvae
nc_AGCTTCCAGGAAGTAG-1	nc_larvae
nc_AGCTTCCAGTATGACA-1	nc_larvae
nc_AGCTTCCCACCCAATA-1	nc_larvae
nc_AGCTTCCCAGTCGTTA-1	nc_larvae
nc_AGCTTCCGTCAAAGAT-1	nc_larvae
nc_AGCTTCCTCACCATCC-1	nc_larvae
nc_AGCTTCCTCCACCCTA-1	nc_larvae
nc_AGCTTCCTCTAAGCGT-1	nc_larvae
nc_AGGAAATAGGTTCTTG-1	nc_larvae
nc_AGGAAATAGTAACAGT-1	nc_larvae
nc_AGGAAATCACTGTCGG-1	nc_larvae
nc_AGGAAATCATCAGTGT-1	nc_larvae
nc_AGGAAATCATGCTGCG-1	nc_larvae
nc_AGGAAATCATTAAGCC-1	nc_larvae
nc_AGGAAATGTAAGCTCT-1	nc_larvae
nc_AGGAAATGTACTGGGA-1	nc_larvae
nc_AGGAAATGTATCAGGG-1	nc_larvae
nc_AGGAAATGTGGGCTTC-1	nc_larvae
nc_AGGAAATGTTACACAC-1	nc_larvae
nc_AGGAAATTCACTGCTC-1	nc_larvae
nc_AGGAAATTCCACACCT-1	nc_larvae
nc_AGGAATAAGACATATG-1	nc_larvae
nc_AGGAATAAGACCGTTT-1	nc_larvae
nc_AGGAATAAGAGTTGCG-1	nc_larvae
nc_AGGAATAAGGTGCTTT-1	nc_larvae
nc_AGGAATACAACTACGT-1	nc_larvae
nc_AGGAATACACGCAAAG-1	nc_larvae
nc_AGGAATACAGACTGCC-1	nc_larvae
nc_AGGAATACAGCTGGTC-1	nc_larvae
nc_AGGAATAGTACTCGCG-1	nc_larvae
nc_AGGAATAGTAGGACCA-1	nc_larvae
nc_AGGAATAGTATGCGTT-1	nc_larvae
nc_AGGAATAGTGGTACAG-1	nc_larvae
nc_AGGAATAGTGTCATCA-1	nc_larvae
nc_AGGAATAGTGTTGACT-1	nc_larvae
nc_AGGAATATCAGACTGT-1	nc_larvae
nc_AGGAATATCCACTTTA-1	nc_larvae
nc_AGGAATATCCTTGACC-1	nc_larvae
nc_AGGAATATCGCTCATC-1	nc_larvae
nc_AGGACGAAGCAGCAGT-1	nc_larvae
nc_AGGACGAAGCCGATCC-1	nc_larvae
nc_AGGACGAAGCTGTTCA-1	nc_larvae
nc_AGGACGAAGTAAGCAT-1	nc_larvae
nc_AGGACGAGTCTCTCCA-1	nc_larvae
nc_AGGACGAGTTCAAGTC-1	nc_larvae
nc_AGGACTTCACCTCAGG-1	nc_larvae
nc_AGGACTTCACCTGATA-1	nc_larvae
nc_AGGACTTCACTAGAGG-1	nc_larvae
nc_AGGACTTCACTTCTCG-1	nc_larvae
nc_AGGACTTCAGTTTCAG-1	nc_larvae
nc_AGGACTTGTGGCGTAA-1	nc_larvae
nc_AGGACTTTCCAGTGCG-1	nc_larvae
nc_AGGACTTTCCGTGGCA-1	nc_larvae
nc_AGGAGGTAGACGCAGT-1	nc_larvae
nc_AGGAGGTAGCACTCAT-1	nc_larvae
nc_AGGAGGTCAACTTGCA-1	nc_larvae
nc_AGGAGGTGTATGTCCA-1	nc_larvae
nc_AGGAGGTTCCACGAAT-1	nc_larvae
nc_AGGAGGTTCGCAGTCG-1	nc_larvae
nc_AGGAGGTTCTTCGTAT-1	nc_larvae
nc_AGGATAAAGCGCCCAT-1	nc_larvae
nc_AGGATAAAGTGGTTCT-1	nc_larvae
nc_AGGATAACACAGTACT-1	nc_larvae
nc_AGGATAACACGTATAC-1	nc_larvae
nc_AGGATAACACTAACGT-1	nc_larvae
nc_AGGATAACACTGCTTC-1	nc_larvae
nc_AGGATAAGTATACGGG-1	nc_larvae
nc_AGGATAAGTGTCTTGA-1	nc_larvae
nc_AGGATAATCTCGGTCT-1	nc_larvae
nc_AGGATCTAGCATTTGC-1	nc_larvae
nc_AGGATCTAGCGATGGT-1	nc_larvae
nc_AGGATCTAGTCGTCTA-1	nc_larvae
nc_AGGATCTAGTTCACTG-1	nc_larvae
nc_AGGATCTAGTTTGAGA-1	nc_larvae
nc_AGGATCTCAACAGAGC-1	nc_larvae
nc_AGGATCTCACACCGCA-1	nc_larvae
nc_AGGATCTCATACCAGT-1	nc_larvae
nc_AGGATCTGTGAGGAAA-1	nc_larvae
nc_AGGATCTGTGCCTACG-1	nc_larvae
nc_AGGATCTGTTGGACCC-1	nc_larvae
nc_AGGATCTTCAAACCCA-1	nc_larvae
nc_AGGATCTTCTCAAAGC-1	nc_larvae
nc_AGGCATTAGATGGGCT-1	nc_larvae
nc_AGGCATTAGCATGCAG-1	nc_larvae
nc_AGGCATTAGCTTTCTT-1	nc_larvae
nc_AGGCATTAGGATGAGA-1	nc_larvae
nc_AGGCATTAGTTCCATG-1	nc_larvae
nc_AGGCATTCAATTGCGT-1	nc_larvae
nc_AGGCATTCACCAATTG-1	nc_larvae
nc_AGGCATTCACGCGCTA-1	nc_larvae
nc_AGGCATTCAGGCTTGC-1	nc_larvae
nc_AGGCATTCAGTGTACT-1	nc_larvae
nc_AGGCATTCATAAGCGG-1	nc_larvae
nc_AGGCATTCATCCGCGA-1	nc_larvae
nc_AGGCATTTCGTCCTTG-1	nc_larvae
nc_AGGCATTTCTGTCAGA-1	nc_larvae
nc_AGGCCACAGGTCGTCC-1	nc_larvae
nc_AGGCCACAGGTTGACG-1	nc_larvae
nc_AGGCCACCAAATGATG-1	nc_larvae
nc_AGGCCACCACCAGTTA-1	nc_larvae
nc_AGGCCACCAGCATCTA-1	nc_larvae
nc_AGGCCACCAGTAGAAT-1	nc_larvae
nc_AGGCCACGTTCGAGCC-1	nc_larvae
nc_AGGCCACGTTGTATGC-1	nc_larvae
nc_AGGCCACTCACTGTCC-1	nc_larvae
nc_AGGCCACTCCTCTAAT-1	nc_larvae
nc_AGGCCACTCGTCTAAG-1	nc_larvae
nc_AGGCTGCAGCCGAACA-1	nc_larvae
nc_AGGCTGCAGCCTTTCC-1	nc_larvae
nc_AGGCTGCAGCGTATAA-1	nc_larvae
nc_AGGCTGCCACGTCGTG-1	nc_larvae
nc_AGGCTGCCATCAGCTA-1	nc_larvae
nc_AGGCTGCCATGGATCT-1	nc_larvae
nc_AGGCTGCCATGTTTGG-1	nc_larvae
nc_AGGCTGCCATTGCTTT-1	nc_larvae
nc_AGGCTGCGTAGGCAAC-1	nc_larvae
nc_AGGCTGCGTCACCGCA-1	nc_larvae
nc_AGGCTGCGTCAGGTAG-1	nc_larvae
nc_AGGCTGCGTGACTCGC-1	nc_larvae
nc_AGGCTGCGTGGCATCC-1	nc_larvae
nc_AGGCTGCGTGTACATC-1	nc_larvae
nc_AGGCTGCGTTAGTTCG-1	nc_larvae
nc_AGGCTGCGTTCGGACC-1	nc_larvae
nc_AGGCTGCTCACTCGAA-1	nc_larvae
nc_AGGCTGCTCCGTTTCG-1	nc_larvae
nc_AGGCTGCTCGGCCAAC-1	nc_larvae
nc_AGGCTGCTCTCCGCAT-1	nc_larvae
nc_AGGCTGCTCTCTCGAC-1	nc_larvae
nc_AGGCTGCTCTGAGGCC-1	nc_larvae
nc_AGGGAGTAGGTGAGAA-1	nc_larvae
nc_AGGGAGTAGTAAGAGG-1	nc_larvae
nc_AGGGAGTCAAACCGGA-1	nc_larvae
nc_AGGGAGTCAAGAGTAT-1	nc_larvae
nc_AGGGAGTCATGAATAG-1	nc_larvae
nc_AGGGAGTGTCAGACGA-1	nc_larvae
nc_AGGGAGTGTCCGGATC-1	nc_larvae
nc_AGGGAGTGTGAGACGT-1	nc_larvae
nc_AGGGAGTTCACACGAT-1	nc_larvae
nc_AGGGAGTTCCCATTCG-1	nc_larvae
nc_AGGGAGTTCGACATCA-1	nc_larvae
nc_AGGGAGTTCGCCAGAC-1	nc_larvae
nc_AGGGAGTTCTATCCAT-1	nc_larvae
nc_AGGGAGTTCTGGTCAA-1	nc_larvae
nc_AGGGCCTAGGAAAGAC-1	nc_larvae
nc_AGGGCCTCAAGGTCGA-1	nc_larvae
nc_AGGGCCTCACAAGGTG-1	nc_larvae
nc_AGGGCCTGTATGAAAC-1	nc_larvae
nc_AGGGCCTGTCACTTCC-1	nc_larvae
nc_AGGGCCTTCAATCGGT-1	nc_larvae
nc_AGGGCCTTCACGGTCG-1	nc_larvae
nc_AGGGCCTTCCACGAAT-1	nc_larvae
nc_AGGGCCTTCCTATTGT-1	nc_larvae
nc_AGGGCCTTCTCAATCT-1	nc_larvae
nc_AGGGCCTTCTCGTCGT-1	nc_larvae
nc_AGGGCTCAGCAGCCCT-1	nc_larvae
nc_AGGGCTCCAAGATCCT-1	nc_larvae
nc_AGGGCTCCAGCTGTCG-1	nc_larvae
nc_AGGGCTCGTAAGATAC-1	nc_larvae
nc_AGGGCTCGTACTAACC-1	nc_larvae
nc_AGGGCTCGTAGAGACC-1	nc_larvae
nc_AGGGCTCGTCAGGTAG-1	nc_larvae
nc_AGGGCTCTCAACCTCC-1	nc_larvae
nc_AGGGCTCTCACTGGTA-1	nc_larvae
nc_AGGGCTCTCAGTCATG-1	nc_larvae
nc_AGGGCTCTCCCTGTTG-1	nc_larvae
nc_AGGGCTCTCCTGTTGC-1	nc_larvae
nc_AGGGCTCTCTAGTTCT-1	nc_larvae
nc_AGGGCTCTCTCAACGA-1	nc_larvae
nc_AGGGTCCAGAACGTGC-1	nc_larvae
nc_AGGGTCCAGACGTCCC-1	nc_larvae
nc_AGGGTCCAGAGAGGTA-1	nc_larvae
nc_AGGGTCCCAAAGTGTA-1	nc_larvae
nc_AGGGTCCCAACACAGG-1	nc_larvae
nc_AGGGTCCCAATGACCT-1	nc_larvae
nc_AGGGTCCCACCGTGCA-1	nc_larvae
nc_AGGGTCCCACGCGGTT-1	nc_larvae
nc_AGGGTCCCACGTTCGG-1	nc_larvae
nc_AGGGTCCCACTTACAG-1	nc_larvae
nc_AGGGTCCCAGTTGTCA-1	nc_larvae
nc_AGGGTCCGTATCGTGT-1	nc_larvae
nc_AGGGTCCGTCAAACGG-1	nc_larvae
nc_AGGGTCCGTTCTCAGA-1	nc_larvae
nc_AGGGTCCTCCAATCTT-1	nc_larvae
nc_AGGGTGAAGTATCCTG-1	nc_larvae
nc_AGGGTGAAGTATGACA-1	nc_larvae
nc_AGGGTGAAGTGATAGT-1	nc_larvae
nc_AGGGTGACAAAGAGTT-1	nc_larvae
nc_AGGGTGACAACCGACC-1	nc_larvae
nc_AGGGTGAGTCGGTAAG-1	nc_larvae
nc_AGGGTGAGTGGTCAAG-1	nc_larvae
nc_AGGGTGAGTTATTCTC-1	nc_larvae
nc_AGGGTGAGTTGCAAGG-1	nc_larvae
nc_AGGGTGATCCACCCTA-1	nc_larvae
nc_AGGGTGATCTTGCAAG-1	nc_larvae
nc_AGGGTTTAGGCACTCC-1	nc_larvae
nc_AGGGTTTAGGGCCTCT-1	nc_larvae
nc_AGGGTTTCATCATGAC-1	nc_larvae
nc_AGGGTTTGTCGTGGTC-1	nc_larvae
nc_AGGGTTTGTTAAGGAT-1	nc_larvae
nc_AGGGTTTGTTCTTGTT-1	nc_larvae
nc_AGGGTTTTCAAGGAGC-1	nc_larvae
nc_AGGGTTTTCAGCCTTC-1	nc_larvae
nc_AGGGTTTTCCACGTAA-1	nc_larvae
nc_AGGGTTTTCTTGGGCG-1	nc_larvae
nc_AGGTAGGAGCATTGTC-1	nc_larvae
nc_AGGTAGGAGCTCGGCT-1	nc_larvae
nc_AGGTAGGAGGACAGTC-1	nc_larvae
nc_AGGTAGGAGGCAGTCA-1	nc_larvae
nc_AGGTAGGCAACGACTT-1	nc_larvae
nc_AGGTAGGGTATCTTCT-1	nc_larvae
nc_AGGTAGGGTCGAGATG-1	nc_larvae
nc_AGGTAGGGTTCGGACC-1	nc_larvae
nc_AGGTAGGTCACCGGGT-1	nc_larvae
nc_AGGTAGGTCAGCACCG-1	nc_larvae
nc_AGGTAGGTCCGGACGT-1	nc_larvae
nc_AGGTAGGTCCGTTGAA-1	nc_larvae
nc_AGGTAGGTCTCCTGAC-1	nc_larvae
nc_AGGTCATAGGAGCTGT-1	nc_larvae
nc_AGGTCATAGGTCCAGA-1	nc_larvae
nc_AGGTCATCAAAGCAAT-1	nc_larvae
nc_AGGTCATCAAGAAATC-1	nc_larvae
nc_AGGTCATCAAGTCCAT-1	nc_larvae
nc_AGGTCATCACGCGTCA-1	nc_larvae
nc_AGGTCATCACTTACAG-1	nc_larvae
nc_AGGTCATGTGAGTGAC-1	nc_larvae
nc_AGGTCATTCATGAAAG-1	nc_larvae
nc_AGGTCATTCGAGAATA-1	nc_larvae
nc_AGGTCTAAGAGAGTTT-1	nc_larvae
nc_AGGTCTACAGCTCGGT-1	nc_larvae
nc_AGGTCTACAGTTAGGG-1	nc_larvae
nc_AGGTCTACATACATCG-1	nc_larvae
nc_AGGTCTACATCATCTT-1	nc_larvae
nc_AGGTCTAGTAATGTGA-1	nc_larvae
nc_AGGTCTAGTGACAGCA-1	nc_larvae
nc_AGGTCTAGTTTAGACC-1	nc_larvae
nc_AGGTCTATCGTGGACC-1	nc_larvae
nc_AGGTCTATCTCGGCTT-1	nc_larvae
nc_AGGTGTTAGATGCTTC-1	nc_larvae
nc_AGGTGTTAGATTCGCT-1	nc_larvae
nc_AGGTGTTAGCCTCGTG-1	nc_larvae
nc_AGGTGTTAGGTGCCTC-1	nc_larvae
nc_AGGTGTTCAGGGACTA-1	nc_larvae
nc_AGGTGTTGTCCCGGTA-1	nc_larvae
nc_AGGTGTTGTCTGCATA-1	nc_larvae
nc_AGGTGTTGTTCAAGGG-1	nc_larvae
nc_AGGTGTTGTTTAGAGA-1	nc_larvae
nc_AGGTGTTTCAGCCCAG-1	nc_larvae
nc_AGGTGTTTCGAACTCA-1	nc_larvae
nc_AGGTGTTTCTGCGAGC-1	nc_larvae
nc_AGGTTACAGAAGGCTC-1	nc_larvae
nc_AGGTTACAGACCAAGC-1	nc_larvae
nc_AGGTTACAGATTCGAA-1	nc_larvae
nc_AGGTTACCAATACCTG-1	nc_larvae
nc_AGGTTACGTATTGACC-1	nc_larvae
nc_AGGTTACGTGAATAAC-1	nc_larvae
nc_AGGTTACGTGGACTGA-1	nc_larvae
nc_AGGTTACTCAAGAATG-1	nc_larvae
nc_AGGTTACTCCGCATAA-1	nc_larvae
nc_AGGTTGTAGTATGGCG-1	nc_larvae
nc_AGGTTGTCAAGCTGCC-1	nc_larvae
nc_AGGTTGTCAATAGGAT-1	nc_larvae
nc_AGGTTGTCACGTTGGC-1	nc_larvae
nc_AGGTTGTTCGTCGACG-1	nc_larvae
nc_AGTAACCAGAGCCTGA-1	nc_larvae
nc_AGTAACCAGTATGCAA-1	nc_larvae
nc_AGTAACCGTGCACATT-1	nc_larvae
nc_AGTAACCGTGCGGCTT-1	nc_larvae
nc_AGTAACCTCAACCCGG-1	nc_larvae
nc_AGTAACCTCCAAACCA-1	nc_larvae
nc_AGTAACCTCCACTGAA-1	nc_larvae
nc_AGTAACCTCCCTATTA-1	nc_larvae
nc_AGTAACCTCGCAGAGA-1	nc_larvae
nc_AGTAACCTCGCGGTAC-1	nc_larvae
nc_AGTAACCTCGCTCTAC-1	nc_larvae
nc_AGTAACCTCTGGCCGA-1	nc_larvae
nc_AGTAACCTCTGTCGTC-1	nc_larvae
nc_AGTACCAAGAATCGAT-1	nc_larvae
nc_AGTACCAAGGTACTGG-1	nc_larvae
nc_AGTACCACACCGTCGA-1	nc_larvae
nc_AGTACCACAGTTCCAA-1	nc_larvae
nc_AGTACCAGTTTCACTT-1	nc_larvae
nc_AGTACCATCGCCATAA-1	nc_larvae
nc_AGTACCATCGGTTAGT-1	nc_larvae
nc_AGTACCATCTATTCGT-1	nc_larvae
nc_AGTACCATCTATTGTC-1	nc_larvae
nc_AGTACTGAGCCTAGGA-1	nc_larvae
nc_AGTACTGAGGCATTTC-1	nc_larvae
nc_AGTACTGAGTGGTTAA-1	nc_larvae
nc_AGTACTGCATCCAACA-1	nc_larvae
nc_AGTACTGCATGGGTTT-1	nc_larvae
nc_AGTACTGCATTGTACG-1	nc_larvae
nc_AGTACTGGTACCAGAG-1	nc_larvae
nc_AGTACTGGTAGATCCT-1	nc_larvae
nc_AGTACTGGTCATGACT-1	nc_larvae
nc_AGTACTGGTCCAGTTA-1	nc_larvae
nc_AGTACTGGTCCATCTC-1	nc_larvae
nc_AGTACTGTCACTCCGT-1	nc_larvae
nc_AGTACTGTCTAAGCGT-1	nc_larvae
nc_AGTACTGTCTATGCCC-1	nc_larvae
nc_AGTACTGTCTCCTACG-1	nc_larvae
nc_AGTAGCTAGATGTAGT-1	nc_larvae
nc_AGTAGCTAGTTGGGAC-1	nc_larvae
nc_AGTAGCTCACAGTCAT-1	nc_larvae
nc_AGTAGCTCACAGTCCG-1	nc_larvae
nc_AGTAGCTCACCACATA-1	nc_larvae
nc_AGTAGCTCATCATGAC-1	nc_larvae
nc_AGTAGCTGTACGACAG-1	nc_larvae
nc_AGTAGCTGTCCAGAAG-1	nc_larvae
nc_AGTAGCTGTTACGCCG-1	nc_larvae
nc_AGTAGCTGTTCCTACC-1	nc_larvae
nc_AGTAGTCAGAGTCAAT-1	nc_larvae
nc_AGTAGTCAGGTGATAT-1	nc_larvae
nc_AGTAGTCCACTCTCGT-1	nc_larvae
nc_AGTAGTCTCGCACGAC-1	nc_larvae
nc_AGTAGTCTCGGACAAG-1	nc_larvae
nc_AGTAGTCTCTTCCTAA-1	nc_larvae
nc_AGTCAACAGATCCGAG-1	nc_larvae
nc_AGTCAACAGCCGCTTG-1	nc_larvae
nc_AGTCAACAGGAGTCTG-1	nc_larvae
nc_AGTCAACAGGGCTAAC-1	nc_larvae
nc_AGTCAACAGTCGAAGC-1	nc_larvae
nc_AGTCAACCAATACCCA-1	nc_larvae
nc_AGTCAACCAATCGCCG-1	nc_larvae
nc_AGTCACAAGAGGACTC-1	nc_larvae
nc_AGTCACAAGCTAGTTC-1	nc_larvae
nc_AGTCACAAGCTATCTG-1	nc_larvae
nc_AGTCACAAGCTTGTGT-1	nc_larvae
nc_AGTCACAAGTCAGCGA-1	nc_larvae
nc_AGTCACAAGTGCCAGA-1	nc_larvae
nc_AGTCACACACAGCATT-1	nc_larvae
nc_AGTCACACACCCTGAG-1	nc_larvae
nc_AGTCACACATGCTGCG-1	nc_larvae
nc_AGTCACAGTACTCAAC-1	nc_larvae
nc_AGTCACAGTATTGAGA-1	nc_larvae
nc_AGTCATGAGCTCGTGC-1	nc_larvae
nc_AGTCATGAGGTAGGCT-1	nc_larvae
nc_AGTCATGAGGTCCGAA-1	nc_larvae
nc_AGTCATGAGTAATCCC-1	nc_larvae
nc_AGTCATGCAGTGGCTC-1	nc_larvae
nc_AGTCATGGTACGATGG-1	nc_larvae
nc_AGTCATGTCTGTAAGC-1	nc_larvae
nc_AGTCTCCAGCAACTCT-1	nc_larvae
nc_AGTCTCCAGCGCGTTC-1	nc_larvae
nc_AGTCTCCCAAGTATCC-1	nc_larvae
nc_AGTCTCCGTCGAGCTC-1	nc_larvae
nc_AGTCTCCGTTAGGGTG-1	nc_larvae
nc_AGTCTCCTCATTTCGT-1	nc_larvae
nc_AGTCTCCTCCCATTTA-1	nc_larvae
nc_AGTCTCCTCGGTCGGT-1	nc_larvae
nc_AGTCTCCTCGTCCTCA-1	nc_larvae
nc_AGTGACTAGACAGCGT-1	nc_larvae
nc_AGTGACTAGAGCTGCA-1	nc_larvae
nc_AGTGACTAGTGGTTAA-1	nc_larvae
nc_AGTGACTCACCAGACC-1	nc_larvae
nc_AGTGACTCAGGTTCCG-1	nc_larvae
nc_AGTGACTGTAAGATTG-1	nc_larvae
nc_AGTGACTGTCCAGCAC-1	nc_larvae
nc_AGTGACTGTGATACTC-1	nc_larvae
nc_AGTGACTGTTCTTGTT-1	nc_larvae
nc_AGTGACTTCAAGTGTC-1	nc_larvae
nc_AGTGACTTCATAGACC-1	nc_larvae
nc_AGTGACTTCGCCTATC-1	nc_larvae
nc_AGTGACTTCTCAACGA-1	nc_larvae
nc_AGTGATCAGAACTCCT-1	nc_larvae
nc_AGTGATCAGAGCATCG-1	nc_larvae
nc_AGTGATCCAGTTGGTT-1	nc_larvae
nc_AGTGATCGTCCTCCAT-1	nc_larvae
nc_AGTGATCGTTAATCGC-1	nc_larvae
nc_AGTGATCTCCTAACAG-1	nc_larvae
nc_AGTGATCTCGAAGGAC-1	nc_larvae
nc_AGTGCCGAGGACCCAA-1	nc_larvae
nc_AGTGCCGAGGATGCGT-1	nc_larvae
nc_AGTGCCGAGGTTAAAC-1	nc_larvae
nc_AGTGCCGGTCTTGGTA-1	nc_larvae
nc_AGTGCCGTCATGCCCT-1	nc_larvae
nc_AGTGCCGTCGTGGTAT-1	nc_larvae
nc_AGTGTTGAGCCGATAG-1	nc_larvae
nc_AGTGTTGAGCCTCTTC-1	nc_larvae
nc_AGTGTTGAGTGGTCAG-1	nc_larvae
nc_AGTGTTGGTAACACCT-1	nc_larvae
nc_AGTGTTGGTACAATAG-1	nc_larvae
nc_AGTGTTGGTAGTACGG-1	nc_larvae
nc_AGTGTTGGTCATGACT-1	nc_larvae
nc_AGTGTTGTCCTGGGTG-1	nc_larvae
nc_AGTGTTGTCCTTTGAT-1	nc_larvae
nc_AGTGTTGTCGGAAGGT-1	nc_larvae
nc_AGTGTTGTCTAACACG-1	nc_larvae
nc_AGTGTTGTCTAACGGT-1	nc_larvae
nc_AGTTAGCAGCACTAGG-1	nc_larvae
nc_AGTTAGCAGTAAACGT-1	nc_larvae
nc_AGTTAGCCAAAGAGTT-1	nc_larvae
nc_AGTTAGCCAACCAGAG-1	nc_larvae
nc_AGTTAGCCACTGTCCT-1	nc_larvae
nc_AGTTAGCCAGACCTAT-1	nc_larvae
nc_AGTTAGCCAGGCACAA-1	nc_larvae
nc_AGTTAGCGTAAGGCTG-1	nc_larvae
nc_AGTTAGCGTAGGGTAC-1	nc_larvae
nc_AGTTAGCGTTTCGGCG-1	nc_larvae
nc_AGTTAGCGTTTGAACC-1	nc_larvae
nc_AGTTAGCTCCTGCCAT-1	nc_larvae
nc_AGTTAGCTCTAGATCG-1	nc_larvae
nc_AGTTCCCAGGATACGC-1	nc_larvae
nc_AGTTCCCAGGATTTAG-1	nc_larvae
nc_AGTTCCCAGGTCCGAA-1	nc_larvae
nc_AGTTCCCAGTCTGCGC-1	nc_larvae
nc_AGTTCCCCAAATTGCC-1	nc_larvae
nc_AGTTCCCCACCATTCC-1	nc_larvae
nc_AGTTCCCCACTAACGT-1	nc_larvae
nc_AGTTCCCCAGAGATGC-1	nc_larvae
nc_AGTTCCCCAGCAGTAG-1	nc_larvae
nc_AGTTCCCCAGTCAGAG-1	nc_larvae
nc_AGTTCCCTCCCTGGTT-1	nc_larvae
nc_AGTTCCCTCCTAAGTG-1	nc_larvae
nc_AGTTCCCTCGCACGGT-1	nc_larvae
nc_AGTTCCCTCGGTTAGT-1	nc_larvae
nc_AGTTCCCTCTTCGACC-1	nc_larvae
nc_AGTTCGAAGGAATGTT-1	nc_larvae
nc_AGTTCGAAGTAGCTCT-1	nc_larvae
nc_AGTTCGACAAATGCGG-1	nc_larvae
nc_AGTTCGACACCGTGGT-1	nc_larvae
nc_AGTTCGACACGCGTCA-1	nc_larvae
nc_AGTTCGAGTCTTAGTG-1	nc_larvae
nc_AGTTCGATCTTCGGAA-1	nc_larvae
nc_ATACCGAAGATGTTAG-1	nc_larvae
nc_ATACCGAAGGCGCTCT-1	nc_larvae
nc_ATACCGACAACACACT-1	nc_larvae
nc_ATACCGACAGTTGCGC-1	nc_larvae
nc_ATACCGACATAGAATG-1	nc_larvae
nc_ATACCGAGTAACAGTA-1	nc_larvae
nc_ATACCGAGTTATGACC-1	nc_larvae
nc_ATACCGAGTTCCACAA-1	nc_larvae
nc_ATACCGAGTTGTATGC-1	nc_larvae
nc_ATACCGATCAAAGAAC-1	nc_larvae
nc_ATACCGATCCCGAGGT-1	nc_larvae
nc_ATACCGATCTCCAATT-1	nc_larvae
nc_ATACCTTAGAGTCAAT-1	nc_larvae
nc_ATACCTTAGCTTTGTG-1	nc_larvae
nc_ATACCTTAGTTGTCAC-1	nc_larvae
nc_ATACCTTCAGAACCGA-1	nc_larvae
nc_ATACCTTCAGGTGTGA-1	nc_larvae
nc_ATACCTTGTCATCCCT-1	nc_larvae
nc_ATACCTTGTCTGTGCG-1	nc_larvae
nc_ATACCTTGTTAGGGTG-1	nc_larvae
nc_ATACCTTTCGACCCAG-1	nc_larvae
nc_ATACCTTTCGCTCATC-1	nc_larvae
nc_ATACCTTTCTCATGGA-1	nc_larvae
nc_ATACTTCAGACCTGGA-1	nc_larvae
nc_ATACTTCAGTAATACG-1	nc_larvae
nc_ATACTTCCACAGAGAC-1	nc_larvae
nc_ATACTTCCACCAGCGT-1	nc_larvae
nc_ATACTTCCACTCCTTG-1	nc_larvae
nc_ATACTTCTCATTCACT-1	nc_larvae
nc_ATACTTCTCGCTCCTA-1	nc_larvae
nc_ATACTTCTCGGTGTTA-1	nc_larvae
nc_ATACTTCTCTCACCCA-1	nc_larvae
nc_ATACTTCTCTCCTGTG-1	nc_larvae
nc_ATACTTCTCTGGGTCG-1	nc_larvae
nc_ATAGACCAGACATCCT-1	nc_larvae
nc_ATAGACCAGGTTGAGC-1	nc_larvae
nc_ATAGACCCAACCGGAA-1	nc_larvae
nc_ATAGACCCAAGGTACG-1	nc_larvae
nc_ATAGACCCACGGCACT-1	nc_larvae
nc_ATAGACCCACTGGATT-1	nc_larvae
nc_ATAGACCCAGAGGCAT-1	nc_larvae
nc_ATAGACCGTACTGTTG-1	nc_larvae
nc_ATAGACCGTAGACGTG-1	nc_larvae
nc_ATAGACCGTAGCGTCC-1	nc_larvae
nc_ATAGACCGTCGAAGCA-1	nc_larvae
nc_ATAGACCGTGAACGGT-1	nc_larvae
nc_ATAGACCGTTCCTAGA-1	nc_larvae
nc_ATAGACCTCAACACGT-1	nc_larvae
nc_ATAGACCTCCCATAAG-1	nc_larvae
nc_ATAGACCTCGAGTCTA-1	nc_larvae
nc_ATAGACCTCGCTTACC-1	nc_larvae
nc_ATAGACCTCGTTGCCT-1	nc_larvae
nc_ATAGAGAAGACGTCGA-1	nc_larvae
nc_ATAGAGAAGCACCGAA-1	nc_larvae
nc_ATAGAGAAGCGACAGT-1	nc_larvae
nc_ATAGAGAAGGAATCGC-1	nc_larvae
nc_ATAGAGAAGGAGCAAA-1	nc_larvae
nc_ATAGAGAAGGGCTGAT-1	nc_larvae
nc_ATAGAGAAGTAAACAC-1	nc_larvae
nc_ATAGAGAAGTTAGAAC-1	nc_larvae
nc_ATAGAGACAACCCGCA-1	nc_larvae
nc_ATAGAGACAATTGCTG-1	nc_larvae
nc_ATAGAGACAGGGTTGA-1	nc_larvae
nc_ATAGAGACAGTAGTGG-1	nc_larvae
nc_ATAGAGACATACAGAA-1	nc_larvae
nc_ATAGAGAGTACACTCA-1	nc_larvae
nc_ATAGAGAGTGGATCGA-1	nc_larvae
nc_ATAGAGATCACCTTGC-1	nc_larvae
nc_ATAGAGATCACTGAAC-1	nc_larvae
nc_ATAGAGATCCCGAACG-1	nc_larvae
nc_ATAGAGATCGACCTAA-1	nc_larvae
nc_ATAGAGATCTCGTGGG-1	nc_larvae
nc_ATAGAGATCTCTTGCG-1	nc_larvae
nc_ATAGAGATCTGCTAGA-1	nc_larvae
nc_ATAGGCTCACAAACGG-1	nc_larvae
nc_ATAGGCTCACATTCGA-1	nc_larvae
nc_ATAGGCTCACTCAAGT-1	nc_larvae
nc_ATAGGCTCAGGCTTGC-1	nc_larvae
nc_ATAGGCTCATATACCG-1	nc_larvae
nc_ATAGGCTCATCACAGT-1	nc_larvae
nc_ATAGGCTGTACAGCGA-1	nc_larvae
nc_ATAGGCTGTGGTAACG-1	nc_larvae
nc_ATAGGCTTCCATAAGC-1	nc_larvae
nc_ATAGGCTTCTACCCAC-1	nc_larvae
nc_ATATCCTAGACCTGGA-1	nc_larvae
nc_ATATCCTAGATAGCAT-1	nc_larvae
nc_ATATCCTAGCCAAGGT-1	nc_larvae
nc_ATATCCTAGTTTCAGC-1	nc_larvae
nc_ATATCCTCAGCACAGA-1	nc_larvae
nc_ATATCCTCAGTAACAA-1	nc_larvae
nc_ATATCCTCAGTCGAGA-1	nc_larvae
nc_ATATCCTTCGAGAGCA-1	nc_larvae
nc_ATATCCTTCGATTGGT-1	nc_larvae
nc_ATATCCTTCTCCTGAC-1	nc_larvae
nc_ATATCCTTCTTACGTT-1	nc_larvae
nc_ATCACAGAGCGGGTAT-1	nc_larvae
nc_ATCACAGAGTAACCTC-1	nc_larvae
nc_ATCACAGCACCAGCTG-1	nc_larvae
nc_ATCACAGCATCGTGGC-1	nc_larvae
nc_ATCACAGGTAGCTCGC-1	nc_larvae
nc_ATCACAGTCTGCTCTG-1	nc_larvae
nc_ATCACAGTCTGTGCTC-1	nc_larvae
nc_ATCACAGTCTTTGCAT-1	nc_larvae
nc_ATCACGAAGAGGCGGA-1	nc_larvae
nc_ATCACGAAGCACTTTG-1	nc_larvae
nc_ATCACGAAGTGCTAGG-1	nc_larvae
nc_ATCACGACAAAGGTTA-1	nc_larvae
nc_ATCACGACACCAACAT-1	nc_larvae
nc_ATCACGACACTTGGGC-1	nc_larvae
nc_ATCACGACAGGAATAT-1	nc_larvae
nc_ATCACGAGTACGACTT-1	nc_larvae
nc_ATCACGAGTCCGAAAG-1	nc_larvae
nc_ATCACGAGTCGCATTA-1	nc_larvae
nc_ATCACGATCAAGGACG-1	nc_larvae
nc_ATCACTTAGAAGTGTT-1	nc_larvae
nc_ATCACTTAGCGCCTAC-1	nc_larvae
nc_ATCACTTCAGAACGCA-1	nc_larvae
nc_ATCACTTCAGCAGTAG-1	nc_larvae
nc_ATCACTTCATACCGTA-1	nc_larvae
nc_ATCACTTCATGAAAGT-1	nc_larvae
nc_ATCACTTCATGACTTG-1	nc_larvae
nc_ATCACTTGTCGCATGC-1	nc_larvae
nc_ATCACTTGTTCAAACC-1	nc_larvae
nc_ATCACTTGTTTGGGTT-1	nc_larvae
nc_ATCACTTTCCGCAAAT-1	nc_larvae
nc_ATCACTTTCGAGTACT-1	nc_larvae
nc_ATCACTTTCTCGAACA-1	nc_larvae
nc_ATCACTTTCTGGTGCG-1	nc_larvae
nc_ATCACTTTCTTTGATC-1	nc_larvae
nc_ATCAGGTAGATCCCAT-1	nc_larvae
nc_ATCAGGTAGGCCCACT-1	nc_larvae
nc_ATCAGGTAGGTCCTGC-1	nc_larvae
nc_ATCAGGTAGTAAGAGG-1	nc_larvae
nc_ATCAGGTCAGCGAGTA-1	nc_larvae
nc_ATCAGGTTCAAAGGAT-1	nc_larvae
nc_ATCAGGTTCATGCTAG-1	nc_larvae
nc_ATCAGGTTCTTGCAGA-1	nc_larvae
nc_ATCATTCAGATAACAC-1	nc_larvae
nc_ATCATTCAGCATTTCG-1	nc_larvae
nc_ATCATTCAGCTGAAGC-1	nc_larvae
nc_ATCATTCAGGGAGTTC-1	nc_larvae
nc_ATCATTCCAGCAGAAC-1	nc_larvae
nc_ATCATTCCAGCGACAA-1	nc_larvae
nc_ATCATTCCAGGTGTTT-1	nc_larvae
nc_ATCATTCGTAGTACGG-1	nc_larvae
nc_ATCATTCGTTAACCTG-1	nc_larvae
nc_ATCATTCTCCGAGTGC-1	nc_larvae
nc_ATCATTCTCCTAGCGG-1	nc_larvae
nc_ATCATTCTCTGCGGCA-1	nc_larvae
nc_ATCATTCTCTGGCCGA-1	nc_larvae
nc_ATCCACCAGGCGTCCT-1	nc_larvae
nc_ATCCACCAGTAAGGGA-1	nc_larvae
nc_ATCCACCAGTCAGCCC-1	nc_larvae
nc_ATCCACCCATCCGAGC-1	nc_larvae
nc_ATCCACCGTACACTCA-1	nc_larvae
nc_ATCCACCGTAGGTGCA-1	nc_larvae
nc_ATCCACCGTCACGCTG-1	nc_larvae
nc_ATCCACCGTCCAAGAG-1	nc_larvae
nc_ATCCACCGTTAAACCC-1	nc_larvae
nc_ATCCACCGTTGCCTAA-1	nc_larvae
nc_ATCCACCTCAAGCCCG-1	nc_larvae
nc_ATCCACCTCACTGAAC-1	nc_larvae
nc_ATCCACCTCCTCAGAA-1	nc_larvae
nc_ATCCACCTCGAGCTGC-1	nc_larvae
nc_ATCCACCTCTGACCCT-1	nc_larvae
nc_ATCCACCTCTGTTCAT-1	nc_larvae
nc_ATCCATTAGATGCTTC-1	nc_larvae
nc_ATCCATTAGGATGCGT-1	nc_larvae
nc_ATCCATTAGGTATAGT-1	nc_larvae
nc_ATCCATTAGTATTCCG-1	nc_larvae
nc_ATCCATTAGTCAGCGA-1	nc_larvae
nc_ATCCATTAGTTGCCTA-1	nc_larvae
nc_ATCCATTCAGCCGTTG-1	nc_larvae
nc_ATCCATTCAGGTCAAG-1	nc_larvae
nc_ATCCATTGTATTTCGG-1	nc_larvae
nc_ATCCATTGTTGCTCCT-1	nc_larvae
nc_ATCCATTTCGTGTCAA-1	nc_larvae
nc_ATCCCTGAGAAGGGAT-1	nc_larvae
nc_ATCCCTGAGAGAGCCT-1	nc_larvae
nc_ATCCCTGAGATTCGAA-1	nc_larvae
nc_ATCCCTGAGTCCTACA-1	nc_larvae
nc_ATCCCTGCAAATTGCC-1	nc_larvae
nc_ATCCCTGGTACTAACC-1	nc_larvae
nc_ATCCCTGGTCACTCGG-1	nc_larvae
nc_ATCCCTGGTGGCGCTT-1	nc_larvae
nc_ATCCCTGTCCCATGGG-1	nc_larvae
nc_ATCCCTGTCCCGTTCA-1	nc_larvae
nc_ATCCCTGTCTACTCAT-1	nc_larvae
nc_ATCCGTCAGCATGGGT-1	nc_larvae
nc_ATCCGTCAGGCTTCCG-1	nc_larvae
nc_ATCCGTCGTCCACATA-1	nc_larvae
nc_ATCCGTCTCACACCGG-1	nc_larvae
nc_ATCCGTCTCCTGGGAC-1	nc_larvae
nc_ATCCGTCTCTCCGAGG-1	nc_larvae
nc_ATCCGTCTCTTCCTAA-1	nc_larvae
nc_ATCCTATAGCACTAGG-1	nc_larvae
nc_ATCCTATAGTCGCCAC-1	nc_larvae
nc_ATCCTATCACATGACT-1	nc_larvae
nc_ATCCTATCAGCTCTGG-1	nc_larvae
nc_ATCCTATCATGGTGGA-1	nc_larvae
nc_ATCCTATGTACACTCA-1	nc_larvae
nc_ATCCTATTCATTACCT-1	nc_larvae
nc_ATCCTATTCCAATGCA-1	nc_larvae
nc_ATCCTATTCGTAATGC-1	nc_larvae
nc_ATCGATGAGCCACTCG-1	nc_larvae
nc_ATCGATGAGGACTAAT-1	nc_larvae
nc_ATCGATGAGGATAATC-1	nc_larvae
nc_ATCGATGAGTCTGTAC-1	nc_larvae
nc_ATCGATGCAAGTGATA-1	nc_larvae
nc_ATCGATGGTCCGTACG-1	nc_larvae
nc_ATCGATGTCATTGTGG-1	nc_larvae
nc_ATCGATGTCCTCGATC-1	nc_larvae
nc_ATCGCCTAGAGCAGAA-1	nc_larvae
nc_ATCGCCTAGATACCAA-1	nc_larvae
nc_ATCGCCTAGCAGGCAT-1	nc_larvae
nc_ATCGCCTAGCCGATAG-1	nc_larvae
nc_ATCGCCTAGTGCAGGT-1	nc_larvae
nc_ATCGCCTAGTTGAAGT-1	nc_larvae
nc_ATCGCCTCAAAGCTAA-1	nc_larvae
nc_ATCGCCTCAATAGGGC-1	nc_larvae
nc_ATCGCCTCATGCAGGA-1	nc_larvae
nc_ATCGCCTGTCAGACGA-1	nc_larvae
nc_ATCGCCTGTCGATTTG-1	nc_larvae
nc_ATCGCCTGTTAGCTAC-1	nc_larvae
nc_ATCGCCTTCTAAGAAG-1	nc_larvae
nc_ATCGCCTTCTCTATAC-1	nc_larvae
nc_ATCGGATAGTCCGTCG-1	nc_larvae
nc_ATCGGATCACGGTAGA-1	nc_larvae
nc_ATCGGATCAGACAAGC-1	nc_larvae
nc_ATCGGATCATTATGCG-1	nc_larvae
nc_ATCGGATGTGTCGCTG-1	nc_larvae
nc_ATCGGATGTTATGACC-1	nc_larvae
nc_ATCGGATGTTTCGTTT-1	nc_larvae
nc_ATCGGATTCATGGCCG-1	nc_larvae
nc_ATCGGATTCCAGCCTT-1	nc_larvae
nc_ATCGGCGAGCATAGGC-1	nc_larvae
nc_ATCGGCGAGTTGAAAC-1	nc_larvae
nc_ATCGGCGCAGATTTCG-1	nc_larvae
nc_ATCGGCGGTCCAAGAG-1	nc_larvae
nc_ATCGGCGGTCGTTGCG-1	nc_larvae
nc_ATCGGCGTCCGTATAG-1	nc_larvae
nc_ATCGGCGTCGTCCTCA-1	nc_larvae
nc_ATCGTAGAGAATCCCT-1	nc_larvae
nc_ATCGTAGAGCCGAATG-1	nc_larvae
nc_ATCGTAGAGGGACCAT-1	nc_larvae
nc_ATCGTAGAGGTAAACT-1	nc_larvae
nc_ATCGTAGAGTTCCTGA-1	nc_larvae
nc_ATCGTAGGTCGTTCAA-1	nc_larvae
nc_ATCGTAGGTTCTCTCG-1	nc_larvae
nc_ATCGTAGGTTGGCCTG-1	nc_larvae
nc_ATCGTAGTCAGCCTTC-1	nc_larvae
nc_ATCGTCCAGACTGGGT-1	nc_larvae
nc_ATCGTCCAGCGGTATG-1	nc_larvae
nc_ATCGTCCAGGGTACGT-1	nc_larvae
nc_ATCGTCCGTTAGGCCC-1	nc_larvae
nc_ATCGTCCGTTCTCAGA-1	nc_larvae
nc_ATCGTCCGTTGGAGAC-1	nc_larvae
nc_ATCGTCCTCACAAGGG-1	nc_larvae
nc_ATCGTCCTCCCGTAAA-1	nc_larvae
nc_ATCGTCCTCGACACCG-1	nc_larvae
nc_ATCGTGAAGAGTCACG-1	nc_larvae
nc_ATCGTGAAGCTACTAC-1	nc_larvae
nc_ATCGTGACATTCGGGC-1	nc_larvae
nc_ATCGTGAGTAGTCACT-1	nc_larvae
nc_ATCGTGAGTCATCAGT-1	nc_larvae
nc_ATCGTGAGTGTGAGCA-1	nc_larvae
nc_ATCGTGATCACCTGGG-1	nc_larvae
nc_ATCGTGATCCATATGG-1	nc_larvae
nc_ATCGTGATCGGACCAC-1	nc_larvae
nc_ATCGTGATCGGTGAAG-1	nc_larvae
nc_ATCGTGATCTCCGATC-1	nc_larvae
nc_ATCTCTAAGAGTATAC-1	nc_larvae
nc_ATCTCTAAGATGTTAG-1	nc_larvae
nc_ATCTCTAAGATTTGCC-1	nc_larvae
nc_ATCTCTAAGCACTCAT-1	nc_larvae
nc_ATCTCTAAGGACAGTC-1	nc_larvae
nc_ATCTCTAAGGATCATA-1	nc_larvae
nc_ATCTCTAAGGGATCAC-1	nc_larvae
nc_ATCTCTAAGTAGGATT-1	nc_larvae
nc_ATCTCTAAGTTCCAGT-1	nc_larvae
nc_ATCTCTACACTTGGGC-1	nc_larvae
nc_ATCTCTACATTCTTCA-1	nc_larvae
nc_ATCTCTAGTCAGTCTA-1	nc_larvae
nc_ATCTTCAAGGAAAGGT-1	nc_larvae
nc_ATCTTCAAGGTACAAT-1	nc_larvae
nc_ATCTTCACACGGGTAA-1	nc_larvae
nc_ATCTTCACATAATGCC-1	nc_larvae
nc_ATCTTCACATTCGGGC-1	nc_larvae
nc_ATCTTCAGTATACGGG-1	nc_larvae
nc_ATCTTCAGTGGACTGA-1	nc_larvae
nc_ATCTTCAGTTATCTTC-1	nc_larvae
nc_ATCTTCAGTTCCGCAG-1	nc_larvae
nc_ATCTTCAGTTTATGCG-1	nc_larvae
nc_ATGAAAGAGAGTGGCT-1	nc_larvae
nc_ATGAAAGGTGACACGA-1	nc_larvae
nc_ATGAAAGGTTTCGTGA-1	nc_larvae
nc_ATGAAAGTCGGTCACG-1	nc_larvae
nc_ATGAAAGTCGTTCAGA-1	nc_larvae
nc_ATGACCAAGAGCACTG-1	nc_larvae
nc_ATGACCAAGCAAGTCG-1	nc_larvae
nc_ATGACCAAGCAGTACG-1	nc_larvae
nc_ATGACCAAGCATCAGG-1	nc_larvae
nc_ATGACCACAGACTCTA-1	nc_larvae
nc_ATGACCAGTAGTACGG-1	nc_larvae
nc_ATGACCAGTCATGACT-1	nc_larvae
nc_ATGACCAGTCTGTGCG-1	nc_larvae
nc_ATGACCAGTGTGTTTG-1	nc_larvae
nc_ATGACCAGTTCTCCTG-1	nc_larvae
nc_ATGACCAGTTTCGACA-1	nc_larvae
nc_ATGACCATCACGGGAA-1	nc_larvae
nc_ATGACCATCCAAGCTA-1	nc_larvae
nc_ATGACCATCCATGCAA-1	nc_larvae
nc_ATGACCATCCGTACGG-1	nc_larvae
nc_ATGACCATCGGAATGG-1	nc_larvae
nc_ATGAGGGAGAAGCCTG-1	nc_larvae
nc_ATGAGGGCACCGTCTT-1	nc_larvae
nc_ATGAGGGCACTACCGG-1	nc_larvae
nc_ATGAGGGCAGTTGGTT-1	nc_larvae
nc_ATGAGGGCATCCCACT-1	nc_larvae
nc_ATGAGGGGTCAACCAT-1	nc_larvae
nc_ATGAGGGTCACCACAA-1	nc_larvae
nc_ATGAGGGTCCACGTGG-1	nc_larvae
nc_ATGAGGGTCTTACCAT-1	nc_larvae
nc_ATGAGTCAGCATTGAA-1	nc_larvae
nc_ATGAGTCAGTCTCCTC-1	nc_larvae
nc_ATGAGTCCAAGGCAAC-1	nc_larvae
nc_ATGAGTCCATCTATCT-1	nc_larvae
nc_ATGAGTCGTAGCTGCC-1	nc_larvae
nc_ATGAGTCGTCGCTTGG-1	nc_larvae
nc_ATGAGTCGTTAAACAG-1	nc_larvae
nc_ATGAGTCTCTCTCTAA-1	nc_larvae
nc_ATGATCGAGACATATG-1	nc_larvae
nc_ATGATCGAGACCATTC-1	nc_larvae
nc_ATGATCGAGACCGCCT-1	nc_larvae
nc_ATGATCGAGATAGCAT-1	nc_larvae
nc_ATGATCGAGCCGATTT-1	nc_larvae
nc_ATGATCGAGCGTTAGG-1	nc_larvae
nc_ATGATCGAGCTGACCC-1	nc_larvae
nc_ATGATCGAGTAAAGCT-1	nc_larvae
nc_ATGATCGCAGCTGTGC-1	nc_larvae
nc_ATGATCGCATTCAGCA-1	nc_larvae
nc_ATGATCGGTCCCTAAA-1	nc_larvae
nc_ATGATCGGTTGTGTAC-1	nc_larvae
nc_ATGCATGAGGAGGTTC-1	nc_larvae
nc_ATGCATGAGTCAGAGC-1	nc_larvae
nc_ATGCATGCACAAATCC-1	nc_larvae
nc_ATGCATGCACTTTATC-1	nc_larvae
nc_ATGCATGCATAATCGC-1	nc_larvae
nc_ATGCATGGTCCGGCAT-1	nc_larvae
nc_ATGCATGGTCGCATCG-1	nc_larvae
nc_ATGCATGGTCGGAACA-1	nc_larvae
nc_ATGCATGGTGGCTGAA-1	nc_larvae
nc_ATGCATGTCAATGCAC-1	nc_larvae
nc_ATGCATGTCAGGTGTT-1	nc_larvae
nc_ATGCATGTCATCCCGT-1	nc_larvae
nc_ATGCATGTCATTGAGC-1	nc_larvae
nc_ATGCATGTCCTACGAA-1	nc_larvae
nc_ATGCATGTCTATCACT-1	nc_larvae
nc_ATGCATGTCTCCTGAC-1	nc_larvae
nc_ATGCCTCAGCGTTCCG-1	nc_larvae
nc_ATGCCTCAGCTATCTG-1	nc_larvae
nc_ATGCCTCAGGAACTAT-1	nc_larvae
nc_ATGCCTCCACTCTGCT-1	nc_larvae
nc_ATGCCTCTCATCGCCT-1	nc_larvae
nc_ATGCCTCTCTGTCGCT-1	nc_larvae
nc_ATGCGATAGCTGAAGC-1	nc_larvae
nc_ATGCGATAGTCATGGG-1	nc_larvae
nc_ATGCGATCAACTACGT-1	nc_larvae
nc_ATGCGATCAATCTCGA-1	nc_larvae
nc_ATGCGATCATCGTGCG-1	nc_larvae
nc_ATGCGATCATGGCACC-1	nc_larvae
nc_ATGCGATGTAAGGCTG-1	nc_larvae
nc_ATGCGATGTAAGTAGT-1	nc_larvae
nc_ATGCGATGTATCAAGA-1	nc_larvae
nc_ATGCGATGTCATGCAT-1	nc_larvae
nc_ATGCGATGTTACCCTC-1	nc_larvae
nc_ATGCGATGTTAGAAAC-1	nc_larvae
nc_ATGCGATGTTATCTGG-1	nc_larvae
nc_ATGCGATGTTCTCAGA-1	nc_larvae
nc_ATGCGATTCATGTCTT-1	nc_larvae
nc_ATGCGATTCCCATTCG-1	nc_larvae
nc_ATGCGATTCGACCCAG-1	nc_larvae
nc_ATGCGATTCGGCATCG-1	nc_larvae
nc_ATGCGATTCGGCTATA-1	nc_larvae
nc_ATGCGATTCTCGTGAA-1	nc_larvae
nc_ATGGAGGAGAAACACT-1	nc_larvae
nc_ATGGAGGAGCAGCCTC-1	nc_larvae
nc_ATGGAGGAGCCTCAAT-1	nc_larvae
nc_ATGGAGGCATAGCACT-1	nc_larvae
nc_ATGGAGGGTATGAGCG-1	nc_larvae
nc_ATGGAGGGTCCATCTC-1	nc_larvae
nc_ATGGAGGGTTCGTAAC-1	nc_larvae
nc_ATGGAGGTCAAGTAAG-1	nc_larvae
nc_ATGGAGGTCATGCATG-1	nc_larvae
nc_ATGGAGGTCCGCGGAT-1	nc_larvae
nc_ATGGAGGTCTGTGTGA-1	nc_larvae
nc_ATGGATCAGAGTCCGA-1	nc_larvae
nc_ATGGATCAGGATTTGA-1	nc_larvae
nc_ATGGATCCACGAGGTA-1	nc_larvae
nc_ATGGATCCATGCCGGT-1	nc_larvae
nc_ATGGATCGTGAACCGA-1	nc_larvae
nc_ATGGATCGTGGCTTGC-1	nc_larvae
nc_ATGGATCGTTGATGTC-1	nc_larvae
nc_ATGGATCTCAGTCAGT-1	nc_larvae
nc_ATGGATCTCATAGGCT-1	nc_larvae
nc_ATGGATCTCCAAGGGA-1	nc_larvae
nc_ATGGATCTCGACCATA-1	nc_larvae
nc_ATGGATCTCGAGATAA-1	nc_larvae
nc_ATGGATCTCTCGCTTG-1	nc_larvae
nc_ATGGATCTCTGGGATT-1	nc_larvae
nc_ATGGGAGAGATGAAGG-1	nc_larvae
nc_ATGGGAGAGGCCACCT-1	nc_larvae
nc_ATGGGAGCATCTCAAG-1	nc_larvae
nc_ATGGGAGGTAACGATA-1	nc_larvae
nc_ATGGGAGGTGCATTTG-1	nc_larvae
nc_ATGGGAGGTGTTTACG-1	nc_larvae
nc_ATGGGAGGTTAACAGA-1	nc_larvae
nc_ATGGGAGTCGGCATTA-1	nc_larvae
nc_ATGGGTTAGATGCTAA-1	nc_larvae
nc_ATGGGTTAGGCTATCT-1	nc_larvae
nc_ATGGGTTAGTAAGAGG-1	nc_larvae
nc_ATGGGTTCAACACGAG-1	nc_larvae
nc_ATGGGTTCAAGTATCC-1	nc_larvae
nc_ATGGGTTCACTCCGAG-1	nc_larvae
nc_ATGGGTTCAGAGCTAG-1	nc_larvae
nc_ATGGGTTCATGACAGG-1	nc_larvae
nc_ATGGGTTGTACGAGCA-1	nc_larvae
nc_ATGGGTTTCAAAGGAT-1	nc_larvae
nc_ATGGTTGAGAAACCCG-1	nc_larvae
nc_ATGGTTGCAAAGCGTG-1	nc_larvae
nc_ATGGTTGCAATTGGTC-1	nc_larvae
nc_ATGGTTGCACCGCTAG-1	nc_larvae
nc_ATGGTTGCACTGCGAC-1	nc_larvae
nc_ATGGTTGCAGGGTTGA-1	nc_larvae
nc_ATGGTTGCATCACAGT-1	nc_larvae
nc_ATGGTTGCATGGATCT-1	nc_larvae
nc_ATGGTTGCATGTGGTT-1	nc_larvae
nc_ATGGTTGGTGGAATGC-1	nc_larvae
nc_ATGGTTGTCCATCAGA-1	nc_larvae
nc_ATGGTTGTCCCACAGG-1	nc_larvae
nc_ATGGTTGTCTAAACGC-1	nc_larvae
nc_ATGGTTGTCTGGCCTT-1	nc_larvae
nc_ATGTCCCAGCATCTTG-1	nc_larvae
nc_ATGTCCCAGTGGAAGA-1	nc_larvae
nc_ATGTCCCCAGAACCGA-1	nc_larvae
nc_ATGTCCCCAGCCGTCA-1	nc_larvae
nc_ATGTCCCGTGGCGCTT-1	nc_larvae
nc_ATGTCCCGTTAATCGC-1	nc_larvae
nc_ATGTCCCTCGCTGATA-1	nc_larvae
nc_ATGTCCCTCTGACCCT-1	nc_larvae
nc_ATGTCTTAGGCGACAT-1	nc_larvae
nc_ATGTCTTAGTAATTGG-1	nc_larvae
nc_ATGTCTTAGTCACGCC-1	nc_larvae
nc_ATGTCTTCATCGAACT-1	nc_larvae
nc_ATGTCTTCATGGGCAA-1	nc_larvae
nc_ATGTCTTGTATACCCA-1	nc_larvae
nc_ATGTCTTGTCCAGTTA-1	nc_larvae
nc_ATGTCTTTCCTTCACG-1	nc_larvae
nc_ATGTCTTTCGTTCCCA-1	nc_larvae
nc_ATTACCTAGTTACGTC-1	nc_larvae
nc_ATTACCTAGTTCCGTA-1	nc_larvae
nc_ATTACCTCACAGAGAC-1	nc_larvae
nc_ATTACCTCACATATGC-1	nc_larvae
nc_ATTACCTCAGATCATC-1	nc_larvae
nc_ATTACCTCAGCTGGTC-1	nc_larvae
nc_ATTACCTCAGGCGATA-1	nc_larvae
nc_ATTACCTGTCACGCTG-1	nc_larvae
nc_ATTACCTGTCGAATGG-1	nc_larvae
nc_ATTACCTGTGGTCTGC-1	nc_larvae
nc_ATTACCTGTTACGGAG-1	nc_larvae
nc_ATTACTCAGCTGCGAA-1	nc_larvae
nc_ATTACTCAGGACTATA-1	nc_larvae
nc_ATTACTCCAAGAGGCT-1	nc_larvae
nc_ATTACTCCATAGATGA-1	nc_larvae
nc_ATTACTCCATCGGTTA-1	nc_larvae
nc_ATTACTCGTCAAACGG-1	nc_larvae
nc_ATTACTCGTCTACTGA-1	nc_larvae
nc_ATTACTCGTGACACGA-1	nc_larvae
nc_ATTACTCGTTTGAAAG-1	nc_larvae
nc_ATTACTCGTTTGTGGT-1	nc_larvae
nc_ATTACTCTCCAAAGGG-1	nc_larvae
nc_ATTACTCTCCAGTACA-1	nc_larvae
nc_ATTACTCTCTCGGTAA-1	nc_larvae
nc_ATTATCCAGAGGCGGA-1	nc_larvae
nc_ATTATCCAGAGTGTTA-1	nc_larvae
nc_ATTATCCAGATAACGT-1	nc_larvae
nc_ATTATCCAGCCTATTG-1	nc_larvae
nc_ATTATCCAGGTAAGGA-1	nc_larvae
nc_ATTATCCCAGGGAATC-1	nc_larvae
nc_ATTATCCCAGTTACCA-1	nc_larvae
nc_ATTATCCCATGGAGAC-1	nc_larvae
nc_ATTATCCGTTCAAGTC-1	nc_larvae
nc_ATTATCCTCAAAGGTA-1	nc_larvae
nc_ATTATCCTCCCTTTGG-1	nc_larvae
nc_ATTATCCTCGTTAGAC-1	nc_larvae
nc_ATTATCCTCTACGCGG-1	nc_larvae
nc_ATTATCCTCTTCCGTG-1	nc_larvae
nc_ATTCACTAGCACTTTG-1	nc_larvae
nc_ATTCACTAGGAATTAC-1	nc_larvae
nc_ATTCACTCAACGTTAC-1	nc_larvae
nc_ATTCACTCACAGCATT-1	nc_larvae
nc_ATTCACTCAGTAGGAC-1	nc_larvae
nc_ATTCACTGTAGGTAGC-1	nc_larvae
nc_ATTCACTGTCCAACGC-1	nc_larvae
nc_ATTCACTTCCACACCT-1	nc_larvae
nc_ATTCACTTCGCCTTGT-1	nc_larvae
nc_ATTCAGGAGCAACAAT-1	nc_larvae
nc_ATTCAGGAGTCCGCGT-1	nc_larvae
nc_ATTCAGGCAACGGCCT-1	nc_larvae
nc_ATTCAGGCAAGCTACT-1	nc_larvae
nc_ATTCAGGCAATTCTCT-1	nc_larvae
nc_ATTCAGGCACAGTGAG-1	nc_larvae
nc_ATTCAGGCACCAGCTG-1	nc_larvae
nc_ATTCAGGCAGGAATAT-1	nc_larvae
nc_ATTCAGGCAGGGACTA-1	nc_larvae
nc_ATTCAGGCAGTATTCG-1	nc_larvae
nc_ATTCAGGCATATTCGG-1	nc_larvae
nc_ATTCAGGGTTCAGCGC-1	nc_larvae
nc_ATTCAGGTCAAGGTGG-1	nc_larvae
nc_ATTCAGGTCAGCATTG-1	nc_larvae
nc_ATTCAGGTCCCTCTAG-1	nc_larvae
nc_ATTCAGGTCCTTCAGC-1	nc_larvae
nc_ATTCAGGTCTAGACCA-1	nc_larvae
nc_ATTCATCAGATTGACA-1	nc_larvae
nc_ATTCATCAGCATATGA-1	nc_larvae
nc_ATTCATCAGCGTTGTT-1	nc_larvae
nc_ATTCATCAGTCTAGCT-1	nc_larvae
nc_ATTCATCCACCTCTGT-1	nc_larvae
nc_ATTCATCGTACCCACG-1	nc_larvae
nc_ATTCATCGTTGGAGGT-1	nc_larvae
nc_ATTCATCTCAACCCGG-1	nc_larvae
nc_ATTCATCTCAGAGTTC-1	nc_larvae
nc_ATTCATCTCCGATAGT-1	nc_larvae
nc_ATTCCATAGCATGGGT-1	nc_larvae
nc_ATTCCATAGCGTTCAT-1	nc_larvae
nc_ATTCCATAGTCGGCCT-1	nc_larvae
nc_ATTCCATCACCACTGG-1	nc_larvae
nc_ATTCCATCAGCCGTTG-1	nc_larvae
nc_ATTCCATCATGCCGGT-1	nc_larvae
nc_ATTCCATCATTCATCT-1	nc_larvae
nc_ATTCCATGTACAGTAA-1	nc_larvae
nc_ATTCCATGTCTAATCG-1	nc_larvae
nc_ATTCCATTCCGTGCGA-1	nc_larvae
nc_ATTCCATTCCTTCTGG-1	nc_larvae
nc_ATTCCATTCGACTCCT-1	nc_larvae
nc_ATTCCATTCGGAGCAA-1	nc_larvae
nc_ATTCCATTCTCCTGAC-1	nc_larvae
nc_ATTCCCGAGCCGAATG-1	nc_larvae
nc_ATTCCCGAGCTATCTG-1	nc_larvae
nc_ATTCCCGAGCTGAGTG-1	nc_larvae
nc_ATTCCCGAGTTGGCGA-1	nc_larvae
nc_ATTCCCGCACTGATTG-1	nc_larvae
nc_ATTCCCGGTAGAGATT-1	nc_larvae
nc_ATTCCCGGTGTTCAGT-1	nc_larvae
nc_ATTCCCGGTTGCCGAC-1	nc_larvae
nc_ATTCCCGTCACCGCTT-1	nc_larvae
nc_ATTCCCGTCATTACTC-1	nc_larvae
nc_ATTCCCGTCTGCCTGT-1	nc_larvae
nc_ATTCCTAAGAAACACT-1	nc_larvae
nc_ATTCCTAAGACAACAT-1	nc_larvae
nc_ATTCCTAAGACGCAGT-1	nc_larvae
nc_ATTCCTAAGCCGATCC-1	nc_larvae
nc_ATTCCTAAGGTGAGAA-1	nc_larvae
nc_ATTCCTACAAATCGTC-1	nc_larvae
nc_ATTCCTACAATGTCAC-1	nc_larvae
nc_ATTCCTACAGGTGAGT-1	nc_larvae
nc_ATTCCTACAGTAACGG-1	nc_larvae
nc_ATTCCTAGTGAGTAAT-1	nc_larvae
nc_ATTCCTAGTGCCAAGA-1	nc_larvae
nc_ATTCCTAGTGCTTCAA-1	nc_larvae
nc_ATTCCTAGTGGTCCGT-1	nc_larvae
nc_ATTCCTATCTTGGAAC-1	nc_larvae
nc_ATTCGTTAGAAGCCTG-1	nc_larvae
nc_ATTCGTTAGACATACA-1	nc_larvae
nc_ATTCGTTAGCAAGCCA-1	nc_larvae
nc_ATTCGTTAGGAACATT-1	nc_larvae
nc_ATTCGTTAGGTGGCTA-1	nc_larvae
nc_ATTCGTTAGTAGGGTC-1	nc_larvae
nc_ATTCGTTCAGTCAACT-1	nc_larvae
nc_ATTCGTTCATTGAGCT-1	nc_larvae
nc_ATTCGTTGTAGTTACC-1	nc_larvae
nc_ATTCGTTGTCCGAAAG-1	nc_larvae
nc_ATTCGTTGTTACCCTC-1	nc_larvae
nc_ATTCGTTGTTATAGCC-1	nc_larvae
nc_ATTCGTTTCAAACGTC-1	nc_larvae
nc_ATTCGTTTCGCCATAA-1	nc_larvae
nc_ATTCGTTTCTAAGAAG-1	nc_larvae
nc_ATTCTACAGGTCTACT-1	nc_larvae
nc_ATTCTACGTACAATAG-1	nc_larvae
nc_ATTCTACGTACTCCGG-1	nc_larvae
nc_ATTCTACGTATGCGGA-1	nc_larvae
nc_ATTCTACGTATTTCGG-1	nc_larvae
nc_ATTCTACTCACCATGA-1	nc_larvae
nc_ATTCTACTCACGGTCG-1	nc_larvae
nc_ATTCTACTCGCACGAC-1	nc_larvae
nc_ATTCTACTCGGCTTGG-1	nc_larvae
nc_ATTCTTGAGATACAGT-1	nc_larvae
nc_ATTCTTGAGTGGACTG-1	nc_larvae
nc_ATTCTTGCAACCGACC-1	nc_larvae
nc_ATTCTTGCAGAAGCGT-1	nc_larvae
nc_ATTCTTGGTACCTGTA-1	nc_larvae
nc_ATTCTTGGTAGACTGG-1	nc_larvae
nc_ATTCTTGGTATTAAGG-1	nc_larvae
nc_ATTCTTGGTCTCGCGA-1	nc_larvae
nc_ATTCTTGGTCTTCTAT-1	nc_larvae
nc_ATTCTTGGTTTCCCAC-1	nc_larvae
nc_ATTCTTGTCAAGCCCG-1	nc_larvae
nc_ATTCTTGTCCAAACCA-1	nc_larvae
nc_ATTCTTGTCCAACTGA-1	nc_larvae
nc_ATTGGGTAGAGCCCAA-1	nc_larvae
nc_ATTGGGTAGCTAGCCC-1	nc_larvae
nc_ATTGGGTAGTGCACTT-1	nc_larvae
nc_ATTGGGTAGTGCTAGG-1	nc_larvae
nc_ATTGGGTCAAGAGATT-1	nc_larvae
nc_ATTGGGTCATCCTTGC-1	nc_larvae
nc_ATTGGGTGTATAGGGC-1	nc_larvae
nc_ATTGGGTGTCGAAGCA-1	nc_larvae
nc_ATTGGGTGTGCGCTCA-1	nc_larvae
nc_ATTGGGTTCACCGGTG-1	nc_larvae
nc_ATTGGGTTCAGGACGA-1	nc_larvae
nc_ATTGGGTTCCTACAAG-1	nc_larvae
nc_ATTGTTCAGCCTTTGA-1	nc_larvae
nc_ATTGTTCAGGATTTGA-1	nc_larvae
nc_ATTGTTCCAACACTAC-1	nc_larvae
nc_ATTGTTCCAGGCCTGT-1	nc_larvae
nc_ATTGTTCCATGACTAC-1	nc_larvae
nc_ATTGTTCCATTCAGGT-1	nc_larvae
nc_ATTGTTCGTAGGTGCA-1	nc_larvae
nc_ATTGTTCGTCCCTGTT-1	nc_larvae
nc_ATTGTTCGTGACTCTA-1	nc_larvae
nc_ATTGTTCGTGCAAGAC-1	nc_larvae
nc_ATTGTTCGTGCCTTCT-1	nc_larvae
nc_ATTGTTCTCAATGCAC-1	nc_larvae
nc_ATTGTTCTCGCTGCGA-1	nc_larvae
nc_ATTGTTCTCTCATTAC-1	nc_larvae
nc_ATTGTTCTCTGAATGC-1	nc_larvae
nc_ATTTACCAGCGACTGA-1	nc_larvae
nc_ATTTACCAGTCCGTCG-1	nc_larvae
nc_ATTTACCAGTTGCTGT-1	nc_larvae
nc_ATTTACCCACCAGGTC-1	nc_larvae
nc_ATTTACCCATAGTCAC-1	nc_larvae
nc_ATTTACCCATCATTTC-1	nc_larvae
nc_ATTTACCGTGGACCAA-1	nc_larvae
nc_ATTTACCGTTCGGGTC-1	nc_larvae
nc_ATTTACCTCCCTCATG-1	nc_larvae
nc_ATTTACCTCGATACGT-1	nc_larvae
nc_ATTTACCTCTCCTGTG-1	nc_larvae
nc_ATTTCACCACAACGCC-1	nc_larvae
nc_ATTTCACCAGAGGTTG-1	nc_larvae
nc_ATTTCACCATGACCCG-1	nc_larvae
nc_ATTTCACGTCTCAGGC-1	nc_larvae
nc_ATTTCACGTGGTTTGT-1	nc_larvae
nc_ATTTCACTCATACGGT-1	nc_larvae
nc_ATTTCACTCTGCTTAT-1	nc_larvae
nc_ATTTCTGAGCTGTCCG-1	nc_larvae
nc_ATTTCTGAGGTACATA-1	nc_larvae
nc_ATTTCTGAGTCGTCTA-1	nc_larvae
nc_ATTTCTGAGTTCAACC-1	nc_larvae
nc_ATTTCTGCAGATCCAT-1	nc_larvae
nc_ATTTCTGCATTGCCTC-1	nc_larvae
nc_ATTTCTGGTTCGGCCA-1	nc_larvae
nc_ATTTCTGTCACAAGGG-1	nc_larvae
nc_ATTTCTGTCCAGCAAT-1	nc_larvae
nc_ATTTCTGTCCGTACGG-1	nc_larvae
nc_ATTTCTGTCTATCGTT-1	nc_larvae
nc_CAAAGAAAGATACTGA-1	nc_larvae
nc_CAAAGAAAGCCTATCA-1	nc_larvae
nc_CAAAGAACAGTGCCTG-1	nc_larvae
nc_CAAAGAAGTCTACTGA-1	nc_larvae
nc_CAAAGAAGTCTGTCAA-1	nc_larvae
nc_CAAAGAAGTGATTAGA-1	nc_larvae
nc_CAAAGAAGTGGACTAG-1	nc_larvae
nc_CAAAGAAGTGGTTTAC-1	nc_larvae
nc_CAAAGAAGTTGTGTAC-1	nc_larvae
nc_CAAAGAATCCCTTTGG-1	nc_larvae
nc_CAAAGAATCGGCGATC-1	nc_larvae
nc_CAAAGAATCTCTGCCA-1	nc_larvae
nc_CAACAACAGATCCTAC-1	nc_larvae
nc_CAACAACAGCTCGACC-1	nc_larvae
nc_CAACAACAGTGCAAAT-1	nc_larvae
nc_CAACAACCACTGCACG-1	nc_larvae
nc_CAACAACCATCCGCGA-1	nc_larvae
nc_CAACAACGTAAGATCA-1	nc_larvae
nc_CAACAACGTCCCAAAT-1	nc_larvae
nc_CAACAACGTCGATTCA-1	nc_larvae
nc_CAACAACGTGGAACAC-1	nc_larvae
nc_CAACAACGTTTACGTG-1	nc_larvae
nc_CAACAACTCAAAGGAT-1	nc_larvae
nc_CAACAGTAGAGAGTTT-1	nc_larvae
nc_CAACAGTCAACATCGT-1	nc_larvae
nc_CAACAGTCATCACCAA-1	nc_larvae
nc_CAACAGTGTAACGCGA-1	nc_larvae
nc_CAACAGTGTAGGAGTC-1	nc_larvae
nc_CAACAGTGTCTTCCGT-1	nc_larvae
nc_CAACAGTGTTCAGCTA-1	nc_larvae
nc_CAACAGTTCGGTCGAC-1	nc_larvae
nc_CAACCAAAGCGCGTTC-1	nc_larvae
nc_CAACCAAAGGCAGGTT-1	nc_larvae
nc_CAACCAACAGACGATG-1	nc_larvae
nc_CAACCAACAGATTCGT-1	nc_larvae
nc_CAACCTCAGAAACCAT-1	nc_larvae
nc_CAACCTCCAAATACAG-1	nc_larvae
nc_CAACCTCCACGCGCAT-1	nc_larvae
nc_CAACCTCGTAGCTGTT-1	nc_larvae
nc_CAACCTCGTCCAAGAG-1	nc_larvae
nc_CAACCTCTCATCCTAT-1	nc_larvae
nc_CAACCTCTCGGAGTGA-1	nc_larvae
nc_CAACCTCTCGTAATGC-1	nc_larvae
nc_CAACCTCTCTCTGCCA-1	nc_larvae
nc_CAACGATAGAGTCCGA-1	nc_larvae
nc_CAACGATAGCAAGCCA-1	nc_larvae
nc_CAACGATAGGACTATA-1	nc_larvae
nc_CAACGATCAGAGTTGG-1	nc_larvae
nc_CAACGATCAGTTAGAA-1	nc_larvae
nc_CAACGATGTAGCTGAG-1	nc_larvae
nc_CAACGATGTCTTCAAG-1	nc_larvae
nc_CAACGATGTTCCCACT-1	nc_larvae
nc_CAACGATTCAATCAGC-1	nc_larvae
nc_CAACGATTCCAAGCTA-1	nc_larvae
nc_CAACGGCAGAGAAGGT-1	nc_larvae
nc_CAACGGCAGGCACTAG-1	nc_larvae
nc_CAACGGCAGTGATCGG-1	nc_larvae
nc_CAACGGCCACCCTTAC-1	nc_larvae
nc_CAACGGCGTACGCGTC-1	nc_larvae
nc_CAACGGCGTATCGATC-1	nc_larvae
nc_CAACGGCGTCGCCACA-1	nc_larvae
nc_CAACGGCGTGGCGTAA-1	nc_larvae
nc_CAACGGCTCACTGATG-1	nc_larvae
nc_CAACGGCTCCACGTAA-1	nc_larvae
nc_CAACGGCTCCGCACTT-1	nc_larvae
nc_CAAGACTAGCCTTGAT-1	nc_larvae
nc_CAAGACTAGGTAGGCT-1	nc_larvae
nc_CAAGACTCATAGACTC-1	nc_larvae
nc_CAAGACTGTCTGTAGT-1	nc_larvae
nc_CAAGACTGTGGAACAC-1	nc_larvae
nc_CAAGACTTCACTTGGA-1	nc_larvae
nc_CAAGAGGAGCTTCATG-1	nc_larvae
nc_CAAGAGGAGCTTGTTG-1	nc_larvae
nc_CAAGAGGAGGCGAACT-1	nc_larvae
nc_CAAGAGGAGGCTATCT-1	nc_larvae
nc_CAAGAGGAGTATAGGT-1	nc_larvae
nc_CAAGAGGCACGTCGTG-1	nc_larvae
nc_CAAGAGGCAGAATTCC-1	nc_larvae
nc_CAAGAGGGTGCTGTCG-1	nc_larvae
nc_CAAGAGGGTGGACTGA-1	nc_larvae
nc_CAAGAGGTCATGAGTC-1	nc_larvae
nc_CAAGAGGTCGCTATTT-1	nc_larvae
nc_CAAGAGGTCGTCAGAT-1	nc_larvae
nc_CAAGAGGTCTCTCTAA-1	nc_larvae
nc_CAAGCTAAGGGCCTCT-1	nc_larvae
nc_CAAGCTACAACACAAA-1	nc_larvae
nc_CAAGCTACACTGTTCC-1	nc_larvae
nc_CAAGCTACACTTTATC-1	nc_larvae
nc_CAAGCTAGTCACCACG-1	nc_larvae
nc_CAAGCTAGTCGCATTA-1	nc_larvae
nc_CAAGCTAGTGAGGAAA-1	nc_larvae
nc_CAAGCTAGTTCTATCT-1	nc_larvae
nc_CAAGCTATCATGTCTT-1	nc_larvae
nc_CAAGCTATCCACTGGG-1	nc_larvae
nc_CAAGCTATCTGGCCGA-1	nc_larvae
nc_CAAGGGAAGCACAAAT-1	nc_larvae
nc_CAAGGGAAGTGGAAAG-1	nc_larvae
nc_CAAGGGACAGGTACGA-1	nc_larvae
nc_CAAGGGAGTCTTGAAC-1	nc_larvae
nc_CAAGGGATCAGCCTTC-1	nc_larvae
nc_CAATACGAGAATAGTC-1	nc_larvae
nc_CAATACGAGAGAGTTT-1	nc_larvae
nc_CAATACGAGAGCATTA-1	nc_larvae
nc_CAATACGAGGGTCACA-1	nc_larvae
nc_CAATACGCACAGGATG-1	nc_larvae
nc_CAATACGCAGTCACGC-1	nc_larvae
nc_CAATACGCATCAGCTA-1	nc_larvae
nc_CAATACGCATGAAGGC-1	nc_larvae
nc_CAATACGGTCACTACA-1	nc_larvae
nc_CAATACGGTCAGTTTG-1	nc_larvae
nc_CAATACGGTGCATCTA-1	nc_larvae
nc_CAATACGGTGGCTGAA-1	nc_larvae
nc_CAATACGGTGTGCTTA-1	nc_larvae
nc_CAATACGGTTCTCGCT-1	nc_larvae
nc_CAATACGTCAGGACAG-1	nc_larvae
nc_CAATACGTCCGATCGG-1	nc_larvae
nc_CAATACGTCCGATGCG-1	nc_larvae
nc_CAATACGTCCGTATGA-1	nc_larvae
nc_CAATACGTCCTAGCTC-1	nc_larvae
nc_CAATCGAAGAGCCGTA-1	nc_larvae
nc_CAATCGAAGCTAAGTA-1	nc_larvae
nc_CAATCGAAGGGTAGCT-1	nc_larvae
nc_CAATCGAAGTATGAGT-1	nc_larvae
nc_CAATCGAAGTGTGTTC-1	nc_larvae
nc_CAATCGACAACCACGC-1	nc_larvae
nc_CAATCGACAACTTCTT-1	nc_larvae
nc_CAATCGACACTACAGT-1	nc_larvae
nc_CAATCGACAGTAGGAC-1	nc_larvae
nc_CAATCGAGTACGCGTC-1	nc_larvae
nc_CAATCGAGTCCTCATC-1	nc_larvae
nc_CAATCGAGTCCTTAAG-1	nc_larvae
nc_CAATCGATCACTCGAA-1	nc_larvae
nc_CAATCGATCCGAGAAG-1	nc_larvae
nc_CAATCGATCCTACACC-1	nc_larvae
nc_CAATCGATCGATTGGT-1	nc_larvae
nc_CAATCGATCGCATTAG-1	nc_larvae
nc_CAATGACAGTCCCTAA-1	nc_larvae
nc_CAATGACCAACCTATG-1	nc_larvae
nc_CAATGACCACTCCACT-1	nc_larvae
nc_CAATGACCATCCGTGG-1	nc_larvae
nc_CAATGACCATGTTACG-1	nc_larvae
nc_CAATGACGTAACATGA-1	nc_larvae
nc_CAATGACGTCGAGTGA-1	nc_larvae
nc_CAATGACGTCTGCGCA-1	nc_larvae
nc_CAATGACGTTCAAGTC-1	nc_larvae
nc_CAATGACTCGCTTTAT-1	nc_larvae
nc_CAATGACTCTCGTCGT-1	nc_larvae
nc_CAATGACTCTTTGCTA-1	nc_larvae
nc_CAATTTCAGGTGATCG-1	nc_larvae
nc_CAATTTCAGGTTCACT-1	nc_larvae
nc_CAATTTCAGTTGAAGT-1	nc_larvae
nc_CAATTTCCACATTCTT-1	nc_larvae
nc_CAATTTCCACGACGCT-1	nc_larvae
nc_CAATTTCGTCCCACGA-1	nc_larvae
nc_CAATTTCTCAGAATAG-1	nc_larvae
nc_CAATTTCTCAGTCTTT-1	nc_larvae
nc_CAATTTCTCCATGCAA-1	nc_larvae
nc_CAATTTCTCGGCATTA-1	nc_larvae
nc_CACAACAAGAGGTCGT-1	nc_larvae
nc_CACAACAAGAGTGAAG-1	nc_larvae
nc_CACAACAAGGACATCG-1	nc_larvae
nc_CACAACAAGGATACCG-1	nc_larvae
nc_CACAACAAGTGGACTG-1	nc_larvae
nc_CACAACACACACGGTC-1	nc_larvae
nc_CACAACACAGCGACAA-1	nc_larvae
nc_CACAACAGTAGAGGAA-1	nc_larvae
nc_CACAACAGTATTCTCT-1	nc_larvae
nc_CACAACATCCTAACAG-1	nc_larvae
nc_CACAACATCGGACGTC-1	nc_larvae
nc_CACAACATCGTTCCCA-1	nc_larvae
nc_CACACAAAGACCTTTG-1	nc_larvae
nc_CACACAAAGATAACAC-1	nc_larvae
nc_CACACAAAGATTAGAC-1	nc_larvae
nc_CACACAAAGCACTGGA-1	nc_larvae
nc_CACACAAAGGGCTAAC-1	nc_larvae
nc_CACACAAAGGTGGGTT-1	nc_larvae
nc_CACACAACACGCGCAT-1	nc_larvae
nc_CACACAACACGGTGAA-1	nc_larvae
nc_CACACAACACTACGGC-1	nc_larvae
nc_CACACAACAGTGTATC-1	nc_larvae
nc_CACACAAGTATGACAA-1	nc_larvae
nc_CACACAAGTTCTATCT-1	nc_larvae
nc_CACACAATCGTCCTTG-1	nc_larvae
nc_CACAGATAGAAACTAC-1	nc_larvae
nc_CACAGATAGACGCCAA-1	nc_larvae
nc_CACAGATAGTTGGCGA-1	nc_larvae
nc_CACAGATCATGTCAGT-1	nc_larvae
nc_CACAGATCATGTCGTA-1	nc_larvae
nc_CACAGATGTACGTGAG-1	nc_larvae
nc_CACAGATGTCGAGCAA-1	nc_larvae
nc_CACAGATGTCTAGGCC-1	nc_larvae
nc_CACAGATGTGCTTATG-1	nc_larvae
nc_CACAGATGTGGAAATT-1	nc_larvae
nc_CACAGATGTTCCACAA-1	nc_larvae
nc_CACAGATGTTCCGCTT-1	nc_larvae
nc_CACAGATTCACCTACC-1	nc_larvae
nc_CACAGATTCAGAGCAG-1	nc_larvae
nc_CACAGGCAGTGGTTAA-1	nc_larvae
nc_CACAGGCCAAGAAATC-1	nc_larvae
nc_CACAGGCCACTCACTC-1	nc_larvae
nc_CACAGGCCATCAGCTA-1	nc_larvae
nc_CACAGGCGTAGCGATG-1	nc_larvae
nc_CACAGGCGTCCGGTGT-1	nc_larvae
nc_CACAGGCTCAAACGTC-1	nc_larvae
nc_CACAGGCTCACTTGTT-1	nc_larvae
nc_CACAGGCTCCACATAG-1	nc_larvae
nc_CACAGGCTCGTGGACC-1	nc_larvae
nc_CACATGAAGAAACCAT-1	nc_larvae
nc_CACATGAAGGTACAAT-1	nc_larvae
nc_CACATGACACAGGATG-1	nc_larvae
nc_CACATGACACGTGTGC-1	nc_larvae
nc_CACATGAGTGTCGCTG-1	nc_larvae
nc_CACATGAGTTGTCATG-1	nc_larvae
nc_CACATGATCAGGTGTT-1	nc_larvae
nc_CACATGATCTATCGGA-1	nc_larvae
nc_CACATGATCTGTCGTC-1	nc_larvae
nc_CACCAAAAGAGCAAGA-1	nc_larvae
nc_CACCAAAAGATTGGGC-1	nc_larvae
nc_CACCAAAAGCTGAAGC-1	nc_larvae
nc_CACCAAACAAGACTGG-1	nc_larvae
nc_CACCAAACATGTTTGG-1	nc_larvae
nc_CACCAAAGTACGAGTG-1	nc_larvae
nc_CACCAAAGTCCTTAAG-1	nc_larvae
nc_CACCAAAGTGACAGGT-1	nc_larvae
nc_CACCAAATCATCCTAT-1	nc_larvae
nc_CACCAAATCGTCCTCA-1	nc_larvae
nc_CACCAAATCTCCCTAG-1	nc_larvae
nc_CACCAAATCTGCCCTA-1	nc_larvae
nc_CACCGTTAGAAAGTCT-1	nc_larvae
nc_CACCGTTAGAGCAGTC-1	nc_larvae
nc_CACCGTTAGCTAAGTA-1	nc_larvae
nc_CACCGTTAGGACATCG-1	nc_larvae
nc_CACCGTTAGGCTTAGG-1	nc_larvae
nc_CACCGTTAGTAATCCC-1	nc_larvae
nc_CACCGTTAGTTAGTAG-1	nc_larvae
nc_CACCGTTCAAGCGGAT-1	nc_larvae
nc_CACCGTTCACAGTGTT-1	nc_larvae
nc_CACCGTTGTAGCTAAA-1	nc_larvae
nc_CACCGTTGTCCGAAGA-1	nc_larvae
nc_CACCGTTGTGGCGTAA-1	nc_larvae
nc_CACCGTTGTTGCATCA-1	nc_larvae
nc_CACCGTTGTTGCTAGT-1	nc_larvae
nc_CACCGTTTCAGACATC-1	nc_larvae
nc_CACCGTTTCATCTACT-1	nc_larvae
nc_CACCGTTTCCAATGCA-1	nc_larvae
nc_CACCGTTTCCCTATTA-1	nc_larvae
nc_CACCGTTTCCTCACCA-1	nc_larvae
nc_CACCGTTTCGACCTAA-1	nc_larvae
nc_CACCGTTTCGATACGT-1	nc_larvae
nc_CACCGTTTCTAGCCAA-1	nc_larvae
nc_CACGAATAGTCAAGCG-1	nc_larvae
nc_CACGAATCAACTCGTA-1	nc_larvae
nc_CACGAATCACAACGTT-1	nc_larvae
nc_CACGAATCAGCAATTC-1	nc_larvae
nc_CACGGGTAGACCATGG-1	nc_larvae
nc_CACGGGTAGTCAATCC-1	nc_larvae
nc_CACGGGTAGTTAGTGA-1	nc_larvae
nc_CACGGGTCACAGTGTT-1	nc_larvae
nc_CACGGGTGTAAGGTCG-1	nc_larvae
nc_CACGGGTGTATGGGAC-1	nc_larvae
nc_CACGGGTGTCAGTCTA-1	nc_larvae
nc_CACGGGTGTCCGTTTC-1	nc_larvae
nc_CACGGGTGTGACTCGC-1	nc_larvae
nc_CACGGGTTCAGTAGGG-1	nc_larvae
nc_CACGGGTTCCAATGCA-1	nc_larvae
nc_CACGGGTTCCATTGTT-1	nc_larvae
nc_CACGGGTTCTAGGCCG-1	nc_larvae
nc_CACGTGGAGAACTTCC-1	nc_larvae
nc_CACGTGGAGCCGCACT-1	nc_larvae
nc_CACGTGGAGCCGGATA-1	nc_larvae
nc_CACGTGGAGGATTTCC-1	nc_larvae
nc_CACGTGGCAAGTCGTT-1	nc_larvae
nc_CACGTGGCACCTGCAG-1	nc_larvae
nc_CACGTGGCACTCGATA-1	nc_larvae
nc_CACGTGGCAGACCAAG-1	nc_larvae
nc_CACGTGGGTAAGCGGT-1	nc_larvae
nc_CACGTGGGTACTCCCT-1	nc_larvae
nc_CACGTGGTCATCGCTC-1	nc_larvae
nc_CACGTGGTCATTGTTC-1	nc_larvae
nc_CACGTGGTCCACTAGA-1	nc_larvae
nc_CACGTGGTCCCAGTGG-1	nc_larvae
nc_CACGTGGTCCGGACTG-1	nc_larvae
nc_CACGTGGTCCTCACGT-1	nc_larvae
nc_CACGTGGTCGTGTGAT-1	nc_larvae
nc_CACGTTCAGATGTTAG-1	nc_larvae
nc_CACGTTCAGATTCGAA-1	nc_larvae
nc_CACGTTCAGTTGGCTT-1	nc_larvae
nc_CACGTTCCAGTATGAA-1	nc_larvae
nc_CACGTTCGTTGGCTAT-1	nc_larvae
nc_CACGTTCTCAATCCAG-1	nc_larvae
nc_CACGTTCTCCTGTAGA-1	nc_larvae
nc_CACGTTCTCGCTTACC-1	nc_larvae
nc_CACGTTCTCTTAGCCC-1	nc_larvae
nc_CACTAAGAGGCACTCC-1	nc_larvae
nc_CACTAAGAGTCATACC-1	nc_larvae
nc_CACTAAGAGTTCCATG-1	nc_larvae
nc_CACTAAGCAATTGCAC-1	nc_larvae
nc_CACTAAGCACTATCGA-1	nc_larvae
nc_CACTAAGGTCATCCCT-1	nc_larvae
nc_CACTAAGGTCCAGTTA-1	nc_larvae
nc_CACTAAGTCTAATTCC-1	nc_larvae
nc_CACTGAAAGAGTCCGA-1	nc_larvae
nc_CACTGAACAACCAGAG-1	nc_larvae
nc_CACTGAACAAGGTCTT-1	nc_larvae
nc_CACTGAACACAATGCT-1	nc_larvae
nc_CACTGAACACGACGTC-1	nc_larvae
nc_CACTGAAGTAGTCGTT-1	nc_larvae
nc_CACTGAATCCACGGAC-1	nc_larvae
nc_CACTGAATCCTACCGT-1	nc_larvae
nc_CACTGAATCTCATTAC-1	nc_larvae
nc_CACTGGGAGTAGGTTA-1	nc_larvae
nc_CACTGGGAGTCATTGC-1	nc_larvae
nc_CACTGGGCAGTTGCGC-1	nc_larvae
nc_CACTGGGCATATACCG-1	nc_larvae
nc_CACTGGGGTACCACGC-1	nc_larvae
nc_CACTGGGGTAGTTACC-1	nc_larvae
nc_CACTGGGGTCCAGTTA-1	nc_larvae
nc_CACTGGGGTCCTGAAT-1	nc_larvae
nc_CACTGGGGTCGGAAAC-1	nc_larvae
nc_CACTGGGGTCTGTAGT-1	nc_larvae
nc_CACTGGGGTGTACGCC-1	nc_larvae
nc_CACTGGGTCCTACGGG-1	nc_larvae
nc_CACTGTCAGAGGCCAT-1	nc_larvae
nc_CACTGTCAGTTCATGC-1	nc_larvae
nc_CACTGTCCAACTACGT-1	nc_larvae
nc_CACTGTCCAATTGCTG-1	nc_larvae
nc_CACTGTCGTGAGATAT-1	nc_larvae
nc_CACTGTCGTTCTAAGC-1	nc_larvae
nc_CACTGTCTCCATCACC-1	nc_larvae
nc_CACTGTCTCGAAGTGG-1	nc_larvae
nc_CACTGTCTCGTGTTCC-1	nc_larvae
nc_CACTGTCTCTAGTACG-1	nc_larvae
nc_CACTTCGAGGGAGTGG-1	nc_larvae
nc_CACTTCGAGGTTCTTG-1	nc_larvae
nc_CACTTCGAGTCGTTAC-1	nc_larvae
nc_CACTTCGCAGCCCAGT-1	nc_larvae
nc_CACTTCGCAGCCGTTG-1	nc_larvae
nc_CACTTCGGTCATCACA-1	nc_larvae
nc_CACTTCGGTGTAGGAC-1	nc_larvae
nc_CACTTCGTCCTACGAA-1	nc_larvae
nc_CACTTCGTCCTCGATC-1	nc_larvae
nc_CAGAGCCAGAATAACC-1	nc_larvae
nc_CAGAGCCAGGAACGAA-1	nc_larvae
nc_CAGAGCCAGTGGTGAC-1	nc_larvae
nc_CAGAGCCCACAATTCG-1	nc_larvae
nc_CAGAGCCCACGACGCT-1	nc_larvae
nc_CAGAGCCCAGGAATAT-1	nc_larvae
nc_CAGAGCCCATGGGCAA-1	nc_larvae
nc_CAGAGCCCATTCACAG-1	nc_larvae
nc_CAGAGCCCATTCTTCA-1	nc_larvae
nc_CAGAGCCGTCTCACGG-1	nc_larvae
nc_CAGAGCCGTGTCCACG-1	nc_larvae
nc_CAGAGCCTCAGCTTCC-1	nc_larvae
nc_CAGAGCCTCTGCACCT-1	nc_larvae
nc_CAGATACAGCCTGACC-1	nc_larvae
nc_CAGATACAGTCAGCCC-1	nc_larvae
nc_CAGATACAGTGTGTTC-1	nc_larvae
nc_CAGATACAGTTTGAGA-1	nc_larvae
nc_CAGATACCAAATACGA-1	nc_larvae
nc_CAGATACCAACGTAAA-1	nc_larvae
nc_CAGATACGTACTCAAC-1	nc_larvae
nc_CAGATACGTATCTCTT-1	nc_larvae
nc_CAGATACGTGTTAGCT-1	nc_larvae
nc_CAGATACTCATTCATC-1	nc_larvae
nc_CAGATACTCCCGTTGT-1	nc_larvae
nc_CAGATCAAGACCACGA-1	nc_larvae
nc_CAGATCAAGCTAGATA-1	nc_larvae
nc_CAGATCAAGTTACTCG-1	nc_larvae
nc_CAGATCACACACGTGC-1	nc_larvae
nc_CAGATCACACGGCGTT-1	nc_larvae
nc_CAGATCACAGCGATTT-1	nc_larvae
nc_CAGATCACAGTCGCTG-1	nc_larvae
nc_CAGATCACAGTTTCAG-1	nc_larvae
nc_CAGATCACATGGAAGC-1	nc_larvae
nc_CAGATCAGTTTACTTC-1	nc_larvae
nc_CAGATCATCAAATAGG-1	nc_larvae
nc_CAGATCATCATTGCCC-1	nc_larvae
nc_CAGATCATCGACGACC-1	nc_larvae
nc_CAGATCATCGCCCAGA-1	nc_larvae
nc_CAGATTGAGCCATTGT-1	nc_larvae
nc_CAGATTGAGCTAATGA-1	nc_larvae
nc_CAGATTGAGTGCAGCA-1	nc_larvae
nc_CAGATTGCAACTGAAA-1	nc_larvae
nc_CAGATTGCAAGGTTGG-1	nc_larvae
nc_CAGATTGCACTACACA-1	nc_larvae
nc_CAGATTGCAGCCCAGT-1	nc_larvae
nc_CAGATTGCAGCCTTCT-1	nc_larvae
nc_CAGATTGGTATCGCGC-1	nc_larvae
nc_CAGATTGGTCGAAGCA-1	nc_larvae
nc_CAGATTGTCACGTCCT-1	nc_larvae
nc_CAGATTGTCCCTATTA-1	nc_larvae
nc_CAGATTGTCTACAGGT-1	nc_larvae
nc_CAGCAATAGATGGCGT-1	nc_larvae
nc_CAGCAATCAACCAGAG-1	nc_larvae
nc_CAGCAATCAGACACAG-1	nc_larvae
nc_CAGCAATCAGTAGAAT-1	nc_larvae
nc_CAGCAATCATGATGCT-1	nc_larvae
nc_CAGCAATGTCACCACG-1	nc_larvae
nc_CAGCAATGTCGCTTAA-1	nc_larvae
nc_CAGCAATGTGTCCGGT-1	nc_larvae
nc_CAGCAATTCACTTGTT-1	nc_larvae
nc_CAGCAATTCAGACCGC-1	nc_larvae
nc_CAGCAATTCAGTGTTG-1	nc_larvae
nc_CAGCAATTCCATACTT-1	nc_larvae
nc_CAGCAATTCCTCTTTC-1	nc_larvae
nc_CAGCAATTCTGTAAGC-1	nc_larvae
nc_CAGCACGAGAAATTCG-1	nc_larvae
nc_CAGCACGAGATGAACT-1	nc_larvae
nc_CAGCACGAGTGAGGCT-1	nc_larvae
nc_CAGCACGCAAGGCCTC-1	nc_larvae
nc_CAGCACGCACGACGCT-1	nc_larvae
nc_CAGCACGCACGTCGGT-1	nc_larvae
nc_CAGCACGCAGGCACAA-1	nc_larvae
nc_CAGCACGGTATCGAAA-1	nc_larvae
nc_CAGCACGTCCATACAG-1	nc_larvae
nc_CAGCACGTCGGCCTTT-1	nc_larvae
nc_CAGCACGTCTAGGAAA-1	nc_larvae
nc_CAGCACGTCTCCTGCA-1	nc_larvae
nc_CAGCAGCAGAATAACC-1	nc_larvae
nc_CAGCAGCAGGGTAATT-1	nc_larvae
nc_CAGCAGCCATCGAAGG-1	nc_larvae
nc_CAGCAGCGTCCAATCA-1	nc_larvae
nc_CAGCAGCTCAAGATAG-1	nc_larvae
nc_CAGCAGCTCAGGCGAA-1	nc_larvae
nc_CAGCAGCTCATATGGC-1	nc_larvae
nc_CAGCAGCTCATTTCCA-1	nc_larvae
nc_CAGCAGCTCCACGTAA-1	nc_larvae
nc_CAGCAGCTCCGATGTA-1	nc_larvae
nc_CAGCAGCTCCTTCACG-1	nc_larvae
nc_CAGCAGCTCGGAAGGT-1	nc_larvae
nc_CAGCAGCTCTCTCGCA-1	nc_larvae
nc_CAGCCAGAGAGGGTGG-1	nc_larvae
nc_CAGCCAGAGATTACCC-1	nc_larvae
nc_CAGCCAGAGCCGCTTG-1	nc_larvae
nc_CAGCCAGAGGTTAGTA-1	nc_larvae
nc_CAGCCAGCACGGTGAA-1	nc_larvae
nc_CAGCCAGCATACCAGT-1	nc_larvae
nc_CAGCCAGGTACTCGCG-1	nc_larvae
nc_CAGCCAGGTCTCAAGT-1	nc_larvae
nc_CAGCCAGGTGAGGAAA-1	nc_larvae
nc_CAGCCAGTCATTCATC-1	nc_larvae
nc_CAGCCAGTCTTAATCC-1	nc_larvae
nc_CAGCGTGAGAACCGCA-1	nc_larvae
nc_CAGCGTGAGCTGAAAT-1	nc_larvae
nc_CAGCGTGAGGTACAAT-1	nc_larvae
nc_CAGCGTGCATTGCTTT-1	nc_larvae
nc_CAGCGTGGTCCACGCA-1	nc_larvae
nc_CAGCGTGGTCTGTGGC-1	nc_larvae
nc_CAGCGTGGTTCACGAT-1	nc_larvae
nc_CAGCGTGTCCACAGGC-1	nc_larvae
nc_CAGGCCAAGAGCCCAA-1	nc_larvae
nc_CAGGCCAAGCCACCGT-1	nc_larvae
nc_CAGGCCAAGCGACTAG-1	nc_larvae
nc_CAGGCCAAGCGCCTTG-1	nc_larvae
nc_CAGGCCAAGGCAGTCA-1	nc_larvae
nc_CAGGCCAAGGTAGCAC-1	nc_larvae
nc_CAGGCCAAGTACAACA-1	nc_larvae
nc_CAGGCCACATCGTGGC-1	nc_larvae
nc_CAGGCCAGTCCACTCT-1	nc_larvae
nc_CAGGCCAGTGAAGCTG-1	nc_larvae
nc_CAGGCCAGTTAGGCCC-1	nc_larvae
nc_CAGGCCATCGGTAAGG-1	nc_larvae
nc_CAGGCCATCGTAACAC-1	nc_larvae
nc_CAGGGCTAGAGCCCAA-1	nc_larvae
nc_CAGGGCTAGCGTGCCT-1	nc_larvae
nc_CAGGGCTAGGTTGCCC-1	nc_larvae
nc_CAGGGCTCAATCTCGA-1	nc_larvae
nc_CAGGGCTCAGAGAAAG-1	nc_larvae
nc_CAGGGCTCAGGTCCCA-1	nc_larvae
nc_CAGGGCTGTAGAATGT-1	nc_larvae
nc_CAGGGCTGTCAATCTG-1	nc_larvae
nc_CAGGGCTGTTACTCAG-1	nc_larvae
nc_CAGGGCTTCCTCAGAA-1	nc_larvae
nc_CAGGGCTTCCTTCGAC-1	nc_larvae
nc_CAGGTATAGCCACTCG-1	nc_larvae
nc_CAGGTATAGCCTGTCG-1	nc_larvae
nc_CAGGTATAGGTTCACT-1	nc_larvae
nc_CAGGTATCAAACCATC-1	nc_larvae
nc_CAGGTATCAAAGCAAT-1	nc_larvae
nc_CAGGTATCAAATTAGG-1	nc_larvae
nc_CAGGTATCAATGGCCC-1	nc_larvae
nc_CAGGTATCAGAGCCCT-1	nc_larvae
nc_CAGGTATCAGGATCTT-1	nc_larvae
nc_CAGGTATGTCACCCTT-1	nc_larvae
nc_CAGGTATGTCTACATG-1	nc_larvae
nc_CAGGTATGTTCAAGTC-1	nc_larvae
nc_CAGGTATGTTGCTTGA-1	nc_larvae
nc_CAGGTATTCAAGCCGC-1	nc_larvae
nc_CAGGTATTCAGGCGAA-1	nc_larvae
nc_CAGGTATTCGTGGTAT-1	nc_larvae
nc_CAGGTATTCTAGGCCG-1	nc_larvae
nc_CAGTGCGAGCATCCTA-1	nc_larvae
nc_CAGTGCGAGCGCTTCG-1	nc_larvae
nc_CAGTGCGAGCTTAGTC-1	nc_larvae
nc_CAGTGCGAGTTGGCGA-1	nc_larvae
nc_CAGTGCGCAAAGGGTC-1	nc_larvae
nc_CAGTGCGCAAATGAAC-1	nc_larvae
nc_CAGTGCGCAAGAGTTA-1	nc_larvae
nc_CAGTGCGCAGCTGTAT-1	nc_larvae
nc_CAGTGCGCAGTATACC-1	nc_larvae
nc_CAGTGCGGTCCTGTTC-1	nc_larvae
nc_CAGTGCGTCCGATCTC-1	nc_larvae
nc_CAGTGCGTCCTAGCCT-1	nc_larvae
nc_CAGTTAGAGCACGGAT-1	nc_larvae
nc_CAGTTAGAGTATTAGG-1	nc_larvae
nc_CAGTTAGAGTTGTAAG-1	nc_larvae
nc_CAGTTAGGTCAGACTT-1	nc_larvae
nc_CAGTTAGTCTCTATAC-1	nc_larvae
nc_CAGTTCCAGCACCAGA-1	nc_larvae
nc_CAGTTCCAGGACAGTC-1	nc_larvae
nc_CAGTTCCAGGCCATAG-1	nc_larvae
nc_CAGTTCCCAGTCGCAC-1	nc_larvae
nc_CAGTTCCCATCCGGTG-1	nc_larvae
nc_CAGTTCCGTTAATCGC-1	nc_larvae
nc_CAGTTCCGTTTACTTC-1	nc_larvae
nc_CAGTTCCTCTCTGAGA-1	nc_larvae
nc_CAGTTCCTCTTGTGCC-1	nc_larvae
nc_CATAAGCAGAAATTCG-1	nc_larvae
nc_CATAAGCAGATTGATG-1	nc_larvae
nc_CATAAGCAGTTACGGG-1	nc_larvae
nc_CATAAGCCAAGAAACT-1	nc_larvae
nc_CATAAGCCACAGCCTG-1	nc_larvae
nc_CATAAGCCAGAACTAA-1	nc_larvae
nc_CATAAGCCAGCAATTC-1	nc_larvae
nc_CATAAGCCATCTAGAC-1	nc_larvae
nc_CATAAGCCATGACCCG-1	nc_larvae
nc_CATAAGCGTTCAACGT-1	nc_larvae
nc_CATAAGCGTTCGTACA-1	nc_larvae
nc_CATAAGCTCCACAAGT-1	nc_larvae
nc_CATAAGCTCTTGAGCA-1	nc_larvae
nc_CATACAGCAAACGGCA-1	nc_larvae
nc_CATACAGCAACTACGT-1	nc_larvae
nc_CATACAGCACCTCTGT-1	nc_larvae
nc_CATACAGCACGCACCA-1	nc_larvae
nc_CATACAGCAGCAATTC-1	nc_larvae
nc_CATACAGCATATGCGT-1	nc_larvae
nc_CATACAGCATGAGAAT-1	nc_larvae
nc_CATACAGTCCTTGAAG-1	nc_larvae
nc_CATACAGTCTACTTCA-1	nc_larvae
nc_CATACAGTCTCGGGAC-1	nc_larvae
nc_CATACAGTCTGCGAGC-1	nc_larvae
nc_CATACCCAGGAGCAAA-1	nc_larvae
nc_CATACCCAGTGATTCC-1	nc_larvae
nc_CATACCCAGTTACGTC-1	nc_larvae
nc_CATACCCAGTTCCGGC-1	nc_larvae
nc_CATACCCCAACCAATC-1	nc_larvae
nc_CATACCCCACTTCAAG-1	nc_larvae
nc_CATACCCCATAGATCC-1	nc_larvae
nc_CATACCCGTGCCGGTT-1	nc_larvae
nc_CATACCCGTGGGCTCT-1	nc_larvae
nc_CATACCCTCAAAGACA-1	nc_larvae
nc_CATACCCTCAGACTGT-1	nc_larvae
nc_CATACCCTCATGCCAA-1	nc_larvae
nc_CATACCCTCCGTAGTA-1	nc_larvae
nc_CATACTTAGATTAGTG-1	nc_larvae
nc_CATACTTAGTAAGCAT-1	nc_larvae
nc_CATACTTAGTATTAGG-1	nc_larvae
nc_CATACTTAGTCAACAA-1	nc_larvae
nc_CATACTTCAATGAACA-1	nc_larvae
nc_CATACTTCATGCGTGC-1	nc_larvae
nc_CATACTTCATTCACAG-1	nc_larvae
nc_CATACTTGTCCAATCA-1	nc_larvae
nc_CATACTTGTGATCATC-1	nc_larvae
nc_CATACTTGTGTGGACA-1	nc_larvae
nc_CATACTTGTTCTCTCG-1	nc_larvae
nc_CATACTTGTTGCGTAT-1	nc_larvae
nc_CATACTTTCACTACTT-1	nc_larvae
nc_CATACTTTCCTCGCAT-1	nc_larvae
nc_CATACTTTCTCAGTCC-1	nc_larvae
nc_CATAGACAGACAACTA-1	nc_larvae
nc_CATAGACAGTCCGCGT-1	nc_larvae
nc_CATAGACAGTCGAGGT-1	nc_larvae
nc_CATAGACAGTGCGACA-1	nc_larvae
nc_CATAGACCAACTAGAA-1	nc_larvae
nc_CATAGACCAAGTGGAC-1	nc_larvae
nc_CATAGACCACCCTTGT-1	nc_larvae
nc_CATCAAGAGCGAGAAA-1	nc_larvae
nc_CATCAAGAGGCGAAGG-1	nc_larvae
nc_CATCAAGCAACAGATA-1	nc_larvae
nc_CATCAAGCAAGACTGG-1	nc_larvae
nc_CATCAAGCATCCGGCA-1	nc_larvae
nc_CATCAAGCATTCCTCG-1	nc_larvae
nc_CATCAAGGTAACAGTA-1	nc_larvae
nc_CATCAAGGTATGAAAC-1	nc_larvae
nc_CATCAAGGTTCAAGGG-1	nc_larvae
nc_CATCAAGTCCATAGGT-1	nc_larvae
nc_CATCAAGTCCGCGATG-1	nc_larvae
nc_CATCAAGTCTGCGGAC-1	nc_larvae
nc_CATCAAGTCTGGACTA-1	nc_larvae
nc_CATCCACAGCGCCATC-1	nc_larvae
nc_CATCCACAGTACTCGT-1	nc_larvae
nc_CATCCACAGTCTAGAA-1	nc_larvae
nc_CATCCACCACAGTGTT-1	nc_larvae
nc_CATCCACCATACTGAC-1	nc_larvae
nc_CATCCACCATCACAGT-1	nc_larvae
nc_CATCCACGTCGCCTAG-1	nc_larvae
nc_CATCCACGTCTGTCAA-1	nc_larvae
nc_CATCCACGTGAGTCAG-1	nc_larvae
nc_CATCCACGTGGTCTGC-1	nc_larvae
nc_CATCCACGTGTGGACA-1	nc_larvae
nc_CATCCACGTTAGAGTA-1	nc_larvae
nc_CATCCACTCGGTCATA-1	nc_larvae
nc_CATCCACTCTCGCTTG-1	nc_larvae
nc_CATCCCAAGAGGCGGA-1	nc_larvae
nc_CATCCCAAGCACCAGA-1	nc_larvae
nc_CATCCCAAGTGCCGAA-1	nc_larvae
nc_CATCCCACAACAAGTA-1	nc_larvae
nc_CATCCCACACTAGTAC-1	nc_larvae
nc_CATCCCACAGCAGTTT-1	nc_larvae
nc_CATCCCACAGCTGGTC-1	nc_larvae
nc_CATCCCACAGTTCTAG-1	nc_larvae
nc_CATCCCACATATCGGT-1	nc_larvae
nc_CATCCCAGTAAGATTG-1	nc_larvae
nc_CATCCCAGTACGGTTT-1	nc_larvae
nc_CATCCCATCATTGGTG-1	nc_larvae
nc_CATCCCATCCAGTACA-1	nc_larvae
nc_CATCCCATCCCGTTGT-1	nc_larvae
nc_CATCCCATCTAGCAAC-1	nc_larvae
nc_CATCCGTAGAATAACC-1	nc_larvae
nc_CATCCGTAGAGGCGGA-1	nc_larvae
nc_CATCCGTAGATTGATG-1	nc_larvae
nc_CATCCGTAGCGTGTTT-1	nc_larvae
nc_CATCCGTAGTGAGCCA-1	nc_larvae
nc_CATCCGTCAACCAATC-1	nc_larvae
nc_CATCCGTCACCGGCTA-1	nc_larvae
nc_CATCCGTGTACCATAC-1	nc_larvae
nc_CATCCGTGTTCGTAAC-1	nc_larvae
nc_CATCCGTTCCGTGGCA-1	nc_larvae
nc_CATCCGTTCGACACTA-1	nc_larvae
nc_CATCGCTAGAGTTGAT-1	nc_larvae
nc_CATCGCTAGGAACTAT-1	nc_larvae
nc_CATCGCTAGGCACTAG-1	nc_larvae
nc_CATCGCTAGGCATCAG-1	nc_larvae
nc_CATCGCTAGGCGAACT-1	nc_larvae
nc_CATCGCTCAACTGAAA-1	nc_larvae
nc_CATCGCTCAAGTTCGT-1	nc_larvae
nc_CATCGCTCACCTTCGT-1	nc_larvae
nc_CATCGCTCAGAGCTAG-1	nc_larvae
nc_CATCGCTCAGCTACCG-1	nc_larvae
nc_CATCGCTCAGTATGAA-1	nc_larvae
nc_CATCGCTCATAGTCAC-1	nc_larvae
nc_CATCGCTCATGGGAAC-1	nc_larvae
nc_CATCGCTCATTAAAGG-1	nc_larvae
nc_CATCGCTGTAATACCC-1	nc_larvae
nc_CATCGCTGTCAGGAGT-1	nc_larvae
nc_CATCGCTTCAGAGCAG-1	nc_larvae
nc_CATCGCTTCCTCTTTC-1	nc_larvae
nc_CATCGCTTCTCGCCTA-1	nc_larvae
nc_CATCGGGAGCTGTACT-1	nc_larvae
nc_CATCGGGCAATAAGGT-1	nc_larvae
nc_CATCGGGCACAGTGTT-1	nc_larvae
nc_CATCGGGCAGAGCTAG-1	nc_larvae
nc_CATCGGGCAGCACAGA-1	nc_larvae
nc_CATCGGGCAGCTATTG-1	nc_larvae
nc_CATCGGGGTGCAAGAC-1	nc_larvae
nc_CATCGGGGTTAAGTCC-1	nc_larvae
nc_CATCGGGTCAGGGATG-1	nc_larvae
nc_CATCGGGTCCCGAATA-1	nc_larvae
nc_CATCGGGTCTCCAATT-1	nc_larvae
nc_CATCGGGTCTGTGCAA-1	nc_larvae
nc_CATCGGGTCTTGATTC-1	nc_larvae
nc_CATCGTCAGATTGCGG-1	nc_larvae
nc_CATCGTCAGCTAAATG-1	nc_larvae
nc_CATCGTCCAAATTAGG-1	nc_larvae
nc_CATCGTCCAATTCTCT-1	nc_larvae
nc_CATCGTCCACCCGTAG-1	nc_larvae
nc_CATCGTCCACTGGACC-1	nc_larvae
nc_CATCGTCCAGAAGCGT-1	nc_larvae
nc_CATCGTCCATAAGCAA-1	nc_larvae
nc_CATCGTCCATCATTTC-1	nc_larvae
nc_CATCGTCGTCACCGAC-1	nc_larvae
nc_CATCGTCGTTGTTGAC-1	nc_larvae
nc_CATCGTCGTTTACCTT-1	nc_larvae
nc_CATCGTCTCAATGCAC-1	nc_larvae
nc_CATCGTCTCCTTCAGC-1	nc_larvae
nc_CATCGTCTCTTAGGAC-1	nc_larvae
nc_CATGAGTAGCAGGCAT-1	nc_larvae
nc_CATGAGTCAGAACCGA-1	nc_larvae
nc_CATGAGTCAGATCCTA-1	nc_larvae
nc_CATGAGTGTAGACAGC-1	nc_larvae
nc_CATGAGTGTAGAGACC-1	nc_larvae
nc_CATGAGTGTAGTATAG-1	nc_larvae
nc_CATGAGTGTCCCGGTA-1	nc_larvae
nc_CATGAGTGTGTAACGG-1	nc_larvae
nc_CATGAGTTCAAGTCGT-1	nc_larvae
nc_CATGAGTTCTCGACGG-1	nc_larvae
nc_CATGAGTTCTTCACAT-1	nc_larvae
nc_CATGAGTTCTTGGATG-1	nc_larvae
nc_CATGCAAAGCTTGTTG-1	nc_larvae
nc_CATGCAAAGGTACATA-1	nc_larvae
nc_CATGCAAAGTCAACAA-1	nc_larvae
nc_CATGCAACAACACAGG-1	nc_larvae
nc_CATGCAACACAGTATC-1	nc_larvae
nc_CATGCAAGTCCTACAA-1	nc_larvae
nc_CATGCAAGTCGCAGTC-1	nc_larvae
nc_CATGCAATCATCACCC-1	nc_larvae
nc_CATGCAATCCGCTGTT-1	nc_larvae
nc_CATGCAATCTCCTACG-1	nc_larvae
nc_CATGCAATCTGAGAGG-1	nc_larvae
nc_CATGCCTAGACCTTTG-1	nc_larvae
nc_CATGCCTAGCTACGTT-1	nc_larvae
nc_CATGCCTAGGGTCACA-1	nc_larvae
nc_CATGCCTAGTCCCTAA-1	nc_larvae
nc_CATGCCTAGTGATAGT-1	nc_larvae
nc_CATGCCTCAAGAAATC-1	nc_larvae
nc_CATGCCTCAGATTAAG-1	nc_larvae
nc_CATGCCTGTCCGGACT-1	nc_larvae
nc_CATGCCTTCACATTGG-1	nc_larvae
nc_CATGCCTTCCCTCGAT-1	nc_larvae
nc_CATGCCTTCGCCGAGT-1	nc_larvae
nc_CATGCCTTCGGCATAT-1	nc_larvae
nc_CATGCGGAGACAACAT-1	nc_larvae
nc_CATGCGGAGATCGGTG-1	nc_larvae
nc_CATGCGGAGTATTAGG-1	nc_larvae
nc_CATGCGGAGTTCACTG-1	nc_larvae
nc_CATGCGGCAAGAGGTC-1	nc_larvae
nc_CATGCGGCAAGCTGTT-1	nc_larvae
nc_CATGCGGCACCAAATC-1	nc_larvae
nc_CATGCGGGTAAGATCA-1	nc_larvae
nc_CATGCGGGTACCGTGC-1	nc_larvae
nc_CATGCGGTCAAGCCCG-1	nc_larvae
nc_CATGCGGTCACACCCT-1	nc_larvae
nc_CATGCGGTCATCTATC-1	nc_larvae
nc_CATGCGGTCCATGAGT-1	nc_larvae
nc_CATGCGGTCTAGATCG-1	nc_larvae
nc_CATGCGGTCTTAGCTT-1	nc_larvae
nc_CATGCTCAGAGAGCCT-1	nc_larvae
nc_CATGCTCAGCACTTTG-1	nc_larvae
nc_CATGCTCAGGCATGCA-1	nc_larvae
nc_CATGCTCCAAAGCTAA-1	nc_larvae
nc_CATGCTCCACCTGTCT-1	nc_larvae
nc_CATGCTCGTACCGTCG-1	nc_larvae
nc_CATGCTCGTCTTCTAT-1	nc_larvae
nc_CATGCTCGTTAGAGAT-1	nc_larvae
nc_CATGCTCGTTCCACGG-1	nc_larvae
nc_CATGCTCTCAAACGTC-1	nc_larvae
nc_CATGGATAGCCAAGCA-1	nc_larvae
nc_CATGGATAGCCTGAGA-1	nc_larvae
nc_CATGGATCACAATGAA-1	nc_larvae
nc_CATGGATCACCATTCC-1	nc_larvae
nc_CATGGATGTATACGGG-1	nc_larvae
nc_CATGGATGTCGCAACC-1	nc_larvae
nc_CATGGATGTGCTCCGA-1	nc_larvae
nc_CATGGATGTGTCCGGT-1	nc_larvae
nc_CATGGATTCCGTTGAA-1	nc_larvae
nc_CATGGATTCGGAAGGT-1	nc_larvae
nc_CATGGATTCGGTATGT-1	nc_larvae
nc_CATGGATTCGGTTGTA-1	nc_larvae
nc_CATGGATTCTGAGCAT-1	nc_larvae
nc_CATGGATTCTGCGAGC-1	nc_larvae
nc_CATGGATTCTTTCGAT-1	nc_larvae
nc_CATGGTAAGTTGTAGA-1	nc_larvae
nc_CATGGTACACATGGTT-1	nc_larvae
nc_CATGGTACACGACAGA-1	nc_larvae
nc_CATGGTACAGGAGACT-1	nc_larvae
nc_CATGGTACAGGAGGAG-1	nc_larvae
nc_CATGGTACAGTTAAAG-1	nc_larvae
nc_CATGGTAGTCGCAGTC-1	nc_larvae
nc_CATGGTATCACGAACT-1	nc_larvae
nc_CATGGTATCCCAATAG-1	nc_larvae
nc_CATGGTATCTAGCAAC-1	nc_larvae
nc_CATTCATAGAAGGGAT-1	nc_larvae
nc_CATTCATAGGAACGTC-1	nc_larvae
nc_CATTCATAGTTTCGGT-1	nc_larvae
nc_CATTCATCATAACAGA-1	nc_larvae
nc_CATTCATGTAGCCCTG-1	nc_larvae
nc_CATTCATGTCTCAGGC-1	nc_larvae
nc_CATTCATGTTGCAAGG-1	nc_larvae
nc_CATTCATTCACCGCTT-1	nc_larvae
nc_CATTCATTCTGACGCG-1	nc_larvae
nc_CATTCCGAGACAAGCC-1	nc_larvae
nc_CATTCCGAGCACGGAT-1	nc_larvae
nc_CATTCCGAGCATGAAT-1	nc_larvae
nc_CATTCCGCAATAGTCC-1	nc_larvae
nc_CATTCCGGTACCTATG-1	nc_larvae
nc_CATTCCGGTACTGACT-1	nc_larvae
nc_CATTCCGGTCAAGCCC-1	nc_larvae
nc_CATTCCGGTGGCTACC-1	nc_larvae
nc_CATTCCGTCTCTAAGG-1	nc_larvae
nc_CATTCTAAGAAACTAC-1	nc_larvae
nc_CATTCTAAGGTCCCTG-1	nc_larvae
nc_CATTCTACAAACCGGA-1	nc_larvae
nc_CATTCTACAAAGCGTG-1	nc_larvae
nc_CATTCTACAACTGATC-1	nc_larvae
nc_CATTCTACAATCCAGT-1	nc_larvae
nc_CATTCTACAGCTGAGA-1	nc_larvae
nc_CATTCTATCACTCGAA-1	nc_larvae
nc_CATTGAGAGACAGTCG-1	nc_larvae
nc_CATTGAGAGGTTCTAC-1	nc_larvae
nc_CATTGAGAGTCTAACC-1	nc_larvae
nc_CATTGAGCAAAGGCAC-1	nc_larvae
nc_CATTGAGCAATCCTAG-1	nc_larvae
nc_CATTGAGCACTTCTCG-1	nc_larvae
nc_CATTGAGCAGGAGACT-1	nc_larvae
nc_CATTGAGGTGACCGTC-1	nc_larvae
nc_CATTGAGGTGCGTCGT-1	nc_larvae
nc_CATTGAGTCCTCGATC-1	nc_larvae
nc_CATTGCCAGAAGCTGC-1	nc_larvae
nc_CATTGCCCAATACGCT-1	nc_larvae
nc_CATTGCCCAGACCCGT-1	nc_larvae
nc_CATTGCCCAGTCGGAA-1	nc_larvae
nc_CATTGCCCATGGAAGC-1	nc_larvae
nc_CATTGCCGTACCTGTA-1	nc_larvae
nc_CATTGCCGTACGTAGG-1	nc_larvae
nc_CATTGCCGTCTAACTG-1	nc_larvae
nc_CATTGCCGTTCCCACT-1	nc_larvae
nc_CATTGCCGTTGCTTGA-1	nc_larvae
nc_CATTGCCTCGAGAACG-1	nc_larvae
nc_CATTGCCTCTGCACCT-1	nc_larvae
nc_CATTGTTAGGCCTTGC-1	nc_larvae
nc_CATTGTTAGGTGCCAA-1	nc_larvae
nc_CATTGTTCAATTGCAC-1	nc_larvae
nc_CATTGTTCAGAAGTTA-1	nc_larvae
nc_CATTGTTCATTCGGGC-1	nc_larvae
nc_CATTGTTGTATCCTCC-1	nc_larvae
nc_CATTGTTGTCTGTGTA-1	nc_larvae
nc_CATTGTTGTGAGGATC-1	nc_larvae
nc_CATTGTTGTGTCCCTT-1	nc_larvae
nc_CATTGTTGTTATGGTC-1	nc_larvae
nc_CATTGTTTCATGCAGT-1	nc_larvae
nc_CATTGTTTCCGCTTAC-1	nc_larvae
nc_CATTGTTTCGCCACTT-1	nc_larvae
nc_CATTTCAAGACCTTTG-1	nc_larvae
nc_CATTTCAAGATGGCGT-1	nc_larvae
nc_CATTTCAAGTCACAGG-1	nc_larvae
nc_CATTTCACAATCCTAG-1	nc_larvae
nc_CATTTCACACAAATGA-1	nc_larvae
nc_CATTTCACAGTCTCTC-1	nc_larvae
nc_CATTTCACAGTTGGTT-1	nc_larvae
nc_CATTTCACATGAAGGC-1	nc_larvae
nc_CATTTCATCACATCAG-1	nc_larvae
nc_CATTTCATCAGGTAAA-1	nc_larvae
nc_CATTTCATCTTGGTGA-1	nc_larvae
nc_CCAAGCGAGCCAAGGT-1	nc_larvae
nc_CCAAGCGCACAATTCG-1	nc_larvae
nc_CCAAGCGCACGCGGTT-1	nc_larvae
nc_CCAAGCGCATCAACCA-1	nc_larvae
nc_CCAAGCGGTAAGCTCT-1	nc_larvae
nc_CCAAGCGGTACAAGCG-1	nc_larvae
nc_CCAAGCGGTCGATGCC-1	nc_larvae
nc_CCAAGCGGTGTCCTAA-1	nc_larvae
nc_CCAAGCGGTTCGGGTC-1	nc_larvae
nc_CCAAGCGGTTTGACAC-1	nc_larvae
nc_CCAAGCGTCCATCCGT-1	nc_larvae
nc_CCAATGAAGGATATGT-1	nc_larvae
nc_CCAATGAAGTAAATGC-1	nc_larvae
nc_CCAATGAAGTCCTACA-1	nc_larvae
nc_CCAATGAAGTGAACAT-1	nc_larvae
nc_CCAATGACAAGCGAGT-1	nc_larvae
nc_CCAATGACACTTCATT-1	nc_larvae
nc_CCAATGACAGGATTCT-1	nc_larvae
nc_CCAATGAGTTTACCAG-1	nc_larvae
nc_CCAATGATCCATCTCG-1	nc_larvae
nc_CCAATGATCCGAGAAG-1	nc_larvae
nc_CCAATGATCGAAGTGG-1	nc_larvae
nc_CCAATTTAGATGTTGA-1	nc_larvae
nc_CCAATTTAGCAGCCCT-1	nc_larvae
nc_CCAATTTAGGGCTGAT-1	nc_larvae
nc_CCAATTTCATCGGATT-1	nc_larvae
nc_CCAATTTTCCATTGTT-1	nc_larvae
nc_CCAATTTTCCCGATCT-1	nc_larvae
nc_CCAATTTTCCTTATGT-1	nc_larvae
nc_CCAATTTTCTTCGTAT-1	nc_larvae
nc_CCACAAAAGAGTCACG-1	nc_larvae
nc_CCACAAAAGCATGATA-1	nc_larvae
nc_CCACAAAAGCCATCCG-1	nc_larvae
nc_CCACAAACATGGATCT-1	nc_larvae
nc_CCACAAACATTAAAGG-1	nc_larvae
nc_CCACAAAGTAGTTACC-1	nc_larvae
nc_CCACAAAGTCATCTAG-1	nc_larvae
nc_CCACAAAGTCGATTCA-1	nc_larvae
nc_CCACAAAGTTCCACAA-1	nc_larvae
nc_CCACAAATCCTACAAG-1	nc_larvae
nc_CCACAAATCGGTAACT-1	nc_larvae
nc_CCACAAATCTAGCCTC-1	nc_larvae
nc_CCACAAATCTTGCAGA-1	nc_larvae
nc_CCACACTAGGGTGAAA-1	nc_larvae
nc_CCACACTAGGTAGCAC-1	nc_larvae
nc_CCACACTAGTCCGCCA-1	nc_larvae
nc_CCACACTGTCTCAGAT-1	nc_larvae
nc_CCACACTGTTGCTCAA-1	nc_larvae
nc_CCACACTTCCGTGTCT-1	nc_larvae
nc_CCACACTTCGTTCAGA-1	nc_larvae
nc_CCACACTTCTGTCGCT-1	nc_larvae
nc_CCACACTTCTGTGCGG-1	nc_larvae
nc_CCACACTTCTTTCTAG-1	nc_larvae
nc_CCACCATAGACAGTCG-1	nc_larvae
nc_CCACCATAGACCAAAT-1	nc_larvae
nc_CCACCATAGCAAATGT-1	nc_larvae
nc_CCACCATAGCCGTCGT-1	nc_larvae
nc_CCACCATAGCGTGAAC-1	nc_larvae
nc_CCACCATAGTGCACTT-1	nc_larvae
nc_CCACCATCACAATTCG-1	nc_larvae
nc_CCACCATCACATAGCT-1	nc_larvae
nc_CCACCATCACGCGGTT-1	nc_larvae
nc_CCACCATCACTGTCGG-1	nc_larvae
nc_CCACCATGTGACCGTC-1	nc_larvae
nc_CCACCATGTTGGTAGG-1	nc_larvae
nc_CCACCATTCCAACTGA-1	nc_larvae
nc_CCACCATTCCTACGGG-1	nc_larvae
nc_CCACCATTCGAGAAGC-1	nc_larvae
nc_CCACCATTCGCATAGT-1	nc_larvae
nc_CCACCATTCGTGACTA-1	nc_larvae
nc_CCACCATTCTAGAACC-1	nc_larvae
nc_CCACCATTCTGCCCTA-1	nc_larvae
nc_CCACGAGAGAGGTCAC-1	nc_larvae
nc_CCACGAGAGATTAGAC-1	nc_larvae
nc_CCACGAGAGCAGGCTA-1	nc_larvae
nc_CCACGAGCATTCGGGC-1	nc_larvae
nc_CCACGAGGTTAATCGC-1	nc_larvae
nc_CCACGAGGTTTGGGAG-1	nc_larvae
nc_CCACGAGGTTTGTTGG-1	nc_larvae
nc_CCACGAGTCATTACGG-1	nc_larvae
nc_CCACGAGTCGGAACTT-1	nc_larvae
nc_CCACGAGTCTACTGAG-1	nc_larvae
nc_CCACGTTAGTGCAAAT-1	nc_larvae
nc_CCACGTTCAATTGCTG-1	nc_larvae
nc_CCACGTTCAGATCCAT-1	nc_larvae
nc_CCACGTTCAGCCGTCA-1	nc_larvae
nc_CCACGTTGTAACAAGT-1	nc_larvae
nc_CCACGTTGTAGTGGCA-1	nc_larvae
nc_CCACGTTGTCTCTCCA-1	nc_larvae
nc_CCACGTTTCCTAAACG-1	nc_larvae
nc_CCACGTTTCGACGTCG-1	nc_larvae
nc_CCACGTTTCGCTTGAA-1	nc_larvae
nc_CCACGTTTCTGTAAGC-1	nc_larvae
nc_CCACTTGAGACTTCCA-1	nc_larvae
nc_CCACTTGAGCGTTAGG-1	nc_larvae
nc_CCACTTGAGGAACGCT-1	nc_larvae
nc_CCACTTGAGGCGTTGA-1	nc_larvae
nc_CCACTTGAGGGCTAAC-1	nc_larvae
nc_CCACTTGAGGGTACAC-1	nc_larvae
nc_CCACTTGAGGTCCCGT-1	nc_larvae
nc_CCACTTGAGTCACTAC-1	nc_larvae
nc_CCACTTGCAAATCGGG-1	nc_larvae
nc_CCACTTGCAAGTGTCT-1	nc_larvae
nc_CCACTTGCAGCCTACG-1	nc_larvae
nc_CCACTTGCAGCTGTTA-1	nc_larvae
nc_CCACTTGCATCATCTT-1	nc_larvae
nc_CCACTTGGTCGCTCGA-1	nc_larvae
nc_CCACTTGGTGTACAGG-1	nc_larvae
nc_CCACTTGTCGCACGAC-1	nc_larvae
nc_CCACTTGTCTGGCTGG-1	nc_larvae
nc_CCACTTGTCTTCGACC-1	nc_larvae
nc_CCATAAGAGCATCAAA-1	nc_larvae
nc_CCATAAGAGGTCATCT-1	nc_larvae
nc_CCATAAGCAAGCCATT-1	nc_larvae
nc_CCATAAGCAGGAATAT-1	nc_larvae
nc_CCATAAGGTATGTGTC-1	nc_larvae
nc_CCATAAGGTCATCCCT-1	nc_larvae
nc_CCATAAGGTGAGACGT-1	nc_larvae
nc_CCATAAGTCTACGCAA-1	nc_larvae
nc_CCATCACAGCTGTTCA-1	nc_larvae
nc_CCATCACCACTACGGC-1	nc_larvae
nc_CCATCACGTGTGGTCC-1	nc_larvae
nc_CCATCACTCGTGGCTG-1	nc_larvae
nc_CCATCACTCTAGGCAT-1	nc_larvae
nc_CCCAACTAGAAATCCA-1	nc_larvae
nc_CCCAACTAGACATAGT-1	nc_larvae
nc_CCCAACTAGCATGCGA-1	nc_larvae
nc_CCCAACTAGGAAAGTG-1	nc_larvae
nc_CCCAACTAGTACTGTC-1	nc_larvae
nc_CCCAACTCAAACCACT-1	nc_larvae
nc_CCCAACTCAGATCATC-1	nc_larvae
nc_CCCAACTCAGTGTATC-1	nc_larvae
nc_CCCAACTCATGTTCAG-1	nc_larvae
nc_CCCAACTGTGCGGATA-1	nc_larvae
nc_CCCAACTGTGGGTATG-1	nc_larvae
nc_CCCAACTGTGTAACGG-1	nc_larvae
nc_CCCAACTTCACGGGCT-1	nc_larvae
nc_CCCAACTTCCTCTAAT-1	nc_larvae
nc_CCCATTGAGCGAATGC-1	nc_larvae
nc_CCCATTGAGTTGAATG-1	nc_larvae
nc_CCCATTGCACCGGAAA-1	nc_larvae
nc_CCCATTGCACTCTCGT-1	nc_larvae
nc_CCCATTGCAGCACAGA-1	nc_larvae
nc_CCCATTGCAGGTGTTT-1	nc_larvae
nc_CCCATTGCATACAGCT-1	nc_larvae
nc_CCCATTGCATCCAACA-1	nc_larvae
nc_CCCATTGGTCCGAAAG-1	nc_larvae
nc_CCCATTGGTGAACGGT-1	nc_larvae
nc_CCCATTGGTTGACGGA-1	nc_larvae
nc_CCCATTGTCAAAGGAT-1	nc_larvae
nc_CCCATTGTCTTCTGTA-1	nc_larvae
nc_CCCGAAGCACGCTGAC-1	nc_larvae
nc_CCCGAAGCAGCGTACC-1	nc_larvae
nc_CCCGAAGGTCGTTCAA-1	nc_larvae
nc_CCCGAAGGTTGAGTCT-1	nc_larvae
nc_CCCGAAGGTTTATGCG-1	nc_larvae
nc_CCCGAAGTCCTTCTTC-1	nc_larvae
nc_CCCGAAGTCGCCCAGA-1	nc_larvae
nc_CCCGGAACACCAGCCA-1	nc_larvae
nc_CCCGGAAGTACCGGAA-1	nc_larvae
nc_CCCGGAAGTCCAGGTC-1	nc_larvae
nc_CCCGGAAGTTAAACAG-1	nc_larvae
nc_CCCGGAAGTTGGAGAC-1	nc_larvae
nc_CCCGGAATCACTAGCA-1	nc_larvae
nc_CCCTAACAGGCGCTTC-1	nc_larvae
nc_CCCTAACAGGCGTCCT-1	nc_larvae
nc_CCCTAACAGGCTCACC-1	nc_larvae
nc_CCCTAACAGTCCGCGT-1	nc_larvae
nc_CCCTAACAGTGGTGGT-1	nc_larvae
nc_CCCTAACCAATGCAGG-1	nc_larvae
nc_CCCTAACCAGTCCCGA-1	nc_larvae
nc_CCCTAACGTCTCGGAC-1	nc_larvae
nc_CCCTAACGTGGTCTAT-1	nc_larvae
nc_CCCTAACTCAACACCA-1	nc_larvae
nc_CCCTAACTCAAGAAAC-1	nc_larvae
nc_CCCTAACTCACCTCTG-1	nc_larvae
nc_CCCTAACTCACTTGGA-1	nc_larvae
nc_CCCTAACTCAGGACAG-1	nc_larvae
nc_CCCTCAAAGTAGATCA-1	nc_larvae
nc_CCCTCAACAATGACCT-1	nc_larvae
nc_CCCTCAAGTAGCACGA-1	nc_larvae
nc_CCCTCAAGTGCTATTG-1	nc_larvae
nc_CCCTCAAGTGTCATGT-1	nc_larvae
nc_CCCTCAATCCACTTTA-1	nc_larvae
nc_CCCTCAATCCGTTGGG-1	nc_larvae
nc_CCCTCAATCGCGCTGA-1	nc_larvae
nc_CCCTCAATCGTTGCCT-1	nc_larvae
nc_CCCTCTCAGAGTCAAT-1	nc_larvae
nc_CCCTCTCAGTTTGAGA-1	nc_larvae
nc_CCCTCTCCACAACGCC-1	nc_larvae
nc_CCCTCTCGTATAATGG-1	nc_larvae
nc_CCCTCTCGTTTGGAAA-1	nc_larvae
nc_CCCTCTCTCCATCGTC-1	nc_larvae
nc_CCCTCTCTCCTTTGAT-1	nc_larvae
nc_CCCTCTCTCTACTATC-1	nc_larvae
nc_CCCTCTCTCTGTGCAA-1	nc_larvae
nc_CCCTCTCTCTGTGCGG-1	nc_larvae
nc_CCCTGATAGTTGCCTA-1	nc_larvae
nc_CCCTGATCAACACAAA-1	nc_larvae
nc_CCCTGATCAACGACTT-1	nc_larvae
nc_CCCTGATCATAGAAAC-1	nc_larvae
nc_CCCTGATCATGTGTCA-1	nc_larvae
nc_CCCTGATGTAACCCTA-1	nc_larvae
nc_CCCTGATGTAGACACG-1	nc_larvae
nc_CCCTGATGTTCGGTTA-1	nc_larvae
nc_CCCTGATTCGGACCAC-1	nc_larvae
nc_CCCTTAGAGAGTGACC-1	nc_larvae
nc_CCCTTAGAGATGGTCG-1	nc_larvae
nc_CCCTTAGAGGAGCAAA-1	nc_larvae
nc_CCCTTAGAGGGTTAAT-1	nc_larvae
nc_CCCTTAGCAACTTGGT-1	nc_larvae
nc_CCCTTAGCAAGGCCTC-1	nc_larvae
nc_CCCTTAGCACGACTAT-1	nc_larvae
nc_CCCTTAGCACTTCATT-1	nc_larvae
nc_CCCTTAGGTCATTGCA-1	nc_larvae
nc_CCCTTAGTCATCGCTC-1	nc_larvae
nc_CCCTTAGTCTAGGCCG-1	nc_larvae
nc_CCGAACGCATGTTCAG-1	nc_larvae
nc_CCGAACGGTCTTCTAT-1	nc_larvae
nc_CCGAACGTCAACTTTC-1	nc_larvae
nc_CCGAACGTCAAGGAGC-1	nc_larvae
nc_CCGAACGTCAGCCCAG-1	nc_larvae
nc_CCGATCTAGGGATCTG-1	nc_larvae
nc_CCGATCTAGGGTAGCT-1	nc_larvae
nc_CCGATCTAGTATGAGT-1	nc_larvae
nc_CCGATCTCAAGCAATA-1	nc_larvae
nc_CCGATCTCAATCCTTT-1	nc_larvae
nc_CCGATCTGTCGCATGC-1	nc_larvae
nc_CCGATCTGTGCAGGAT-1	nc_larvae
nc_CCGATCTTCCATGAGT-1	nc_larvae
nc_CCGATCTTCCTTATGT-1	nc_larvae
nc_CCGATCTTCGCCTAGG-1	nc_larvae
nc_CCGATCTTCTGAGGTT-1	nc_larvae
nc_CCGATCTTCTGTCGCT-1	nc_larvae
nc_CCGATGGAGAGCGACT-1	nc_larvae
nc_CCGATGGAGCTGGCCT-1	nc_larvae
nc_CCGATGGCACGAAAGC-1	nc_larvae
nc_CCGATGGCACTAAACC-1	nc_larvae
nc_CCGATGGCAGATTCGT-1	nc_larvae
nc_CCGATGGCATCCGGTG-1	nc_larvae
nc_CCGATGGCATGAAGGC-1	nc_larvae
nc_CCGATGGCATTAGGCT-1	nc_larvae
nc_CCGATGGGTAGGGTAC-1	nc_larvae
nc_CCGATGGGTGCGCTCA-1	nc_larvae
nc_CCGATGGGTTTATGCG-1	nc_larvae
nc_CCGATGGTCATGCTAG-1	nc_larvae
nc_CCGATGGTCCGTTGAA-1	nc_larvae
nc_CCGATGGTCGACATCA-1	nc_larvae
nc_CCGATGGTCGGTAAGG-1	nc_larvae
nc_CCGATGGTCTGGCTGG-1	nc_larvae
nc_CCGCAAGCAGCTTTGA-1	nc_larvae
nc_CCGCAAGCATTGAAAG-1	nc_larvae
nc_CCGCAAGGTAAGTTGA-1	nc_larvae
nc_CCGCAAGGTGCATGTT-1	nc_larvae
nc_CCGCAAGGTGGATGAC-1	nc_larvae
nc_CCGCAAGTCCTTATCA-1	nc_larvae
nc_CCGGACAAGCCGATCC-1	nc_larvae
nc_CCGGACAAGCCTAGGA-1	nc_larvae
nc_CCGGACACAACTAGAA-1	nc_larvae
nc_CCGGACAGTAATACCC-1	nc_larvae
nc_CCGGACAGTCCAGCAC-1	nc_larvae
nc_CCGGACATCGAACCTA-1	nc_larvae
nc_CCGGGTAGTAATCAGA-1	nc_larvae
nc_CCGGGTAGTACAGTCT-1	nc_larvae
nc_CCGGGTAGTCGAGCTC-1	nc_larvae
nc_CCGGGTATCACAATGC-1	nc_larvae
nc_CCGGGTATCCAAACCA-1	nc_larvae
nc_CCGGGTATCGGAGCAA-1	nc_larvae
nc_CCGGGTATCTACTCAT-1	nc_larvae
nc_CCGGTAGAGCGCCATC-1	nc_larvae
nc_CCGGTAGCAAGTTTGC-1	nc_larvae
nc_CCGGTAGCAATTGCTG-1	nc_larvae
nc_CCGGTAGCAGGTCCGT-1	nc_larvae
nc_CCGGTAGCAGTAACAA-1	nc_larvae
nc_CCGGTAGCATCCCACT-1	nc_larvae
nc_CCGGTAGGTATTCCTT-1	nc_larvae
nc_CCGGTAGGTCTACAAC-1	nc_larvae
nc_CCGGTAGGTGTCCAAT-1	nc_larvae
nc_CCGGTAGGTTAAAGTG-1	nc_larvae
nc_CCGGTAGGTTCACGAT-1	nc_larvae
nc_CCGGTAGTCAAAGAAC-1	nc_larvae
nc_CCGGTAGTCCCAACTC-1	nc_larvae
nc_CCGGTAGTCTCATGCC-1	nc_larvae
nc_CCGGTGAAGCCAACCC-1	nc_larvae
nc_CCGGTGACAATTCTCT-1	nc_larvae
nc_CCGGTGAGTATCACCA-1	nc_larvae
nc_CCGGTGAGTCTGTAAC-1	nc_larvae
nc_CCGGTGAGTGCGTGCT-1	nc_larvae
nc_CCGGTGATCACATACG-1	nc_larvae
nc_CCGGTGATCCTATGGA-1	nc_larvae
nc_CCGGTGATCCTGGGTG-1	nc_larvae
nc_CCGGTGATCGATTGGT-1	nc_larvae
nc_CCGGTGATCGCTTGCT-1	nc_larvae
nc_CCGTAGGAGACATCAA-1	nc_larvae
nc_CCGTAGGAGCGTTACT-1	nc_larvae
nc_CCGTAGGAGTTAGTGA-1	nc_larvae
nc_CCGTAGGCAGCACGAA-1	nc_larvae
nc_CCGTAGGGTAACAGTA-1	nc_larvae
nc_CCGTAGGGTGCAGTGA-1	nc_larvae
nc_CCGTGAGAGAAGGTAG-1	nc_larvae
nc_CCGTGAGAGTAAGAGG-1	nc_larvae
nc_CCGTGAGCAACCCTCT-1	nc_larvae
nc_CCGTGAGGTAATGCTC-1	nc_larvae
nc_CCGTGAGGTACTTCCC-1	nc_larvae
nc_CCGTGAGTCCTACTGC-1	nc_larvae
nc_CCGTGAGTCTATACTC-1	nc_larvae
nc_CCGTTCACACAGTCGC-1	nc_larvae
nc_CCGTTCACAGACGGAT-1	nc_larvae
nc_CCGTTCACAGCTGAAG-1	nc_larvae
nc_CCGTTCAGTAAGATTG-1	nc_larvae
nc_CCGTTCAGTCATTGCA-1	nc_larvae
nc_CCGTTCATCCCTATTA-1	nc_larvae
nc_CCTAACCAGGAAAGGT-1	nc_larvae
nc_CCTAACCAGGTTCATC-1	nc_larvae
nc_CCTAACCAGTGAACAT-1	nc_larvae
nc_CCTAACCCACTAACGT-1	nc_larvae
nc_CCTAACCCAGTGGTGA-1	nc_larvae
nc_CCTAACCGTATGTCAC-1	nc_larvae
nc_CCTAACCTCAGCATTG-1	nc_larvae
nc_CCTAACCTCATTGAGC-1	nc_larvae
nc_CCTAACCTCCCATAGA-1	nc_larvae
nc_CCTAACCTCCCTGTTG-1	nc_larvae
nc_CCTAAGAAGGGTTAAT-1	nc_larvae
nc_CCTAAGAAGTAACAGT-1	nc_larvae
nc_CCTAAGAAGTGGTTAA-1	nc_larvae
nc_CCTAAGACAAGCCTGC-1	nc_larvae
nc_CCTAAGACACAACATC-1	nc_larvae
nc_CCTAAGAGTAACAAGT-1	nc_larvae
nc_CCTAAGAGTGAATATG-1	nc_larvae
nc_CCTAAGATCACTACTT-1	nc_larvae
nc_CCTAAGATCAGAGTGG-1	nc_larvae
nc_CCTAAGATCCTGATAG-1	nc_larvae
nc_CCTAAGATCCTGGGTG-1	nc_larvae
nc_CCTAAGATCGACCCAG-1	nc_larvae
nc_CCTAAGATCTAGGCAT-1	nc_larvae
nc_CCTAAGATCTCGCTCA-1	nc_larvae
nc_CCTACGTAGACTTCAC-1	nc_larvae
nc_CCTACGTAGCATATGA-1	nc_larvae
nc_CCTACGTAGCTCACTA-1	nc_larvae
nc_CCTACGTAGCTGAAAT-1	nc_larvae
nc_CCTACGTCACGTCGGT-1	nc_larvae
nc_CCTACGTGTGAAAGTT-1	nc_larvae
nc_CCTACGTGTTCGAGCC-1	nc_larvae
nc_CCTACGTGTTCTAACG-1	nc_larvae
nc_CCTACGTGTTGTTGAC-1	nc_larvae
nc_CCTACGTTCAATCTTC-1	nc_larvae
nc_CCTACGTTCATTCGTT-1	nc_larvae
nc_CCTACGTTCTCAACGA-1	nc_larvae
nc_CCTATCGAGAGAGTTT-1	nc_larvae
nc_CCTATCGAGCTGGAGT-1	nc_larvae
nc_CCTATCGAGGCCATAG-1	nc_larvae
nc_CCTATCGCAACAGCTT-1	nc_larvae
nc_CCTATCGCACGAGGAT-1	nc_larvae
nc_CCTATCGCACTACCCT-1	nc_larvae
nc_CCTATCGCATACACCA-1	nc_larvae
nc_CCTATCGCATTCGATG-1	nc_larvae
nc_CCTATCGGTATAGGGC-1	nc_larvae
nc_CCTATCGGTTTGGAAA-1	nc_larvae
nc_CCTCAACAGGACAACC-1	nc_larvae
nc_CCTCAACAGGCAGCTA-1	nc_larvae
nc_CCTCAACCAAGGCCTC-1	nc_larvae
nc_CCTCAACCACCTCTAC-1	nc_larvae
nc_CCTCAACGTATTTCTC-1	nc_larvae
nc_CCTCAACTCCCGATCT-1	nc_larvae
nc_CCTCAACTCCGCAAAT-1	nc_larvae
nc_CCTCAACTCCGTGTGG-1	nc_larvae
nc_CCTCAACTCGTTCCCA-1	nc_larvae
nc_CCTCACAAGACAACAT-1	nc_larvae
nc_CCTCACAAGAGGGTAA-1	nc_larvae
nc_CCTCACAAGGGACTGT-1	nc_larvae
nc_CCTCACAAGTGGCCTC-1	nc_larvae
nc_CCTCACACACACCGAC-1	nc_larvae
nc_CCTCACACAGGTTTAC-1	nc_larvae
nc_CCTCACAGTTGCCTAA-1	nc_larvae
nc_CCTCACATCTCTGACC-1	nc_larvae
nc_CCTCACATCTGGGCAC-1	nc_larvae
nc_CCTCAGTAGCGTGCTC-1	nc_larvae
nc_CCTCAGTAGCTCGAAG-1	nc_larvae
nc_CCTCAGTAGGTGGCTA-1	nc_larvae
nc_CCTCAGTAGTCTAGCT-1	nc_larvae
nc_CCTCAGTAGTCTCGTA-1	nc_larvae
nc_CCTCAGTCACCGGCTA-1	nc_larvae
nc_CCTCAGTCACCTCTAC-1	nc_larvae
nc_CCTCAGTCACGTAGAG-1	nc_larvae
nc_CCTCAGTCATCTGTTT-1	nc_larvae
nc_CCTCAGTCATTAGGAA-1	nc_larvae
nc_CCTCAGTGTGAGCGAT-1	nc_larvae
nc_CCTCAGTTCAGGTAAA-1	nc_larvae
nc_CCTCAGTTCATAGACC-1	nc_larvae
nc_CCTCAGTTCCGAACGC-1	nc_larvae
nc_CCTCATGAGATTTGCC-1	nc_larvae
nc_CCTCATGCAAGGTCGA-1	nc_larvae
nc_CCTCATGGTCGTATTG-1	nc_larvae
nc_CCTCATGTCCAACTAG-1	nc_larvae
nc_CCTCATGTCCGCACGA-1	nc_larvae
nc_CCTCCAAGTCCAAATC-1	nc_larvae
nc_CCTCCAAGTTCGAAGG-1	nc_larvae
nc_CCTCCAATCACTGCTC-1	nc_larvae
nc_CCTCCAATCCGTGGGT-1	nc_larvae
nc_CCTCCAATCCGTTGAA-1	nc_larvae
nc_CCTCCAATCTGCATAG-1	nc_larvae
nc_CCTCCTCAGCAGGCTA-1	nc_larvae
nc_CCTCCTCCAGTTTCAG-1	nc_larvae
nc_CCTCCTCGTCCGGATC-1	nc_larvae
nc_CCTCCTCTCATCGCTC-1	nc_larvae
nc_CCTCCTCTCCACGGGT-1	nc_larvae
nc_CCTCCTCTCCATTTCA-1	nc_larvae
nc_CCTCCTCTCGTAGTCA-1	nc_larvae
nc_CCTCTAGAGAAAGTCT-1	nc_larvae
nc_CCTCTAGAGAATCCCT-1	nc_larvae
nc_CCTCTAGAGACCCTTA-1	nc_larvae
nc_CCTCTAGAGAGAGGTA-1	nc_larvae
nc_CCTCTAGAGAGAGTGA-1	nc_larvae
nc_CCTCTAGGTATCTCGA-1	nc_larvae
nc_CCTCTAGGTATTCCTT-1	nc_larvae
nc_CCTCTAGGTGTTCATG-1	nc_larvae
nc_CCTCTAGGTTGCTAGT-1	nc_larvae
nc_CCTCTAGTCGCCGATG-1	nc_larvae
nc_CCTCTAGTCGGTCAGC-1	nc_larvae
nc_CCTCTCCAGCGGATCA-1	nc_larvae
nc_CCTCTCCAGGAGTCTG-1	nc_larvae
nc_CCTCTCCAGTCAACAA-1	nc_larvae
nc_CCTCTCCCAACGATCT-1	nc_larvae
nc_CCTCTCCCAACGGGTA-1	nc_larvae
nc_CCTCTCCCATTCTCTA-1	nc_larvae
nc_CCTCTCCGTCTAATCG-1	nc_larvae
nc_CCTCTCCGTGGCAGAT-1	nc_larvae
nc_CCTCTCCGTTAAACCC-1	nc_larvae
nc_CCTCTCCTCGGTAAGG-1	nc_larvae
nc_CCTCTCCTCTCGGCTT-1	nc_larvae
nc_CCTGCATAGAAGCGCT-1	nc_larvae
nc_CCTGCATAGGCGAACT-1	nc_larvae
nc_CCTGCATCAAAGACGC-1	nc_larvae
nc_CCTGCATCACCCTTAC-1	nc_larvae
nc_CCTGCATCACGTACTA-1	nc_larvae
nc_CCTGCATCACTTCTCG-1	nc_larvae
nc_CCTGCATCAGCGCGTT-1	nc_larvae
nc_CCTGCATCAGTCTACA-1	nc_larvae
nc_CCTGCATGTCTGCGCA-1	nc_larvae
nc_CCTGCATTCAACTTTC-1	nc_larvae
nc_CCTGCATTCAGAGTTC-1	nc_larvae
nc_CCTGCATTCAGTCAGT-1	nc_larvae
nc_CCTGCATTCCATACAG-1	nc_larvae
nc_CCTGCATTCGCTACGG-1	nc_larvae
nc_CCTGCATTCGGTCTGG-1	nc_larvae
nc_CCTGTTGAGAAGCGCT-1	nc_larvae
nc_CCTGTTGAGCTCCCTT-1	nc_larvae
nc_CCTGTTGAGCTTGTTG-1	nc_larvae
nc_CCTGTTGAGTTAGAAC-1	nc_larvae
nc_CCTGTTGGTCTTCTAT-1	nc_larvae
nc_CCTGTTGGTGCAATAA-1	nc_larvae
nc_CCTGTTGGTTATCTTC-1	nc_larvae
nc_CCTGTTGGTTTCCAAG-1	nc_larvae
nc_CCTGTTGGTTTGTTGG-1	nc_larvae
nc_CCTGTTGTCCATTTGT-1	nc_larvae
nc_CCTGTTGTCCGTCCTA-1	nc_larvae
nc_CCTGTTGTCGCATAGT-1	nc_larvae
nc_CCTTCAGAGCTCACTA-1	nc_larvae
nc_CCTTCAGAGGTATTGA-1	nc_larvae
nc_CCTTCAGCAATAGGAT-1	nc_larvae
nc_CCTTCAGCACCAAAGG-1	nc_larvae
nc_CCTTCAGCAGCTGTGC-1	nc_larvae
nc_CCTTCAGCAGCTGTTA-1	nc_larvae
nc_CCTTCAGCATGCGGTC-1	nc_larvae
nc_CCTTCAGGTCGCATGC-1	nc_larvae
nc_CCTTCAGTCATGAAAG-1	nc_larvae
nc_CCTTCAGTCCCTCTAG-1	nc_larvae
nc_CCTTCAGTCCGTGTAA-1	nc_larvae
nc_CCTTCAGTCGATTTCT-1	nc_larvae
nc_CCTTCAGTCGGCTATA-1	nc_larvae
nc_CCTTCAGTCTTACGGA-1	nc_larvae
nc_CCTTGTGAGAACCCGA-1	nc_larvae
nc_CCTTGTGAGCAAGTGC-1	nc_larvae
nc_CCTTGTGAGGTAGATT-1	nc_larvae
nc_CCTTGTGCACTTCAAG-1	nc_larvae
nc_CCTTGTGCACTTGAGT-1	nc_larvae
nc_CCTTGTGCAGTCGGTC-1	nc_larvae
nc_CCTTGTGGTACCACGC-1	nc_larvae
nc_CCTTGTGGTAGGCAAC-1	nc_larvae
nc_CCTTGTGGTAGTTAGA-1	nc_larvae
nc_CCTTGTGGTCGAGCAA-1	nc_larvae
nc_CCTTGTGGTTGAGGAC-1	nc_larvae
nc_CCTTGTGGTTGCTCGG-1	nc_larvae
nc_CCTTGTGTCCCTATTA-1	nc_larvae
nc_CCTTTGGAGAGTACCG-1	nc_larvae
nc_CCTTTGGAGTAGCTCT-1	nc_larvae
nc_CCTTTGGAGTGCTAGG-1	nc_larvae
nc_CCTTTGGCAACCACAT-1	nc_larvae
nc_CCTTTGGCACGAGGAT-1	nc_larvae
nc_CCTTTGGCACTTTAGG-1	nc_larvae
nc_CCTTTGGCATACCATG-1	nc_larvae
nc_CCTTTGGCATGCGGTC-1	nc_larvae
nc_CCTTTGGGTGTCCATA-1	nc_larvae
nc_CCTTTGGTCAGATGCT-1	nc_larvae
nc_CCTTTGGTCCGTATGA-1	nc_larvae
nc_CCTTTGGTCGACCTAA-1	nc_larvae
nc_CCTTTGGTCGACGATT-1	nc_larvae
nc_CGAAGGAAGAATCCCT-1	nc_larvae
nc_CGAAGGAAGACCAGAC-1	nc_larvae
nc_CGAAGGAAGCAGCCTC-1	nc_larvae
nc_CGAAGGAAGCGTTCAT-1	nc_larvae
nc_CGAAGGAAGGACGGAG-1	nc_larvae
nc_CGAAGGAAGGAGACCT-1	nc_larvae
nc_CGAAGGAAGTTCTACG-1	nc_larvae
nc_CGAAGGACAGACACAG-1	nc_larvae
nc_CGAAGGACAGCCTTCT-1	nc_larvae
nc_CGAAGGACAGGACATG-1	nc_larvae
nc_CGAAGGACATCCCGTT-1	nc_larvae
nc_CGAAGGACATTGCCTC-1	nc_larvae
nc_CGAAGGAGTCGGTACC-1	nc_larvae
nc_CGAAGGAGTTGCCATA-1	nc_larvae
nc_CGAAGGATCCGGCAGT-1	nc_larvae
nc_CGAAGTTAGACATAAC-1	nc_larvae
nc_CGAAGTTAGACGGAAA-1	nc_larvae
nc_CGAAGTTAGCCATCCG-1	nc_larvae
nc_CGAAGTTAGGCTGTAG-1	nc_larvae
nc_CGAAGTTCACGCTTAA-1	nc_larvae
nc_CGAAGTTCAGTGGCTC-1	nc_larvae
nc_CGAAGTTCATAGAGGC-1	nc_larvae
nc_CGAAGTTGTACGACTT-1	nc_larvae
nc_CGAAGTTGTAGGAGTC-1	nc_larvae
nc_CGAAGTTTCCGGACGT-1	nc_larvae
nc_CGAAGTTTCGAGAACG-1	nc_larvae
nc_CGAAGTTTCTCCAAGA-1	nc_larvae
nc_CGAATTGAGAATCGAT-1	nc_larvae
nc_CGAATTGAGCAAGCCA-1	nc_larvae
nc_CGAATTGAGCGTTACT-1	nc_larvae
nc_CGAATTGAGCTTCATG-1	nc_larvae
nc_CGAATTGAGGGCAACT-1	nc_larvae
nc_CGAATTGCAGAGTTCT-1	nc_larvae
nc_CGAATTGCATCCTCAC-1	nc_larvae
nc_CGAATTGGTACCCGCA-1	nc_larvae
nc_CGAATTGGTGTCTTCC-1	nc_larvae
nc_CGAATTGGTTGCTCGG-1	nc_larvae
nc_CGAATTGTCCCTCAAC-1	nc_larvae
nc_CGAATTGTCCTGGTCT-1	nc_larvae
nc_CGAATTGTCTCGAGTA-1	nc_larvae
nc_CGAATTGTCTGCCTCA-1	nc_larvae
nc_CGACAGCAGGCGACAT-1	nc_larvae
nc_CGACAGCAGTGTTGAA-1	nc_larvae
nc_CGACAGCCACCTGCAG-1	nc_larvae
nc_CGACAGCCACCTGTCT-1	nc_larvae
nc_CGACAGCCATCAGCGC-1	nc_larvae
nc_CGACAGCGTAAGCAAT-1	nc_larvae
nc_CGACAGCGTCCCTGTT-1	nc_larvae
nc_CGACAGCGTCGCACGT-1	nc_larvae
nc_CGACAGCGTCTGCAAT-1	nc_larvae
nc_CGACAGCTCGCGTGCA-1	nc_larvae
nc_CGACAGCTCGCTACGG-1	nc_larvae
nc_CGACAGCTCGGCTGTG-1	nc_larvae
nc_CGACAGCTCTGATTCT-1	nc_larvae
nc_CGAGAAGAGAGGCGTT-1	nc_larvae
nc_CGAGAAGAGCAATAAC-1	nc_larvae
nc_CGAGAAGAGCACGATG-1	nc_larvae
nc_CGAGAAGCACGCAGTC-1	nc_larvae
nc_CGAGAAGGTACGGGAT-1	nc_larvae
nc_CGAGAAGGTGCTGATT-1	nc_larvae
nc_CGAGAAGTCGATACAC-1	nc_larvae
nc_CGAGGAAAGATGTTCC-1	nc_larvae
nc_CGAGGAAAGCACTGGA-1	nc_larvae
nc_CGAGGAAAGGGCCCTT-1	nc_larvae
nc_CGAGGAAAGTCCCGAC-1	nc_larvae
nc_CGAGGAACAATCCTAG-1	nc_larvae
nc_CGAGGAACACCAACAT-1	nc_larvae
nc_CGAGGAACACTACTTT-1	nc_larvae
nc_CGAGGAACAGGAGACT-1	nc_larvae
nc_CGAGGAAGTAGCTGTT-1	nc_larvae
nc_CGAGGAAGTCTTCTAT-1	nc_larvae
nc_CGAGGAATCTTGGTGA-1	nc_larvae
nc_CGAGGCTAGGCTATCT-1	nc_larvae
nc_CGAGGCTCAACTCGTA-1	nc_larvae
nc_CGAGGCTCAACTTGGT-1	nc_larvae
nc_CGAGGCTCACTACGGC-1	nc_larvae
nc_CGAGGCTCACTGCTTC-1	nc_larvae
nc_CGAGGCTCACTTGGCG-1	nc_larvae
nc_CGAGGCTCAGAGAATT-1	nc_larvae
nc_CGAGGCTGTTAGGGTG-1	nc_larvae
nc_CGAGGCTTCACCTTAT-1	nc_larvae
nc_CGAGGCTTCATCACCC-1	nc_larvae
nc_CGAGGCTTCGATACTG-1	nc_larvae
nc_CGAGTGCAGAATTCAG-1	nc_larvae
nc_CGAGTGCAGCTAGATA-1	nc_larvae
nc_CGAGTGCAGGACGCTA-1	nc_larvae
nc_CGAGTGCAGGCTGGAT-1	nc_larvae
nc_CGAGTGCAGGTGATCG-1	nc_larvae
nc_CGAGTGCAGTCTACCA-1	nc_larvae
nc_CGAGTGCGTAACACGG-1	nc_larvae
nc_CGAGTGCGTACCGCGT-1	nc_larvae
nc_CGAGTTAAGCTCCCTT-1	nc_larvae
nc_CGAGTTAAGGGCATGT-1	nc_larvae
nc_CGAGTTAAGTACTGGG-1	nc_larvae
nc_CGAGTTAAGTTCCATG-1	nc_larvae
nc_CGAGTTACAACAGTGG-1	nc_larvae
nc_CGAGTTACAACATCGT-1	nc_larvae
nc_CGAGTTACAAGACTGG-1	nc_larvae
nc_CGAGTTACACATTCGA-1	nc_larvae
nc_CGAGTTACACGCGGTT-1	nc_larvae
nc_CGAGTTACATACAGAA-1	nc_larvae
nc_CGAGTTAGTCCGGTCA-1	nc_larvae
nc_CGAGTTATCAAGTCGT-1	nc_larvae
nc_CGAGTTATCACCATAG-1	nc_larvae
nc_CGAGTTATCACTCACC-1	nc_larvae
nc_CGAGTTATCAGCGTCG-1	nc_larvae
nc_CGAGTTATCGTTGTGA-1	nc_larvae
nc_CGATCGGAGACCTCCG-1	nc_larvae
nc_CGATCGGAGGAGTATT-1	nc_larvae
nc_CGATCGGAGGTGTGAC-1	nc_larvae
nc_CGATCGGAGTCAGCGA-1	nc_larvae
nc_CGATCGGCACCCTCTA-1	nc_larvae
nc_CGATCGGCACCTTCCA-1	nc_larvae
nc_CGATCGGCACGACGTC-1	nc_larvae
nc_CGATCGGGTCATATGC-1	nc_larvae
nc_CGATCGGGTCCTTAAG-1	nc_larvae
nc_CGATCGGGTGAGTAGC-1	nc_larvae
nc_CGATGCGAGAGGGTCT-1	nc_larvae
nc_CGATGCGAGTATGGAT-1	nc_larvae
nc_CGATGCGCACCTTCGT-1	nc_larvae
nc_CGATGCGGTCTTTCTA-1	nc_larvae
nc_CGATGCGTCATATGGC-1	nc_larvae
nc_CGATGCGTCTGCGGCA-1	nc_larvae
nc_CGATGGCAGGCACCAA-1	nc_larvae
nc_CGATGGCAGTGCTACT-1	nc_larvae
nc_CGATGGCCAAGCAGGT-1	nc_larvae
nc_CGATGGCCAAGTCCCG-1	nc_larvae
nc_CGATGGCCAGACTGCC-1	nc_larvae
nc_CGATGGCCAGAGTGAC-1	nc_larvae
nc_CGATGGCCATGGGCAA-1	nc_larvae
nc_CGATGGCGTGTTCATG-1	nc_larvae
nc_CGATGGCGTTTCGTGA-1	nc_larvae
nc_CGATGGCTCCGCTTAC-1	nc_larvae
nc_CGATGGCTCGATACTG-1	nc_larvae
nc_CGCAGGTAGAACTGAT-1	nc_larvae
nc_CGCAGGTAGAGAGAAC-1	nc_larvae
nc_CGCAGGTAGCACGTCC-1	nc_larvae
nc_CGCAGGTAGCCATGCC-1	nc_larvae
nc_CGCAGGTAGCTTGTTG-1	nc_larvae
nc_CGCAGGTAGTATAACG-1	nc_larvae
nc_CGCAGGTCAAGGCTTT-1	nc_larvae
nc_CGCAGGTCACAAAGCG-1	nc_larvae
nc_CGCAGGTCACTCATAG-1	nc_larvae
nc_CGCAGGTCAGAGCTAG-1	nc_larvae
nc_CGCAGGTCAGGTGACA-1	nc_larvae
nc_CGCAGGTCATTGGGAG-1	nc_larvae
nc_CGCAGGTGTCAGTCTA-1	nc_larvae
nc_CGCAGGTTCACCTCGT-1	nc_larvae
nc_CGCAGGTTCCATACTT-1	nc_larvae
nc_CGCAGGTTCCTCTTTC-1	nc_larvae
nc_CGCAGGTTCGGAACTT-1	nc_larvae
nc_CGCAGGTTCGTCACCT-1	nc_larvae
nc_CGCAGGTTCTATGCCC-1	nc_larvae
nc_CGCATAAAGGCGAACT-1	nc_larvae
nc_CGCATAACAAAGACTA-1	nc_larvae
nc_CGCATAACAAATCCCA-1	nc_larvae
nc_CGCATAACACGTACAT-1	nc_larvae
nc_CGCATAACATGTGACT-1	nc_larvae
nc_CGCATAAGTCAGACTT-1	nc_larvae
nc_CGCATAAGTGTGCTTA-1	nc_larvae
nc_CGCATAAGTTGCATGT-1	nc_larvae
nc_CGCATAAGTTGCTGAT-1	nc_larvae
nc_CGCATAATCCCTCGTA-1	nc_larvae
nc_CGCATAATCCCTCTCC-1	nc_larvae
nc_CGCATAATCGTACCTC-1	nc_larvae
nc_CGCATAATCTTGGTCC-1	nc_larvae
nc_CGCATGGAGCATTTCG-1	nc_larvae
nc_CGCATGGAGGTCACAG-1	nc_larvae
nc_CGCATGGCACAAGCTT-1	nc_larvae
nc_CGCATGGCAGACCATT-1	nc_larvae
nc_CGCATGGCATGACGGA-1	nc_larvae
nc_CGCATGGGTCTGTCCT-1	nc_larvae
nc_CGCATGGTCAACTCTT-1	nc_larvae
nc_CGCATGGTCCAGTACA-1	nc_larvae
nc_CGCATGGTCCTTATGT-1	nc_larvae
nc_CGCCAGAAGGCACTCC-1	nc_larvae
nc_CGCCAGAAGGGAGGGT-1	nc_larvae
nc_CGCCAGACAGAGGACT-1	nc_larvae
nc_CGCCAGACAGTTGTTG-1	nc_larvae
nc_CGCCAGAGTACAAACA-1	nc_larvae
nc_CGCCAGAGTAGAGCTG-1	nc_larvae
nc_CGCCAGAGTCCGACGT-1	nc_larvae
nc_CGCCAGAGTGACTAAA-1	nc_larvae
nc_CGCCAGAGTGATACCT-1	nc_larvae
nc_CGCCAGATCACTACTT-1	nc_larvae
nc_CGCCAGATCTGTGCTC-1	nc_larvae
nc_CGCCATTAGCCTCTCT-1	nc_larvae
nc_CGCCATTAGCGAAACC-1	nc_larvae
nc_CGCCATTAGTGGCGAT-1	nc_larvae
nc_CGCCATTCAAGATCCT-1	nc_larvae
nc_CGCCATTCACAGAGCA-1	nc_larvae
nc_CGCCATTCACTCTCGT-1	nc_larvae
nc_CGCCATTCACTGGCCA-1	nc_larvae
nc_CGCCATTGTAACACCT-1	nc_larvae
nc_CGCCATTGTCTAACTG-1	nc_larvae
nc_CGCCATTGTGCAAGAC-1	nc_larvae
nc_CGCCATTTCTCAGTCC-1	nc_larvae
nc_CGCGTGAAGGTTACAA-1	nc_larvae
nc_CGCGTGACACTTGTGA-1	nc_larvae
nc_CGCGTGACATTGAGGG-1	nc_larvae
nc_CGCGTGAGTGTAAACA-1	nc_larvae
nc_CGCGTGAGTGTTGCCG-1	nc_larvae
nc_CGCGTGAGTTTCTATC-1	nc_larvae
nc_CGCGTGATCAGGGATG-1	nc_larvae
nc_CGCGTGATCCGGTAAT-1	nc_larvae
nc_CGCGTGATCTCAACGA-1	nc_larvae
nc_CGGAACCAGTAACGAT-1	nc_larvae
nc_CGGAACCAGTCAATCC-1	nc_larvae
nc_CGGAACCCACCAAATC-1	nc_larvae
nc_CGGAACCCACGGGCTT-1	nc_larvae
nc_CGGAACCCAGAAATCA-1	nc_larvae
nc_CGGAACCCATGAAAGT-1	nc_larvae
nc_CGGAACCGTTGTTGCA-1	nc_larvae
nc_CGGAACCTCCACGGGT-1	nc_larvae
nc_CGGAACCTCGTTCGCT-1	nc_larvae
nc_CGGAATTAGCCATGCC-1	nc_larvae
nc_CGGAATTAGCGCCATC-1	nc_larvae
nc_CGGAATTAGTTGTCGT-1	nc_larvae
nc_CGGAATTCAACGACTT-1	nc_larvae
nc_CGGAATTCAGACAAGC-1	nc_larvae
nc_CGGAATTCAGCGTACC-1	nc_larvae
nc_CGGAATTCAGTTCCAA-1	nc_larvae
nc_CGGAATTCATGCAGGA-1	nc_larvae
nc_CGGAATTCATGCGTGC-1	nc_larvae
nc_CGGAATTGTCAACACT-1	nc_larvae
nc_CGGAATTGTGGTCCGT-1	nc_larvae
nc_CGGAATTTCACATTGG-1	nc_larvae
nc_CGGAATTTCCCATACC-1	nc_larvae
nc_CGGAATTTCTGCGATA-1	nc_larvae
nc_CGGACACAGCCAGTAG-1	nc_larvae
nc_CGGACACAGCGAACTG-1	nc_larvae
nc_CGGACACAGGCCTAGA-1	nc_larvae
nc_CGGACACAGGGCCAAT-1	nc_larvae
nc_CGGACACAGTCACGAG-1	nc_larvae
nc_CGGACACCAACAAAGT-1	nc_larvae
nc_CGGACACCAACGTAAA-1	nc_larvae
nc_CGGACACCAAGAGCTG-1	nc_larvae
nc_CGGACACCAGAGAGGG-1	nc_larvae
nc_CGGACACGTCCGTTTC-1	nc_larvae
nc_CGGACACTCGAGAATA-1	nc_larvae
nc_CGGACACTCGGATAAA-1	nc_larvae
nc_CGGAGAAAGATTGTGA-1	nc_larvae
nc_CGGAGAAAGGTGCGAT-1	nc_larvae
nc_CGGAGAACAAGCCTGC-1	nc_larvae
nc_CGGAGAACATGAAGGC-1	nc_larvae
nc_CGGAGAACATTGGGAG-1	nc_larvae
nc_CGGAGAAGTAAGATCA-1	nc_larvae
nc_CGGAGAAGTCGGCACT-1	nc_larvae
nc_CGGAGAAGTCGTCGGT-1	nc_larvae
nc_CGGAGAAGTCTAATCG-1	nc_larvae
nc_CGGAGAAGTCTTGTCC-1	nc_larvae
nc_CGGAGAATCCAGCCTT-1	nc_larvae
nc_CGGAGAATCGATGGAG-1	nc_larvae
nc_CGGCAGTAGCAGCAGT-1	nc_larvae
nc_CGGCAGTAGGAGGCAG-1	nc_larvae
nc_CGGCAGTAGTGTGTTC-1	nc_larvae
nc_CGGCAGTAGTTCCGGC-1	nc_larvae
nc_CGGCAGTCAACTAGAA-1	nc_larvae
nc_CGGCAGTCAATGAACA-1	nc_larvae
nc_CGGCAGTCATGGGCAA-1	nc_larvae
nc_CGGCAGTGTGAGCAGT-1	nc_larvae
nc_CGGCAGTGTGCTGATT-1	nc_larvae
nc_CGGGACTAGCAGGTCA-1	nc_larvae
nc_CGGGACTAGGTCCAGA-1	nc_larvae
nc_CGGGACTCAAAGCAAT-1	nc_larvae
nc_CGGGACTCACTGCATA-1	nc_larvae
nc_CGGGACTCAGCGGATA-1	nc_larvae
nc_CGGGACTCATACAGCT-1	nc_larvae
nc_CGGGACTGTCAATCTG-1	nc_larvae
nc_CGGGACTGTTACCTGA-1	nc_larvae
nc_CGGGACTGTTTGTTCT-1	nc_larvae
nc_CGGGACTTCATGCAGT-1	nc_larvae
nc_CGGGACTTCCCGAAAT-1	nc_larvae
nc_CGGGACTTCCGATAGT-1	nc_larvae
nc_CGGGCATAGCACTCGC-1	nc_larvae
nc_CGGGCATAGCCGCACT-1	nc_larvae
nc_CGGGCATCAATGAGCG-1	nc_larvae
nc_CGGGCATCACACAGAG-1	nc_larvae
nc_CGGGCATCAGCTGGTC-1	nc_larvae
nc_CGGGCATCAGTGTATC-1	nc_larvae
nc_CGGGCATCATAATCGC-1	nc_larvae
nc_CGGGCATCATAATGCC-1	nc_larvae
nc_CGGGCATGTAACCAGG-1	nc_larvae
nc_CGGGCATGTAGTTAGA-1	nc_larvae
nc_CGGGCATGTTTACCAG-1	nc_larvae
nc_CGGGCATTCGATCCAA-1	nc_larvae
nc_CGGGCATTCTTGAACG-1	nc_larvae
nc_CGGGTCAAGACAACTA-1	nc_larvae
nc_CGGGTCAAGACGGTCA-1	nc_larvae
nc_CGGGTCACACTGCGAC-1	nc_larvae
nc_CGGGTCACAGTCTTCC-1	nc_larvae
nc_CGGGTCAGTACTCAAC-1	nc_larvae
nc_CGGGTCAGTATCGTGT-1	nc_larvae
nc_CGGGTCAGTCGGCACT-1	nc_larvae
nc_CGGGTCAGTCTCAGGC-1	nc_larvae
nc_CGGGTCATCACCTTAT-1	nc_larvae
nc_CGGGTCATCCAACTGA-1	nc_larvae
nc_CGGGTGTAGATGAATC-1	nc_larvae
nc_CGGGTGTCAAAGCAAT-1	nc_larvae
nc_CGGGTGTCAACGTTAC-1	nc_larvae
nc_CGGGTGTCAGAACTCT-1	nc_larvae
nc_CGGGTGTCAGCTGTTA-1	nc_larvae
nc_CGGGTGTGTACCTTCC-1	nc_larvae
nc_CGGGTGTTCGTTGTTT-1	nc_larvae
nc_CGGTCAGAGCTATCCA-1	nc_larvae
nc_CGGTCAGCACTGGCGT-1	nc_larvae
nc_CGGTCAGGTGCCGTTG-1	nc_larvae
nc_CGGTCAGGTTCCATTT-1	nc_larvae
nc_CGGTCAGTCAGCCTCT-1	nc_larvae
nc_CGGTCAGTCCGTAGGC-1	nc_larvae
nc_CGTAAGTAGACGTCGA-1	nc_larvae
nc_CGTAAGTAGAGGGTGG-1	nc_larvae
nc_CGTAAGTCAATCCAGT-1	nc_larvae
nc_CGTAAGTCAGACTCTA-1	nc_larvae
nc_CGTAAGTCAGGCCTGT-1	nc_larvae
nc_CGTAAGTCATTGTCGA-1	nc_larvae
nc_CGTAAGTGTACCTATG-1	nc_larvae
nc_CGTAAGTTCAGGAAAT-1	nc_larvae
nc_CGTAAGTTCCAACTAG-1	nc_larvae
nc_CGTAATGAGACATCCT-1	nc_larvae
nc_CGTAATGAGCATCAGG-1	nc_larvae
nc_CGTAATGAGCCTTCTC-1	nc_larvae
nc_CGTAATGCACCCATAA-1	nc_larvae
nc_CGTAATGCACGACGAA-1	nc_larvae
nc_CGTAATGCAGCTATTG-1	nc_larvae
nc_CGTAATGCAGGATGAC-1	nc_larvae
nc_CGTAATGGTCCAGGTC-1	nc_larvae
nc_CGTAATGGTCTAACTG-1	nc_larvae
nc_CGTAATGGTGACCGTC-1	nc_larvae
nc_CGTAATGGTGCATTAC-1	nc_larvae
nc_CGTAATGTCCAAGCCG-1	nc_larvae
nc_CGTAATGTCCCGATCT-1	nc_larvae
nc_CGTAATGTCGAGCACC-1	nc_larvae
nc_CGTAATGTCGTCAACA-1	nc_larvae
nc_CGTAATGTCTGAACGT-1	nc_larvae
nc_CGTAGTAAGCAGTACG-1	nc_larvae
nc_CGTAGTAAGGCGAACT-1	nc_larvae
nc_CGTAGTAAGTGGCCTC-1	nc_larvae
nc_CGTAGTACAAGCGCAA-1	nc_larvae
nc_CGTAGTACAATGCTCA-1	nc_larvae
nc_CGTAGTACACCCTTGT-1	nc_larvae
nc_CGTAGTACAGTCGAGA-1	nc_larvae
nc_CGTAGTACATGTTACG-1	nc_larvae
nc_CGTAGTAGTGGATACG-1	nc_larvae
nc_CGTAGTATCTCTGCCA-1	nc_larvae
nc_CGTCAAAAGACTCATC-1	nc_larvae
nc_CGTCAAAAGCAACAGC-1	nc_larvae
nc_CGTCAAAAGGTGATAT-1	nc_larvae
nc_CGTCAAACAACCAACT-1	nc_larvae
nc_CGTCAAAGTATGTGTC-1	nc_larvae
nc_CGTCAAAGTCACATTG-1	nc_larvae
nc_CGTCAAATCAGAATAG-1	nc_larvae
nc_CGTCCATAGAAACCCG-1	nc_larvae
nc_CGTCCATAGAGTACCG-1	nc_larvae
nc_CGTCCATAGGCGACAT-1	nc_larvae
nc_CGTCCATAGTAGACCG-1	nc_larvae
nc_CGTCCATAGTCGAAGC-1	nc_larvae
nc_CGTCCATCAAGGCTTT-1	nc_larvae
nc_CGTCCATCACCCTATC-1	nc_larvae
nc_CGTCCATCAGCTTCGG-1	nc_larvae
nc_CGTCCATGTAAGGCTG-1	nc_larvae
nc_CGTCCATGTCACTACA-1	nc_larvae
nc_CGTCCATGTCCGGTGT-1	nc_larvae
nc_CGTCCATGTGGGTTGA-1	nc_larvae
nc_CGTCCATTCAAACGTC-1	nc_larvae
nc_CGTGAATAGCAGATAT-1	nc_larvae
nc_CGTGAATAGGCATCAG-1	nc_larvae
nc_CGTGAATAGGCCACCT-1	nc_larvae
nc_CGTGAATAGTAATCCC-1	nc_larvae
nc_CGTGAATAGTAGGGTC-1	nc_larvae
nc_CGTGAATAGTGTTCCA-1	nc_larvae
nc_CGTGAATCAGGAATAT-1	nc_larvae
nc_CGTGAATCATCGCCTT-1	nc_larvae
nc_CGTGAATGTGACAGGT-1	nc_larvae
nc_CGTGAATGTGTTTACG-1	nc_larvae
nc_CGTGAATGTTCTCGTC-1	nc_larvae
nc_CGTGAATTCCATGCAA-1	nc_larvae
nc_CGTGAATTCGATTGGT-1	nc_larvae
nc_CGTGAATTCTGCAGCG-1	nc_larvae
nc_CGTGATAAGAAGTGTT-1	nc_larvae
nc_CGTGATAAGACTGAGC-1	nc_larvae
nc_CGTGATAAGCCGCTTG-1	nc_larvae
nc_CGTGATAAGTGTTGAA-1	nc_larvae
nc_CGTGATAGTACGATGG-1	nc_larvae
nc_CGTGATAGTGCCTAAT-1	nc_larvae
nc_CGTGATAGTGTATCCA-1	nc_larvae
nc_CGTGATATCACCGGGT-1	nc_larvae
nc_CGTGATATCGCTCCTA-1	nc_larvae
nc_CGTGATATCTACGCGG-1	nc_larvae
nc_CGTGATATCTCTGGTC-1	nc_larvae
nc_CGTGCTTAGCCAAGCA-1	nc_larvae
nc_CGTGCTTCAAAGTATG-1	nc_larvae
nc_CGTGCTTCAATTGCTG-1	nc_larvae
nc_CGTGCTTCAGCACCCA-1	nc_larvae
nc_CGTGCTTCAGTGGTGA-1	nc_larvae
nc_CGTGCTTGTAATGATG-1	nc_larvae
nc_CGTGCTTGTGAATTAG-1	nc_larvae
nc_CGTGCTTGTGCAGATG-1	nc_larvae
nc_CGTGCTTTCACAACCA-1	nc_larvae
nc_CGTGCTTTCCTAGCGG-1	nc_larvae
nc_CGTGCTTTCTATGTGG-1	nc_larvae
nc_CGTGCTTTCTCGTGAA-1	nc_larvae
nc_CGTGCTTTCTGTCAGA-1	nc_larvae
nc_CGTGTCTAGATCCAAA-1	nc_larvae
nc_CGTGTCTAGGGATCAC-1	nc_larvae
nc_CGTGTCTAGTTACTCG-1	nc_larvae
nc_CGTGTCTCACAACGCC-1	nc_larvae
nc_CGTGTCTCACTAGAGG-1	nc_larvae
nc_CGTGTCTCAGCGGATA-1	nc_larvae
nc_CGTGTCTGTAACGATA-1	nc_larvae
nc_CGTGTCTGTCAACACT-1	nc_larvae
nc_CGTGTCTTCCCGTGAG-1	nc_larvae
nc_CGTGTCTTCCGCTGTT-1	nc_larvae
nc_CGTGTCTTCTAGCCAA-1	nc_larvae
nc_CGTGTCTTCTCGACCT-1	nc_larvae
nc_CGTTAGAAGAATCCCT-1	nc_larvae
nc_CGTTAGAAGCGATGCA-1	nc_larvae
nc_CGTTAGAAGGCGAAGG-1	nc_larvae
nc_CGTTAGACACACAGAG-1	nc_larvae
nc_CGTTAGACACAGACGA-1	nc_larvae
nc_CGTTAGACACCTCTAC-1	nc_larvae
nc_CGTTAGAGTCCCACGA-1	nc_larvae
nc_CGTTAGAGTCGTCTCT-1	nc_larvae
nc_CGTTAGAGTGGTACAG-1	nc_larvae
nc_CGTTAGATCGCCCAGA-1	nc_larvae
nc_CGTTAGATCGCCTCTA-1	nc_larvae
nc_CGTTAGATCGCGCCAA-1	nc_larvae
nc_CGTTCTGAGCGTTCAT-1	nc_larvae
nc_CGTTCTGAGGTCATAA-1	nc_larvae
nc_CGTTCTGAGTGGTTAA-1	nc_larvae
nc_CGTTCTGAGTTCTCTT-1	nc_larvae
nc_CGTTCTGCAACACACT-1	nc_larvae
nc_CGTTCTGCAGGCTTGC-1	nc_larvae
nc_CGTTCTGCAGTTTGGT-1	nc_larvae
nc_CGTTCTGCATGCTGCG-1	nc_larvae
nc_CGTTCTGGTAAGATAC-1	nc_larvae
nc_CGTTCTGGTGAATAAC-1	nc_larvae
nc_CGTTCTGGTTATCTGG-1	nc_larvae
nc_CGTTCTGTCATTCTTG-1	nc_larvae
nc_CGTTCTGTCCAGCTCT-1	nc_larvae
nc_CGTTGGGAGAAGCCTG-1	nc_larvae
nc_CGTTGGGAGAGGATGA-1	nc_larvae
nc_CGTTGGGCAATACCTG-1	nc_larvae
nc_CGTTGGGTCAATGCAC-1	nc_larvae
nc_CGTTGGGTCATATGGC-1	nc_larvae
nc_CGTTGGGTCTATCGCC-1	nc_larvae
nc_CTAACCCAGGAAACGA-1	nc_larvae
nc_CTAACCCAGTTGCATC-1	nc_larvae
nc_CTAACCCCAGATCCTA-1	nc_larvae
nc_CTAACCCCAGCCCACA-1	nc_larvae
nc_CTAACCCGTATCATGC-1	nc_larvae
nc_CTAACCCGTTGAGAGC-1	nc_larvae
nc_CTAACCCGTTTCGATG-1	nc_larvae
nc_CTAACCCTCACTCACC-1	nc_larvae
nc_CTAACCCTCCCTATTA-1	nc_larvae
nc_CTAACCCTCCTTCGAC-1	nc_larvae
nc_CTAACCCTCGCGTTTC-1	nc_larvae
nc_CTAACCCTCTGTTCAT-1	nc_larvae
nc_CTAACTTAGACGCAGT-1	nc_larvae
nc_CTAACTTAGGACTGGT-1	nc_larvae
nc_CTAACTTAGGATTCAA-1	nc_larvae
nc_CTAACTTAGGTCGTCC-1	nc_larvae
nc_CTAACTTAGTTACGAA-1	nc_larvae
nc_CTAACTTAGTTCCAGT-1	nc_larvae
nc_CTAACTTCATTGACTG-1	nc_larvae
nc_CTAACTTGTGTTCCAA-1	nc_larvae
nc_CTAACTTTCGACATAC-1	nc_larvae
nc_CTAACTTTCGCGGTAC-1	nc_larvae
nc_CTAAGTGAGAGATCGC-1	nc_larvae
nc_CTAAGTGAGAGCAGAA-1	nc_larvae
nc_CTAAGTGAGCATAGGC-1	nc_larvae
nc_CTAAGTGAGGCCTAAG-1	nc_larvae
nc_CTAAGTGAGGCTAGCA-1	nc_larvae
nc_CTAAGTGAGTCAGCCC-1	nc_larvae
nc_CTAAGTGCAGGTTACT-1	nc_larvae
nc_CTAAGTGCATCAGCAT-1	nc_larvae
nc_CTAAGTGGTAAGATTG-1	nc_larvae
nc_CTAAGTGGTATCCTCC-1	nc_larvae
nc_CTAAGTGGTTACCTGA-1	nc_larvae
nc_CTAAGTGGTTGCTAGT-1	nc_larvae
nc_CTAAGTGTCTGACCCT-1	nc_larvae
nc_CTACAGAAGACGACGT-1	nc_larvae
nc_CTACAGAAGGTGGGTT-1	nc_larvae
nc_CTACAGACACGCCAGT-1	nc_larvae
nc_CTACAGACATGGTACT-1	nc_larvae
nc_CTACAGAGTCGATTCA-1	nc_larvae
nc_CTACAGAGTTAAGGAT-1	nc_larvae
nc_CTACAGATCAGTAGGG-1	nc_larvae
nc_CTACAGATCGGACCAC-1	nc_larvae
nc_CTACAGATCTTACCGC-1	nc_larvae
nc_CTACATTAGAGCATTA-1	nc_larvae
nc_CTACATTAGCGGTAGT-1	nc_larvae
nc_CTACATTAGTTGTAGA-1	nc_larvae
nc_CTACATTCAAACGAGC-1	nc_larvae
nc_CTACATTCACGCTGCA-1	nc_larvae
nc_CTACATTCAGAGAAAG-1	nc_larvae
nc_CTACATTCAGTGTATC-1	nc_larvae
nc_CTACATTTCCCTATTA-1	nc_larvae
nc_CTACATTTCGGCTTCT-1	nc_larvae
nc_CTACATTTCTGGACTA-1	nc_larvae
nc_CTACATTTCTTTCAGT-1	nc_larvae
nc_CTACCCAAGCAACAGC-1	nc_larvae
nc_CTACCCAAGCTGAGTG-1	nc_larvae
nc_CTACCCACACCCTCTA-1	nc_larvae
nc_CTACCCAGTAGAATGT-1	nc_larvae
nc_CTACCCAGTCATAACC-1	nc_larvae
nc_CTACCCATCACGGGAA-1	nc_larvae
nc_CTACCCATCCACAAGT-1	nc_larvae
nc_CTACCCATCCACCCTA-1	nc_larvae
nc_CTACCCATCCGCCTAT-1	nc_larvae
nc_CTACCCATCGCTGCGA-1	nc_larvae
nc_CTACCCATCTAAACGC-1	nc_larvae
nc_CTACCCATCTTGCGCT-1	nc_larvae
nc_CTACCTGAGAACTTCC-1	nc_larvae
nc_CTACCTGAGGTTTACC-1	nc_larvae
nc_CTACCTGGTGATACAA-1	nc_larvae
nc_CTACCTGGTGGGTCAA-1	nc_larvae
nc_CTACCTGGTGTATTGC-1	nc_larvae
nc_CTACCTGGTGTGCCTG-1	nc_larvae
nc_CTACCTGTCAAACCTG-1	nc_larvae
nc_CTACCTGTCCGGTAGC-1	nc_larvae
nc_CTACCTGTCCTTATAC-1	nc_larvae
nc_CTACCTGTCTTAATCC-1	nc_larvae
nc_CTACGGGAGAATCGTA-1	nc_larvae
nc_CTACGGGAGATGCAGC-1	nc_larvae
nc_CTACGGGAGGATCACG-1	nc_larvae
nc_CTACGGGCACAGACGA-1	nc_larvae
nc_CTACGGGCACGTCATA-1	nc_larvae
nc_CTACGGGCACTGGCCA-1	nc_larvae
nc_CTACGGGGTCTGATAC-1	nc_larvae
nc_CTACGGGGTGTTCGTA-1	nc_larvae
nc_CTACGGGGTTGCCTAA-1	nc_larvae
nc_CTACGGGTCGCCAATA-1	nc_larvae
nc_CTACGGGTCGCCTTGT-1	nc_larvae
nc_CTACTATAGACCATTC-1	nc_larvae
nc_CTACTATAGATGGCAC-1	nc_larvae
nc_CTACTATAGCCAACCC-1	nc_larvae
nc_CTACTATAGCGATTCT-1	nc_larvae
nc_CTACTATAGGAACGCT-1	nc_larvae
nc_CTACTATAGGGTGAGG-1	nc_larvae
nc_CTACTATAGTACCGGA-1	nc_larvae
nc_CTACTATAGTCTTCGA-1	nc_larvae
nc_CTACTATCAACTCCAA-1	nc_larvae
nc_CTACTATCAATGAACA-1	nc_larvae
nc_CTACTATCACATTCGA-1	nc_larvae
nc_CTACTATGTACGTTCA-1	nc_larvae
nc_CTACTATGTATGTCAC-1	nc_larvae
nc_CTACTATGTCTTGAGT-1	nc_larvae
nc_CTACTATGTTGTGTTG-1	nc_larvae
nc_CTACTATTCACGGTCG-1	nc_larvae
nc_CTACTATTCGATTTCT-1	nc_larvae
nc_CTACTATTCTACGCAA-1	nc_larvae
nc_CTACTATTCTGGACTA-1	nc_larvae
nc_CTAGACAAGTAGCATA-1	nc_larvae
nc_CTAGACACACTAGGTT-1	nc_larvae
nc_CTAGACAGTACTCGTA-1	nc_larvae
nc_CTAGACAGTGTAACGG-1	nc_larvae
nc_CTAGACATCACACCCT-1	nc_larvae
nc_CTAGACATCGAAGTGG-1	nc_larvae
nc_CTAGACATCGGTCACG-1	nc_larvae
nc_CTAGACATCTAGACCA-1	nc_larvae
nc_CTAGACATCTGCACCT-1	nc_larvae
nc_CTAGGTAAGGACTGGT-1	nc_larvae
nc_CTAGGTAAGTGATAGT-1	nc_larvae
nc_CTAGGTACAAGCTCTA-1	nc_larvae
nc_CTAGGTACACAACGAG-1	nc_larvae
nc_CTAGGTACACATTCTT-1	nc_larvae
nc_CTAGGTACAGGCGTTC-1	nc_larvae
nc_CTAGGTACATGTCAGT-1	nc_larvae
nc_CTAGGTAGTTCAAACC-1	nc_larvae
nc_CTAGGTATCAGTGGGA-1	nc_larvae
nc_CTAGGTATCATTCACT-1	nc_larvae
nc_CTAGGTATCCCTTCCC-1	nc_larvae
nc_CTAGGTATCGAGAGAC-1	nc_larvae
nc_CTAGGTATCTGAATCG-1	nc_larvae
nc_CTATAGGAGGATATGT-1	nc_larvae
nc_CTATAGGAGTACAACA-1	nc_larvae
nc_CTATAGGAGTATAGGT-1	nc_larvae
nc_CTATAGGAGTGGACGT-1	nc_larvae
nc_CTATAGGCACCCTATC-1	nc_larvae
nc_CTATAGGCAGTGCCTG-1	nc_larvae
nc_CTATAGGGTACTCCGG-1	nc_larvae
nc_CTATAGGTCAATCGGT-1	nc_larvae
nc_CTATAGGTCGCACTCT-1	nc_larvae
nc_CTATAGGTCTCACGAA-1	nc_larvae
nc_CTATAGGTCTCATGGA-1	nc_larvae
nc_CTATCCGAGCTGGCTC-1	nc_larvae
nc_CTATCCGAGGGAGTTC-1	nc_larvae
nc_CTATCCGAGTCTTCGA-1	nc_larvae
nc_CTATCCGCAAAGCTAA-1	nc_larvae
nc_CTATCCGCAATGCAAA-1	nc_larvae
nc_CTATCCGGTAGCTTGT-1	nc_larvae
nc_CTATCCGGTCGTATTG-1	nc_larvae
nc_CTATCCGGTTCCCAAA-1	nc_larvae
nc_CTATCCGTCAAACCCA-1	nc_larvae
nc_CTATCCGTCCCATGGG-1	nc_larvae
nc_CTATCCGTCTCTTGCG-1	nc_larvae
nc_CTATCTAAGATGCTGG-1	nc_larvae
nc_CTATCTAAGTACGAGC-1	nc_larvae
nc_CTATCTAAGTGGCAGT-1	nc_larvae
nc_CTATCTAAGTGGTTAA-1	nc_larvae
nc_CTATCTACAACCAGAG-1	nc_larvae
nc_CTATCTACAATTGCTG-1	nc_larvae
nc_CTATCTACACCGAATT-1	nc_larvae
nc_CTATCTACACGTACAT-1	nc_larvae
nc_CTATCTACAGCAGTGA-1	nc_larvae
nc_CTATCTATCAAGTTGC-1	nc_larvae
nc_CTCAACCAGAATTTGG-1	nc_larvae
nc_CTCAACCAGAGGTGCT-1	nc_larvae
nc_CTCAACCAGATGCCGA-1	nc_larvae
nc_CTCAACCAGCCGATCC-1	nc_larvae
nc_CTCAACCAGGAACGTC-1	nc_larvae
nc_CTCAACCAGTCTAGAA-1	nc_larvae
nc_CTCAACCCACAATGTC-1	nc_larvae
nc_CTCAACCCATCACAGT-1	nc_larvae
nc_CTCAACCGTACCTTCC-1	nc_larvae
nc_CTCAACCGTAGATCCT-1	nc_larvae
nc_CTCAACCGTCTCGGAC-1	nc_larvae
nc_CTCAACCGTGACTAAA-1	nc_larvae
nc_CTCAACCGTTCTGACA-1	nc_larvae
nc_CTCAAGAAGAACGTGC-1	nc_larvae
nc_CTCAAGAAGCTAAGTA-1	nc_larvae
nc_CTCAAGAAGGCACCAA-1	nc_larvae
nc_CTCAAGAAGGTATAGT-1	nc_larvae
nc_CTCAAGACAACGTATC-1	nc_larvae
nc_CTCAAGACACATCCCT-1	nc_larvae
nc_CTCAAGACACGCTGCA-1	nc_larvae
nc_CTCAAGACACTTCTCG-1	nc_larvae
nc_CTCAAGACAGGCACTC-1	nc_larvae
nc_CTCAAGAGTGTTAAAG-1	nc_larvae
nc_CTCAAGATCACGACTA-1	nc_larvae
nc_CTCAAGATCCTCCACA-1	nc_larvae
nc_CTCAAGATCGGACTGC-1	nc_larvae
nc_CTCAAGATCTGGCTGG-1	nc_larvae
nc_CTCAATTAGAAGGTAG-1	nc_larvae
nc_CTCAATTAGGCACTAG-1	nc_larvae
nc_CTCAATTCACTGATTG-1	nc_larvae
nc_CTCAATTCAGGTGGAT-1	nc_larvae
nc_CTCAATTCATGCCATA-1	nc_larvae
nc_CTCAATTGTGGATTTC-1	nc_larvae
nc_CTCAATTGTTAGCGGA-1	nc_larvae
nc_CTCAATTGTTCAAGGG-1	nc_larvae
nc_CTCAATTGTTTGGAAA-1	nc_larvae
nc_CTCACTGAGCCTATCA-1	nc_larvae
nc_CTCACTGAGCTTTGTG-1	nc_larvae
nc_CTCACTGAGTGGGAAA-1	nc_larvae
nc_CTCACTGCAAAGCTAA-1	nc_larvae
nc_CTCACTGCAACCCTAA-1	nc_larvae
nc_CTCACTGCACTCAGAT-1	nc_larvae
nc_CTCACTGGTACATTGC-1	nc_larvae
nc_CTCACTGGTACTCGTA-1	nc_larvae
nc_CTCACTGGTAGGATAT-1	nc_larvae
nc_CTCACTGGTCAGCTTA-1	nc_larvae
nc_CTCACTGGTCCTTTGC-1	nc_larvae
nc_CTCACTGGTCGCAGTC-1	nc_larvae
nc_CTCACTGGTTCTCTAT-1	nc_larvae
nc_CTCACTGTCAAGAAAC-1	nc_larvae
nc_CTCACTGTCATTTCGT-1	nc_larvae
nc_CTCACTGTCCCGAGGT-1	nc_larvae
nc_CTCACTGTCGCGTCGA-1	nc_larvae
nc_CTCACTGTCGCTGTTC-1	nc_larvae
nc_CTCACTGTCTGCAGCG-1	nc_larvae
nc_CTCAGAAAGACTGGGT-1	nc_larvae
nc_CTCAGAAAGCAAGGAA-1	nc_larvae
nc_CTCAGAAAGGAGTATT-1	nc_larvae
nc_CTCAGAACAGGCGTTC-1	nc_larvae
nc_CTCAGAAGTAGCCCTG-1	nc_larvae
nc_CTCAGAAGTCGTCAGC-1	nc_larvae
nc_CTCAGAAGTCGTTGCG-1	nc_larvae
nc_CTCAGAAGTGCTGCAC-1	nc_larvae
nc_CTCAGAATCGCCTTTG-1	nc_larvae
nc_CTCAGGGAGAGAGCGG-1	nc_larvae
nc_CTCAGGGAGATCCAAA-1	nc_larvae
nc_CTCAGGGAGCTTCGTA-1	nc_larvae
nc_CTCAGGGAGGCGAAGG-1	nc_larvae
nc_CTCAGGGAGTAGCAAT-1	nc_larvae
nc_CTCAGGGAGTCACGCC-1	nc_larvae
nc_CTCAGGGCACATCATG-1	nc_larvae
nc_CTCAGGGCAGAAATTG-1	nc_larvae
nc_CTCAGGGGTTGCAACT-1	nc_larvae
nc_CTCAGGGGTTTCACAG-1	nc_larvae
nc_CTCAGGGTCATCGCCT-1	nc_larvae
nc_CTCAGGGTCATGGTAC-1	nc_larvae
nc_CTCAGTCCAAGCGATG-1	nc_larvae
nc_CTCAGTCCAGAGGGTT-1	nc_larvae
nc_CTCAGTCGTGTCCTAA-1	nc_larvae
nc_CTCAGTCTCAACGTGT-1	nc_larvae
nc_CTCAGTCTCGTCCTCA-1	nc_larvae
nc_CTCATCGAGAGAGCAA-1	nc_larvae
nc_CTCATCGAGCGTGAGT-1	nc_larvae
nc_CTCATCGAGCTCAGAG-1	nc_larvae
nc_CTCATCGCAGATCCTA-1	nc_larvae
nc_CTCATCGCAGGCTTGC-1	nc_larvae
nc_CTCATCGCATCGATCA-1	nc_larvae
nc_CTCATCGGTCGGTGTC-1	nc_larvae
nc_CTCATCGGTCTCGGGT-1	nc_larvae
nc_CTCATCGGTGTGAATA-1	nc_larvae
nc_CTCATCGGTTGGGTAG-1	nc_larvae
nc_CTCATCGGTTTCTTAC-1	nc_larvae
nc_CTCATCGTCATACGGT-1	nc_larvae
nc_CTCATCGTCCGTCCTA-1	nc_larvae
nc_CTCATCGTCTCCCTAG-1	nc_larvae
nc_CTCATCGTCTGTGCAA-1	nc_larvae
nc_CTCATGCAGCACTCAT-1	nc_larvae
nc_CTCATGCAGGTTACAA-1	nc_larvae
nc_CTCATGCCAAGCGAAC-1	nc_larvae
nc_CTCATGCCAATAGTAG-1	nc_larvae
nc_CTCATGCCACATGTTG-1	nc_larvae
nc_CTCATGCCAGGTTCGC-1	nc_larvae
nc_CTCATGCCATCATCTT-1	nc_larvae
nc_CTCATGCGTATAGGAT-1	nc_larvae
nc_CTCATGCGTCCGACGT-1	nc_larvae
nc_CTCATGCGTGCACGCT-1	nc_larvae
nc_CTCATGCGTTGAAGTA-1	nc_larvae
nc_CTCATGCTCCCGATCT-1	nc_larvae
nc_CTCATGCTCTAGAGCT-1	nc_larvae
nc_CTCATTAAGATCCCGC-1	nc_larvae
nc_CTCATTAAGTAACGTA-1	nc_larvae
nc_CTCATTAAGTGGCGAT-1	nc_larvae
nc_CTCATTACACAAATAG-1	nc_larvae
nc_CTCATTACACCGTGAC-1	nc_larvae
nc_CTCATTACACTTGGGC-1	nc_larvae
nc_CTCATTAGTCCTGTTC-1	nc_larvae
nc_CTCATTAGTTGCATGT-1	nc_larvae
nc_CTCATTATCCACATAG-1	nc_larvae
nc_CTCATTATCCCATTTA-1	nc_larvae
nc_CTCATTATCGTGGGAA-1	nc_larvae
nc_CTCCAACAGACACACG-1	nc_larvae
nc_CTCCAACAGAGTGAAG-1	nc_larvae
nc_CTCCAACAGATGGCGT-1	nc_larvae
nc_CTCCAACAGCTGACAG-1	nc_larvae
nc_CTCCAACAGGCCTGAA-1	nc_larvae
nc_CTCCAACCAAAGGATT-1	nc_larvae
nc_CTCCAACCACGTGTGC-1	nc_larvae
nc_CTCCAACCAGAAACCG-1	nc_larvae
nc_CTCCAACCAGGACTTT-1	nc_larvae
nc_CTCCAACCATACGCAT-1	nc_larvae
nc_CTCCAACCATTGCCTC-1	nc_larvae
nc_CTCCAACGTGCGAGTA-1	nc_larvae
nc_CTCCAACGTTGCATAC-1	nc_larvae
nc_CTCCAACTCAACGTGT-1	nc_larvae
nc_CTCCAACTCCGATAAC-1	nc_larvae
nc_CTCCAACTCGGTCACG-1	nc_larvae
nc_CTCCAACTCTACCAGA-1	nc_larvae
nc_CTCCAACTCTCATTGT-1	nc_larvae
nc_CTCCACAGTAGCACGA-1	nc_larvae
nc_CTCCACAGTAGCTTAC-1	nc_larvae
nc_CTCCACAGTGTGATGG-1	nc_larvae
nc_CTCCACAGTTGGCTAT-1	nc_larvae
nc_CTCCACATCTAGTGTG-1	nc_larvae
nc_CTCCACATCTCTTCAA-1	nc_larvae
nc_CTCCATGAGAGAGTGA-1	nc_larvae
nc_CTCCATGCAAATTGCC-1	nc_larvae
nc_CTCCATGCAGATTTCG-1	nc_larvae
nc_CTCCATGCATCCCACT-1	nc_larvae
nc_CTCCATGCATGACGAG-1	nc_larvae
nc_CTCCATGGTCGTACAT-1	nc_larvae
nc_CTCCATGTCCTCTGCA-1	nc_larvae
nc_CTCCATGTCGAAATCC-1	nc_larvae
nc_CTCCATGTCGGTAACT-1	nc_larvae
nc_CTCCATGTCTGCTGAA-1	nc_larvae
nc_CTCCCAAAGAGGCTGT-1	nc_larvae
nc_CTCCCAAAGCAAGTGC-1	nc_larvae
nc_CTCCCAAAGCATCTTG-1	nc_larvae
nc_CTCCCAAAGTATCCTG-1	nc_larvae
nc_CTCCCAAAGTATGAAC-1	nc_larvae
nc_CTCCCAACACAAGTTC-1	nc_larvae
nc_CTCCCAACACTCTCGT-1	nc_larvae
nc_CTCCCAACATTGACTG-1	nc_larvae
nc_CTCCCAAGTAGCGCCT-1	nc_larvae
nc_CTCCCAAGTAGGTGCA-1	nc_larvae
nc_CTCCCAAGTATAATGG-1	nc_larvae
nc_CTCCCAAGTCTCAGAT-1	nc_larvae
nc_CTCCCAAGTCTTCTAT-1	nc_larvae
nc_CTCCCAAGTGCATTTG-1	nc_larvae
nc_CTCCCAAGTGTCTTCC-1	nc_larvae
nc_CTCCCAAGTTAAACAG-1	nc_larvae
nc_CTCCCAATCACTGAAC-1	nc_larvae
nc_CTCCCAATCGCGAAGA-1	nc_larvae
nc_CTCCCTCAGGGCCTCT-1	nc_larvae
nc_CTCCCTCCAAAGGATT-1	nc_larvae
nc_CTCCCTCGTAGTCACT-1	nc_larvae
nc_CTCCCTCGTCACAGAG-1	nc_larvae
nc_CTCCCTCGTCACCCTT-1	nc_larvae
nc_CTCCCTCGTCGTCGGT-1	nc_larvae
nc_CTCCCTCGTCTGTTAG-1	nc_larvae
nc_CTCCCTCGTGAGTTGG-1	nc_larvae
nc_CTCCCTCGTTAGGCTT-1	nc_larvae
nc_CTCCCTCTCCAAGCTA-1	nc_larvae
nc_CTCCCTCTCTTCGGTC-1	nc_larvae
nc_CTCCGATAGGAACTAT-1	nc_larvae
nc_CTCCGATAGTACTGTC-1	nc_larvae
nc_CTCCGATAGTCGCTAT-1	nc_larvae
nc_CTCCGATAGTTGTCAC-1	nc_larvae
nc_CTCCGATCAACATCGT-1	nc_larvae
nc_CTCCGATCAGCAGTGA-1	nc_larvae
nc_CTCCGATGTCAACATC-1	nc_larvae
nc_CTCCGATTCAAGCGTT-1	nc_larvae
nc_CTCCGATTCTACTATC-1	nc_larvae
nc_CTCCGATTCTAGAGCT-1	nc_larvae
nc_CTCCTCCAGATTAGAC-1	nc_larvae
nc_CTCCTCCCAATTGCCA-1	nc_larvae
nc_CTCCTCCCACAGCCTG-1	nc_larvae
nc_CTCCTCCCAGCTACAT-1	nc_larvae
nc_CTCCTCCCAGTGTGCC-1	nc_larvae
nc_CTCCTCCCATCATTTC-1	nc_larvae
nc_CTCCTCCGTACGTGTT-1	nc_larvae
nc_CTCCTCCGTCCTTTGC-1	nc_larvae
nc_CTCCTCCGTCTCCCTA-1	nc_larvae
nc_CTCCTCCTCAGGACGA-1	nc_larvae
nc_CTCCTCCTCGAAACAA-1	nc_larvae
nc_CTCCTTTCAGCTAACT-1	nc_larvae
nc_CTCCTTTCATGCAGGA-1	nc_larvae
nc_CTCCTTTGTAAGTCAA-1	nc_larvae
nc_CTCCTTTGTACCTAGT-1	nc_larvae
nc_CTCCTTTGTACGAAAT-1	nc_larvae
nc_CTCCTTTGTGGCATCC-1	nc_larvae
nc_CTCCTTTGTGTTCATG-1	nc_larvae
nc_CTCCTTTGTGTTCCAA-1	nc_larvae
nc_CTCCTTTGTTGTTTGG-1	nc_larvae
nc_CTCCTTTTCATTTGGG-1	nc_larvae
nc_CTCCTTTTCGTAACTG-1	nc_larvae
nc_CTCCTTTTCTGTCCGT-1	nc_larvae
nc_CTCGAGGAGTCTCGTA-1	nc_larvae
nc_CTCGAGGCAACGTATC-1	nc_larvae
nc_CTCGAGGCATAGACTC-1	nc_larvae
nc_CTCTCAGAGAGACAAG-1	nc_larvae
nc_CTCTCAGAGGTCCCTG-1	nc_larvae
nc_CTCTCAGAGGTGCTAG-1	nc_larvae
nc_CTCTCAGCAACCCTAA-1	nc_larvae
nc_CTCTCAGCAATTTCGG-1	nc_larvae
nc_CTCTCAGCAGGACTAG-1	nc_larvae
nc_CTCTCAGCAGGTCCGT-1	nc_larvae
nc_CTCTCAGCATGACGAG-1	nc_larvae
nc_CTCTCAGCATTCCTAT-1	nc_larvae
nc_CTCTCAGGTCACCGCA-1	nc_larvae
nc_CTCTCAGGTCCTGTCT-1	nc_larvae
nc_CTCTCAGGTGGCCCAT-1	nc_larvae
nc_CTCTCAGGTTGTAGCT-1	nc_larvae
nc_CTCTCAGGTTGTCATG-1	nc_larvae
nc_CTCTCAGGTTTGGCTA-1	nc_larvae
nc_CTCTCAGTCGCCCAGA-1	nc_larvae
nc_CTCTCAGTCTCTGGTC-1	nc_larvae
nc_CTCTCAGTCTGCTAGA-1	nc_larvae
nc_CTCTCAGTCTTACGGA-1	nc_larvae
nc_CTCTCGAAGCGGATCA-1	nc_larvae
nc_CTCTCGAAGGTTCCGC-1	nc_larvae
nc_CTCTCGACACTACTTT-1	nc_larvae
nc_CTCTCGACAGCTCATA-1	nc_larvae
nc_CTCTCGACAGTCGGTC-1	nc_larvae
nc_CTCTCGACATCGTTCC-1	nc_larvae
nc_CTCTCGAGTAAGATAC-1	nc_larvae
nc_CTCTCGAGTCGCCTAG-1	nc_larvae
nc_CTCTCGATCGACGAGA-1	nc_larvae
nc_CTCTCGATCGCGGACT-1	nc_larvae
nc_CTCTGGTAGAGATCGC-1	nc_larvae
nc_CTCTGGTAGCTCTATG-1	nc_larvae
nc_CTCTGGTCACACCGCA-1	nc_larvae
nc_CTCTGGTCAGCAGGAT-1	nc_larvae
nc_CTCTGGTCAGCTCATA-1	nc_larvae
nc_CTCTGGTCATCGAACT-1	nc_larvae
nc_CTCTGGTGTGTGGTCC-1	nc_larvae
nc_CTCTGGTTCACCCATC-1	nc_larvae
nc_CTCTGGTTCCGTGACG-1	nc_larvae
nc_CTCTGGTTCGTTATCT-1	nc_larvae
nc_CTGAATGCAATTGCTG-1	nc_larvae
nc_CTGAATGCAGCGTAGA-1	nc_larvae
nc_CTGAATGGTAACTGCT-1	nc_larvae
nc_CTGAATGTCCACGTAA-1	nc_larvae
nc_CTGAATGTCTATCGTT-1	nc_larvae
nc_CTGAGCGAGCGATGGT-1	nc_larvae
nc_CTGAGCGAGCTGAGCA-1	nc_larvae
nc_CTGAGCGAGTCCTACA-1	nc_larvae
nc_CTGAGCGCAAGAGGCT-1	nc_larvae
nc_CTGAGCGTCTCTGAGA-1	nc_larvae
nc_CTGAGCGTCTTCTCAA-1	nc_larvae
nc_CTGAGGCAGACCATAA-1	nc_larvae
nc_CTGAGGCAGACCCTTA-1	nc_larvae
nc_CTGAGGCAGAGAGCCT-1	nc_larvae
nc_CTGAGGCAGATGATTG-1	nc_larvae
nc_CTGAGGCAGCATCCTA-1	nc_larvae
nc_CTGAGGCAGGACGCAT-1	nc_larvae
nc_CTGAGGCAGGAGTACC-1	nc_larvae
nc_CTGAGGCCAAAGACTA-1	nc_larvae
nc_CTGAGGCCAAATGCGG-1	nc_larvae
nc_CTGAGGCCAATCGCGC-1	nc_larvae
nc_CTGAGGCGTACTAGCT-1	nc_larvae
nc_CTGAGGCGTGTAGCAG-1	nc_larvae
nc_CTGAGGCTCATTTACC-1	nc_larvae
nc_CTGAGGCTCTTGTGCC-1	nc_larvae
nc_CTGATCCAGACGCTCC-1	nc_larvae
nc_CTGATCCCACCAAAGG-1	nc_larvae
nc_CTGATCCCACCAGCGT-1	nc_larvae
nc_CTGATCCCACCATAAC-1	nc_larvae
nc_CTGATCCCAGAAGCTG-1	nc_larvae
nc_CTGATCCCATACAGCT-1	nc_larvae
nc_CTGATCCCATTGTACG-1	nc_larvae
nc_CTGATCCGTAGTCTTG-1	nc_larvae
nc_CTGATCCGTGGTCCGT-1	nc_larvae
nc_CTGATCCGTTCCTAGA-1	nc_larvae
nc_CTGATCCTCGTAATGC-1	nc_larvae
nc_CTGATCCTCGTTTACT-1	nc_larvae
nc_CTGCAGGAGAGAGAAC-1	nc_larvae
nc_CTGCAGGCAATACCCA-1	nc_larvae
nc_CTGCAGGCATCAGCAT-1	nc_larvae
nc_CTGCAGGGTTGCACGC-1	nc_larvae
nc_CTGCAGGTCATTACCT-1	nc_larvae
nc_CTGCAGGTCCGCTGTT-1	nc_larvae
nc_CTGCAGGTCGTAGGAG-1	nc_larvae
nc_CTGCATCAGATGCTAA-1	nc_larvae
nc_CTGCATCAGGAAACGA-1	nc_larvae
nc_CTGCATCAGGATGAGA-1	nc_larvae
nc_CTGCATCCAATCCTTT-1	nc_larvae
nc_CTGCATCCACAAGTGG-1	nc_larvae
nc_CTGCATCCACACAGAG-1	nc_larvae
nc_CTGCATCGTGGCTCTG-1	nc_larvae
nc_CTGCATCGTTAAGGAT-1	nc_larvae
nc_CTGCATCTCGCAACAT-1	nc_larvae
nc_CTGCATCTCTCTATGT-1	nc_larvae
nc_CTGCATCTCTCTCTAA-1	nc_larvae
nc_CTGCCATAGAGAGTTT-1	nc_larvae
nc_CTGCCATAGAGCATTA-1	nc_larvae
nc_CTGCCATAGGAACTCG-1	nc_larvae
nc_CTGCCATAGTCCCGGT-1	nc_larvae
nc_CTGCCATAGTGAGCCA-1	nc_larvae
nc_CTGCCATCAAGAGGTC-1	nc_larvae
nc_CTGCCATCACATTCTT-1	nc_larvae
nc_CTGCCATCACCTTCCA-1	nc_larvae
nc_CTGCCATCAGACGATG-1	nc_larvae
nc_CTGCCATCAGATTTCG-1	nc_larvae
nc_CTGCCATGTAAGATAC-1	nc_larvae
nc_CTGCCATTCCAGTTCC-1	nc_larvae
nc_CTGCCATTCCCGAGGT-1	nc_larvae
nc_CTGCCATTCCGATCTC-1	nc_larvae
nc_CTGCCATTCGGTGAAG-1	nc_larvae
nc_CTGCCTAAGGTTGTTC-1	nc_larvae
nc_CTGCCTAAGTTGAATG-1	nc_larvae
nc_CTGCCTACAAATCAGA-1	nc_larvae
nc_CTGCCTACAACACGTT-1	nc_larvae
nc_CTGCCTACACGACGAA-1	nc_larvae
nc_CTGCCTAGTGAGGATC-1	nc_larvae
nc_CTGCCTAGTTAGGGAC-1	nc_larvae
nc_CTGCCTAGTTGTAAAG-1	nc_larvae
nc_CTGCCTATCCGAAGGA-1	nc_larvae
nc_CTGCCTATCGGCTGAC-1	nc_larvae
nc_CTGCGAGAGGATACGC-1	nc_larvae
nc_CTGCGAGAGGGTCACA-1	nc_larvae
nc_CTGCGAGAGGTCATCT-1	nc_larvae
nc_CTGCGAGAGTATGCAA-1	nc_larvae
nc_CTGCGAGCATGAGAAT-1	nc_larvae
nc_CTGCGAGTCAGACTGT-1	nc_larvae
nc_CTGCGAGTCCAAACCA-1	nc_larvae
nc_CTGCGAGTCCTTATCA-1	nc_larvae
nc_CTGCTCAAGACCACGA-1	nc_larvae
nc_CTGCTCAAGCACTGGA-1	nc_larvae
nc_CTGCTCAAGCATGCGA-1	nc_larvae
nc_CTGCTCAAGCTAATGA-1	nc_larvae
nc_CTGCTCAAGGTAAGTT-1	nc_larvae
nc_CTGCTCAAGTAAACTG-1	nc_larvae
nc_CTGCTCAGTACCGCGT-1	nc_larvae
nc_CTGCTCAGTATCTCTT-1	nc_larvae
nc_CTGCTCAGTCTAGGTT-1	nc_larvae
nc_CTGCTCAGTCTGATCA-1	nc_larvae
nc_CTGCTCAGTGCGTGCT-1	nc_larvae
nc_CTGCTCAGTGTGCCTG-1	nc_larvae
nc_CTGCTCATCCAGTGCG-1	nc_larvae
nc_CTGCTCATCGCGCCAA-1	nc_larvae
nc_CTGGACGAGCCGATTT-1	nc_larvae
nc_CTGGACGAGGTAAAGG-1	nc_larvae
nc_CTGGACGCACCAGCCA-1	nc_larvae
nc_CTGGACGCAGGTCCCA-1	nc_larvae
nc_CTGGACGGTATCGTTG-1	nc_larvae
nc_CTGGACGGTCGTTCAA-1	nc_larvae
nc_CTGGACGGTGGTTCTA-1	nc_larvae
nc_CTGGACGTCCTACCAC-1	nc_larvae
nc_CTGGACGTCGCAGTTA-1	nc_larvae
nc_CTGGCAGAGAGTGAAG-1	nc_larvae
nc_CTGGCAGAGTTGGACG-1	nc_larvae
nc_CTGGCAGCACGCTGAC-1	nc_larvae
nc_CTGGCAGGTAACACGG-1	nc_larvae
nc_CTGGCAGGTCGGTGAA-1	nc_larvae
nc_CTGGCAGGTGATACTC-1	nc_larvae
nc_CTGGCAGGTGTCCCTT-1	nc_larvae
nc_CTGGCAGGTTGCTTGA-1	nc_larvae
nc_CTGGCAGGTTTAGACC-1	nc_larvae
nc_CTGGTCTAGAATCTAG-1	nc_larvae
nc_CTGGTCTAGACGCCCT-1	nc_larvae
nc_CTGGTCTAGCAACAAT-1	nc_larvae
nc_CTGGTCTCAAGCGATG-1	nc_larvae
nc_CTGGTCTCACGGTGCT-1	nc_larvae
nc_CTGGTCTCATAATCCG-1	nc_larvae
nc_CTGGTCTGTGTCCACG-1	nc_larvae
nc_CTGGTCTGTTTACACG-1	nc_larvae
nc_CTGGTCTTCAGCTGTA-1	nc_larvae
nc_CTGGTCTTCCGTGGTG-1	nc_larvae
nc_CTGGTCTTCTCTAAGG-1	nc_larvae
nc_CTGTACCAGATCGGTG-1	nc_larvae
nc_CTGTACCAGCTAATCC-1	nc_larvae
nc_CTGTACCCAAATCCCA-1	nc_larvae
nc_CTGTACCCACTAACCA-1	nc_larvae
nc_CTGTACCCACTAACGT-1	nc_larvae
nc_CTGTACCCACTTGGCG-1	nc_larvae
nc_CTGTACCCAGTCAGTT-1	nc_larvae
nc_CTGTACCGTATGTCAC-1	nc_larvae
nc_CTGTACCGTCTCTCCA-1	nc_larvae
nc_CTGTACCGTGTTCCAA-1	nc_larvae
nc_CTGTACCTCCGTTGAA-1	nc_larvae
nc_CTGTACCTCTTGGTGA-1	nc_larvae
nc_CTGTAGAAGACGGTCA-1	nc_larvae
nc_CTGTAGAAGCGCGTTC-1	nc_larvae
nc_CTGTAGAAGTCTGTAC-1	nc_larvae
nc_CTGTAGAAGTGGTTAA-1	nc_larvae
nc_CTGTAGACAATAGAGT-1	nc_larvae
nc_CTGTAGAGTAACAAGT-1	nc_larvae
nc_CTGTAGATCGGATACT-1	nc_larvae
nc_CTGTAGATCGGTATGT-1	nc_larvae
nc_CTGTAGATCTACGGGC-1	nc_larvae
nc_CTGTAGATCTTGCGCT-1	nc_larvae
nc_CTGTATTAGAGCCGTA-1	nc_larvae
nc_CTGTATTAGAGTCCGA-1	nc_larvae
nc_CTGTATTAGATTTGCC-1	nc_larvae
nc_CTGTATTAGCAGCACA-1	nc_larvae
nc_CTGTATTAGCTGACTT-1	nc_larvae
nc_CTGTATTAGGACAGCT-1	nc_larvae
nc_CTGTATTAGGCCCGTT-1	nc_larvae
nc_CTGTATTAGGGTTTCT-1	nc_larvae
nc_CTGTATTCAGGAATCG-1	nc_larvae
nc_CTGTATTCATGGATCT-1	nc_larvae
nc_CTGTATTCATTCAGCA-1	nc_larvae
nc_CTGTATTGTACCAGAG-1	nc_larvae
nc_CTGTATTGTCCCTCAT-1	nc_larvae
nc_CTGTATTGTGAGCCAA-1	nc_larvae
nc_CTGTATTGTGCTGCAC-1	nc_larvae
nc_CTGTATTTCCCAGCGA-1	nc_larvae
nc_CTGTATTTCCGTATAG-1	nc_larvae
nc_CTGTCGTAGACGAGCT-1	nc_larvae
nc_CTGTCGTAGGCAGGTT-1	nc_larvae
nc_CTGTCGTAGGTGCCAA-1	nc_larvae
nc_CTGTCGTAGTGAGGTC-1	nc_larvae
nc_CTGTCGTCAAATAGCA-1	nc_larvae
nc_CTGTCGTCAATCGCAT-1	nc_larvae
nc_CTGTCGTCAGAAGTGC-1	nc_larvae
nc_CTGTCGTCAGGAGGAG-1	nc_larvae
nc_CTGTCGTCATTGGGAG-1	nc_larvae
nc_CTGTCGTGTCACTCGG-1	nc_larvae
nc_CTGTCGTTCCACAGCG-1	nc_larvae
nc_CTGTCGTTCGCTAATG-1	nc_larvae
nc_CTGTCGTTCGGATTAC-1	nc_larvae
nc_CTGTCGTTCGTCAACA-1	nc_larvae
nc_CTGTGAAAGACGCATG-1	nc_larvae
nc_CTGTGAAAGCATGAAT-1	nc_larvae
nc_CTGTGAAAGGAACTCG-1	nc_larvae
nc_CTGTGAAAGGTTATAG-1	nc_larvae
nc_CTGTGAAAGTCGCCCA-1	nc_larvae
nc_CTGTGAACAAAGAGTT-1	nc_larvae
nc_CTGTGAACACCGCTGA-1	nc_larvae
nc_CTGTGAACAGAGCTAG-1	nc_larvae
nc_CTGTGAACATCTTTCA-1	nc_larvae
nc_CTGTGAAGTAACATGA-1	nc_larvae
nc_CTGTGAAGTCGAATTC-1	nc_larvae
nc_CTGTGAAGTCGACTTA-1	nc_larvae
nc_CTGTGAAGTTCGGTCG-1	nc_larvae
nc_CTGTGAAGTTTCGTTT-1	nc_larvae
nc_CTGTGAAGTTTGTGGT-1	nc_larvae
nc_CTGTGAATCTGTTCAT-1	nc_larvae
nc_CTGTGGGCAACACTAC-1	nc_larvae
nc_CTGTGGGCAGTCTTCC-1	nc_larvae
nc_CTGTGGGCATTAGGAA-1	nc_larvae
nc_CTGTGGGGTCCACTCT-1	nc_larvae
nc_CTGTGGGGTGTTCCAA-1	nc_larvae
nc_CTGTGGGTCTACGCGG-1	nc_larvae
nc_CTGTGGGTCTTGGGCG-1	nc_larvae
nc_CTTACCGAGACTTCGT-1	nc_larvae
nc_CTTACCGAGGGAGTTC-1	nc_larvae
nc_CTTACCGCAACCGCCA-1	nc_larvae
nc_CTTACCGCAATGCAAA-1	nc_larvae
nc_CTTACCGCAGACAAGC-1	nc_larvae
nc_CTTACCGGTTGCCAAT-1	nc_larvae
nc_CTTACCGTCAAGCCTA-1	nc_larvae
nc_CTTACCGTCCGGACTG-1	nc_larvae
nc_CTTACCGTCGGCCTTT-1	nc_larvae
nc_CTTACCGTCGGCTCTT-1	nc_larvae
nc_CTTAGGAAGTTACTCG-1	nc_larvae
nc_CTTAGGACAATAACGA-1	nc_larvae
nc_CTTAGGACAATAGTCC-1	nc_larvae
nc_CTTAGGACACACCGAC-1	nc_larvae
nc_CTTAGGACACCATAAC-1	nc_larvae
nc_CTTAGGAGTATAATGG-1	nc_larvae
nc_CTTAGGAGTCCGGCAT-1	nc_larvae
nc_CTTAGGAGTGCAAGAC-1	nc_larvae
nc_CTTAGGAGTGTCATGT-1	nc_larvae
nc_CTTAGGAGTTTACTTC-1	nc_larvae
nc_CTTCAATAGAGGTATT-1	nc_larvae
nc_CTTCAATAGATGTTCC-1	nc_larvae
nc_CTTCAATAGCCATCCG-1	nc_larvae
nc_CTTCAATAGCCTCTGG-1	nc_larvae
nc_CTTCAATAGCTTGTTG-1	nc_larvae
nc_CTTCAATCAACTGCCG-1	nc_larvae
nc_CTTCAATCAATACGCT-1	nc_larvae
nc_CTTCAATCACTTGTGA-1	nc_larvae
nc_CTTCAATCAGAACCGA-1	nc_larvae
nc_CTTCAATCAGAGCGTA-1	nc_larvae
nc_CTTCAATGTCCCACGA-1	nc_larvae
nc_CTTCAATGTTCTCACC-1	nc_larvae
nc_CTTCAATGTTGCTCAA-1	nc_larvae
nc_CTTCAATTCAACCTTT-1	nc_larvae
nc_CTTCAATTCCTAGCGG-1	nc_larvae
nc_CTTCAATTCGCCTTGT-1	nc_larvae
nc_CTTCAATTCGGTAAGG-1	nc_larvae
nc_CTTCCGAAGATGAATC-1	nc_larvae
nc_CTTCCGAAGCAACTTC-1	nc_larvae
nc_CTTCCGAAGGCGTCCT-1	nc_larvae
nc_CTTCCGAAGGTTACCT-1	nc_larvae
nc_CTTCCGAAGTGGACTG-1	nc_larvae
nc_CTTCCGAGTCGCTGCA-1	nc_larvae
nc_CTTCCGAGTGCAGATG-1	nc_larvae
nc_CTTCCGATCCTACGGG-1	nc_larvae
nc_CTTCCGATCGTAGAGG-1	nc_larvae
nc_CTTCCGATCTCTTCAA-1	nc_larvae
nc_CTTCCTTAGACGAAGA-1	nc_larvae
nc_CTTCCTTAGCAAACAT-1	nc_larvae
nc_CTTCCTTAGGCTTAGG-1	nc_larvae
nc_CTTCCTTAGTAGACAT-1	nc_larvae
nc_CTTCCTTCAAGGCGTA-1	nc_larvae
nc_CTTCCTTCAGAATTCC-1	nc_larvae
nc_CTTCCTTCAGAGAGGG-1	nc_larvae
nc_CTTCCTTGTACACGTT-1	nc_larvae
nc_CTTCCTTGTACGTTCA-1	nc_larvae
nc_CTTCCTTGTCTAGGCC-1	nc_larvae
nc_CTTCGGTAGTAGGAAG-1	nc_larvae
nc_CTTCGGTAGTATGCAA-1	nc_larvae
nc_CTTCGGTCAACTGCTA-1	nc_larvae
nc_CTTCGGTCACGTATAC-1	nc_larvae
nc_CTTCGGTCATCGCTCT-1	nc_larvae
nc_CTTCGGTGTGAGTGAC-1	nc_larvae
nc_CTTCGGTGTGTTCGTA-1	nc_larvae
nc_CTTCGGTGTGTTTCTT-1	nc_larvae
nc_CTTCGGTGTTAAGCAA-1	nc_larvae
nc_CTTCGGTGTTCAACGT-1	nc_larvae
nc_CTTCGGTTCACCGCTT-1	nc_larvae
nc_CTTCGGTTCACTTCTA-1	nc_larvae
nc_CTTCGGTTCATCACTT-1	nc_larvae
nc_CTTCGGTTCATTTCGT-1	nc_larvae
nc_CTTCGGTTCCATCAGA-1	nc_larvae
nc_CTTCGGTTCGGAGATG-1	nc_larvae
nc_CTTCGGTTCGGCATAT-1	nc_larvae
nc_CTTCGGTTCTATCCAT-1	nc_larvae
nc_CTTCTAAAGACAGCTG-1	nc_larvae
nc_CTTCTAAAGAGTGGCT-1	nc_larvae
nc_CTTCTAAAGTTGAAGT-1	nc_larvae
nc_CTTCTAACACGTATAC-1	nc_larvae
nc_CTTCTAACATAGGTAA-1	nc_larvae
nc_CTTCTAACATGACACT-1	nc_larvae
nc_CTTCTAACATGATAGA-1	nc_larvae
nc_CTTCTAACATTCTCTA-1	nc_larvae
nc_CTTCTAAGTATGCGGA-1	nc_larvae
nc_CTTCTAAGTGCCTACG-1	nc_larvae
nc_CTTCTAAGTGTTGCCG-1	nc_larvae
nc_CTTCTAAGTTCTTGTT-1	nc_larvae
nc_CTTCTAATCAACTGGT-1	nc_larvae
nc_CTTCTAATCTCGACCT-1	nc_larvae
nc_CTTCTAATCTCGACGG-1	nc_larvae
nc_CTTCTCTAGATAGTCA-1	nc_larvae
nc_CTTCTCTCAATACCTG-1	nc_larvae
nc_CTTCTCTCAATGGCAG-1	nc_larvae
nc_CTTCTCTCACAACGCC-1	nc_larvae
nc_CTTCTCTCACAAGTGG-1	nc_larvae
nc_CTTCTCTCAGTCCCGA-1	nc_larvae
nc_CTTCTCTGTGACTGAG-1	nc_larvae
nc_CTTGAGAAGAGATTCA-1	nc_larvae
nc_CTTGAGAAGGCTCTCG-1	nc_larvae
nc_CTTGAGAAGGTCACCC-1	nc_larvae
nc_CTTGAGAAGTAGAATC-1	nc_larvae
nc_CTTGAGACATCTCAAG-1	nc_larvae
nc_CTTGAGAGTATAGGAT-1	nc_larvae
nc_CTTGAGAGTCAGGAGT-1	nc_larvae
nc_CTTGAGAGTTCTTGCC-1	nc_larvae
nc_CTTGAGAGTTGTGGCC-1	nc_larvae
nc_CTTGAGATCGCGCTGA-1	nc_larvae
nc_CTTGAGATCTACTGCC-1	nc_larvae
nc_CTTGAGATCTATCCAT-1	nc_larvae
nc_CTTGAGATCTCCGTGT-1	nc_larvae
nc_CTTGAGATCTTCGTAT-1	nc_larvae
nc_CTTGATTAGACATGCG-1	nc_larvae
nc_CTTGATTAGCCTTTGA-1	nc_larvae
nc_CTTGATTAGCGTCTCG-1	nc_larvae
nc_CTTGATTAGCTCGCAC-1	nc_larvae
nc_CTTGATTCAAGTTTGC-1	nc_larvae
nc_CTTGATTCACACACGC-1	nc_larvae
nc_CTTGATTCAGCATTGT-1	nc_larvae
nc_CTTGATTCAGGCGATA-1	nc_larvae
nc_CTTGATTCAGTTTCAG-1	nc_larvae
nc_CTTGATTCATGTGCCG-1	nc_larvae
nc_CTTGATTGTGCAATGG-1	nc_larvae
nc_CTTGATTTCGGTTCAA-1	nc_larvae
nc_CTTGATTTCGTACACA-1	nc_larvae
nc_CTTTCAAAGCACCGAA-1	nc_larvae
nc_CTTTCAACACAAGTTC-1	nc_larvae
nc_CTTTCAACACTCATAG-1	nc_larvae
nc_CTTTCAACATGCGGTC-1	nc_larvae
nc_CTTTCAACATTGCTGA-1	nc_larvae
nc_CTTTCAAGTCACCACG-1	nc_larvae
nc_CTTTCAAGTGTTGATC-1	nc_larvae
nc_CTTTCAATCCGTCCTA-1	nc_larvae
nc_CTTTCAATCGGATACT-1	nc_larvae
nc_CTTTCGGAGTGCCAGA-1	nc_larvae
nc_CTTTCGGAGTGCCTCG-1	nc_larvae
nc_CTTTCGGCAACGCATT-1	nc_larvae
nc_CTTTCGGCAACGGTAG-1	nc_larvae
nc_CTTTCGGCACCCTAGG-1	nc_larvae
nc_CTTTCGGCACGTCATA-1	nc_larvae
nc_CTTTCGGCAGCACAAG-1	nc_larvae
nc_CTTTCGGCAGTTAGGG-1	nc_larvae
nc_CTTTCGGCATGACTCA-1	nc_larvae
nc_CTTTCGGGTACAGAAT-1	nc_larvae
nc_CTTTCGGGTCGTTGGC-1	nc_larvae
nc_CTTTCGGGTGGTTTGT-1	nc_larvae
nc_CTTTCGGTCTTCGGAA-1	nc_larvae
nc_GAAACCTAGGGTGGGA-1	nc_larvae
nc_GAAACCTAGTCGGCAA-1	nc_larvae
nc_GAAACCTCATACAGCT-1	nc_larvae
nc_GAAACCTGTTTACGAC-1	nc_larvae
nc_GAAACCTTCTGGGCCA-1	nc_larvae
nc_GAAATGAAGCTGAAAT-1	nc_larvae
nc_GAAATGAAGTAGAGTT-1	nc_larvae
nc_GAAATGACAACCGTGC-1	nc_larvae
nc_GAAATGACAGGTGAGT-1	nc_larvae
nc_GAAATGACATTCTCCG-1	nc_larvae
nc_GAAATGAGTTGTACGT-1	nc_larvae
nc_GAAATGATCATTACCT-1	nc_larvae
nc_GAACACTAGTGACCTT-1	nc_larvae
nc_GAACACTCAACGTAAA-1	nc_larvae
nc_GAACACTCACGCAGTC-1	nc_larvae
nc_GAACACTCAGTAACCT-1	nc_larvae
nc_GAACACTCATCCGTGG-1	nc_larvae
nc_GAACACTGTACCAGAG-1	nc_larvae
nc_GAACACTGTCCACAGC-1	nc_larvae
nc_GAACACTGTCGGTACC-1	nc_larvae
nc_GAACACTGTGGATTTC-1	nc_larvae
nc_GAACACTTCTCGCAGG-1	nc_larvae
nc_GAACACTTCTCGTCGT-1	nc_larvae
nc_GAACACTTCTTCGGAA-1	nc_larvae
nc_GAACGTTAGATTACCC-1	nc_larvae
nc_GAACGTTAGCCGATCC-1	nc_larvae
nc_GAACGTTAGTGTAGTA-1	nc_larvae
nc_GAACGTTCAATTGAGA-1	nc_larvae
nc_GAACGTTGTTGCAAGG-1	nc_larvae
nc_GAACGTTTCCACAAGT-1	nc_larvae
nc_GAACGTTTCCTCACCA-1	nc_larvae
nc_GAACGTTTCGAGAAGC-1	nc_larvae
nc_GAACGTTTCGCTAAAC-1	nc_larvae
nc_GAACGTTTCTGTCCGT-1	nc_larvae
nc_GAACTGTAGGTAAGGA-1	nc_larvae
nc_GAACTGTAGTTAGTAG-1	nc_larvae
nc_GAACTGTCAAATGCTC-1	nc_larvae
nc_GAACTGTCAAATGGCG-1	nc_larvae
nc_GAACTGTCACGACGTC-1	nc_larvae
nc_GAACTGTCATACTTTC-1	nc_larvae
nc_GAACTGTCATGGAACG-1	nc_larvae
nc_GAACTGTGTAATACCC-1	nc_larvae
nc_GAACTGTGTGTTATCG-1	nc_larvae
nc_GAACTGTGTTAAGAAC-1	nc_larvae
nc_GAACTGTTCACATACG-1	nc_larvae
nc_GAACTGTTCTACCAGA-1	nc_larvae
nc_GAACTGTTCTATCGGA-1	nc_larvae
nc_GAACTGTTCTCACCCA-1	nc_larvae
nc_GAAGAATAGACATCCT-1	nc_larvae
nc_GAAGAATAGGATTTCC-1	nc_larvae
nc_GAAGAATAGGGCAATC-1	nc_larvae
nc_GAAGAATAGTAGGGTC-1	nc_larvae
nc_GAAGAATAGTCATGAA-1	nc_larvae
nc_GAAGAATCAGATCACT-1	nc_larvae
nc_GAAGAATGTACAGGTG-1	nc_larvae
nc_GAAGAATTCCAACTGA-1	nc_larvae
nc_GAAGAATTCTTTGCTA-1	nc_larvae
nc_GAAGCCCAGACTCATC-1	nc_larvae
nc_GAAGCCCAGCCATTCA-1	nc_larvae
nc_GAAGCCCAGCGTGAAC-1	nc_larvae
nc_GAAGCCCAGGGCCAAT-1	nc_larvae
nc_GAAGCCCAGGTGCCTC-1	nc_larvae
nc_GAAGCCCAGGTGGTTG-1	nc_larvae
nc_GAAGCCCAGTCACTAC-1	nc_larvae
nc_GAAGCCCAGTCTCCTC-1	nc_larvae
nc_GAAGCCCAGTCTCGTA-1	nc_larvae
nc_GAAGCCCCACGCGCTA-1	nc_larvae
nc_GAAGCCCCACGCTGAC-1	nc_larvae
nc_GAAGCCCCACTGAGGA-1	nc_larvae
nc_GAAGCCCCAGACGGAT-1	nc_larvae
nc_GAAGCCCCAGAGTGTG-1	nc_larvae
nc_GAAGCCCCAGGATCTT-1	nc_larvae
nc_GAAGCCCCATTGCTTT-1	nc_larvae
nc_GAAGCCCGTGTCCGGT-1	nc_larvae
nc_GAAGCCCGTGTGTTTG-1	nc_larvae
nc_GAAGCCCTCCTCACGT-1	nc_larvae
nc_GAAGCCCTCCTTGGAA-1	nc_larvae
nc_GAAGCGAAGCGCATCC-1	nc_larvae
nc_GAAGCGAAGGCGCTCT-1	nc_larvae
nc_GAAGCGACAGTATGAA-1	nc_larvae
nc_GAAGCGAGTCAGTCGC-1	nc_larvae
nc_GAAGCGAGTGAACTAA-1	nc_larvae
nc_GAAGCGAGTGTGTTTG-1	nc_larvae
nc_GAAGCGATCAAGAATG-1	nc_larvae
nc_GAAGCGATCAATGCAC-1	nc_larvae
nc_GAAGCGATCCACTAGA-1	nc_larvae
nc_GAAGCGATCGTTCGCT-1	nc_larvae
nc_GAAGCGATCTCCCAAC-1	nc_larvae
nc_GAAGCGATCTGTTCAT-1	nc_larvae
nc_GAAGGACCACGTACTA-1	nc_larvae
nc_GAAGGACCACTTGGCG-1	nc_larvae
nc_GAAGGACGTACCCGAC-1	nc_larvae
nc_GAAGGACGTACGGTTT-1	nc_larvae
nc_GAAGGACGTGTCATTG-1	nc_larvae
nc_GAAGGACGTTCCTACC-1	nc_larvae
nc_GAAGGACTCAATGTCG-1	nc_larvae
nc_GAAGGACTCATGCCAA-1	nc_larvae
nc_GAAGGACTCCATTGCC-1	nc_larvae
nc_GAAGGGTAGGGAGTGG-1	nc_larvae
nc_GAAGGGTAGTAGGCCA-1	nc_larvae
nc_GAAGGGTCAAAGCAAT-1	nc_larvae
nc_GAAGGGTCACAGTCCG-1	nc_larvae
nc_GAAGGGTCAGCTTCGG-1	nc_larvae
nc_GAAGGGTCAGTCCGTG-1	nc_larvae
nc_GAAGGGTGTGTTTCTT-1	nc_larvae
nc_GAAGGGTTCATCCTAT-1	nc_larvae
nc_GAAGGGTTCCTGTAAG-1	nc_larvae
nc_GAAGTAAAGCGGTATG-1	nc_larvae
nc_GAAGTAAAGTTTGGCT-1	nc_larvae
nc_GAAGTAACAAACACGG-1	nc_larvae
nc_GAAGTAACAAACGTGG-1	nc_larvae
nc_GAAGTAACAACACTAC-1	nc_larvae
nc_GAAGTAACACTGTCGG-1	nc_larvae
nc_GAAGTAACATCATGAC-1	nc_larvae
nc_GAAGTAAGTGGACCTC-1	nc_larvae
nc_GAAGTAATCATCTATC-1	nc_larvae
nc_GAATAGAAGATGCCGA-1	nc_larvae
nc_GAATAGAAGCAGAAAG-1	nc_larvae
nc_GAATAGAAGGGACACT-1	nc_larvae
nc_GAATAGAAGGGCCCTT-1	nc_larvae
nc_GAATAGAAGTAGGATT-1	nc_larvae
nc_GAATAGACAAGCTCTA-1	nc_larvae
nc_GAATAGACACCAGCCA-1	nc_larvae
nc_GAATAGACAGTATTCG-1	nc_larvae
nc_GAATAGACATCTCAAG-1	nc_larvae
nc_GAATAGAGTGACAGCA-1	nc_larvae
nc_GAATAGAGTTATCCAG-1	nc_larvae
nc_GAATAGATCATGCCGG-1	nc_larvae
nc_GAATAGATCCTACAAG-1	nc_larvae
nc_GAATCACAGAAGCCAC-1	nc_larvae
nc_GAATCACAGACTTAAG-1	nc_larvae
nc_GAATCACAGCCTCTTC-1	nc_larvae
nc_GAATCACAGCTCTGTA-1	nc_larvae
nc_GAATCACCAGATCCTA-1	nc_larvae
nc_GAATCACGTATACCCA-1	nc_larvae
nc_GAATCACGTCCAGAAG-1	nc_larvae
nc_GAATCACGTGCAACGA-1	nc_larvae
nc_GAATCACGTTCGGCCA-1	nc_larvae
nc_GAATCACTCCCAGGCA-1	nc_larvae
nc_GAATCACTCTTACCAT-1	nc_larvae
nc_GAATCACTCTTTCCGG-1	nc_larvae
nc_GAATCGTAGCACTTTG-1	nc_larvae
nc_GAATCGTCAGTTGAAA-1	nc_larvae
nc_GAATCGTGTACAGCGA-1	nc_larvae
nc_GAATCGTGTTTACGAC-1	nc_larvae
nc_GAATCGTTCAAGCCAT-1	nc_larvae
nc_GAATCGTTCCTGTTAT-1	nc_larvae
nc_GAATCGTTCGCGGTAC-1	nc_larvae
nc_GAATCGTTCTTGCAGA-1	nc_larvae
nc_GACACGCAGACCGTTT-1	nc_larvae
nc_GACACGCAGCACTCAT-1	nc_larvae
nc_GACACGCAGGAGAGGC-1	nc_larvae
nc_GACACGCAGTCTTGGT-1	nc_larvae
nc_GACACGCCACCACTGG-1	nc_larvae
nc_GACACGCGTATCAAGA-1	nc_larvae
nc_GACACGCGTCACTCAA-1	nc_larvae
nc_GACACGCGTTACACTG-1	nc_larvae
nc_GACACGCGTTCTCGTC-1	nc_larvae
nc_GACACGCGTTTCGACA-1	nc_larvae
nc_GACACGCTCCCATTCG-1	nc_larvae
nc_GACACGCTCCGCCTAT-1	nc_larvae
nc_GACACGCTCGATCCAA-1	nc_larvae
nc_GACACGCTCGGCATTA-1	nc_larvae
nc_GACAGCCAGAAACTAC-1	nc_larvae
nc_GACAGCCAGAAGCCAC-1	nc_larvae
nc_GACAGCCAGCCACCGT-1	nc_larvae
nc_GACAGCCAGCGTCTCG-1	nc_larvae
nc_GACAGCCAGGTATCTC-1	nc_larvae
nc_GACAGCCAGTGCACAG-1	nc_larvae
nc_GACAGCCCAAATGGTA-1	nc_larvae
nc_GACAGCCCAAGCTACT-1	nc_larvae
nc_GACAGCCCACAGTACT-1	nc_larvae
nc_GACAGCCCATAGGTAA-1	nc_larvae
nc_GACAGCCCATGCGTGC-1	nc_larvae
nc_GACAGCCGTCACATTG-1	nc_larvae
nc_GACAGCCGTCGCTTGG-1	nc_larvae
nc_GACAGCCGTGCCGAAA-1	nc_larvae
nc_GACAGCCTCCGTGCGA-1	nc_larvae
nc_GACAGCCTCGCTGTTC-1	nc_larvae
nc_GACAGCCTCGGTATGT-1	nc_larvae
nc_GACAGCCTCTAAGGAA-1	nc_larvae
nc_GACAGCCTCTTTGCTA-1	nc_larvae
nc_GACATCAAGATTAGTG-1	nc_larvae
nc_GACATCAAGGCATCTT-1	nc_larvae
nc_GACATCAAGTCGCCCA-1	nc_larvae
nc_GACATCAAGTTGGAAT-1	nc_larvae
nc_GACATCACAAACTAAG-1	nc_larvae
nc_GACATCACACAGTGTT-1	nc_larvae
nc_GACATCACAGCTGAAG-1	nc_larvae
nc_GACATCACATACATCG-1	nc_larvae
nc_GACATCAGTAACATGA-1	nc_larvae
nc_GACATCAGTCGCAGTC-1	nc_larvae
nc_GACATCATCCTATTTG-1	nc_larvae
nc_GACATCATCCTTGACC-1	nc_larvae
nc_GACATCATCTAGGCCG-1	nc_larvae
nc_GACATCATCTATTTCG-1	nc_larvae
nc_GACATCATCTCCAATT-1	nc_larvae
nc_GACATCATCTCTTAAC-1	nc_larvae
nc_GACATCATCTTACGTT-1	nc_larvae
nc_GACCAATAGATGGTCG-1	nc_larvae
nc_GACCAATAGTCGAGGT-1	nc_larvae
nc_GACCAATCAAATCGTC-1	nc_larvae
nc_GACCAATCAATCGCAT-1	nc_larvae
nc_GACCAATCAATGTTGC-1	nc_larvae
nc_GACCAATCAGTATGAA-1	nc_larvae
nc_GACCAATCATCTTCGC-1	nc_larvae
nc_GACCAATTCACATACG-1	nc_larvae
nc_GACCAATTCCACGTCT-1	nc_larvae
nc_GACCCAGAGGGTACGT-1	nc_larvae
nc_GACCCAGCATCCGCGA-1	nc_larvae
nc_GACCCAGCATTGACTG-1	nc_larvae
nc_GACCCAGGTGATTCAC-1	nc_larvae
nc_GACCCAGGTGTCCATA-1	nc_larvae
nc_GACCCAGTCTGACCCT-1	nc_larvae
nc_GACCCTTAGAGGCCAT-1	nc_larvae
nc_GACCCTTAGCTGCGAA-1	nc_larvae
nc_GACCCTTAGTATTCCG-1	nc_larvae
nc_GACCCTTAGTGTTGTC-1	nc_larvae
nc_GACCCTTCAGAAATCA-1	nc_larvae
nc_GACCCTTCATGATAGA-1	nc_larvae
nc_GACCCTTGTTGCTAGT-1	nc_larvae
nc_GACCCTTTCATGTCTT-1	nc_larvae
nc_GACCCTTTCGGAATGG-1	nc_larvae
nc_GACCCTTTCGTCGACG-1	nc_larvae
nc_GACCGTGAGAATCCCT-1	nc_larvae
nc_GACCGTGAGAGGATCC-1	nc_larvae
nc_GACCGTGAGTACTGTC-1	nc_larvae
nc_GACCGTGCAGGAGGAG-1	nc_larvae
nc_GACCGTGCAGTATGAA-1	nc_larvae
nc_GACCGTGCATCGCTAA-1	nc_larvae
nc_GACCGTGGTTCTCTAT-1	nc_larvae
nc_GACCGTGTCAAGCTTG-1	nc_larvae
nc_GACCGTGTCGTGCGAC-1	nc_larvae
nc_GACCGTGTCTATTCGT-1	nc_larvae
nc_GACCTTCAGACGTCCC-1	nc_larvae
nc_GACCTTCAGAGCCGAT-1	nc_larvae
nc_GACCTTCAGCCTATTG-1	nc_larvae
nc_GACCTTCAGGCATGCA-1	nc_larvae
nc_GACCTTCAGGCTAGCA-1	nc_larvae
nc_GACCTTCAGTAAAGCT-1	nc_larvae
nc_GACCTTCAGTGCCGAA-1	nc_larvae
nc_GACCTTCCAAACACCT-1	nc_larvae
nc_GACCTTCCACGCAGTC-1	nc_larvae
nc_GACCTTCCAGAAATTG-1	nc_larvae
nc_GACCTTCCAGCTAACT-1	nc_larvae
nc_GACCTTCCATTCACAG-1	nc_larvae
nc_GACCTTCGTACTGTTG-1	nc_larvae
nc_GACCTTCGTGGATCGA-1	nc_larvae
nc_GACCTTCGTTAGGAGC-1	nc_larvae
nc_GACCTTCTCAAAGGAT-1	nc_larvae
nc_GACCTTCTCAGATTGC-1	nc_larvae
nc_GACCTTCTCATACGAC-1	nc_larvae
nc_GACCTTCTCGCAATTG-1	nc_larvae
nc_GACGCTGAGAGCACTG-1	nc_larvae
nc_GACGCTGAGGCGCTCT-1	nc_larvae
nc_GACGCTGCACTATGTG-1	nc_larvae
nc_GACGCTGCAGCTACAT-1	nc_larvae
nc_GACGCTGCATGTGGTT-1	nc_larvae
nc_GACGCTGGTCGCCACA-1	nc_larvae
nc_GACGCTGGTCGCGGTT-1	nc_larvae
nc_GACGCTGGTTATCTTC-1	nc_larvae
nc_GACGCTGTCACCGGTG-1	nc_larvae
nc_GACGCTGTCCACAGCG-1	nc_larvae
nc_GACGCTGTCCGTATGA-1	nc_larvae
nc_GACGCTGTCGAGATGG-1	nc_larvae
nc_GACGCTGTCTCTATGT-1	nc_larvae
nc_GACGCTGTCTCTTCAA-1	nc_larvae
nc_GACGTTAAGCACTAAA-1	nc_larvae
nc_GACGTTAAGCCACAAG-1	nc_larvae
nc_GACGTTAAGGTAGTCG-1	nc_larvae
nc_GACGTTACACCATAAC-1	nc_larvae
nc_GACGTTACACGCACCA-1	nc_larvae
nc_GACGTTAGTACTGTTG-1	nc_larvae
nc_GACGTTAGTATCGATC-1	nc_larvae
nc_GACGTTAGTCAGTCCG-1	nc_larvae
nc_GACGTTAGTCCCGTGA-1	nc_larvae
nc_GACGTTATCACGTCCT-1	nc_larvae
nc_GACGTTATCTCCGAAA-1	nc_larvae
nc_GACTATGAGCTCGCAC-1	nc_larvae
nc_GACTATGCACACGGTC-1	nc_larvae
nc_GACTATGCACGCTTAA-1	nc_larvae
nc_GACTATGGTCATATGC-1	nc_larvae
nc_GACTATGGTTCTTAGG-1	nc_larvae
nc_GACTATGGTTTCACTT-1	nc_larvae
nc_GACTATGTCAAAGAAC-1	nc_larvae
nc_GACTATGTCGTAGCCG-1	nc_larvae
nc_GACTATGTCTTGGAAC-1	nc_larvae
nc_GACTATGTCTTTCCAA-1	nc_larvae
nc_GACTATGTCTTTCTAG-1	nc_larvae
nc_GACTCAAAGATGATTG-1	nc_larvae
nc_GACTCAAAGCCTTCTC-1	nc_larvae
nc_GACTCAAAGTCAACAA-1	nc_larvae
nc_GACTCAAAGTGCAGGT-1	nc_larvae
nc_GACTCAACACCTCTAC-1	nc_larvae
nc_GACTCAACAGGAGACT-1	nc_larvae
nc_GACTCAAGTAACACGG-1	nc_larvae
nc_GACTCAAGTATCGCAT-1	nc_larvae
nc_GACTCAAGTCACCGCA-1	nc_larvae
nc_GACTCAAGTGAGAACC-1	nc_larvae
nc_GACTCAAGTGGGTATG-1	nc_larvae
nc_GACTCAAGTTATTCCT-1	nc_larvae
nc_GACTCAATCGTTACCC-1	nc_larvae
nc_GACTCTCAGAAACTCA-1	nc_larvae
nc_GACTCTCAGAGGCCAT-1	nc_larvae
nc_GACTCTCAGGAAAGGT-1	nc_larvae
nc_GACTCTCCAAAGCGTG-1	nc_larvae
nc_GACTCTCCAAGAATAC-1	nc_larvae
nc_GACTCTCCACCTTCGT-1	nc_larvae
nc_GACTCTCGTAACAGGC-1	nc_larvae
nc_GACTCTCTCATTGTGG-1	nc_larvae
nc_GACTCTCTCCGGCAAC-1	nc_larvae
nc_GACTGATAGATAGTGT-1	nc_larvae
nc_GACTGATAGCCTGTCG-1	nc_larvae
nc_GACTGATAGGTCCTGC-1	nc_larvae
nc_GACTGATAGTCGAAGC-1	nc_larvae
nc_GACTGATCAGCCCACA-1	nc_larvae
nc_GACTGATCATCCGCGA-1	nc_larvae
nc_GACTGATGTCTTGGTA-1	nc_larvae
nc_GACTGATTCACCTTGC-1	nc_larvae
nc_GACTGATTCCTCTCGA-1	nc_larvae
nc_GACTGATTCGATCCAA-1	nc_larvae
nc_GACTGATTCGATCCCT-1	nc_larvae
nc_GACTTCCAGAAATTCG-1	nc_larvae
nc_GACTTCCAGCATCGAG-1	nc_larvae
nc_GACTTCCAGCTGACCC-1	nc_larvae
nc_GACTTCCCAATAGTCC-1	nc_larvae
nc_GACTTCCCAATCTCTT-1	nc_larvae
nc_GACTTCCCACACAGCC-1	nc_larvae
nc_GACTTCCCACCCTGTT-1	nc_larvae
nc_GACTTCCCACGACGCT-1	nc_larvae
nc_GACTTCCCACGACTAT-1	nc_larvae
nc_GACTTCCCAGCCCACA-1	nc_larvae
nc_GACTTCCGTAACTTCG-1	nc_larvae
nc_GACTTCCGTAGGACCA-1	nc_larvae
nc_GACTTCCGTATCTCGA-1	nc_larvae
nc_GACTTCCGTTCTCAGA-1	nc_larvae
nc_GACTTCCTCACTCGAA-1	nc_larvae
nc_GACTTCCTCACTGGGC-1	nc_larvae
nc_GACTTCCTCCCGTGTT-1	nc_larvae
nc_GACTTCCTCCGCTGTT-1	nc_larvae
nc_GACTTCCTCCTCACTG-1	nc_larvae
nc_GACTTCCTCTCTTGCG-1	nc_larvae
nc_GACTTCCTCTGCGATA-1	nc_larvae
nc_GAGAAATAGTTCATCG-1	nc_larvae
nc_GAGAAATCACCCTTAC-1	nc_larvae
nc_GAGAAATCACTGTCGG-1	nc_larvae
nc_GAGAAATCAGGTCAGA-1	nc_larvae
nc_GAGAAATCAGTCGAGA-1	nc_larvae
nc_GAGAAATTCACGGACC-1	nc_larvae
nc_GAGAAATTCTCTGGTC-1	nc_larvae
nc_GAGACCCAGCCTCTTC-1	nc_larvae
nc_GAGACCCAGGGACAGG-1	nc_larvae
nc_GAGACCCAGTAGGATT-1	nc_larvae
nc_GAGACCCCAAAGCTAA-1	nc_larvae
nc_GAGACCCGTGACTATC-1	nc_larvae
nc_GAGACCCTCTGCGTCT-1	nc_larvae
nc_GAGACCCTCTGCTGAA-1	nc_larvae
nc_GAGACTTAGAAGCGCT-1	nc_larvae
nc_GAGACTTAGCGGGTAT-1	nc_larvae
nc_GAGACTTAGCTCTATG-1	nc_larvae
nc_GAGACTTAGGCGACAT-1	nc_larvae
nc_GAGACTTAGTGCACTT-1	nc_larvae
nc_GAGACTTCATGTTTGG-1	nc_larvae
nc_GAGACTTGTATGAGGC-1	nc_larvae
nc_GAGACTTGTCCGACGT-1	nc_larvae
nc_GAGACTTGTTTGAAAG-1	nc_larvae
nc_GAGACTTGTTTGGAAA-1	nc_larvae
nc_GAGACTTTCCAAACCA-1	nc_larvae
nc_GAGACTTTCGTCCATC-1	nc_larvae
nc_GAGACTTTCTCATGCC-1	nc_larvae
nc_GAGACTTTCTGTTGGA-1	nc_larvae
nc_GAGAGGTAGATAACGT-1	nc_larvae
nc_GAGAGGTCAATGCAAA-1	nc_larvae
nc_GAGAGGTCATATCGGT-1	nc_larvae
nc_GAGAGGTGTCCTGTCT-1	nc_larvae
nc_GAGAGGTGTGAGCTCC-1	nc_larvae
nc_GAGAGGTGTGGTTCTA-1	nc_larvae
nc_GAGAGGTTCACCGACG-1	nc_larvae
nc_GAGAGGTTCGCACGAC-1	nc_larvae
nc_GAGATGGAGGAGAGTA-1	nc_larvae
nc_GAGATGGAGGTAGCCA-1	nc_larvae
nc_GAGATGGAGTGTAGAT-1	nc_larvae
nc_GAGATGGCAAAGGGTC-1	nc_larvae
nc_GAGATGGCAAGGCTTT-1	nc_larvae
nc_GAGATGGCACCAACAT-1	nc_larvae
nc_GAGATGGCAGAGACTG-1	nc_larvae
nc_GAGATGGGTGGAAATT-1	nc_larvae
nc_GAGATGGGTGTGTTTG-1	nc_larvae
nc_GAGATGGGTTACGTAC-1	nc_larvae
nc_GAGATGGGTTCTCTAT-1	nc_larvae
nc_GAGATGGTCAACTGGT-1	nc_larvae
nc_GAGATGGTCAAGAGTA-1	nc_larvae
nc_GAGATGGTCATTGTGG-1	nc_larvae
nc_GAGCCTGCAAGGAGTC-1	nc_larvae
nc_GAGCCTGGTCGTCATA-1	nc_larvae
nc_GAGCCTGGTCGTGATT-1	nc_larvae
nc_GAGCCTGGTGAGCCAA-1	nc_larvae
nc_GAGCCTGTCCACCTCA-1	nc_larvae
nc_GAGCCTGTCCGAGAAG-1	nc_larvae
nc_GAGCCTGTCGGCGATC-1	nc_larvae
nc_GAGCTGCAGATTAGAC-1	nc_larvae
nc_GAGCTGCAGATTAGCA-1	nc_larvae
nc_GAGCTGCAGCAAGGAA-1	nc_larvae
nc_GAGCTGCAGCCAAGCA-1	nc_larvae
nc_GAGCTGCAGGGAGGAC-1	nc_larvae
nc_GAGCTGCAGGTCATAA-1	nc_larvae
nc_GAGCTGCAGTCGCCAC-1	nc_larvae
nc_GAGCTGCAGTCTTCGA-1	nc_larvae
nc_GAGCTGCCATTGACAC-1	nc_larvae
nc_GAGCTGCGTACGGCAA-1	nc_larvae
nc_GAGCTGCGTCGAGTGA-1	nc_larvae
nc_GAGCTGCGTGATACCT-1	nc_larvae
nc_GAGCTGCTCACTCACC-1	nc_larvae
nc_GAGCTGCTCCTCTGCA-1	nc_larvae
nc_GAGGCAAAGCCTATCA-1	nc_larvae
nc_GAGGCAACAACTACGT-1	nc_larvae
nc_GAGGCAACACCTAAAC-1	nc_larvae
nc_GAGGCAAGTACCCGAC-1	nc_larvae
nc_GAGGCAAGTATTTCTC-1	nc_larvae
nc_GAGGCAAGTTATCTGG-1	nc_larvae
nc_GAGGCAAGTTCTTAGG-1	nc_larvae
nc_GAGGCCTAGAAGTATC-1	nc_larvae
nc_GAGGCCTAGCTCAGAG-1	nc_larvae
nc_GAGGCCTAGGCATGGT-1	nc_larvae
nc_GAGGCCTAGTAAACGT-1	nc_larvae
nc_GAGGCCTAGTAACAGT-1	nc_larvae
nc_GAGGCCTCAAGTATAG-1	nc_larvae
nc_GAGGCCTCACCTGATA-1	nc_larvae
nc_GAGGCCTCACGCGCAT-1	nc_larvae
nc_GAGGCCTCACTTCAGA-1	nc_larvae
nc_GAGGCCTCAGTCGGTC-1	nc_larvae
nc_GAGGCCTCATCGGATT-1	nc_larvae
nc_GAGGCCTCATCGTCCT-1	nc_larvae
nc_GAGGCCTGTCATCCGG-1	nc_larvae
nc_GAGGCCTGTGCCTACG-1	nc_larvae
nc_GAGGCCTTCCTGTAGA-1	nc_larvae
nc_GAGGCCTTCGCAAGAG-1	nc_larvae
nc_GAGGCCTTCTAGTGTG-1	nc_larvae
nc_GAGGGATAGCTTAAGA-1	nc_larvae
nc_GAGGGATAGTCATGAA-1	nc_larvae
nc_GAGGGATCACCGAATT-1	nc_larvae
nc_GAGGGATCATCGCTGG-1	nc_larvae
nc_GAGGGATGTACCTTCC-1	nc_larvae
nc_GAGGGATGTCCGGCAT-1	nc_larvae
nc_GAGGGATTCTCAGTCC-1	nc_larvae
nc_GAGGGATTCTCGCCTA-1	nc_larvae
nc_GAGGGTAAGAAGTGTT-1	nc_larvae
nc_GAGGGTAAGCTGGCCT-1	nc_larvae
nc_GAGGGTAAGGGAGGAC-1	nc_larvae
nc_GAGGGTAAGGTGCGAT-1	nc_larvae
nc_GAGGGTACAGCTACTA-1	nc_larvae
nc_GAGGGTACAGTATGAA-1	nc_larvae
nc_GAGGGTACATTGTGCA-1	nc_larvae
nc_GAGGGTAGTCGTATGT-1	nc_larvae
nc_GAGGGTAGTGGATCGA-1	nc_larvae
nc_GAGGGTAGTTGGTGTT-1	nc_larvae
nc_GAGGGTATCACTACGA-1	nc_larvae
nc_GAGGGTATCGCTTGAA-1	nc_larvae
nc_GAGTCATAGAGAACCC-1	nc_larvae
nc_GAGTCATAGCACCTGC-1	nc_larvae
nc_GAGTCATCAGCTGTTA-1	nc_larvae
nc_GAGTCATGTCCTGGGT-1	nc_larvae
nc_GAGTCATGTCTGATAC-1	nc_larvae
nc_GAGTCATGTGCGTGCT-1	nc_larvae
nc_GAGTCATGTTGCAAGG-1	nc_larvae
nc_GAGTCATTCAGTGTGT-1	nc_larvae
nc_GAGTCATTCCCATTCG-1	nc_larvae
nc_GAGTCATTCTGTCCCA-1	nc_larvae
nc_GAGTCTAAGAGCGACT-1	nc_larvae
nc_GAGTCTACAATTAGGA-1	nc_larvae
nc_GAGTCTACAATTGAAG-1	nc_larvae
nc_GAGTCTACAGAACTCT-1	nc_larvae
nc_GAGTCTACAGATTCGT-1	nc_larvae
nc_GAGTCTACATGTGTCA-1	nc_larvae
nc_GAGTCTAGTGATACTC-1	nc_larvae
nc_GAGTCTATCAGAGCAG-1	nc_larvae
nc_GAGTCTATCGGTCATA-1	nc_larvae
nc_GAGTCTATCGGTCTGG-1	nc_larvae
nc_GAGTCTATCTGCGATA-1	nc_larvae
nc_GAGTGAGAGACTCGAG-1	nc_larvae
nc_GAGTGAGAGGTGATCG-1	nc_larvae
nc_GAGTGAGCACACACGC-1	nc_larvae
nc_GAGTGAGCAGACCAGA-1	nc_larvae
nc_GAGTGAGGTCATTCCC-1	nc_larvae
nc_GAGTGAGGTGAATTGA-1	nc_larvae
nc_GAGTGAGGTGGAGGTT-1	nc_larvae
nc_GAGTGTTAGAAGGGAT-1	nc_larvae
nc_GAGTGTTCAAAGGGCT-1	nc_larvae
nc_GAGTGTTGTGTAGGAC-1	nc_larvae
nc_GAGTGTTTCATTCGTT-1	nc_larvae
nc_GAGTTACAGATAGGGA-1	nc_larvae
nc_GAGTTACAGATGACAT-1	nc_larvae
nc_GAGTTACAGCCAAGCA-1	nc_larvae
nc_GAGTTACAGGATACAT-1	nc_larvae
nc_GAGTTACAGTTGGAGC-1	nc_larvae
nc_GAGTTACAGTTGTAAG-1	nc_larvae
nc_GAGTTACCAATTGCGT-1	nc_larvae
nc_GAGTTACCACAAAGTA-1	nc_larvae
nc_GAGTTACCACAGACGA-1	nc_larvae
nc_GAGTTACCATGTTCAG-1	nc_larvae
nc_GAGTTACGTGGCATCC-1	nc_larvae
nc_GAGTTACTCAGGTGTT-1	nc_larvae
nc_GAGTTACTCGTGCTCT-1	nc_larvae
nc_GAGTTGTAGAGGACTC-1	nc_larvae
nc_GAGTTGTAGCGACAGT-1	nc_larvae
nc_GAGTTGTCACAGTATC-1	nc_larvae
nc_GAGTTGTCACCATATG-1	nc_larvae
nc_GAGTTGTCACTGCGTG-1	nc_larvae
nc_GAGTTGTCATACCGTA-1	nc_larvae
nc_GAGTTGTCATAGCTGT-1	nc_larvae
nc_GAGTTGTTCAAAGGAT-1	nc_larvae
nc_GAGTTGTTCCTTCGAC-1	nc_larvae
nc_GAGTTGTTCTTCGATT-1	nc_larvae
nc_GAGTTTGCAGTTAAAG-1	nc_larvae
nc_GAGTTTGGTGGAACAC-1	nc_larvae
nc_GAGTTTGGTGTAACGG-1	nc_larvae
nc_GAGTTTGTCATGCATG-1	nc_larvae
nc_GAGTTTGTCCATCGTC-1	nc_larvae
nc_GAGTTTGTCCGTGTGG-1	nc_larvae
nc_GAGTTTGTCTACCCAC-1	nc_larvae
nc_GAGTTTGTCTACTGAG-1	nc_larvae
nc_GAGTTTGTCTGACGCG-1	nc_larvae
nc_GATAGAAAGACAACAT-1	nc_larvae
nc_GATAGAAAGATTGAGT-1	nc_larvae
nc_GATAGAAAGCACTAGG-1	nc_larvae
nc_GATAGAAAGTTCCTGA-1	nc_larvae
nc_GATAGAACAACTCCAA-1	nc_larvae
nc_GATAGAACAGAGCTAG-1	nc_larvae
nc_GATAGAACAGTATACC-1	nc_larvae
nc_GATAGAACAGTCGCAC-1	nc_larvae
nc_GATAGAAGTAACGTTC-1	nc_larvae
nc_GATAGAAGTCGCTGCA-1	nc_larvae
nc_GATAGAAGTCTTCTAT-1	nc_larvae
nc_GATAGAATCCGATAGT-1	nc_larvae
nc_GATAGAATCGGCATAT-1	nc_larvae
nc_GATAGAATCTAACACG-1	nc_larvae
nc_GATAGCTAGAAAGCGA-1	nc_larvae
nc_GATAGCTAGAGTAACT-1	nc_larvae
nc_GATAGCTAGGGTGAAA-1	nc_larvae
nc_GATAGCTAGTTCCAGT-1	nc_larvae
nc_GATAGCTAGTTGCATC-1	nc_larvae
nc_GATAGCTCACAACGCC-1	nc_larvae
nc_GATAGCTCAGCCATTA-1	nc_larvae
nc_GATAGCTCAGGCCCTA-1	nc_larvae
nc_GATAGCTTCAGAGTTC-1	nc_larvae
nc_GATAGCTTCCCATACC-1	nc_larvae
nc_GATCACAAGGCCACTC-1	nc_larvae
nc_GATCACAAGGGAGATA-1	nc_larvae
nc_GATCACAAGGGATCTG-1	nc_larvae
nc_GATCACAAGGTCATAA-1	nc_larvae
nc_GATCACAAGTAGTGCG-1	nc_larvae
nc_GATCACAAGTCAGCGA-1	nc_larvae
nc_GATCACAAGTGCACCC-1	nc_larvae
nc_GATCACACAGTGTATC-1	nc_larvae
nc_GATCACAGTAGACAGC-1	nc_larvae
nc_GATCACAGTAGTCGGA-1	nc_larvae
nc_GATCACAGTTGCCTAA-1	nc_larvae
nc_GATCACATCTAGCAAC-1	nc_larvae
nc_GATCAGTAGAACAAGG-1	nc_larvae
nc_GATCAGTAGACGGTTG-1	nc_larvae
nc_GATCAGTAGAGTTGCG-1	nc_larvae
nc_GATCAGTAGGAGTATT-1	nc_larvae
nc_GATCAGTAGTGATAAC-1	nc_larvae
nc_GATCAGTAGTTCATGC-1	nc_larvae
nc_GATCAGTCAAATTGCC-1	nc_larvae
nc_GATCAGTCAGAGTCAG-1	nc_larvae
nc_GATCAGTCAGCTCTGG-1	nc_larvae
nc_GATCAGTGTCTAGATC-1	nc_larvae
nc_GATCAGTTCACATCAG-1	nc_larvae
nc_GATCAGTTCACTAGCA-1	nc_larvae
nc_GATCAGTTCAGGAACG-1	nc_larvae
nc_GATCAGTTCCCAGGAC-1	nc_larvae
nc_GATCATGAGCAACAGC-1	nc_larvae
nc_GATCATGAGCTCGGCT-1	nc_larvae
nc_GATCATGAGGGATCAC-1	nc_larvae
nc_GATCATGAGTACTGTC-1	nc_larvae
nc_GATCATGAGTCTAACC-1	nc_larvae
nc_GATCATGCAAAGTATG-1	nc_larvae
nc_GATCATGCAACGGCCT-1	nc_larvae
nc_GATCATGGTATCGATC-1	nc_larvae
nc_GATCATGGTGCCTATA-1	nc_larvae
nc_GATCATGTCCACGTAA-1	nc_larvae
nc_GATCATGTCGTCAACA-1	nc_larvae
nc_GATCCCTAGAAGTGTT-1	nc_larvae
nc_GATCCCTAGCTCGGCT-1	nc_larvae
nc_GATCCCTAGGTACTGG-1	nc_larvae
nc_GATCCCTAGTATGGAT-1	nc_larvae
nc_GATCCCTAGTCACACT-1	nc_larvae
nc_GATCCCTAGTCCTGCG-1	nc_larvae
nc_GATCCCTCAAAGGGTC-1	nc_larvae
nc_GATCCCTGTCCTCCTA-1	nc_larvae
nc_GATCCCTGTCGGTGAA-1	nc_larvae
nc_GATCCCTTCACTACTT-1	nc_larvae
nc_GATCCCTTCGATACGT-1	nc_larvae
nc_GATCCCTTCTTAATCC-1	nc_larvae
nc_GATCGTAAGGCTCAAG-1	nc_larvae
nc_GATCGTAAGTGTTGTC-1	nc_larvae
nc_GATCGTACAAGATGTA-1	nc_larvae
nc_GATCGTAGTACAGTTC-1	nc_larvae
nc_GATCGTAGTACGGTTT-1	nc_larvae
nc_GATCGTAGTAGAATAC-1	nc_larvae
nc_GATCGTAGTGCCGGTT-1	nc_larvae
nc_GATCGTATCATTTCGT-1	nc_larvae
nc_GATCGTATCCACGAAT-1	nc_larvae
nc_GATCGTATCCTTATAC-1	nc_larvae
nc_GATCGTATCTACTCAT-1	nc_larvae
nc_GATCGTATCTCGGCTT-1	nc_larvae
nc_GATGACTAGGTAGGCT-1	nc_larvae
nc_GATGACTAGTAAGACT-1	nc_larvae
nc_GATGACTCAATCGTCA-1	nc_larvae
nc_GATGACTCAGTAACGG-1	nc_larvae
nc_GATGACTCAGTAGTGG-1	nc_larvae
nc_GATGACTCATAAGATG-1	nc_larvae
nc_GATGACTGTAGGCAAC-1	nc_larvae
nc_GATGACTGTGTAAACA-1	nc_larvae
nc_GATGACTGTTAATCGC-1	nc_larvae
nc_GATGAGGAGAATCTAG-1	nc_larvae
nc_GATGAGGAGCGCCCAT-1	nc_larvae
nc_GATGAGGAGGTCGACA-1	nc_larvae
nc_GATGAGGCAACACGTT-1	nc_larvae
nc_GATGAGGCAAGACTGG-1	nc_larvae
nc_GATGAGGCACCGCTGA-1	nc_larvae
nc_GATGAGGCATAGATCC-1	nc_larvae
nc_GATGAGGGTACAGAAT-1	nc_larvae
nc_GATGAGGGTCGGATTT-1	nc_larvae
nc_GATGAGGTCCCTCTAG-1	nc_larvae
nc_GATGAGGTCCGTAGTA-1	nc_larvae
nc_GATGAGGTCTCTTGCG-1	nc_larvae
nc_GATGATCAGATGGCGT-1	nc_larvae
nc_GATGATCAGCTGCCAC-1	nc_larvae
nc_GATGATCAGGCATTTC-1	nc_larvae
nc_GATGATCCAAAGCGTG-1	nc_larvae
nc_GATGATCCAACGTTAC-1	nc_larvae
nc_GATGATCCAAGTCATC-1	nc_larvae
nc_GATGATCCAATTTCCT-1	nc_larvae
nc_GATGATCCAGGCTACC-1	nc_larvae
nc_GATGATCGTGGGTATG-1	nc_larvae
nc_GATGATCGTTACGTAC-1	nc_larvae
nc_GATGATCGTTGTAAAG-1	nc_larvae
nc_GATGATCGTTTCGCTC-1	nc_larvae
nc_GATGATCTCGCTATTT-1	nc_larvae
nc_GATGATCTCTGAACGT-1	nc_larvae
nc_GATGATCTCTGCGATA-1	nc_larvae
nc_GATGATCTCTTGGATG-1	nc_larvae
nc_GATGCTAAGCATGCGA-1	nc_larvae
nc_GATGCTAAGCTCATAC-1	nc_larvae
nc_GATGCTAAGGTTATAG-1	nc_larvae
nc_GATGCTAAGTTGCTCA-1	nc_larvae
nc_GATGCTACACTGATTG-1	nc_larvae
nc_GATGCTACATCCGCGA-1	nc_larvae
nc_GATGCTACATCCTCAC-1	nc_larvae
nc_GATGCTAGTCCGGACT-1	nc_larvae
nc_GATGCTAGTCGCAACC-1	nc_larvae
nc_GATGCTAGTGGTTTAC-1	nc_larvae
nc_GATGCTAGTTCTCCTG-1	nc_larvae
nc_GATGCTAGTTGCGAAG-1	nc_larvae
nc_GATGCTATCAGTGTGT-1	nc_larvae
nc_GATGCTATCATGAGGG-1	nc_larvae
nc_GATGCTATCGCGTGCA-1	nc_larvae
nc_GATGGAGAGGCACTAG-1	nc_larvae
nc_GATGGAGAGTAGATCA-1	nc_larvae
nc_GATGGAGCAACCAATC-1	nc_larvae
nc_GATGGAGCAATCCTTT-1	nc_larvae
nc_GATGGAGCAATGTTGC-1	nc_larvae
nc_GATGGAGCACCTCTAC-1	nc_larvae
nc_GATGGAGGTCCCTAAA-1	nc_larvae
nc_GATGGAGGTCGAACGA-1	nc_larvae
nc_GATGGAGGTTTGGAGG-1	nc_larvae
nc_GATGGAGTCTGATGGT-1	nc_larvae
nc_GATGGAGTCTTACCAT-1	nc_larvae
nc_GATGTTGAGCATGTTC-1	nc_larvae
nc_GATGTTGAGCCGATTT-1	nc_larvae
nc_GATGTTGAGTCACAGG-1	nc_larvae
nc_GATGTTGAGTTGCGCC-1	nc_larvae
nc_GATGTTGCAACACAGG-1	nc_larvae
nc_GATGTTGCAACTCGTA-1	nc_larvae
nc_GATGTTGCATTGAGGG-1	nc_larvae
nc_GATGTTGGTCTGTAAC-1	nc_larvae
nc_GATGTTGGTCTGTCAA-1	nc_larvae
nc_GATGTTGGTGAGTTGG-1	nc_larvae
nc_GATGTTGTCCCATACC-1	nc_larvae
nc_GATGTTGTCCGCAGTG-1	nc_larvae
nc_GATGTTGTCCTCACCA-1	nc_larvae
nc_GATTCGAAGATTCGCT-1	nc_larvae
nc_GATTCGAAGCTAGCCC-1	nc_larvae
nc_GATTCGAAGGCATCGA-1	nc_larvae
nc_GATTCGAGTCATGGCC-1	nc_larvae
nc_GATTCGATCGTACCTC-1	nc_larvae
nc_GATTCGATCGTTTACT-1	nc_larvae
nc_GATTCGATCTAGTACG-1	nc_larvae
nc_GATTCGATCTCCTGAC-1	nc_larvae
nc_GATTCGATCTTAAGGC-1	nc_larvae
nc_GATTCTTAGATGGGCT-1	nc_larvae
nc_GATTCTTAGCCTCTCT-1	nc_larvae
nc_GATTCTTAGCGAGTAC-1	nc_larvae
nc_GATTCTTCAACCGCCA-1	nc_larvae
nc_GATTCTTCACCAGGTC-1	nc_larvae
nc_GATTCTTCAGAACTTC-1	nc_larvae
nc_GATTCTTCATATAGCC-1	nc_larvae
nc_GATTCTTGTTGCCGAC-1	nc_larvae
nc_GATTCTTGTTTCGCTC-1	nc_larvae
nc_GATTCTTTCAGTAGGG-1	nc_larvae
nc_GATTCTTTCAGTGATC-1	nc_larvae
nc_GATTCTTTCGTCCTTG-1	nc_larvae
nc_GATTCTTTCTCTAAGG-1	nc_larvae
nc_GATTGGTAGACATATG-1	nc_larvae
nc_GATTGGTAGCCATCCG-1	nc_larvae
nc_GATTGGTAGCTAAACA-1	nc_larvae
nc_GATTGGTAGGCATCAG-1	nc_larvae
nc_GATTGGTAGGGCCAAT-1	nc_larvae
nc_GATTGGTAGTAGACAT-1	nc_larvae
nc_GATTGGTGTATGTCTG-1	nc_larvae
nc_GATTGGTGTCACAGTT-1	nc_larvae
nc_GATTGGTGTCATCAGT-1	nc_larvae
nc_GATTGGTTCCCATTTA-1	nc_larvae
nc_GATTGGTTCCTTGAAG-1	nc_larvae
nc_GATTGGTTCGTCAAAC-1	nc_larvae
nc_GATTTCTAGATGCTGG-1	nc_larvae
nc_GATTTCTAGGGTCTTT-1	nc_larvae
nc_GATTTCTAGTCCTGCG-1	nc_larvae
nc_GATTTCTAGTGGTTAA-1	nc_larvae
nc_GATTTCTAGTTTCGAC-1	nc_larvae
nc_GATTTCTCATTGTACG-1	nc_larvae
nc_GATTTCTGTAGATCGG-1	nc_larvae
nc_GATTTCTGTTGACGGA-1	nc_larvae
nc_GATTTCTTCATGCCGG-1	nc_larvae
nc_GATTTCTTCTACAGGT-1	nc_larvae
nc_GATTTCTTCTTCACGC-1	nc_larvae
nc_GCAACATAGCGGGTAT-1	nc_larvae
nc_GCAACATAGTCTAACC-1	nc_larvae
nc_GCAACATGTCCACGCA-1	nc_larvae
nc_GCAACATTCCCGTGAG-1	nc_larvae
nc_GCAACATTCTACACTT-1	nc_larvae
nc_GCAACATTCTCTTGCG-1	nc_larvae
nc_GCAACCGAGTCCGTCG-1	nc_larvae
nc_GCAACCGCAGGTTCCG-1	nc_larvae
nc_GCAACCGCAGTCAACT-1	nc_larvae
nc_GCAACCGGTACAGAAT-1	nc_larvae
nc_GCAACCGGTATATGGA-1	nc_larvae
nc_GCAACCGGTGCCAAGA-1	nc_larvae
nc_GCACATAAGCACTAGG-1	nc_larvae
nc_GCACATAAGGTCGTAG-1	nc_larvae
nc_GCACATACAAGAGGTC-1	nc_larvae
nc_GCACATACAGCATACT-1	nc_larvae
nc_GCACATACATATTCGG-1	nc_larvae
nc_GCACATAGTACACGCC-1	nc_larvae
nc_GCACATAGTACATACC-1	nc_larvae
nc_GCACATAGTATGACAA-1	nc_larvae
nc_GCACATAGTCGCCTAG-1	nc_larvae
nc_GCACATAGTCTACTGA-1	nc_larvae
nc_GCACATAGTTCTCGCT-1	nc_larvae
nc_GCACATAGTTGTCATG-1	nc_larvae
nc_GCACATATCGTCCATC-1	nc_larvae
nc_GCACATATCTTCTGTA-1	nc_larvae
nc_GCACGGTAGAATCGCG-1	nc_larvae
nc_GCACGGTAGACTGTTC-1	nc_larvae
nc_GCACGGTAGCATCGAG-1	nc_larvae
nc_GCACGGTAGCTGTACT-1	nc_larvae
nc_GCACGGTAGGGTGGGA-1	nc_larvae
nc_GCACGGTAGGTCCTGC-1	nc_larvae
nc_GCACGGTCACACGGTC-1	nc_larvae
nc_GCACGGTCAGAGTCAG-1	nc_larvae
nc_GCACGGTCAGTGCCTG-1	nc_larvae
nc_GCACGGTGTAGACTGG-1	nc_larvae
nc_GCACGGTGTCAACATC-1	nc_larvae
nc_GCACGGTGTCCTACGG-1	nc_larvae
nc_GCACGGTGTTCTCCTG-1	nc_larvae
nc_GCACGGTGTTGACTAC-1	nc_larvae
nc_GCACGGTTCACTGGTA-1	nc_larvae
nc_GCACGGTTCGACATTG-1	nc_larvae
nc_GCACGTGAGCGTCTGC-1	nc_larvae
nc_GCACGTGAGCTGAGCA-1	nc_larvae
nc_GCACGTGAGTAAACAC-1	nc_larvae
nc_GCACGTGCAAATAAGC-1	nc_larvae
nc_GCACGTGCATAAGCGG-1	nc_larvae
nc_GCACGTGGTAAGCTCT-1	nc_larvae
nc_GCACGTGGTACGGGAT-1	nc_larvae
nc_GCACGTGGTCCACTTC-1	nc_larvae
nc_GCACGTGGTTCGAAGG-1	nc_larvae
nc_GCACGTGGTTCTATCT-1	nc_larvae
nc_GCACGTGTCCGCCTAT-1	nc_larvae
nc_GCACGTGTCGGTCTAA-1	nc_larvae
nc_GCACTAAAGACCTCAT-1	nc_larvae
nc_GCACTAAAGATTAGAC-1	nc_larvae
nc_GCACTAAAGGAGAATG-1	nc_larvae
nc_GCACTAACAGCTCCTT-1	nc_larvae
nc_GCACTAACATACACCA-1	nc_larvae
nc_GCACTAAGTCGCATTA-1	nc_larvae
nc_GCACTAATCGAGTCCG-1	nc_larvae
nc_GCAGCCAAGATTAGTG-1	nc_larvae
nc_GCAGCCAAGGTGCTGA-1	nc_larvae
nc_GCAGCCAAGTAGCCAG-1	nc_larvae
nc_GCAGCCACAAACGGCA-1	nc_larvae
nc_GCAGCCACACGTACAT-1	nc_larvae
nc_GCAGCCACATGTCAGT-1	nc_larvae
nc_GCAGCCAGTAGCGCTC-1	nc_larvae
nc_GCAGCCAGTGTATTCG-1	nc_larvae
nc_GCAGCCAGTTGGAGGT-1	nc_larvae
nc_GCAGCCAGTTTGGCTA-1	nc_larvae
nc_GCAGCCATCTCCGCAT-1	nc_larvae
nc_GCAGCCATCTTGAACG-1	nc_larvae
nc_GCAGCTGAGCAAATGT-1	nc_larvae
nc_GCAGCTGAGCATACTC-1	nc_larvae
nc_GCAGCTGAGTGCTACT-1	nc_larvae
nc_GCAGCTGCAAACTCGT-1	nc_larvae
nc_GCAGCTGCAACTCATG-1	nc_larvae
nc_GCAGCTGCAAGGAGTC-1	nc_larvae
nc_GCAGCTGCACAGAGCA-1	nc_larvae
nc_GCAGCTGCACGCTTAA-1	nc_larvae
nc_GCAGCTGCAGCGGTTC-1	nc_larvae
nc_GCAGCTGCAGGATCTT-1	nc_larvae
nc_GCAGCTGCATAACCCA-1	nc_larvae
nc_GCAGCTGCATTCATCT-1	nc_larvae
nc_GCAGCTGGTAACGATA-1	nc_larvae
nc_GCAGCTGTCCAGCCTT-1	nc_larvae
nc_GCAGCTGTCGACATTG-1	nc_larvae
nc_GCAGCTGTCTGAATCG-1	nc_larvae
nc_GCAGGCTAGACAACTA-1	nc_larvae
nc_GCAGGCTAGGAAAGTG-1	nc_larvae
nc_GCAGGCTCAACAGAGC-1	nc_larvae
nc_GCAGGCTCAGCTTTCC-1	nc_larvae
nc_GCAGGCTCAGGACGAT-1	nc_larvae
nc_GCAGGCTGTAGGCAGT-1	nc_larvae
nc_GCAGGCTGTGCAGATG-1	nc_larvae
nc_GCAGGCTGTTCTGAGT-1	nc_larvae
nc_GCAGGCTTCAGTCCGG-1	nc_larvae
nc_GCAGGCTTCGAGAAGC-1	nc_larvae
nc_GCAGGCTTCTGGAGAG-1	nc_larvae
nc_GCAGTTAAGAGCCGTA-1	nc_larvae
nc_GCAGTTAAGGCCTTGC-1	nc_larvae
nc_GCAGTTAAGTATAACG-1	nc_larvae
nc_GCAGTTAAGTGTCATC-1	nc_larvae
nc_GCAGTTACACTTGTGA-1	nc_larvae
nc_GCAGTTACAGCCGGTT-1	nc_larvae
nc_GCAGTTACATCTCAAG-1	nc_larvae
nc_GCAGTTACATCTTAGG-1	nc_larvae
nc_GCAGTTACATTCAGGT-1	nc_larvae
nc_GCAGTTAGTGGATGAC-1	nc_larvae
nc_GCAGTTATCATTCGGA-1	nc_larvae
nc_GCAGTTATCCCTCTTT-1	nc_larvae
nc_GCAGTTATCTCCCAAC-1	nc_larvae
nc_GCAGTTATCTCGGGAC-1	nc_larvae
nc_GCATCGGAGAGTAACT-1	nc_larvae
nc_GCATCGGAGGAGGTTC-1	nc_larvae
nc_GCATCGGCATCTCGTC-1	nc_larvae
nc_GCATCGGGTTGCATTG-1	nc_larvae
nc_GCATCGGTCACCACAA-1	nc_larvae
nc_GCATCGGTCCCAACTC-1	nc_larvae
nc_GCATCTCAGACCATTC-1	nc_larvae
nc_GCATCTCAGCCTATTG-1	nc_larvae
nc_GCATCTCAGTGGTTAA-1	nc_larvae
nc_GCATCTCGTAACATAG-1	nc_larvae
nc_GCATCTCGTCCCGCAA-1	nc_larvae
nc_GCATCTCGTCGCCTAG-1	nc_larvae
nc_GCATCTCGTGAATGAT-1	nc_larvae
nc_GCATCTCGTGGCTTGC-1	nc_larvae
nc_GCATCTCGTTTACACG-1	nc_larvae
nc_GCATCTCTCAGGAACG-1	nc_larvae
nc_GCATCTCTCGGAAACG-1	nc_larvae
nc_GCATCTCTCTGACAGT-1	nc_larvae
nc_GCATGATAGAATTCAG-1	nc_larvae
nc_GCATGATAGCCAAGGT-1	nc_larvae
nc_GCATGATAGCTGTCCG-1	nc_larvae
nc_GCATGATCACCATTCC-1	nc_larvae
nc_GCATGATGTCAGACGA-1	nc_larvae
nc_GCATGATGTCGTTCAA-1	nc_larvae
nc_GCATGATGTGAATGAT-1	nc_larvae
nc_GCATGATGTGTCATTG-1	nc_larvae
nc_GCATGATGTTACGATC-1	nc_larvae
nc_GCATGATGTTCCAAAC-1	nc_larvae
nc_GCATGATTCACTGTTT-1	nc_larvae
nc_GCATGATTCCACCTCA-1	nc_larvae
nc_GCATGATTCCGAGGCT-1	nc_larvae
nc_GCATGATTCGCAGTTA-1	nc_larvae
nc_GCATGATTCGCTTAAG-1	nc_larvae
nc_GCATTAGAGACCATGG-1	nc_larvae
nc_GCATTAGAGCCGCTTG-1	nc_larvae
nc_GCATTAGCACAAGCAG-1	nc_larvae
nc_GCATTAGCACACAGAG-1	nc_larvae
nc_GCATTAGCAGCGATTT-1	nc_larvae
nc_GCATTAGCAGTTAAAG-1	nc_larvae
nc_GCATTAGCATTGGCAT-1	nc_larvae
nc_GCATTAGGTACTGTTG-1	nc_larvae
nc_GCATTAGGTTGCCGAC-1	nc_larvae
nc_GCATTAGTCCCGTTGT-1	nc_larvae
nc_GCATTAGTCGTAGTCA-1	nc_larvae
nc_GCATTAGTCTAGTTCT-1	nc_larvae
nc_GCCAACGAGAGAGAAC-1	nc_larvae
nc_GCCAACGAGTCCTGCG-1	nc_larvae
nc_GCCAACGAGTGTTCAC-1	nc_larvae
nc_GCCAACGCACGCTTAA-1	nc_larvae
nc_GCCAACGCAGGCAATG-1	nc_larvae
nc_GCCAACGCATACCGTA-1	nc_larvae
nc_GCCAACGGTCAATCTG-1	nc_larvae
nc_GCCAACGTCCGACATA-1	nc_larvae
nc_GCCAGCAAGACAGCGT-1	nc_larvae
nc_GCCAGCAAGCCTATTG-1	nc_larvae
nc_GCCAGCAAGGAGATAG-1	nc_larvae
nc_GCCAGCACAACGGGTA-1	nc_larvae
nc_GCCAGCACAAGACTGG-1	nc_larvae
nc_GCCAGCACAGCACACC-1	nc_larvae
nc_GCCAGCACATCGAGCC-1	nc_larvae
nc_GCCAGCACATTCAGCA-1	nc_larvae
nc_GCCAGCAGTCGTTCAA-1	nc_larvae
nc_GCCAGCATCGCTCTCA-1	nc_larvae
nc_GCCAGGTAGGAAAGAC-1	nc_larvae
nc_GCCAGGTAGTACTCGT-1	nc_larvae
nc_GCCAGGTCACCTGCAG-1	nc_larvae
nc_GCCAGGTCAGGCACTC-1	nc_larvae
nc_GCCAGGTGTAATGCGG-1	nc_larvae
nc_GCCAGGTGTTGATCGT-1	nc_larvae
nc_GCCAGGTTCCTCTAGC-1	nc_larvae
nc_GCCAGGTTCTACACTT-1	nc_larvae
nc_GCCAGTGAGAAACACT-1	nc_larvae
nc_GCCAGTGAGAGTTCGG-1	nc_larvae
nc_GCCAGTGAGCACCAGA-1	nc_larvae
nc_GCCAGTGAGGAAAGTG-1	nc_larvae
nc_GCCAGTGAGGATTACA-1	nc_larvae
nc_GCCAGTGAGGTGAGAA-1	nc_larvae
nc_GCCAGTGAGTGTCATC-1	nc_larvae
nc_GCCAGTGCAATCTCTT-1	nc_larvae
nc_GCCAGTGCATTGGATC-1	nc_larvae
nc_GCCAGTGTCAAACCCA-1	nc_larvae
nc_GCCAGTGTCGTCGACG-1	nc_larvae
nc_GCCATGGAGCATGAAT-1	nc_larvae
nc_GCCATGGAGGCATCTT-1	nc_larvae
nc_GCCATGGAGTTGCCTA-1	nc_larvae
nc_GCCATGGCACCTTCCA-1	nc_larvae
nc_GCCATGGCACTCCTTG-1	nc_larvae
nc_GCCATGGCACTTCATT-1	nc_larvae
nc_GCCATGGCAGATACTC-1	nc_larvae
nc_GCCATGGCATATCTCT-1	nc_larvae
nc_GCCATGGCATCTCAAG-1	nc_larvae
nc_GCCATGGCATGTGTCA-1	nc_larvae
nc_GCCATGGGTAAGATAC-1	nc_larvae
nc_GCCATGGGTCTGTGTA-1	nc_larvae
nc_GCCATGGTCTAGCCTC-1	nc_larvae
nc_GCCATTCAGCTTCTAG-1	nc_larvae
nc_GCCATTCAGGACGCAT-1	nc_larvae
nc_GCCATTCCATTAGGCT-1	nc_larvae
nc_GCCATTCCATTATGCG-1	nc_larvae
nc_GCCATTCGTAATTAGG-1	nc_larvae
nc_GCCATTCGTACAGGTG-1	nc_larvae
nc_GCCATTCGTTCATCGA-1	nc_larvae
nc_GCCATTCGTTTCGCTC-1	nc_larvae
nc_GCCATTCTCATTCATC-1	nc_larvae
nc_GCCATTCTCATTGTGG-1	nc_larvae
nc_GCCATTCTCGCATGAT-1	nc_larvae
nc_GCCATTCTCGGTCGGT-1	nc_larvae
nc_GCCATTCTCGTCTACC-1	nc_larvae
nc_GCCCAGAAGGGTCACA-1	nc_larvae
nc_GCCCAGACACCGTGAC-1	nc_larvae
nc_GCCCAGACATCTGCGG-1	nc_larvae
nc_GCCCAGAGTATCCCTC-1	nc_larvae
nc_GCCCAGAGTATGAGAT-1	nc_larvae
nc_GCCCAGAGTCACTCAA-1	nc_larvae
nc_GCCCAGATCACAAGAA-1	nc_larvae
nc_GCCCAGATCCCTCTTT-1	nc_larvae
nc_GCCCAGATCTCTATAC-1	nc_larvae
nc_GCCCGAAAGCCAAGCA-1	nc_larvae
nc_GCCCGAAAGTTGCTGT-1	nc_larvae
nc_GCCCGAACACAAATCC-1	nc_larvae
nc_GCCCGAACACTAACGT-1	nc_larvae
nc_GCCCGAACAGAAGCTG-1	nc_larvae
nc_GCCCGAACATTGTACG-1	nc_larvae
nc_GCCCGAATCACCACAA-1	nc_larvae
nc_GCCCGAATCATCGCAA-1	nc_larvae
nc_GCCCGAATCATGCCCT-1	nc_larvae
nc_GCCCGAATCGGACTTA-1	nc_larvae
nc_GCCCGAATCTAAACGC-1	nc_larvae
nc_GCCGATGAGCGTATAA-1	nc_larvae
nc_GCCGATGAGTGTTCAC-1	nc_larvae
nc_GCCGATGCACTCTAGA-1	nc_larvae
nc_GCCGATGGTCTACGAT-1	nc_larvae
nc_GCCGATGGTCTTAGTG-1	nc_larvae
nc_GCCGATGTCAAGAGGC-1	nc_larvae
nc_GCCGATGTCATACGAC-1	nc_larvae
nc_GCCGATGTCTACGGTA-1	nc_larvae
nc_GCCGATGTCTGTCGTC-1	nc_larvae
nc_GCCGTGAAGCTGGTGA-1	nc_larvae
nc_GCCGTGAAGTATAGGT-1	nc_larvae
nc_GCCGTGAAGTGACACG-1	nc_larvae
nc_GCCGTGACAAGTGGGT-1	nc_larvae
nc_GCCGTGACACGCGCAT-1	nc_larvae
nc_GCCGTGAGTCTAACGT-1	nc_larvae
nc_GCCGTGAGTCTAGTGT-1	nc_larvae
nc_GCCGTGAGTGCATCTA-1	nc_larvae
nc_GCCGTGAGTTCGGTCG-1	nc_larvae
nc_GCCGTGAGTTTACGTG-1	nc_larvae
nc_GCCGTGATCGACCCAG-1	nc_larvae
nc_GCCTGTTAGGTTAAAC-1	nc_larvae
nc_GCCTGTTAGTCTAACC-1	nc_larvae
nc_GCCTGTTCACGGCACT-1	nc_larvae
nc_GCCTGTTCATTGCAAC-1	nc_larvae
nc_GCCTGTTGTACGCTTA-1	nc_larvae
nc_GCCTGTTGTGTCCCTT-1	nc_larvae
nc_GCCTGTTGTTATGTGC-1	nc_larvae
nc_GCCTGTTTCCGATCGG-1	nc_larvae
nc_GCCTGTTTCTGTCGCT-1	nc_larvae
nc_GCGAGAAAGTAGGTTA-1	nc_larvae
nc_GCGAGAACACCTTCGT-1	nc_larvae
nc_GCGAGAACACGTCGGT-1	nc_larvae
nc_GCGAGAACATTCACCC-1	nc_larvae
nc_GCGAGAAGTAGAGTTA-1	nc_larvae
nc_GCGAGAAGTCGGCTAC-1	nc_larvae
nc_GCGAGAAGTGGCTACC-1	nc_larvae
nc_GCGAGAAGTGTGTCCG-1	nc_larvae
nc_GCGAGAAGTGTGTCGC-1	nc_larvae
nc_GCGAGAATCACTACTT-1	nc_larvae
nc_GCGAGAATCGTAACCA-1	nc_larvae
nc_GCGAGAATCTCTTAAC-1	nc_larvae
nc_GCGATCGAGCAACAAT-1	nc_larvae
nc_GCGATCGAGTCACTAC-1	nc_larvae
nc_GCGATCGCAAAGCAAT-1	nc_larvae
nc_GCGATCGCAAGATGTA-1	nc_larvae
nc_GCGATCGCAAGCGCAA-1	nc_larvae
nc_GCGATCGGTCAGTCTA-1	nc_larvae
nc_GCGATCGTCTCGCGTT-1	nc_larvae
nc_GCGATCGTCTGCGGCA-1	nc_larvae
nc_GCGGAAAAGCCAAGTG-1	nc_larvae
nc_GCGGAAAAGTAGAATC-1	nc_larvae
nc_GCGGAAAAGTTTAGGA-1	nc_larvae
nc_GCGGAAACAAACCATC-1	nc_larvae
nc_GCGGAAACAATAACGA-1	nc_larvae
nc_GCGGAAACAGGACTTT-1	nc_larvae
nc_GCGGAAACAGTCAGCC-1	nc_larvae
nc_GCGGAAAGTACGGATG-1	nc_larvae
nc_GCGGAAAGTGATCATC-1	nc_larvae
nc_GCGGAAAGTTATGACC-1	nc_larvae
nc_GCGGAAAGTTCTTGTT-1	nc_larvae
nc_GCGGAAATCAGCAGAG-1	nc_larvae
nc_GCGGAAATCTTACACT-1	nc_larvae
nc_GCGGATCAGAGGTCGT-1	nc_larvae
nc_GCGGATCAGGGTCACA-1	nc_larvae
nc_GCGGATCCAAGCACAG-1	nc_larvae
nc_GCGGATCCACGCGCAT-1	nc_larvae
nc_GCGGATCGTGCAGTGA-1	nc_larvae
nc_GCGGATCGTGGCCTCA-1	nc_larvae
nc_GCGGATCGTTAAGGAT-1	nc_larvae
nc_GCGGATCTCAGCTTCC-1	nc_larvae
nc_GCGGATCTCTTGTTAC-1	nc_larvae
nc_GCGTGCAAGAACGCGT-1	nc_larvae
nc_GCGTGCAAGAGCATAT-1	nc_larvae
nc_GCGTGCAAGGAAACGA-1	nc_larvae
nc_GCGTGCAAGGCCGCTT-1	nc_larvae
nc_GCGTGCAAGTCTACCA-1	nc_larvae
nc_GCGTGCACACTCTCGT-1	nc_larvae
nc_GCGTGCAGTCATAAAG-1	nc_larvae
nc_GCGTGCATCCATTTCA-1	nc_larvae
nc_GCGTGCATCCGTATAG-1	nc_larvae
nc_GCGTTTCAGAACTGAT-1	nc_larvae
nc_GCGTTTCAGCAGAAAG-1	nc_larvae
nc_GCGTTTCCAAACTAGA-1	nc_larvae
nc_GCGTTTCCAATATCCG-1	nc_larvae
nc_GCGTTTCCACCCTCTA-1	nc_larvae
nc_GCGTTTCCAGCTTTCC-1	nc_larvae
nc_GCGTTTCGTAGACTGG-1	nc_larvae
nc_GCGTTTCGTATCGTTG-1	nc_larvae
nc_GCGTTTCTCACCATAG-1	nc_larvae
nc_GCGTTTCTCGTAGCTA-1	nc_larvae
nc_GCTACAAAGCTGACTT-1	nc_larvae
nc_GCTACAAAGGCACTCC-1	nc_larvae
nc_GCTACAAAGTTGCGAG-1	nc_larvae
nc_GCTACAACAAGAGGCT-1	nc_larvae
nc_GCTACAACATCCGGCA-1	nc_larvae
nc_GCTACAACATGGGCAA-1	nc_larvae
nc_GCTACAAGTACCTAAC-1	nc_larvae
nc_GCTACAAGTCGGCACT-1	nc_larvae
nc_GCTACAAGTCTACATG-1	nc_larvae
nc_GCTACAAGTGGGCTTC-1	nc_larvae
nc_GCTACAAGTGGTCTGC-1	nc_larvae
nc_GCTACAATCATGCCGG-1	nc_larvae
nc_GCTACAATCCACCTCA-1	nc_larvae
nc_GCTACAATCGTTCCTG-1	nc_larvae
nc_GCTACAATCTGACGCG-1	nc_larvae
nc_GCTACCTAGACCATGG-1	nc_larvae
nc_GCTACCTAGAGCATAT-1	nc_larvae
nc_GCTACCTAGATGATTG-1	nc_larvae
nc_GCTACCTAGGGAGGCA-1	nc_larvae
nc_GCTACCTAGTCTGGTT-1	nc_larvae
nc_GCTACCTCAATCTAGC-1	nc_larvae
nc_GCTACCTCAGAACTTC-1	nc_larvae
nc_GCTACCTCAGGTTTAC-1	nc_larvae
nc_GCTACCTGTCACCGCA-1	nc_larvae
nc_GCTACCTGTCATAGTC-1	nc_larvae
nc_GCTACCTGTCTGTGAT-1	nc_larvae
nc_GCTACCTTCAAGTCTG-1	nc_larvae
nc_GCTCAAAAGCCGAACA-1	nc_larvae
nc_GCTCAAAAGGAAACGA-1	nc_larvae
nc_GCTCAAAAGGGCTAAC-1	nc_larvae
nc_GCTCAAAAGTGCCGAA-1	nc_larvae
nc_GCTCAAACACCGTGAC-1	nc_larvae
nc_GCTCAAACATATACCG-1	nc_larvae
nc_GCTCAAAGTAACTAAG-1	nc_larvae
nc_GCTCAAAGTCTACAAC-1	nc_larvae
nc_GCTCAAAGTGAGTAAT-1	nc_larvae
nc_GCTCAAAGTGCACGCT-1	nc_larvae
nc_GCTCAAAGTTGGGACA-1	nc_larvae
nc_GCTCAAATCAACACCA-1	nc_larvae
nc_GCTCAAATCGGACTTA-1	nc_larvae
nc_GCTCAAATCTCTCAAT-1	nc_larvae
nc_GCTGAATAGATACCAA-1	nc_larvae
nc_GCTGAATAGCCATGCC-1	nc_larvae
nc_GCTGAATAGCGACTGA-1	nc_larvae
nc_GCTGAATAGGCCATAG-1	nc_larvae
nc_GCTGAATAGGCCTGAA-1	nc_larvae
nc_GCTGAATAGTAACCTC-1	nc_larvae
nc_GCTGAATAGTCTGGAG-1	nc_larvae
nc_GCTGAATAGTTTGTCG-1	nc_larvae
nc_GCTGAATCAACCACGC-1	nc_larvae
nc_GCTGAATCAGCGATTT-1	nc_larvae
nc_GCTGAATCAGCGTGCT-1	nc_larvae
nc_GCTGAATCAGCTGAAG-1	nc_larvae
nc_GCTGAATGTGCCGGTT-1	nc_larvae
nc_GCTGAATTCATGGAGG-1	nc_larvae
nc_GCTGAATTCATGGCCG-1	nc_larvae
nc_GCTGAATTCGCAGTCG-1	nc_larvae
nc_GCTGAATTCGCCGAAC-1	nc_larvae
nc_GCTGAATTCTGCCTCA-1	nc_larvae
nc_GCTGAATTCTGGGCAC-1	nc_larvae
nc_GCTGCAGAGACCAGAC-1	nc_larvae
nc_GCTGCAGAGACTGTTC-1	nc_larvae
nc_GCTGCAGAGCCGATAG-1	nc_larvae
nc_GCTGCAGAGGTGGTTG-1	nc_larvae
nc_GCTGCAGAGTACCGGA-1	nc_larvae
nc_GCTGCAGCAACTAGAA-1	nc_larvae
nc_GCTGCAGCACACTGGC-1	nc_larvae
nc_GCTGCAGCAGAAATCA-1	nc_larvae
nc_GCTGCAGCAGAGTGAC-1	nc_larvae
nc_GCTGCAGGTTGTGCAT-1	nc_larvae
nc_GCTGCAGTCCACGGAC-1	nc_larvae
nc_GCTGCAGTCGAGAAAT-1	nc_larvae
nc_GCTGCAGTCGCCTCTA-1	nc_larvae
nc_GCTGCAGTCGCTCTCA-1	nc_larvae
nc_GCTGCAGTCGGCTATA-1	nc_larvae
nc_GCTGCAGTCTACGCAA-1	nc_larvae
nc_GCTGCAGTCTTTGCGC-1	nc_larvae
nc_GCTGGGTAGTAGCCAG-1	nc_larvae
nc_GCTGGGTCAGAGGCAT-1	nc_larvae
nc_GCTGGGTCAGCTGTCG-1	nc_larvae
nc_GCTGGGTCATTCTCTA-1	nc_larvae
nc_GCTGGGTGTCGCCACA-1	nc_larvae
nc_GCTGGGTTCAATCTCT-1	nc_larvae
nc_GCTGGGTTCGCGATCG-1	nc_larvae
nc_GCTTCACAGAAGAGCA-1	nc_larvae
nc_GCTTCACAGCAGCAGT-1	nc_larvae
nc_GCTTCACAGCCTGCCA-1	nc_larvae
nc_GCTTCACAGGGCTAAC-1	nc_larvae
nc_GCTTCACCAAATCGGG-1	nc_larvae
nc_GCTTCACGTACCCGCA-1	nc_larvae
nc_GCTTCACGTAGATTAG-1	nc_larvae
nc_GCTTCACGTCTACATG-1	nc_larvae
nc_GCTTCACGTTACAGCT-1	nc_larvae
nc_GCTTCACTCTTACACT-1	nc_larvae
nc_GCTTGGGCACCGAATT-1	nc_larvae
nc_GCTTGGGCATCCTATT-1	nc_larvae
nc_GCTTGGGCATGTGCCG-1	nc_larvae
nc_GCTTGGGTCATTCGGA-1	nc_larvae
nc_GCTTGGGTCGGTCTAA-1	nc_larvae
nc_GCTTTCGAGAAACACT-1	nc_larvae
nc_GCTTTCGAGAGTGTGC-1	nc_larvae
nc_GCTTTCGAGGCTTCCG-1	nc_larvae
nc_GCTTTCGAGTGCTACT-1	nc_larvae
nc_GCTTTCGCAAGAATAC-1	nc_larvae
nc_GCTTTCGCATCTTTCA-1	nc_larvae
nc_GCTTTCGGTAGCTGAG-1	nc_larvae
nc_GCTTTCGGTGCTGCAC-1	nc_larvae
nc_GCTTTCGGTGTTCAGT-1	nc_larvae
nc_GCTTTCGGTTAGAGAT-1	nc_larvae
nc_GCTTTCGTCCAATCTT-1	nc_larvae
nc_GCTTTCGTCGTTCTCG-1	nc_larvae
nc_GGAACCCAGATTAGCA-1	nc_larvae
nc_GGAACCCGTCAACATC-1	nc_larvae
nc_GGAACCCGTGGTCTTA-1	nc_larvae
nc_GGAACCCTCATGAGTC-1	nc_larvae
nc_GGAACCCTCCAGCACG-1	nc_larvae
nc_GGAACCCTCTCGGGAC-1	nc_larvae
nc_GGAACCCTCTTACGGA-1	nc_larvae
nc_GGAACCCTCTTTGCTA-1	nc_larvae
nc_GGAAGTGAGCAGCCTC-1	nc_larvae
nc_GGAAGTGAGGAGAGGC-1	nc_larvae
nc_GGAAGTGCAGACTGCC-1	nc_larvae
nc_GGAAGTGCAGCGAACA-1	nc_larvae
nc_GGAAGTGCAGCGCGTT-1	nc_larvae
nc_GGAAGTGCATACAGGG-1	nc_larvae
nc_GGAAGTGGTACCTAGT-1	nc_larvae
nc_GGAAGTGGTACTGGGA-1	nc_larvae
nc_GGAAGTGGTCCTATAG-1	nc_larvae
nc_GGAAGTGTCAATCCGA-1	nc_larvae
nc_GGAAGTGTCCGCGATG-1	nc_larvae
nc_GGAAGTGTCCGGTAGC-1	nc_larvae
nc_GGAAGTGTCGGTTGTA-1	nc_larvae
nc_GGAAGTGTCTGCGGGT-1	nc_larvae
nc_GGAATCTAGAGTCTGG-1	nc_larvae
nc_GGAATCTAGATCGACG-1	nc_larvae
nc_GGAATCTAGGAGATAG-1	nc_larvae
nc_GGAATCTCAAGGACAC-1	nc_larvae
nc_GGAATCTCAATTGTGC-1	nc_larvae
nc_GGAATCTCACACCGAC-1	nc_larvae
nc_GGAATCTCAGAATTCC-1	nc_larvae
nc_GGAATCTCATCAACCA-1	nc_larvae
nc_GGAATCTGTCACTCAA-1	nc_larvae
nc_GGAATCTGTCGAGATG-1	nc_larvae
nc_GGAATCTTCCATAGGT-1	nc_larvae
nc_GGAATCTTCCTGATAG-1	nc_larvae
nc_GGAATCTTCTACGGGC-1	nc_larvae
nc_GGAATCTTCTCAACCC-1	nc_larvae
nc_GGAATCTTCTGAACGT-1	nc_larvae
nc_GGAATCTTCTGCCCTA-1	nc_larvae
nc_GGAATGGAGCAGTACG-1	nc_larvae
nc_GGAATGGAGTATGAAC-1	nc_larvae
nc_GGAATGGAGTCTAGAA-1	nc_larvae
nc_GGAATGGCAAAGACGC-1	nc_larvae
nc_GGAATGGCAAGCAATA-1	nc_larvae
nc_GGAATGGCAATCAGCT-1	nc_larvae
nc_GGAATGGCACTGATTG-1	nc_larvae
nc_GGAATGGGTACGAGCA-1	nc_larvae
nc_GGAATGGGTATCGCGC-1	nc_larvae
nc_GGAATGGGTCATGGCC-1	nc_larvae
nc_GGAATGGGTCTTGCGG-1	nc_larvae
nc_GGAATGGGTGTCCACG-1	nc_larvae
nc_GGAATGGGTGTTGCCG-1	nc_larvae
nc_GGAATGGGTTAAACCC-1	nc_larvae
nc_GGAATGGGTTACCCAA-1	nc_larvae
nc_GGAATGGTCCGTGCGA-1	nc_larvae
nc_GGACGTCAGCTGGCTC-1	nc_larvae
nc_GGACGTCAGGCTGTAG-1	nc_larvae
nc_GGACGTCAGTTCTCTT-1	nc_larvae
nc_GGACGTCCAAACAGGC-1	nc_larvae
nc_GGACGTCCAAAGTATG-1	nc_larvae
nc_GGACGTCCAAGCTCTA-1	nc_larvae
nc_GGACGTCCAATGAGCG-1	nc_larvae
nc_GGACGTCGTGCATCTA-1	nc_larvae
nc_GGACGTCGTTACCGTA-1	nc_larvae
nc_GGACGTCTCAGTGTGT-1	nc_larvae
nc_GGAGAACAGCCTATTG-1	nc_larvae
nc_GGAGAACAGGTGGGTT-1	nc_larvae
nc_GGAGAACAGTTCAACC-1	nc_larvae
nc_GGAGAACCATTCCTCG-1	nc_larvae
nc_GGAGAACGTAAGTTAG-1	nc_larvae
nc_GGAGAACGTACCGGAA-1	nc_larvae
nc_GGAGAACGTACGAGCA-1	nc_larvae
nc_GGAGAACGTCTAACGT-1	nc_larvae
nc_GGAGAACTCCGAGAAG-1	nc_larvae
nc_GGAGAACTCGCTAGCG-1	nc_larvae
nc_GGAGAACTCGTCCTTG-1	nc_larvae
nc_GGAGATGAGAGGGTAA-1	nc_larvae
nc_GGAGATGAGCCGGAAT-1	nc_larvae
nc_GGAGATGAGTCCCTAA-1	nc_larvae
nc_GGAGATGCAATTGTGC-1	nc_larvae
nc_GGAGATGCATGACGTT-1	nc_larvae
nc_GGAGATGGTACGATTC-1	nc_larvae
nc_GGAGATGGTAGAATAC-1	nc_larvae
nc_GGAGATGGTGAGATCG-1	nc_larvae
nc_GGAGATGGTGTCCACG-1	nc_larvae
nc_GGAGATGGTTATAGCC-1	nc_larvae
nc_GGAGATGTCCACTGAA-1	nc_larvae
nc_GGAGATGTCGCTGTCT-1	nc_larvae
nc_GGAGATGTCTAGTACG-1	nc_larvae
nc_GGAGATGTCTCCAAGA-1	nc_larvae
nc_GGAGATGTCTCGGTAA-1	nc_larvae
nc_GGAGCAAAGCGCAATG-1	nc_larvae
nc_GGAGCAAAGTGTTCAC-1	nc_larvae
nc_GGAGCAACACGAGGAT-1	nc_larvae
nc_GGAGCAAGTACGATCT-1	nc_larvae
nc_GGAGCAAGTCCACAGC-1	nc_larvae
nc_GGAGCAAGTTAAGGAT-1	nc_larvae
nc_GGAGGATAGCAGAAAG-1	nc_larvae
nc_GGAGGATGTGGATGAC-1	nc_larvae
nc_GGAGGATGTGGGCTTC-1	nc_larvae
nc_GGAGGATTCACCTCGT-1	nc_larvae
nc_GGAGGATTCGCGTCGA-1	nc_larvae
nc_GGAGGATTCGGTCAGC-1	nc_larvae
nc_GGAGGATTCTCTAAGG-1	nc_larvae
nc_GGAGGATTCTTGCAGA-1	nc_larvae
nc_GGAGGTAAGAATACAC-1	nc_larvae
nc_GGAGGTAAGCACTCCG-1	nc_larvae
nc_GGAGGTAAGGTCCTGC-1	nc_larvae
nc_GGAGGTAAGTCCTGCG-1	nc_larvae
nc_GGAGGTAGTCTGTGTA-1	nc_larvae
nc_GGAGGTAGTGAGAACC-1	nc_larvae
nc_GGAGGTATCCTGGGAC-1	nc_larvae
nc_GGAGGTATCCTGTACC-1	nc_larvae
nc_GGAGGTATCGAGCCAC-1	nc_larvae
nc_GGAGGTATCTCGTGGG-1	nc_larvae
nc_GGATCTAAGACAGTCG-1	nc_larvae
nc_GGATCTACACAGCGCT-1	nc_larvae
nc_GGATCTACATAGAAAC-1	nc_larvae
nc_GGATCTAGTACGTGTT-1	nc_larvae
nc_GGATCTAGTCACGCTG-1	nc_larvae
nc_GGATCTAGTCAGACTT-1	nc_larvae
nc_GGATCTATCAGACTGT-1	nc_larvae
nc_GGATCTATCGCATAGT-1	nc_larvae
nc_GGATCTATCGGCTCTT-1	nc_larvae
nc_GGATGTTAGTAAACAC-1	nc_larvae
nc_GGATGTTCACGCAGTC-1	nc_larvae
nc_GGATGTTCACGTAGAG-1	nc_larvae
nc_GGATGTTCAGTATTCG-1	nc_larvae
nc_GGATGTTCATGTCAGT-1	nc_larvae
nc_GGATGTTGTACCGCGT-1	nc_larvae
nc_GGATGTTGTACTGACT-1	nc_larvae
nc_GGATGTTTCGACCATA-1	nc_larvae
nc_GGCACGTAGCTGGCTC-1	nc_larvae
nc_GGCACGTAGGCGAAGG-1	nc_larvae
nc_GGCACGTAGTTGTCAC-1	nc_larvae
nc_GGCACGTCACAGCTGC-1	nc_larvae
nc_GGCACGTCACCTGCAG-1	nc_larvae
nc_GGCACGTCAGCAGACA-1	nc_larvae
nc_GGCACGTCAGGACTTT-1	nc_larvae
nc_GGCACGTCAGGTTTAC-1	nc_larvae
nc_GGCACGTCATTCCTAT-1	nc_larvae
nc_GGCACGTGTGCGGCTT-1	nc_larvae
nc_GGCACGTGTTCCCAAA-1	nc_larvae
nc_GGCACGTTCGCTACAA-1	nc_larvae
nc_GGCAGTCAGACCATTC-1	nc_larvae
nc_GGCAGTCAGTAAGCAT-1	nc_larvae
nc_GGCAGTCCACGAAAGC-1	nc_larvae
nc_GGCAGTCCAGGTTTAC-1	nc_larvae
nc_GGCAGTCTCAGACCCG-1	nc_larvae
nc_GGCAGTCTCATGGCCG-1	nc_larvae
nc_GGCAGTCTCGGCTTGG-1	nc_larvae
nc_GGCGTCAAGATCCGAG-1	nc_larvae
nc_GGCGTCAAGCAATTCC-1	nc_larvae
nc_GGCGTCAAGCAGCAGT-1	nc_larvae
nc_GGCGTCACAGAGAAAG-1	nc_larvae
nc_GGCGTCACATCTGGGC-1	nc_larvae
nc_GGCGTCAGTAGGTCAG-1	nc_larvae
nc_GGCGTCAGTATAGCTC-1	nc_larvae
nc_GGCGTCAGTCGTTTCC-1	nc_larvae
nc_GGCTGTGAGATGTAGT-1	nc_larvae
nc_GGCTGTGCAACGACAG-1	nc_larvae
nc_GGCTGTGCAAGAGTAT-1	nc_larvae
nc_GGCTGTGGTCATGACT-1	nc_larvae
nc_GGCTGTGGTCCACTTC-1	nc_larvae
nc_GGCTGTGTCAAGATAG-1	nc_larvae
nc_GGCTGTGTCGATACGT-1	nc_larvae
nc_GGCTTGGAGCTGGCTC-1	nc_larvae
nc_GGCTTGGCACAACGTT-1	nc_larvae
nc_GGCTTGGCAGGCGAAT-1	nc_larvae
nc_GGCTTGGCATCCTAAG-1	nc_larvae
nc_GGCTTGGCATGACTCA-1	nc_larvae
nc_GGCTTGGGTACGGCAA-1	nc_larvae
nc_GGCTTGGGTGGGTTGA-1	nc_larvae
nc_GGCTTGGGTTATGGTC-1	nc_larvae
nc_GGCTTGGTCAGATGCT-1	nc_larvae
nc_GGCTTGGTCCAACACA-1	nc_larvae
nc_GGCTTGGTCCACGTGG-1	nc_larvae
nc_GGCTTTCAGATGGCGT-1	nc_larvae
nc_GGCTTTCAGGCTGAAC-1	nc_larvae
nc_GGCTTTCAGGCTGGAT-1	nc_larvae
nc_GGCTTTCAGTCTGCGC-1	nc_larvae
nc_GGCTTTCAGTGATAGT-1	nc_larvae
nc_GGCTTTCAGTGCTACT-1	nc_larvae
nc_GGCTTTCCAAACCATC-1	nc_larvae
nc_GGCTTTCCAAGTCCCG-1	nc_larvae
nc_GGCTTTCCACGCGCTA-1	nc_larvae
nc_GGCTTTCCACGGGCTT-1	nc_larvae
nc_GGCTTTCCACTAGAGG-1	nc_larvae
nc_GGCTTTCCAGGGAATC-1	nc_larvae
nc_GGCTTTCCATAGAATG-1	nc_larvae
nc_GGCTTTCGTGAGCTCC-1	nc_larvae
nc_GGCTTTCTCATTCTTG-1	nc_larvae
nc_GGCTTTCTCCATCACC-1	nc_larvae
nc_GGCTTTCTCGATTCCC-1	nc_larvae
nc_GGCTTTCTCGCCTCTA-1	nc_larvae
nc_GGGAAGTAGATTGATG-1	nc_larvae
nc_GGGAAGTAGCGGTAAC-1	nc_larvae
nc_GGGAAGTAGGGACAGG-1	nc_larvae
nc_GGGAAGTAGGGTGAAA-1	nc_larvae
nc_GGGAAGTAGGTCTACT-1	nc_larvae
nc_GGGAAGTAGTGCAGCA-1	nc_larvae
nc_GGGAAGTCAAACCACT-1	nc_larvae
nc_GGGAAGTCAACTCCCT-1	nc_larvae
nc_GGGAAGTGTATCACCA-1	nc_larvae
nc_GGGAAGTGTATGTGTC-1	nc_larvae
nc_GGGAAGTGTGTGAGCA-1	nc_larvae
nc_GGGAAGTTCTCGAGTA-1	nc_larvae
nc_GGGACAAAGCAACAGC-1	nc_larvae
nc_GGGACAAAGCAAGCCA-1	nc_larvae
nc_GGGACAAAGCGACTGA-1	nc_larvae
nc_GGGACAAAGGACAGCT-1	nc_larvae
nc_GGGACAAAGGATTCCT-1	nc_larvae
nc_GGGACAAAGGTAAAGG-1	nc_larvae
nc_GGGACAACAACGATCT-1	nc_larvae
nc_GGGACAACAATAGAGT-1	nc_larvae
nc_GGGACAACAATGTCTG-1	nc_larvae
nc_GGGACAACACACAGCC-1	nc_larvae
nc_GGGACAACACCAGCTG-1	nc_larvae
nc_GGGACAACAGGTGACA-1	nc_larvae
nc_GGGACAAGTATCGGTT-1	nc_larvae
nc_GGGACAAGTGCAACGA-1	nc_larvae
nc_GGGACAAGTTGAGTCT-1	nc_larvae
nc_GGGACAATCGAAGGAC-1	nc_larvae
nc_GGGACAATCGGCTATA-1	nc_larvae
nc_GGGACCTCAAACACGG-1	nc_larvae
nc_GGGACCTGTACATTGC-1	nc_larvae
nc_GGGACCTGTACCACGC-1	nc_larvae
nc_GGGACCTGTCGAACGA-1	nc_larvae
nc_GGGACCTGTGAATATG-1	nc_larvae
nc_GGGACCTTCAATCTCT-1	nc_larvae
nc_GGGACCTTCCTACCGT-1	nc_larvae
nc_GGGACCTTCTCTCTAA-1	nc_larvae
nc_GGGACTCAGCGCAATG-1	nc_larvae
nc_GGGACTCAGGCACGAT-1	nc_larvae
nc_GGGACTCCACACACTA-1	nc_larvae
nc_GGGACTCCATAACTCG-1	nc_larvae
nc_GGGACTCGTATTAAGG-1	nc_larvae
nc_GGGACTCGTCTTGCTC-1	nc_larvae
nc_GGGACTCGTGAGTTGG-1	nc_larvae
nc_GGGACTCGTTGCTCAA-1	nc_larvae
nc_GGGACTCGTTGTGGAG-1	nc_larvae
nc_GGGACTCTCCCATAGA-1	nc_larvae
nc_GGGACTCTCTCAGGCG-1	nc_larvae
nc_GGGAGATAGAGAATCT-1	nc_larvae
nc_GGGAGATAGAGTTCGG-1	nc_larvae
nc_GGGAGATAGATCCCAT-1	nc_larvae
nc_GGGAGATAGCTGGCCT-1	nc_larvae
nc_GGGAGATAGTATGGCG-1	nc_larvae
nc_GGGAGATGTATGCTTG-1	nc_larvae
nc_GGGAGATTCTCTTAAC-1	nc_larvae
nc_GGGAGTAAGACTACGG-1	nc_larvae
nc_GGGAGTAAGAGCCATG-1	nc_larvae
nc_GGGAGTAAGATCCGAG-1	nc_larvae
nc_GGGAGTAAGCTTGTGT-1	nc_larvae
nc_GGGAGTAAGGAAGTCC-1	nc_larvae
nc_GGGAGTAAGGCTAGCA-1	nc_larvae
nc_GGGAGTAAGTTGGAGC-1	nc_larvae
nc_GGGAGTACAAAGCTAA-1	nc_larvae
nc_GGGAGTACACTATCCC-1	nc_larvae
nc_GGGAGTACAGAAATTG-1	nc_larvae
nc_GGGAGTACATACAGCT-1	nc_larvae
nc_GGGAGTACATCCCGTT-1	nc_larvae
nc_GGGAGTAGTAAGTAGT-1	nc_larvae
nc_GGGAGTAGTATGCTTG-1	nc_larvae
nc_GGGAGTAGTCGGTACC-1	nc_larvae
nc_GGGAGTAGTGCTCTCT-1	nc_larvae
nc_GGGAGTAGTTTAGACC-1	nc_larvae
nc_GGGAGTATCAGTGCGC-1	nc_larvae
nc_GGGAGTATCCGTTGAA-1	nc_larvae
nc_GGGATCCAGGTATTGA-1	nc_larvae
nc_GGGATCCGTATGTCTG-1	nc_larvae
nc_GGGATCCGTGGCAACA-1	nc_larvae
nc_GGGATCCGTTAGGGTG-1	nc_larvae
nc_GGGATCCTCATTGTGG-1	nc_larvae
nc_GGGATCCTCCAGTGCG-1	nc_larvae
nc_GGGATCCTCCGTGTCT-1	nc_larvae
nc_GGGATCCTCTCGAACA-1	nc_larvae
nc_GGGATGAAGAATTTGG-1	nc_larvae
nc_GGGATGAAGATGGCAC-1	nc_larvae
nc_GGGATGAAGATTGACA-1	nc_larvae
nc_GGGATGAAGTTTCGAC-1	nc_larvae
nc_GGGATGACAAACTCGT-1	nc_larvae
nc_GGGATGACACGCGCTA-1	nc_larvae
nc_GGGATGACAGAACATA-1	nc_larvae
nc_GGGATGACAGTATACC-1	nc_larvae
nc_GGGATGAGTCGTTTCC-1	nc_larvae
nc_GGGATGAGTGTCCTAA-1	nc_larvae
nc_GGGATGAGTTAAGGAT-1	nc_larvae
nc_GGGATGAGTTGCATGT-1	nc_larvae
nc_GGGATGATCACTCACC-1	nc_larvae
nc_GGGATGATCCCAGGAC-1	nc_larvae
nc_GGGATGATCGCACGAC-1	nc_larvae
nc_GGGCCATAGAAACACT-1	nc_larvae
nc_GGGCCATAGCATAGGC-1	nc_larvae
nc_GGGCCATAGCTGACCC-1	nc_larvae
nc_GGGCCATAGTGTACAA-1	nc_larvae
nc_GGGCCATCAACGATTC-1	nc_larvae
nc_GGGCCATCACAATCTG-1	nc_larvae
nc_GGGCCATCACACACGC-1	nc_larvae
nc_GGGCCATCATAGAATG-1	nc_larvae
nc_GGGCCATCATTAGGCT-1	nc_larvae
nc_GGGCCATGTACACGTT-1	nc_larvae
nc_GGGCCATGTCAGGCAA-1	nc_larvae
nc_GGGCCATGTGGCAACA-1	nc_larvae
nc_GGGCCATGTTCAGTAC-1	nc_larvae
nc_GGGCCATTCGTGACTA-1	nc_larvae
nc_GGGCCATTCTCCAATT-1	nc_larvae
nc_GGGCGTTAGACATAAC-1	nc_larvae
nc_GGGCGTTAGGGCTAAC-1	nc_larvae
nc_GGGCGTTAGGGTCTTT-1	nc_larvae
nc_GGGCGTTAGGTTCAGG-1	nc_larvae
nc_GGGCGTTCACAACGAG-1	nc_larvae
nc_GGGCGTTCACAACGCC-1	nc_larvae
nc_GGGCGTTCATGACGTT-1	nc_larvae
nc_GGGCGTTGTAGGTTTC-1	nc_larvae
nc_GGGCGTTGTCTTGAAC-1	nc_larvae
nc_GGGCGTTGTTCTCACC-1	nc_larvae
nc_GGGCGTTTCCCTCAAC-1	nc_larvae
nc_GGGCGTTTCCGCTGTT-1	nc_larvae
nc_GGGCGTTTCGGCAGTC-1	nc_larvae
nc_GGGCGTTTCGTGGGAA-1	nc_larvae
nc_GGGCGTTTCTGCCCTA-1	nc_larvae
nc_GGGCTACAGGAACGAA-1	nc_larvae
nc_GGGCTACAGGACTGGT-1	nc_larvae
nc_GGGCTACAGGGTGGGA-1	nc_larvae
nc_GGGCTACCAACTGCCG-1	nc_larvae
nc_GGGCTACCAATTCACG-1	nc_larvae
nc_GGGCTACCATTCCTAT-1	nc_larvae
nc_GGGCTACGTACTGAGG-1	nc_larvae
nc_GGGCTACGTAGTGTGG-1	nc_larvae
nc_GGGCTACGTTCTGACA-1	nc_larvae
nc_GGGCTACGTTGGGACA-1	nc_larvae
nc_GGGCTACTCCGCCTAT-1	nc_larvae
nc_GGGCTACTCGCCAATA-1	nc_larvae
nc_GGGCTACTCTCTAAGG-1	nc_larvae
nc_GGGCTACTCTGACAGT-1	nc_larvae
nc_GGGCTCAAGGCAATGC-1	nc_larvae
nc_GGGCTCACAACCGTAT-1	nc_larvae
nc_GGGCTCACACTTGGCG-1	nc_larvae
nc_GGGCTCAGTATGGTAA-1	nc_larvae
nc_GGGCTCAGTCGTACAT-1	nc_larvae
nc_GGGCTCATCAGTCACA-1	nc_larvae
nc_GGGCTCATCGTGGACC-1	nc_larvae
nc_GGGCTCATCTTCTGTA-1	nc_larvae
nc_GGGTAGAAGAAACTAC-1	nc_larvae
nc_GGGTAGAAGAGGCGGA-1	nc_larvae
nc_GGGTAGAAGCCAGAGT-1	nc_larvae
nc_GGGTAGAAGGAACGTC-1	nc_larvae
nc_GGGTAGAAGTGATCGG-1	nc_larvae
nc_GGGTAGACAACTAGAA-1	nc_larvae
nc_GGGTAGACACAGTGTT-1	nc_larvae
nc_GGGTAGACACGGTGAA-1	nc_larvae
nc_GGGTAGACAGCGTGCT-1	nc_larvae
nc_GGGTAGACAGCTACCG-1	nc_larvae
nc_GGGTAGACAGCTCGGT-1	nc_larvae
nc_GGGTAGAGTCGTATTG-1	nc_larvae
nc_GGGTAGAGTGGTCCCA-1	nc_larvae
nc_GGGTAGAGTGTGCCTG-1	nc_larvae
nc_GGGTAGATCCATTTGT-1	nc_larvae
nc_GGGTAGATCTCAGAAC-1	nc_larvae
nc_GGGTATTAGAAATGGG-1	nc_larvae
nc_GGGTATTAGAGCCATG-1	nc_larvae
nc_GGGTATTAGAGTCAAT-1	nc_larvae
nc_GGGTATTAGGAACGTC-1	nc_larvae
nc_GGGTATTGTCGTCATA-1	nc_larvae
nc_GGGTATTTCATGAGGG-1	nc_larvae
nc_GGGTATTTCGGTAACT-1	nc_larvae
nc_GGGTATTTCTTAATCC-1	nc_larvae
nc_GGGTCACAGAAGAGCA-1	nc_larvae
nc_GGGTCACAGATTAGCA-1	nc_larvae
nc_GGGTCACAGATTGTGA-1	nc_larvae
nc_GGGTCACAGCATATGA-1	nc_larvae
nc_GGGTCACAGCCAGACA-1	nc_larvae
nc_GGGTCACAGGCTGTAG-1	nc_larvae
nc_GGGTCACCAATGCTCA-1	nc_larvae
nc_GGGTCACCACACGGAA-1	nc_larvae
nc_GGGTCACCACTCCTTG-1	nc_larvae
nc_GGGTCACCACTGGAAG-1	nc_larvae
nc_GGGTCACCAGACCAAG-1	nc_larvae
nc_GGGTCACCAGAGGGTT-1	nc_larvae
nc_GGGTCACGTAGTATAG-1	nc_larvae
nc_GGGTCACTCCCTCGTA-1	nc_larvae
nc_GGGTCACTCCCTCTTT-1	nc_larvae
nc_GGGTCACTCTAATTCC-1	nc_larvae
nc_GGGTCACTCTAGTGAC-1	nc_larvae
nc_GGGTCTGCAAGTAGTA-1	nc_larvae
nc_GGGTCTGCACTCCGGA-1	nc_larvae
nc_GGGTCTGGTAGCTTGT-1	nc_larvae
nc_GGGTCTGGTCATAGTC-1	nc_larvae
nc_GGGTCTGGTGCTCGTG-1	nc_larvae
nc_GGGTCTGGTGGCTTAT-1	nc_larvae
nc_GGGTCTGGTTCAGCGC-1	nc_larvae
nc_GGGTCTGTCAGTGTGT-1	nc_larvae
nc_GGGTCTGTCCCTAGGG-1	nc_larvae
nc_GGGTCTGTCGGTAACT-1	nc_larvae
nc_GGGTCTGTCTACCAGA-1	nc_larvae
nc_GGGTCTGTCTTTGCAT-1	nc_larvae
nc_GGGTGAAAGCTAGAGC-1	nc_larvae
nc_GGGTGAACAAATTGGA-1	nc_larvae
nc_GGGTGAACAACAAAGT-1	nc_larvae
nc_GGGTGAACACACCTAA-1	nc_larvae
nc_GGGTGAACACCATATG-1	nc_larvae
nc_GGGTGAACAGTCCCGA-1	nc_larvae
nc_GGGTGAACATCCGAGC-1	nc_larvae
nc_GGGTGAACATCTCCCA-1	nc_larvae
nc_GGGTGAAGTCTCCTGT-1	nc_larvae
nc_GGGTGAATCTCGCTTG-1	nc_larvae
nc_GGGTGTCAGAGATCGC-1	nc_larvae
nc_GGGTGTCAGAGTCAGC-1	nc_larvae
nc_GGGTGTCAGATAGTGT-1	nc_larvae
nc_GGGTGTCGTATGAGCG-1	nc_larvae
nc_GGGTGTCGTCCAGAAG-1	nc_larvae
nc_GGGTGTCGTGGAACCA-1	nc_larvae
nc_GGGTGTCTCTAAGAAG-1	nc_larvae
nc_GGGTTATAGCACTCAT-1	nc_larvae
nc_GGGTTATAGGGCCCTT-1	nc_larvae
nc_GGGTTATAGTAATTGG-1	nc_larvae
nc_GGGTTATCAACTGATC-1	nc_larvae
nc_GGGTTATCATCGAAGG-1	nc_larvae
nc_GGGTTATCATCTCAAG-1	nc_larvae
nc_GGGTTATCATGACAAA-1	nc_larvae
nc_GGGTTATGTCTCCTGT-1	nc_larvae
nc_GGGTTATTCAGACATC-1	nc_larvae
nc_GGGTTATTCCGAGAAG-1	nc_larvae
nc_GGGTTATTCGGACTGC-1	nc_larvae
nc_GGGTTTAAGTCCCAAT-1	nc_larvae
nc_GGGTTTACAAACCACT-1	nc_larvae
nc_GGGTTTACAAGCCTGC-1	nc_larvae
nc_GGGTTTACAGGTGACA-1	nc_larvae
nc_GGGTTTAGTGTATTCG-1	nc_larvae
nc_GGGTTTAGTTACCGTA-1	nc_larvae
nc_GGTAACTAGATAGGGA-1	nc_larvae
nc_GGTAACTAGGACGGAG-1	nc_larvae
nc_GGTAACTCAAGAGTGC-1	nc_larvae
nc_GGTAACTCAAGGCAAC-1	nc_larvae
nc_GGTAACTCACCCTATC-1	nc_larvae
nc_GGTAACTCACTAACGT-1	nc_larvae
nc_GGTAACTCATGGTACT-1	nc_larvae
nc_GGTAACTGTAGGCTGA-1	nc_larvae
nc_GGTAACTGTATACAGA-1	nc_larvae
nc_GGTAACTGTATTGAGA-1	nc_larvae
nc_GGTAACTGTGTCATTG-1	nc_larvae
nc_GGTAACTGTTTGAAAG-1	nc_larvae
nc_GGTAACTGTTTGGCTA-1	nc_larvae
nc_GGTAACTTCACTTCTA-1	nc_larvae
nc_GGTAACTTCAGGTGTT-1	nc_larvae
nc_GGTAACTTCCATTGGA-1	nc_larvae
nc_GGTAACTTCCCATAAG-1	nc_larvae
nc_GGTAACTTCCGATGTA-1	nc_larvae
nc_GGTAACTTCGCACGGT-1	nc_larvae
nc_GGTAACTTCGCAGTGC-1	nc_larvae
nc_GGTAACTTCGTCACCT-1	nc_larvae
nc_GGTAACTTCTAACGGT-1	nc_larvae
nc_GGTAATCAGCGATGAC-1	nc_larvae
nc_GGTAATCAGTGTAGAT-1	nc_larvae
nc_GGTAATCCACGTCGGT-1	nc_larvae
nc_GGTAATCGTGAGCAGT-1	nc_larvae
nc_GGTAATCTCCCGATCT-1	nc_larvae
nc_GGTAATCTCGCGAAGA-1	nc_larvae
nc_GGTAGAGAGACATCCT-1	nc_larvae
nc_GGTAGAGAGGCATCGA-1	nc_larvae
nc_GGTAGAGCACCTGCGA-1	nc_larvae
nc_GGTAGAGCAGTTGGTT-1	nc_larvae
nc_GGTAGAGCATCCTATT-1	nc_larvae
nc_GGTAGAGGTAACACCT-1	nc_larvae
nc_GGTAGAGGTCGGCTAC-1	nc_larvae
nc_GGTAGAGTCCACCTCA-1	nc_larvae
nc_GGTAGAGTCCATTTGT-1	nc_larvae
nc_GGTCACGAGAAGTCCG-1	nc_larvae
nc_GGTCACGAGATGCAGC-1	nc_larvae
nc_GGTCACGAGGCTCCCA-1	nc_larvae
nc_GGTCACGAGGTCCAGA-1	nc_larvae
nc_GGTCACGCACCTGTCT-1	nc_larvae
nc_GGTCACGGTACAAACA-1	nc_larvae
nc_GGTCACGGTACTTCCC-1	nc_larvae
nc_GGTCACGGTCTTTCAT-1	nc_larvae
nc_GGTCACGGTGCCTAAT-1	nc_larvae
nc_GGTCACGGTGCTAGCC-1	nc_larvae
nc_GGTCACGTCGAGAAAT-1	nc_larvae
nc_GGTCACGTCGCCACTT-1	nc_larvae
nc_GGTCACGTCTTTCGAT-1	nc_larvae
nc_GGTCTGGAGAAGGTAG-1	nc_larvae
nc_GGTCTGGAGAGGTTTA-1	nc_larvae
nc_GGTCTGGCACAAGCAG-1	nc_larvae
nc_GGTCTGGGTGCTATTG-1	nc_larvae
nc_GGTCTGGGTGTAAACA-1	nc_larvae
nc_GGTCTGGTCATAGAGA-1	nc_larvae
nc_GGTCTGGTCCGTTTCG-1	nc_larvae
nc_GGTCTGGTCGCTGTTC-1	nc_larvae
nc_GGTGAAGAGAAACACT-1	nc_larvae
nc_GGTGAAGAGAGCAGTC-1	nc_larvae
nc_GGTGAAGAGCCAAGGT-1	nc_larvae
nc_GGTGAAGAGCTTACGT-1	nc_larvae
nc_GGTGAAGAGTTCGGTT-1	nc_larvae
nc_GGTGAAGCAACTCATG-1	nc_larvae
nc_GGTGAAGGTACGTACT-1	nc_larvae
nc_GGTGAAGGTAGCTCGC-1	nc_larvae
nc_GGTGAAGGTCACTTAG-1	nc_larvae
nc_GGTGAAGGTTACGATC-1	nc_larvae
nc_GGTGAAGGTTGTATGC-1	nc_larvae
nc_GGTGAAGTCATTTCCA-1	nc_larvae
nc_GGTGATTAGAATTGTG-1	nc_larvae
nc_GGTGATTAGATCACTC-1	nc_larvae
nc_GGTGATTAGCGAGAAA-1	nc_larvae
nc_GGTGATTAGTAGGAAG-1	nc_larvae
nc_GGTGATTAGTCGCGAA-1	nc_larvae
nc_GGTGATTCAAGAAATC-1	nc_larvae
nc_GGTGATTCAATCCAGT-1	nc_larvae
nc_GGTGATTCACCTGCAG-1	nc_larvae
nc_GGTGATTCAGCAATTC-1	nc_larvae
nc_GGTGATTGTCATCGCG-1	nc_larvae
nc_GGTGATTGTGTCGATT-1	nc_larvae
nc_GGTGATTGTTCTCCTG-1	nc_larvae
nc_GGTGATTGTTCTTGTT-1	nc_larvae
nc_GGTGATTTCTCATTAC-1	nc_larvae
nc_GGTGGCTAGAATCGTA-1	nc_larvae
nc_GGTGGCTAGGAGAATG-1	nc_larvae
nc_GGTGGCTCAAGTTGGG-1	nc_larvae
nc_GGTGGCTCAGAGTTGG-1	nc_larvae
nc_GGTGGCTCATCATTGG-1	nc_larvae
nc_GGTGGCTCATTATGCG-1	nc_larvae
nc_GGTGGCTGTACGTTCA-1	nc_larvae
nc_GGTGGCTGTGCTATTG-1	nc_larvae
nc_GGTGGCTGTTGACTAC-1	nc_larvae
nc_GGTGGCTGTTGCATAC-1	nc_larvae
nc_GGTGGCTTCATTTCGT-1	nc_larvae
nc_GGTGGCTTCCACGTCT-1	nc_larvae
nc_GGTGGCTTCGCGCCAA-1	nc_larvae
nc_GGTGGCTTCGGAGTAG-1	nc_larvae
nc_GGTGTCGAGCTGTACT-1	nc_larvae
nc_GGTGTCGAGGCATCGA-1	nc_larvae
nc_GGTGTCGAGTCGGGAT-1	nc_larvae
nc_GGTGTCGGTGTGATGG-1	nc_larvae
nc_GGTGTCGGTGTGCCTG-1	nc_larvae
nc_GGTGTCGTCCATGCAA-1	nc_larvae
nc_GGTGTTAAGGACCCAA-1	nc_larvae
nc_GGTGTTAAGGCGCTTC-1	nc_larvae
nc_GGTGTTAAGTGGATTA-1	nc_larvae
nc_GGTGTTACAAGTTGGG-1	nc_larvae
nc_GGTGTTACACAGTCCG-1	nc_larvae
nc_GGTGTTACAGTCTGGC-1	nc_larvae
nc_GGTGTTACATTGTAGC-1	nc_larvae
nc_GGTGTTAGTTTACCAG-1	nc_larvae
nc_GGTGTTATCATGACAC-1	nc_larvae
nc_GGTGTTATCCGCACGA-1	nc_larvae
nc_GGTTAACAGAGCCCAA-1	nc_larvae
nc_GGTTAACAGCGCACAA-1	nc_larvae
nc_GGTTAACCAATCGCAT-1	nc_larvae
nc_GGTTAACCAGAGCTAG-1	nc_larvae
nc_GGTTAACCATAGCTGT-1	nc_larvae
nc_GGTTAACCATCTGGGC-1	nc_larvae
nc_GGTTAACGTAGATTGA-1	nc_larvae
nc_GGTTAACGTGATTCTG-1	nc_larvae
nc_GGTTAACGTGGACCAA-1	nc_larvae
nc_GGTTAACGTTCCTAGA-1	nc_larvae
nc_GGTTAACTCAAGGAGC-1	nc_larvae
nc_GGTTCTCAGAAGCGCT-1	nc_larvae
nc_GGTTCTCAGCCATATC-1	nc_larvae
nc_GGTTCTCAGGTCGAGT-1	nc_larvae
nc_GGTTCTCAGTTGTACC-1	nc_larvae
nc_GGTTCTCCAAACGGCA-1	nc_larvae
nc_GGTTCTCCAATTCACG-1	nc_larvae
nc_GGTTCTCCACTACTTT-1	nc_larvae
nc_GGTTCTCCATTCTCCG-1	nc_larvae
nc_GGTTCTCGTACCCGCA-1	nc_larvae
nc_GGTTCTCGTCATAACC-1	nc_larvae
nc_GGTTCTCGTCTTTATC-1	nc_larvae
nc_GGTTGTAAGAATCTAG-1	nc_larvae
nc_GGTTGTAAGTGAACAT-1	nc_larvae
nc_GGTTGTACACCAGTTA-1	nc_larvae
nc_GGTTGTAGTATCCTCC-1	nc_larvae
nc_GGTTGTAGTCCAAGAG-1	nc_larvae
nc_GGTTGTAGTGTTGATC-1	nc_larvae
nc_GGTTGTATCCGTGGGT-1	nc_larvae
nc_GTAACACAGAGCATTA-1	nc_larvae
nc_GTAACACAGCACCGTC-1	nc_larvae
nc_GTAACACAGCGACTTT-1	nc_larvae
nc_GTAACACAGCTAAGTA-1	nc_larvae
nc_GTAACACAGCTAATCC-1	nc_larvae
nc_GTAACACCAAGAATGT-1	nc_larvae
nc_GTAACACCACATGACT-1	nc_larvae
nc_GTAACACCACTAGAGG-1	nc_larvae
nc_GTAACACCACTTGAGT-1	nc_larvae
nc_GTAACACCAGTGTGCC-1	nc_larvae
nc_GTAACACCATTCATCT-1	nc_larvae
nc_GTAACACGTCAAAGCG-1	nc_larvae
nc_GTAACACGTTCGGCTG-1	nc_larvae
nc_GTAACACTCTGCTCTG-1	nc_larvae
nc_GTAACCAAGAGATTCA-1	nc_larvae
nc_GTAACCAAGCACACCC-1	nc_larvae
nc_GTAACCAAGTGGAATT-1	nc_larvae
nc_GTAACCACACGCCAGT-1	nc_larvae
nc_GTAACCACACGGTCTG-1	nc_larvae
nc_GTAACCACACTACGGC-1	nc_larvae
nc_GTAACCACAGATCACT-1	nc_larvae
nc_GTAACCAGTATTGACC-1	nc_larvae
nc_GTAACCAGTGCATTAC-1	nc_larvae
nc_GTAACCAGTTCGGACC-1	nc_larvae
nc_GTAACCAGTTGCTTGA-1	nc_larvae
nc_GTAACCATCACCTGGG-1	nc_larvae
nc_GTAACCATCGCCAACG-1	nc_larvae
nc_GTAACCATCGCCTAGG-1	nc_larvae
nc_GTAACCATCGGATACT-1	nc_larvae
nc_GTAACCATCTGCGATA-1	nc_larvae
nc_GTAAGTCAGAGAAGGT-1	nc_larvae
nc_GTAAGTCAGCATAGGC-1	nc_larvae
nc_GTAAGTCAGCGCCTAC-1	nc_larvae
nc_GTAAGTCAGCGTTGTT-1	nc_larvae
nc_GTAAGTCAGTTGCGAG-1	nc_larvae
nc_GTAAGTCCAAACACCT-1	nc_larvae
nc_GTAAGTCCACATACTG-1	nc_larvae
nc_GTAAGTCCAGAAGCTG-1	nc_larvae
nc_GTAAGTCTCGTTCCCA-1	nc_larvae
nc_GTAAGTCTCTACGCGG-1	nc_larvae
nc_GTAAGTCTCTCTCCGA-1	nc_larvae
nc_GTAATCGAGCCTCTCT-1	nc_larvae
nc_GTAATCGAGCGCCTAC-1	nc_larvae
nc_GTAATCGAGGTGCAGT-1	nc_larvae
nc_GTAATCGAGTCTCGTA-1	nc_larvae
nc_GTAATCGCAGGTCCCA-1	nc_larvae
nc_GTAATCGCAGTATTCG-1	nc_larvae
nc_GTAATCGGTAGTCCTA-1	nc_larvae
nc_GTAATCGTCAAGAGTA-1	nc_larvae
nc_GTAATCGTCTGGGAGA-1	nc_larvae
nc_GTAATGCAGAGCTGAC-1	nc_larvae
nc_GTAATGCAGCGCCCAT-1	nc_larvae
nc_GTAATGCAGTTTAGGA-1	nc_larvae
nc_GTAATGCCACCAGACC-1	nc_larvae
nc_GTAATGCCATACAGCT-1	nc_larvae
nc_GTAATGCCATAGAAAC-1	nc_larvae
nc_GTAATGCGTCCCTGTT-1	nc_larvae
nc_GTAATGCGTGAGATTA-1	nc_larvae
nc_GTAATGCTCATCACTT-1	nc_larvae
nc_GTAATGCTCGTGCATA-1	nc_larvae
nc_GTAATGCTCGTGTGGC-1	nc_larvae
nc_GTACAACAGAGTGTGC-1	nc_larvae
nc_GTACAACAGGTTCATC-1	nc_larvae
nc_GTACAACAGTAGGTTA-1	nc_larvae
nc_GTACAACAGTTCACTG-1	nc_larvae
nc_GTACAACCAAGAGTTA-1	nc_larvae
nc_GTACAACCAAGCCCAC-1	nc_larvae
nc_GTACAACCACTGCATA-1	nc_larvae
nc_GTACAACCAGACCGCT-1	nc_larvae
nc_GTACAACGTACTCGCG-1	nc_larvae
nc_GTACAACGTGGGTTGA-1	nc_larvae
nc_GTACAACGTTCTTCAT-1	nc_larvae
nc_GTACAACTCAGACATC-1	nc_larvae
nc_GTACAACTCAGTGTGT-1	nc_larvae
nc_GTACAACTCCACGTGG-1	nc_larvae
nc_GTACAACTCCTAACAG-1	nc_larvae
nc_GTACAACTCGCTGCGA-1	nc_larvae
nc_GTACAACTCGGCTATA-1	nc_larvae
nc_GTACAACTCTTTCAGT-1	nc_larvae
nc_GTACAGTAGACAGCGT-1	nc_larvae
nc_GTACAGTAGCCAGAGT-1	nc_larvae
nc_GTACAGTAGCTTCTAG-1	nc_larvae
nc_GTACAGTAGGTTCCAT-1	nc_larvae
nc_GTACAGTAGTAACAGT-1	nc_larvae
nc_GTACAGTAGTCATACC-1	nc_larvae
nc_GTACAGTAGTGATGGC-1	nc_larvae
nc_GTACAGTCAACTGGTT-1	nc_larvae
nc_GTACAGTCACATGAAA-1	nc_larvae
nc_GTACAGTCACATGTTG-1	nc_larvae
nc_GTACAGTTCCCATACC-1	nc_larvae
nc_GTACAGTTCTCGGTCT-1	nc_larvae
nc_GTAGAAAAGACCTCAT-1	nc_larvae
nc_GTAGAAAAGCATATGA-1	nc_larvae
nc_GTAGAAAAGGGCAATC-1	nc_larvae
nc_GTAGAAAAGTCACTCA-1	nc_larvae
nc_GTAGAAACAAACACCT-1	nc_larvae
nc_GTAGAAACACCCAAGC-1	nc_larvae
nc_GTAGAAACAGCGACCT-1	nc_larvae
nc_GTAGAAACAGGCGTTC-1	nc_larvae
nc_GTAGAAACAGGCTATT-1	nc_larvae
nc_GTAGAAACATTGTACG-1	nc_larvae
nc_GTAGAAATCAAAGCCT-1	nc_larvae
nc_GTAGAAATCAAATGCC-1	nc_larvae
nc_GTAGAAATCGTCAGAT-1	nc_larvae
nc_GTAGAAATCTCGGTCT-1	nc_larvae
nc_GTAGAGGAGCCTGCCA-1	nc_larvae
nc_GTAGAGGAGGACAACC-1	nc_larvae
nc_GTAGAGGCAACGTATC-1	nc_larvae
nc_GTAGAGGCAGCAGACA-1	nc_larvae
nc_GTAGAGGCAGTCAGTT-1	nc_larvae
nc_GTAGAGGCATTCATCT-1	nc_larvae
nc_GTAGAGGGTCACGCTG-1	nc_larvae
nc_GTAGAGGGTTGGGAAC-1	nc_larvae
nc_GTAGAGGTCCGTAGTA-1	nc_larvae
nc_GTAGATCAGAGGCGTT-1	nc_larvae
nc_GTAGATCAGCCTCTGG-1	nc_larvae
nc_GTAGATCAGGCGCTTC-1	nc_larvae
nc_GTAGATCAGGGTCACA-1	nc_larvae
nc_GTAGATCAGTTTCAGC-1	nc_larvae
nc_GTAGATCCAAGGAGTC-1	nc_larvae
nc_GTAGATCCAATGTCAC-1	nc_larvae
nc_GTAGATCCACAGGATG-1	nc_larvae
nc_GTAGATCCAGAAGCTG-1	nc_larvae
nc_GTAGATCGTCAGACTT-1	nc_larvae
nc_GTAGATCGTCCAGAAG-1	nc_larvae
nc_GTAGATCTCACAAGGG-1	nc_larvae
nc_GTAGCTAAGCTCTATG-1	nc_larvae
nc_GTAGCTAAGTTCCGTA-1	nc_larvae
nc_GTAGCTACAAACTCTG-1	nc_larvae
nc_GTAGCTACAACCACAT-1	nc_larvae
nc_GTAGCTACACCAGCCA-1	nc_larvae
nc_GTAGCTACATGCCATA-1	nc_larvae
nc_GTAGCTAGTGTTAGCT-1	nc_larvae
nc_GTAGCTATCAGCACCG-1	nc_larvae
nc_GTAGCTATCGTGCAGC-1	nc_larvae
nc_GTAGCTATCTGGGCCA-1	nc_larvae
nc_GTAGGAGAGAATGTTG-1	nc_larvae
nc_GTAGGAGAGAATTGCA-1	nc_larvae
nc_GTAGGAGAGAGAAGGT-1	nc_larvae
nc_GTAGGAGAGCTGAGTG-1	nc_larvae
nc_GTAGGAGAGTAGGAAG-1	nc_larvae
nc_GTAGGAGCACGCGCTA-1	nc_larvae
nc_GTAGGAGCAGCACAAG-1	nc_larvae
nc_GTAGGAGGTAGGGAGG-1	nc_larvae
nc_GTAGGAGGTATGACAA-1	nc_larvae
nc_GTAGGAGGTGGTAACG-1	nc_larvae
nc_GTAGGAGGTTACCGTA-1	nc_larvae
nc_GTAGGAGGTTCCGTTC-1	nc_larvae
nc_GTAGGAGTCCACAGGC-1	nc_larvae
nc_GTAGGAGTCTTTCTAG-1	nc_larvae
nc_GTAGGTTAGAGAGCCT-1	nc_larvae
nc_GTAGGTTAGCGCGTTC-1	nc_larvae
nc_GTAGGTTCAAGTGGTG-1	nc_larvae
nc_GTAGGTTCACACTGGC-1	nc_larvae
nc_GTAGGTTCACGGGCTT-1	nc_larvae
nc_GTAGGTTCAGGTCTCG-1	nc_larvae
nc_GTAGGTTCATGACTAC-1	nc_larvae
nc_GTAGGTTCATTCAGCA-1	nc_larvae
nc_GTAGGTTGTTGGTGTT-1	nc_larvae
nc_GTAGGTTTCGAACGGA-1	nc_larvae
nc_GTAGGTTTCGCAAGAG-1	nc_larvae
nc_GTAGGTTTCGGCTGAC-1	nc_larvae
nc_GTAGGTTTCTCATGGA-1	nc_larvae
nc_GTAGGTTTCTCTTCAA-1	nc_larvae
nc_GTAGGTTTCTCTTGCG-1	nc_larvae
nc_GTAGTACAGAAGCGCT-1	nc_larvae
nc_GTAGTACAGAGGTCGT-1	nc_larvae
nc_GTAGTACAGGAGGTTC-1	nc_larvae
nc_GTAGTACAGGTCACAG-1	nc_larvae
nc_GTAGTACAGTAACGAT-1	nc_larvae
nc_GTAGTACCACGATTCA-1	nc_larvae
nc_GTAGTACCACTACTTT-1	nc_larvae
nc_GTAGTACTCAGCTGTA-1	nc_larvae
nc_GTAGTACTCCATCTAT-1	nc_larvae
nc_GTAGTACTCGCCAACG-1	nc_larvae
nc_GTAGTACTCTAATTCC-1	nc_larvae
nc_GTAGTACTCTCAGAAC-1	nc_larvae
nc_GTATTGGAGGAGAATG-1	nc_larvae
nc_GTATTGGAGGCAATGC-1	nc_larvae
nc_GTATTGGAGTGGATAT-1	nc_larvae
nc_GTATTGGCAACAGCTT-1	nc_larvae
nc_GTATTGGCAGTATACC-1	nc_larvae
nc_GTATTGGGTCTTCGAA-1	nc_larvae
nc_GTATTGGGTTTAAGGA-1	nc_larvae
nc_GTATTGGTCAGGACGA-1	nc_larvae
nc_GTATTGGTCGTCTACC-1	nc_larvae
nc_GTATTGGTCTGTCGTC-1	nc_larvae
nc_GTATTTCAGAGAGTTT-1	nc_larvae
nc_GTATTTCAGGTAAGTT-1	nc_larvae
nc_GTATTTCCAACGCATT-1	nc_larvae
nc_GTATTTCGTCGGCACT-1	nc_larvae
nc_GTATTTCGTGGCCTCA-1	nc_larvae
nc_GTATTTCGTTATTCTC-1	nc_larvae
nc_GTATTTCTCAAAGAAC-1	nc_larvae
nc_GTATTTCTCGCGTAGC-1	nc_larvae
nc_GTATTTCTCTCATTTG-1	nc_larvae
nc_GTATTTCTCTGGGCAC-1	nc_larvae
nc_GTCAAACAGCTCGCAC-1	nc_larvae
nc_GTCAAACAGGTTCAGG-1	nc_larvae
nc_GTCAAACAGTCACGAG-1	nc_larvae
nc_GTCAAACAGTTAACGA-1	nc_larvae
nc_GTCAAACCAAAGTGTA-1	nc_larvae
nc_GTCAAACCAACTGGTT-1	nc_larvae
nc_GTCAAACCACGACGAA-1	nc_larvae
nc_GTCAAACGTGATACTC-1	nc_larvae
nc_GTCAAACGTGCCAAGA-1	nc_larvae
nc_GTCAAACGTGTCATGT-1	nc_larvae
nc_GTCAAACGTTGCCAAT-1	nc_larvae
nc_GTCAAACGTTGCTCGG-1	nc_larvae
nc_GTCAAACGTTGTCTAG-1	nc_larvae
nc_GTCAAACTCATCAGTG-1	nc_larvae
nc_GTCAAACTCGTTACCC-1	nc_larvae
nc_GTCAAACTCTACTGAG-1	nc_larvae
nc_GTCAAGTAGGCAGTCA-1	nc_larvae
nc_GTCAAGTCATGGGATG-1	nc_larvae
nc_GTCAAGTCATTGACAC-1	nc_larvae
nc_GTCAAGTGTACACGCC-1	nc_larvae
nc_GTCAAGTGTTCTTGCC-1	nc_larvae
nc_GTCAAGTGTTGCCGCA-1	nc_larvae
nc_GTCAAGTTCTACCTTA-1	nc_larvae
nc_GTCACGGAGAGAGTTT-1	nc_larvae
nc_GTCACGGAGATTGATG-1	nc_larvae
nc_GTCACGGCAATGCTCA-1	nc_larvae
nc_GTCACGGCACAGTACT-1	nc_larvae
nc_GTCACGGCACTACGGC-1	nc_larvae
nc_GTCACGGCATGTTTGG-1	nc_larvae
nc_GTCACGGGTCTCTCTG-1	nc_larvae
nc_GTCACGGGTGGGACAT-1	nc_larvae
nc_GTCACGGTCATCAGTG-1	nc_larvae
nc_GTCACGGTCGTCTAAG-1	nc_larvae
nc_GTCACGGTCTGCATAG-1	nc_larvae
nc_GTCACTCAGAAACACT-1	nc_larvae
nc_GTCACTCAGAACTTCC-1	nc_larvae
nc_GTCACTCAGCGTGTCC-1	nc_larvae
nc_GTCACTCAGGCTCTCG-1	nc_larvae
nc_GTCACTCCAAGGTTGG-1	nc_larvae
nc_GTCACTCCATGACAAA-1	nc_larvae
nc_GTCACTCGTACGTTCA-1	nc_larvae
nc_GTCACTCGTCGATTAC-1	nc_larvae
nc_GTCACTCGTGTATTCG-1	nc_larvae
nc_GTCACTCTCAACGTGT-1	nc_larvae
nc_GTCACTCTCACCATCC-1	nc_larvae
nc_GTCACTCTCACTCGAA-1	nc_larvae
nc_GTCACTCTCCTACGAA-1	nc_larvae
nc_GTCACTCTCTATTCGT-1	nc_larvae
nc_GTCACTCTCTTCCCAG-1	nc_larvae
nc_GTCAGCGAGTGAGTGC-1	nc_larvae
nc_GTCAGCGCAGCCCACA-1	nc_larvae
nc_GTCAGCGCATCCGAAT-1	nc_larvae
nc_GTCAGCGGTCCACTCT-1	nc_larvae
nc_GTCAGCGGTGGTCAAG-1	nc_larvae
nc_GTCAGCGTCACGTAGT-1	nc_larvae
nc_GTCAGCGTCTACCACC-1	nc_larvae
nc_GTCATCCAGACTTCCA-1	nc_larvae
nc_GTCATCCAGATACCAA-1	nc_larvae
nc_GTCATCCAGCCTGACC-1	nc_larvae
nc_GTCATCCAGGAAGTAG-1	nc_larvae
nc_GTCATCCGTCAAAGCG-1	nc_larvae
nc_GTCATCCGTGCCCTTT-1	nc_larvae
nc_GTCATCCGTTAAGACA-1	nc_larvae
nc_GTCATCCTCAAAGGAT-1	nc_larvae
nc_GTCATCCTCCCTAGGG-1	nc_larvae
nc_GTCATCCTCCTTGACC-1	nc_larvae
nc_GTCATGAAGCCGCTTG-1	nc_larvae
nc_GTCATGAAGGATCACG-1	nc_larvae
nc_GTCATGAAGTGGATTA-1	nc_larvae
nc_GTCATGACAAACTCTG-1	nc_larvae
nc_GTCATGACAAAGTGTA-1	nc_larvae
nc_GTCATGACAGCTGAGA-1	nc_larvae
nc_GTCATGAGTCCGGCAT-1	nc_larvae
nc_GTCATGAGTGAGACGT-1	nc_larvae
nc_GTCATGATCTCCCTAG-1	nc_larvae
nc_GTCATTTAGAGAGAAC-1	nc_larvae
nc_GTCATTTAGTCACAGG-1	nc_larvae
nc_GTCATTTAGTTGCCCG-1	nc_larvae
nc_GTCATTTCACTAGGCC-1	nc_larvae
nc_GTCATTTCAGTAACCT-1	nc_larvae
nc_GTCATTTGTCCGAAGA-1	nc_larvae
nc_GTCATTTTCGTTATCT-1	nc_larvae
nc_GTCATTTTCTCGTCAC-1	nc_larvae
nc_GTCCACTAGACTCTAC-1	nc_larvae
nc_GTCCACTAGGCACCAA-1	nc_larvae
nc_GTCCACTAGTTCCGGC-1	nc_larvae
nc_GTCCACTCATATGCGT-1	nc_larvae
nc_GTCCACTCATTACTCT-1	nc_larvae
nc_GTCCACTGTCACTTCC-1	nc_larvae
nc_GTCCACTGTGCCTAAT-1	nc_larvae
nc_GTCCACTGTGCTAGCC-1	nc_larvae
nc_GTCCACTGTTGCAACT-1	nc_larvae
nc_GTCCACTTCATGCAGT-1	nc_larvae
nc_GTCCACTTCCACGTGG-1	nc_larvae
nc_GTCCACTTCCTAACAG-1	nc_larvae
nc_GTCCACTTCTTCGGAA-1	nc_larvae
nc_GTCCCATAGAACTTCC-1	nc_larvae
nc_GTCCCATAGGAGAATG-1	nc_larvae
nc_GTCCCATCAAGCCCAC-1	nc_larvae
nc_GTCCCATCAATGCTCA-1	nc_larvae
nc_GTCCCATCACCACATA-1	nc_larvae
nc_GTCCCATCACTAACGT-1	nc_larvae
nc_GTCCCATGTTAGGGTG-1	nc_larvae
nc_GTCCCATTCCGTATAG-1	nc_larvae
nc_GTCCCATTCGCTACAA-1	nc_larvae
nc_GTCCCATTCTGCGTCT-1	nc_larvae
nc_GTCCTCAAGAGTCGAC-1	nc_larvae
nc_GTCCTCAAGCCATTCA-1	nc_larvae
nc_GTCCTCACAATTGCCA-1	nc_larvae
nc_GTCCTCACACTAGGCC-1	nc_larvae
nc_GTCCTCACATTGCTTT-1	nc_larvae
nc_GTCCTCAGTAGCTGCC-1	nc_larvae
nc_GTCCTCAGTGAGATCG-1	nc_larvae
nc_GTCCTCATCACTTGTT-1	nc_larvae
nc_GTCCTCATCTCCCTAG-1	nc_larvae
nc_GTCCTCATCTCTCGAC-1	nc_larvae
nc_GTCCTCATCTTGAGCA-1	nc_larvae
nc_GTCGAATAGAATTGTG-1	nc_larvae
nc_GTCGAATCACGCTATA-1	nc_larvae
nc_GTCGAATTCAACCTTT-1	nc_larvae
nc_GTCGAATTCATGACAC-1	nc_larvae
nc_GTCGAATTCCCTGGTT-1	nc_larvae
nc_GTCGAATTCGAGAATA-1	nc_larvae
nc_GTCGAATTCGTTCAGA-1	nc_larvae
nc_GTCGCGAAGCTAGAAT-1	nc_larvae
nc_GTCGCGAAGTCTACCA-1	nc_larvae
nc_GTCGCGACAACTTGGT-1	nc_larvae
nc_GTCGCGACAAGTGGTG-1	nc_larvae
nc_GTCGCGACATGACAAA-1	nc_larvae
nc_GTCGCGAGTACGTACT-1	nc_larvae
nc_GTCGCGAGTCAAGCCC-1	nc_larvae
nc_GTCGCGATCATCGGGC-1	nc_larvae
nc_GTCGCGATCCCATGGG-1	nc_larvae
nc_GTCGCGATCGCTTGCT-1	nc_larvae
nc_GTCGTAACAGTAGTGG-1	nc_larvae
nc_GTCGTAAGTGGCTAGA-1	nc_larvae
nc_GTCGTAATCCAAAGGG-1	nc_larvae
nc_GTCGTAATCCTCTCGA-1	nc_larvae
nc_GTCGTAATCGCAACAT-1	nc_larvae
nc_GTCGTAATCTTGCGCT-1	nc_larvae
nc_GTCGTTCCACTGATTG-1	nc_larvae
nc_GTCGTTCCAGCAGGAT-1	nc_larvae
nc_GTCGTTCCAGGCCTGT-1	nc_larvae
nc_GTCGTTCCATTCTTCA-1	nc_larvae
nc_GTCGTTCGTAGACAAT-1	nc_larvae
nc_GTCGTTCGTGAGATTA-1	nc_larvae
nc_GTCGTTCGTGCAGATG-1	nc_larvae
nc_GTCGTTCGTTAGAAAC-1	nc_larvae
nc_GTCGTTCGTTGGGAAC-1	nc_larvae
nc_GTCGTTCTCACTTATC-1	nc_larvae
nc_GTCGTTCTCAGGCGAA-1	nc_larvae
nc_GTCTACCAGCGAAACC-1	nc_larvae
nc_GTCTACCAGGCCTTCG-1	nc_larvae
nc_GTCTACCAGGGCCCTT-1	nc_larvae
nc_GTCTACCCAAGCGCTC-1	nc_larvae
nc_GTCTACCCACTGAATC-1	nc_larvae
nc_GTCTACCCATGTTCAG-1	nc_larvae
nc_GTCTACCGTACACGCC-1	nc_larvae
nc_GTCTACCGTAGTCGTT-1	nc_larvae
nc_GTCTACCGTCCCTAAA-1	nc_larvae
nc_GTCTACCGTCGCCACA-1	nc_larvae
nc_GTCTACCGTGCTCTTC-1	nc_larvae
nc_GTCTACCGTGGATACG-1	nc_larvae
nc_GTCTACCGTGGCTGAA-1	nc_larvae
nc_GTCTACCTCACCGCTT-1	nc_larvae
nc_GTCTACCTCCATTCGC-1	nc_larvae
nc_GTCTACCTCGCTAAAC-1	nc_larvae
nc_GTCTACCTCGGTTCAA-1	nc_larvae
nc_GTCTACCTCGTTATCT-1	nc_larvae
nc_GTCTACCTCTGAGAGG-1	nc_larvae
nc_GTCTAGAAGGCCACTC-1	nc_larvae
nc_GTCTAGACAGGTGACA-1	nc_larvae
nc_GTCTAGACATGGTACT-1	nc_larvae
nc_GTCTAGAGTCGGCCTA-1	nc_larvae
nc_GTCTAGATCAAGAATG-1	nc_larvae
nc_GTCTAGATCAGTCTTT-1	nc_larvae
nc_GTCTAGATCATCGCAA-1	nc_larvae
nc_GTCTAGATCATGGAGG-1	nc_larvae
nc_GTCTAGATCCAACCAA-1	nc_larvae
nc_GTCTAGATCCAAGGGA-1	nc_larvae
nc_GTCTAGATCTCTAGGA-1	nc_larvae
nc_GTCTAGATCTGAGGCC-1	nc_larvae
nc_GTCTCACAGTGACACG-1	nc_larvae
nc_GTCTCACAGTGAGCCA-1	nc_larvae
nc_GTCTCACCAAGACCGA-1	nc_larvae
nc_GTCTCACCAAGGGCAT-1	nc_larvae
nc_GTCTCACCAATTTCCT-1	nc_larvae
nc_GTCTCACCAGCTTTGA-1	nc_larvae
nc_GTCTCACCAGGACGAT-1	nc_larvae
nc_GTCTCACCAGTGTACT-1	nc_larvae
nc_GTCTCACCATATCGGT-1	nc_larvae
nc_GTCTCACGTAGTTCCA-1	nc_larvae
nc_GTCTCACGTTGCCATA-1	nc_larvae
nc_GTCTCACGTTGTTGAC-1	nc_larvae
nc_GTCTCACTCATTGGTG-1	nc_larvae
nc_GTCTCACTCGAAGCCC-1	nc_larvae
nc_GTCTCACTCGCCCAGA-1	nc_larvae
nc_GTCTCACTCTTACTGT-1	nc_larvae
nc_GTCTGTCAGAGAGCAA-1	nc_larvae
nc_GTCTGTCAGGGCCTCT-1	nc_larvae
nc_GTCTGTCAGTACGAGC-1	nc_larvae
nc_GTCTGTCCAACGTTAC-1	nc_larvae
nc_GTCTGTCCACAATGTC-1	nc_larvae
nc_GTCTGTCCACTCTCGT-1	nc_larvae
nc_GTCTGTCCAGCAGTCC-1	nc_larvae
nc_GTCTGTCCAGCTGTAT-1	nc_larvae
nc_GTCTGTCGTACCGTCG-1	nc_larvae
nc_GTCTGTCGTACGATTC-1	nc_larvae
nc_GTCTGTCGTCTTGGTA-1	nc_larvae
nc_GTCTGTCGTGGTTTAC-1	nc_larvae
nc_GTCTGTCTCAGTCACA-1	nc_larvae
nc_GTCTGTCTCAGTGATC-1	nc_larvae
nc_GTCTGTCTCGACCTAA-1	nc_larvae
nc_GTCTGTCTCGCGCTGA-1	nc_larvae
nc_GTCTGTCTCGTAATGC-1	nc_larvae
nc_GTCTTTAAGAAACACT-1	nc_larvae
nc_GTCTTTAAGTACAGCG-1	nc_larvae
nc_GTCTTTAAGTGATGGC-1	nc_larvae
nc_GTCTTTACAGGCTATT-1	nc_larvae
nc_GTCTTTAGTACTCCCT-1	nc_larvae
nc_GTCTTTAGTAGTGGCA-1	nc_larvae
nc_GTCTTTAGTATCCTCC-1	nc_larvae
nc_GTCTTTAGTGCATTTG-1	nc_larvae
nc_GTCTTTATCAACCTTT-1	nc_larvae
nc_GTCTTTATCAGTCATG-1	nc_larvae
nc_GTCTTTATCATCCTAT-1	nc_larvae
nc_GTCTTTATCCCATGGG-1	nc_larvae
nc_GTCTTTATCGCACGAC-1	nc_larvae
nc_GTCTTTATCGTAACTG-1	nc_larvae
nc_GTCTTTATCTAGGCCG-1	nc_larvae
nc_GTGACGCAGCTAAATG-1	nc_larvae
nc_GTGACGCAGGTCCAGA-1	nc_larvae
nc_GTGACGCAGTCTGCAT-1	nc_larvae
nc_GTGACGCCAATAGAGT-1	nc_larvae
nc_GTGACGCCAGAATCGG-1	nc_larvae
nc_GTGACGCCATCGAGCC-1	nc_larvae
nc_GTGACGCCATGACGGA-1	nc_larvae
nc_GTGACGCCATTGCCGG-1	nc_larvae
nc_GTGACGCGTAGGTGCA-1	nc_larvae
nc_GTGACGCGTGACATCT-1	nc_larvae
nc_GTGACGCGTGTCTCCT-1	nc_larvae
nc_GTGACGCGTTGCATGT-1	nc_larvae
nc_GTGACGCTCACCATCC-1	nc_larvae
nc_GTGACGCTCCATGATG-1	nc_larvae
nc_GTGACGCTCCTATGGA-1	nc_larvae
nc_GTGACGCTCTCATAGG-1	nc_larvae
nc_GTGAGCCAGACATCAA-1	nc_larvae
nc_GTGAGCCAGATTGACA-1	nc_larvae
nc_GTGAGCCAGGATACAT-1	nc_larvae
nc_GTGAGCCAGGTAGTCG-1	nc_larvae
nc_GTGAGCCCAACTGATC-1	nc_larvae
nc_GTGAGCCCACACCTAA-1	nc_larvae
nc_GTGAGCCCAGCTATTG-1	nc_larvae
nc_GTGAGCCCAGGCTACC-1	nc_larvae
nc_GTGAGCCGTACTCGAT-1	nc_larvae
nc_GTGAGCCGTTCCACGG-1	nc_larvae
nc_GTGAGCCGTTTCACTT-1	nc_larvae
nc_GTGAGCCTCAGATTGC-1	nc_larvae
nc_GTGAGCCTCCTGTTGC-1	nc_larvae
nc_GTGAGCCTCGCAAGAG-1	nc_larvae
nc_GTGAGGAAGAAGTCCG-1	nc_larvae
nc_GTGAGGAAGACATAGT-1	nc_larvae
nc_GTGAGGACAACACGAG-1	nc_larvae
nc_GTGAGGATCCTTTAGT-1	nc_larvae
nc_GTGAGTTAGACTAAGT-1	nc_larvae
nc_GTGAGTTAGAGTCCGA-1	nc_larvae
nc_GTGAGTTAGAGTTGCG-1	nc_larvae
nc_GTGAGTTGTCATCGGC-1	nc_larvae
nc_GTGAGTTGTGCCCGTA-1	nc_larvae
nc_GTGAGTTGTTTCGTGA-1	nc_larvae
nc_GTGAGTTTCACAGAGG-1	nc_larvae
nc_GTGATGTAGCAGCGAT-1	nc_larvae
nc_GTGATGTAGCATTTGC-1	nc_larvae
nc_GTGATGTAGGAAACGA-1	nc_larvae
nc_GTGATGTAGGAGAGTA-1	nc_larvae
nc_GTGATGTAGGGTGGGA-1	nc_larvae
nc_GTGATGTAGTGGTGGT-1	nc_larvae
nc_GTGATGTCACATGACT-1	nc_larvae
nc_GTGATGTCAGCACACC-1	nc_larvae
nc_GTGATGTCATCAGCGC-1	nc_larvae
nc_GTGATGTGTCCTGAAT-1	nc_larvae
nc_GTGATGTGTCTCAGAT-1	nc_larvae
nc_GTGATGTGTGAATATG-1	nc_larvae
nc_GTGATGTGTTGTGCCG-1	nc_larvae
nc_GTGATGTTCCGAACGC-1	nc_larvae
nc_GTGATGTTCGCTGACG-1	nc_larvae
nc_GTGATGTTCGTGACTA-1	nc_larvae
nc_GTGATGTTCTGCACCT-1	nc_larvae
nc_GTGCACGAGGACAGCT-1	nc_larvae
nc_GTGCACGCAAACGTGG-1	nc_larvae
nc_GTGCACGCACTTGAGT-1	nc_larvae
nc_GTGCACGGTCAGGCAA-1	nc_larvae
nc_GTGCACGGTCATCAGT-1	nc_larvae
nc_GTGCACGGTCTCAAGT-1	nc_larvae
nc_GTGCACGGTGACCGTC-1	nc_larvae
nc_GTGCACGGTGACTGAG-1	nc_larvae
nc_GTGCACGTCCTCGCAT-1	nc_larvae
nc_GTGCAGCAGATGGCAC-1	nc_larvae
nc_GTGCAGCAGCATCAGG-1	nc_larvae
nc_GTGCAGCAGGACGCAT-1	nc_larvae
nc_GTGCAGCCACACCTGG-1	nc_larvae
nc_GTGCAGCCACAGTCGC-1	nc_larvae
nc_GTGCAGCCACGGAAGT-1	nc_larvae
nc_GTGCAGCCAGCACAAG-1	nc_larvae
nc_GTGCAGCCATTGAAGA-1	nc_larvae
nc_GTGCAGCGTACACGTT-1	nc_larvae
nc_GTGCAGCGTGTGCCTG-1	nc_larvae
nc_GTGCAGCTCACCTTAT-1	nc_larvae
nc_GTGCAGCTCTCATGGA-1	nc_larvae
nc_GTGCGTGAGTCGCCAC-1	nc_larvae
nc_GTGCGTGAGTCTCGTA-1	nc_larvae
nc_GTGCGTGCAACACTAC-1	nc_larvae
nc_GTGCGTGCAACTTGGT-1	nc_larvae
nc_GTGCGTGCAGGTTCGC-1	nc_larvae
nc_GTGCGTGGTTCCGCTT-1	nc_larvae
nc_GTGCGTGTCGAAATCC-1	nc_larvae
nc_GTGCGTGTCTGAGCAT-1	nc_larvae
nc_GTGCTGGAGAAACCAT-1	nc_larvae
nc_GTGCTGGAGGAAGTCC-1	nc_larvae
nc_GTGCTGGCAAGCGCAA-1	nc_larvae
nc_GTGCTGGCACATGAAA-1	nc_larvae
nc_GTGCTGGCATTGTCGA-1	nc_larvae
nc_GTGCTGGTCAACCTCC-1	nc_larvae
nc_GTGCTGGTCAGCTCTC-1	nc_larvae
nc_GTGCTGGTCATAGGCT-1	nc_larvae
nc_GTGCTGGTCCTCTTTC-1	nc_larvae
nc_GTGCTGGTCGTCAACA-1	nc_larvae
nc_GTGCTGGTCTGAGAGG-1	nc_larvae
nc_GTGCTTCAGCATCCTA-1	nc_larvae
nc_GTGCTTCAGCTGCCTG-1	nc_larvae
nc_GTGCTTCCACGCGCAT-1	nc_larvae
nc_GTGCTTCCACGGCGTT-1	nc_larvae
nc_GTGCTTCCAGCTATAC-1	nc_larvae
nc_GTGCTTCCATAGGTTC-1	nc_larvae
nc_GTGCTTCGTAAGCTCT-1	nc_larvae
nc_GTGCTTCGTGCTATTG-1	nc_larvae
nc_GTGCTTCGTTGATGTC-1	nc_larvae
nc_GTGCTTCTCATCCTAT-1	nc_larvae
nc_GTGCTTCTCTTGCAGA-1	nc_larvae
nc_GTGGAAGAGGGTCAAC-1	nc_larvae
nc_GTGGAAGAGTCACACT-1	nc_larvae
nc_GTGGAAGAGTCATACC-1	nc_larvae
nc_GTGGAAGCAAAGGCAC-1	nc_larvae
nc_GTGGAAGCAAGGGCAT-1	nc_larvae
nc_GTGGAAGCAGTGCCTG-1	nc_larvae
nc_GTGGAAGGTACCAGAG-1	nc_larvae
nc_GTGGAAGGTACCTATG-1	nc_larvae
nc_GTGGAAGGTCCGGCAT-1	nc_larvae
nc_GTGGAAGGTTCAAGTC-1	nc_larvae
nc_GTGGAAGTCACGGAGA-1	nc_larvae
nc_GTGGAAGTCCCTCGAT-1	nc_larvae
nc_GTGGAAGTCGCCAGTG-1	nc_larvae
nc_GTGGAAGTCGGAAACG-1	nc_larvae
nc_GTGGAAGTCTCGTCAC-1	nc_larvae
nc_GTGGAGAAGAGTCTTC-1	nc_larvae
nc_GTGGAGAAGATGCGAC-1	nc_larvae
nc_GTGGAGAAGATTCGCT-1	nc_larvae
nc_GTGGAGAAGGCCATAG-1	nc_larvae
nc_GTGGAGACAAATGCGG-1	nc_larvae
nc_GTGGAGACACCTCTAC-1	nc_larvae
nc_GTGGAGACAGCAGTCC-1	nc_larvae
nc_GTGGAGACAGGAGGAG-1	nc_larvae
nc_GTGGAGACATGGGTCC-1	nc_larvae
nc_GTGGAGAGTGCGGTAA-1	nc_larvae
nc_GTGGAGATCACGATCA-1	nc_larvae
nc_GTGGAGATCCAGGACC-1	nc_larvae
nc_GTGGAGATCCAGTGTA-1	nc_larvae
nc_GTGGAGATCGGTCTAA-1	nc_larvae
nc_GTGGAGATCTCACCCA-1	nc_larvae
nc_GTGGCGTAGGAAAGAC-1	nc_larvae
nc_GTGGCGTCAGACATCT-1	nc_larvae
nc_GTGGCGTGTCGTCGGT-1	nc_larvae
nc_GTGGCGTTCCGCTTAC-1	nc_larvae
nc_GTGGCGTTCTTACGGA-1	nc_larvae
nc_GTGGGAACAAACTGCT-1	nc_larvae
nc_GTGGGAACATCCTCAC-1	nc_larvae
nc_GTGGTTAAGACCACGA-1	nc_larvae
nc_GTGGTTAAGAGACAAG-1	nc_larvae
nc_GTGGTTAAGCTGCGAA-1	nc_larvae
nc_GTGGTTACAAAGACTA-1	nc_larvae
nc_GTGGTTACAGTCGCTG-1	nc_larvae
nc_GTGGTTACATGCCGCA-1	nc_larvae
nc_GTGGTTAGTACTGACT-1	nc_larvae
nc_GTGGTTAGTACTGCGC-1	nc_larvae
nc_GTGGTTAGTGTCTCCT-1	nc_larvae
nc_GTGGTTATCATTGGTG-1	nc_larvae
nc_GTGGTTATCCTGGGTG-1	nc_larvae
nc_GTGTAACAGACTTCAC-1	nc_larvae
nc_GTGTAACAGATAGCAT-1	nc_larvae
nc_GTGTAACAGGCCTAGA-1	nc_larvae
nc_GTGTAACAGTAGCATA-1	nc_larvae
nc_GTGTAACAGTTACGTC-1	nc_larvae
nc_GTGTAACCAGACCTGC-1	nc_larvae
nc_GTGTAACCAGCGAACA-1	nc_larvae
nc_GTGTAACCATTGCAAC-1	nc_larvae
nc_GTGTAACGTCGTACTA-1	nc_larvae
nc_GTGTAACGTGTCCCTT-1	nc_larvae
nc_GTGTAACTCCACATAG-1	nc_larvae
nc_GTGTAACTCCGCATAA-1	nc_larvae
nc_GTGTAACTCTTCCCAG-1	nc_larvae
nc_GTGTCCTAGCGATGAC-1	nc_larvae
nc_GTGTCCTAGGGCCCTT-1	nc_larvae
nc_GTGTCCTAGTGATAAC-1	nc_larvae
nc_GTGTCCTCACTGTGTA-1	nc_larvae
nc_GTGTCCTGTGAAGCGT-1	nc_larvae
nc_GTGTCCTTCTTACACT-1	nc_larvae
nc_GTGTGATAGACATACA-1	nc_larvae
nc_GTGTGATAGAGAAGGT-1	nc_larvae
nc_GTGTGATAGATGCTTC-1	nc_larvae
nc_GTGTGATAGTCCCAGC-1	nc_larvae
nc_GTGTGATCAAGTGCAG-1	nc_larvae
nc_GTGTGATCAGAATTCC-1	nc_larvae
nc_GTGTGATCAGACTGCC-1	nc_larvae
nc_GTGTGATCATCACGGC-1	nc_larvae
nc_GTGTGATGTCGAGCTC-1	nc_larvae
nc_GTGTGATGTTCCCAAA-1	nc_larvae
nc_GTGTGATGTTTAGTCG-1	nc_larvae
nc_GTGTGATTCACTACGA-1	nc_larvae
nc_GTGTGATTCGAACACT-1	nc_larvae
nc_GTGTGATTCGACGTCG-1	nc_larvae
nc_GTGTGATTCTCAGAAC-1	nc_larvae
nc_GTGTGGCAGTCGCCAC-1	nc_larvae
nc_GTGTGGCCACCTGTCT-1	nc_larvae
nc_GTGTGGCCACGGCGTT-1	nc_larvae
nc_GTGTGGCCACTAGTAC-1	nc_larvae
nc_GTGTGGCCACTCAAGT-1	nc_larvae
nc_GTGTGGCCAGGAATAT-1	nc_larvae
nc_GTGTGGCCAGTCTGGC-1	nc_larvae
nc_GTGTGGCCATGCAGCC-1	nc_larvae
nc_GTGTGGCGTATCCTCC-1	nc_larvae
nc_GTGTGGCGTCAAGCGA-1	nc_larvae
nc_GTGTGGCGTCAGACGA-1	nc_larvae
nc_GTGTGGCGTCTGTGAT-1	nc_larvae
nc_GTGTGGCGTCTTTCAT-1	nc_larvae
nc_GTGTGGCTCAGTCACA-1	nc_larvae
nc_GTGTGGCTCCAAGCTA-1	nc_larvae
nc_GTGTGGCTCCTTCGAC-1	nc_larvae
nc_GTGTGGCTCGAACCAT-1	nc_larvae
nc_GTGTGGCTCTCTGCCA-1	nc_larvae
nc_GTGTTAGAGATGTAGT-1	nc_larvae
nc_GTGTTAGAGGCCATAG-1	nc_larvae
nc_GTGTTAGAGTCATTGC-1	nc_larvae
nc_GTGTTAGCACAACCGC-1	nc_larvae
nc_GTGTTAGCAGGTCTCG-1	nc_larvae
nc_GTGTTAGGTATGTCCA-1	nc_larvae
nc_GTGTTAGTCCGTTTCG-1	nc_larvae
nc_GTGTTAGTCGCCGAGT-1	nc_larvae
nc_GTGTTAGTCTCTCGAC-1	nc_larvae
nc_GTGTTCCAGTAAGGGA-1	nc_larvae
nc_GTGTTCCAGTAGTCTC-1	nc_larvae
nc_GTGTTCCAGTGACACG-1	nc_larvae
nc_GTGTTCCCACTGTTCC-1	nc_larvae
nc_GTGTTCCGTGATTCAC-1	nc_larvae
nc_GTGTTCCTCATTGTTC-1	nc_larvae
nc_GTTACAGCAGCCTACG-1	nc_larvae
nc_GTTACAGCATCGCTCT-1	nc_larvae
nc_GTTACAGGTAACCCGC-1	nc_larvae
nc_GTTACAGGTCCTCAGG-1	nc_larvae
nc_GTTACAGGTTAAGAAC-1	nc_larvae
nc_GTTACAGTCACGATAC-1	nc_larvae
nc_GTTACAGTCCTCGATC-1	nc_larvae
nc_GTTACAGTCTTCCGTG-1	nc_larvae
nc_GTTACCCAGCTAGAGC-1	nc_larvae
nc_GTTACCCAGGCACTAG-1	nc_larvae
nc_GTTACCCAGTGAGTGC-1	nc_larvae
nc_GTTACCCCAAGGATGC-1	nc_larvae
nc_GTTACCCCACACCGCA-1	nc_larvae
nc_GTTACCCGTTATGTCG-1	nc_larvae
nc_GTTACCCTCATTATCC-1	nc_larvae
nc_GTTACCCTCCCAACTC-1	nc_larvae
nc_GTTACCCTCGCAGTCG-1	nc_larvae
nc_GTTACCCTCTGGAGAG-1	nc_larvae
nc_GTTACGAAGGCCTTGC-1	nc_larvae
nc_GTTACGAAGGGTATAT-1	nc_larvae
nc_GTTACGAAGTTCCATG-1	nc_larvae
nc_GTTACGACAACCTAAC-1	nc_larvae
nc_GTTACGACACAGAGCA-1	nc_larvae
nc_GTTACGACATCGCCTT-1	nc_larvae
nc_GTTACGACATGACTCA-1	nc_larvae
nc_GTTACGACATGCAGGA-1	nc_larvae
nc_GTTACGAGTAGCGCCT-1	nc_larvae
nc_GTTACGAGTCATCTAG-1	nc_larvae
nc_GTTACGAGTCTCTCCA-1	nc_larvae
nc_GTTACGAGTGCAATGG-1	nc_larvae
nc_GTTACGAGTGCTCTCT-1	nc_larvae
nc_GTTACGATCCGCAACG-1	nc_larvae
nc_GTTACGATCTACGGGC-1	nc_larvae
nc_GTTACGATCTAGGCCG-1	nc_larvae
nc_GTTAGACAGACCGCCT-1	nc_larvae
nc_GTTAGACAGAGCCATG-1	nc_larvae
nc_GTTAGACAGTCTTCGA-1	nc_larvae
nc_GTTAGACCAAACCACT-1	nc_larvae
nc_GTTAGACCAACGATTC-1	nc_larvae
nc_GTTAGACCAAGGCTTT-1	nc_larvae
nc_GTTAGACGTCGGAAAC-1	nc_larvae
nc_GTTAGACGTGACCTGC-1	nc_larvae
nc_GTTAGACTCATAGACC-1	nc_larvae
nc_GTTAGACTCTAAACGC-1	nc_larvae
nc_GTTAGTGAGCCATGCC-1	nc_larvae
nc_GTTAGTGAGTATGCAA-1	nc_larvae
nc_GTTAGTGAGTCATACC-1	nc_larvae
nc_GTTAGTGCACTCCTTG-1	nc_larvae
nc_GTTAGTGCAGATCACT-1	nc_larvae
nc_GTTAGTGCAGGACATG-1	nc_larvae
nc_GTTAGTGCATCCGCGA-1	nc_larvae
nc_GTTAGTGGTGTAAATG-1	nc_larvae
nc_GTTAGTGTCGTTCTGC-1	nc_larvae
nc_GTTAGTGTCTGGCCTT-1	nc_larvae
nc_GTTATGGAGAATTGCA-1	nc_larvae
nc_GTTATGGCAAGTGGAC-1	nc_larvae
nc_GTTATGGCAATAACCC-1	nc_larvae
nc_GTTATGGCACCGTGCA-1	nc_larvae
nc_GTTATGGCAGAAGTTA-1	nc_larvae
nc_GTTATGGCAGACCTGC-1	nc_larvae
nc_GTTATGGCAGTCAGCC-1	nc_larvae
nc_GTTATGGGTAGCTGTT-1	nc_larvae
nc_GTTATGGGTTACAGCT-1	nc_larvae
nc_GTTATGGTCATCGCAA-1	nc_larvae
nc_GTTATGGTCGTCCTCA-1	nc_larvae
nc_GTTATGGTCTCGGGAC-1	nc_larvae
nc_GTTCATTAGAAGTCAT-1	nc_larvae
nc_GTTCATTAGCTGACTT-1	nc_larvae
nc_GTTCATTAGGAGGGTG-1	nc_larvae
nc_GTTCATTAGGCGAACT-1	nc_larvae
nc_GTTCATTCACAGCGCT-1	nc_larvae
nc_GTTCATTCAGTGAGCA-1	nc_larvae
nc_GTTCATTGTAAGTCAA-1	nc_larvae
nc_GTTCATTGTATGACAA-1	nc_larvae
nc_GTTCATTGTCAACCAT-1	nc_larvae
nc_GTTCATTGTGTTCCAA-1	nc_larvae
nc_GTTCATTGTTGTGGAG-1	nc_larvae
nc_GTTCATTTCAACACCA-1	nc_larvae
nc_GTTCATTTCGACTCCT-1	nc_larvae
nc_GTTCCGTCAAGACAAT-1	nc_larvae
nc_GTTCCGTCAATGGCAG-1	nc_larvae
nc_GTTCCGTGTTATCTGG-1	nc_larvae
nc_GTTCCGTTCCATACAG-1	nc_larvae
nc_GTTCCGTTCCATTCGC-1	nc_larvae
nc_GTTCCGTTCCTATGGA-1	nc_larvae
nc_GTTCCGTTCCTCACCA-1	nc_larvae
nc_GTTCCGTTCCTGTACC-1	nc_larvae
nc_GTTCGCTCACCAGCTG-1	nc_larvae
nc_GTTCGCTCACTGAGGA-1	nc_larvae
nc_GTTCGCTCAGCTCATA-1	nc_larvae
nc_GTTCGCTCATTCAGCA-1	nc_larvae
nc_GTTCGCTGTAGACGGT-1	nc_larvae
nc_GTTCGCTGTCTAGATC-1	nc_larvae
nc_GTTCGCTGTTGACTAC-1	nc_larvae
nc_GTTCGCTTCGAACACT-1	nc_larvae
nc_GTTCGCTTCGCTGACG-1	nc_larvae
nc_GTTCGCTTCTTCGCTG-1	nc_larvae
nc_GTTCTATAGTAGCAAT-1	nc_larvae
nc_GTTCTATAGTGCTACT-1	nc_larvae
nc_GTTCTATGTCCAGCGT-1	nc_larvae
nc_GTTCTATGTGGTACAG-1	nc_larvae
nc_GTTCTATGTTCCTTGC-1	nc_larvae
nc_GTTCTATTCTTCCTAA-1	nc_larvae
nc_GTTCTATTCTTGCGCT-1	nc_larvae
nc_GTTGAACAGGAGAGGC-1	nc_larvae
nc_GTTGAACCAGCCTATA-1	nc_larvae
nc_GTTGAACCAGTTTCAG-1	nc_larvae
nc_GTTGAACGTCTTCCGT-1	nc_larvae
nc_GTTGAACGTGATACCT-1	nc_larvae
nc_GTTGAACGTTGACTAC-1	nc_larvae
nc_GTTGAACTCATGCCGG-1	nc_larvae
nc_GTTGAACTCTAGATCG-1	nc_larvae
nc_GTTGAACTCTCGCCTA-1	nc_larvae
nc_GTTGAACTCTTGTTAC-1	nc_larvae
nc_GTTGCGGAGGGTACAC-1	nc_larvae
nc_GTTGCGGAGTGGCGAT-1	nc_larvae
nc_GTTGCGGCACAAGCCC-1	nc_larvae
nc_GTTGCGGCATCTTAGG-1	nc_larvae
nc_GTTGCGGGTATGTCTG-1	nc_larvae
nc_GTTGCGGGTGTCCGTG-1	nc_larvae
nc_GTTGCGGGTTCCATTT-1	nc_larvae
nc_GTTGCGGGTTCGGTTA-1	nc_larvae
nc_GTTGCGGTCCCTCTCC-1	nc_larvae
nc_GTTGCGGTCTCACGAA-1	nc_larvae
nc_GTTGCTCAGACATGCG-1	nc_larvae
nc_GTTGCTCAGGTATCTC-1	nc_larvae
nc_GTTGCTCAGGTCTTTG-1	nc_larvae
nc_GTTGCTCAGTATGACA-1	nc_larvae
nc_GTTGCTCAGTCCGCGT-1	nc_larvae
nc_GTTGCTCAGTGACCTT-1	nc_larvae
nc_GTTGCTCAGTGGAAAG-1	nc_larvae
nc_GTTGCTCAGTGTTCAC-1	nc_larvae
nc_GTTGCTCCACCTAAAC-1	nc_larvae
nc_GTTGCTCCAGAGAAAG-1	nc_larvae
nc_GTTGCTCCATCGAACT-1	nc_larvae
nc_GTTGCTCGTGACAGGT-1	nc_larvae
nc_GTTGCTCTCTGGCTGG-1	nc_larvae
nc_GTTGTAGAGACTCAAA-1	nc_larvae
nc_GTTGTAGAGCCAAGGT-1	nc_larvae
nc_GTTGTAGAGCTGTCCG-1	nc_larvae
nc_GTTGTAGAGGTATAGT-1	nc_larvae
nc_GTTGTAGAGTTGAATG-1	nc_larvae
nc_GTTGTAGGTAACCAGG-1	nc_larvae
nc_GTTGTAGGTGCCGTAC-1	nc_larvae
nc_GTTGTAGTCAAAGACA-1	nc_larvae
nc_GTTGTAGTCCGGACTG-1	nc_larvae
nc_GTTGTAGTCGAGCACC-1	nc_larvae
nc_GTTGTCCAGCGGCTCT-1	nc_larvae
nc_GTTGTCCAGGCCGCTT-1	nc_larvae
nc_GTTGTCCCAACGATTC-1	nc_larvae
nc_GTTGTCCGTATCGCTA-1	nc_larvae
nc_GTTGTCCGTCTTCAAG-1	nc_larvae
nc_GTTGTCCTCCATCCGT-1	nc_larvae
nc_GTTGTGACAACAGTGG-1	nc_larvae
nc_GTTGTGACAATACGCT-1	nc_larvae
nc_GTTGTGACACAAGCTT-1	nc_larvae
nc_GTTGTGAGTTCCACGG-1	nc_larvae
nc_GTTGTGAGTTTGTGGT-1	nc_larvae
nc_GTTGTGATCCATTGCC-1	nc_larvae
nc_GTTGTGATCCTGTACC-1	nc_larvae
nc_GTTGTGATCTGTCCCA-1	nc_larvae
nc_GTTTACTAGAACCGCA-1	nc_larvae
nc_GTTTACTAGCCAGACA-1	nc_larvae
nc_GTTTACTAGCGACTTT-1	nc_larvae
nc_GTTTACTAGTAGTGCG-1	nc_larvae
nc_GTTTACTCAAGTGCAG-1	nc_larvae
nc_GTTTACTCACACCTAA-1	nc_larvae
nc_GTTTACTCAGCTTTCC-1	nc_larvae
nc_GTTTACTCATCATCCC-1	nc_larvae
nc_GTTTACTCATGACTCA-1	nc_larvae
nc_GTTTACTGTAAGTTGA-1	nc_larvae
nc_GTTTACTGTACAAGCG-1	nc_larvae
nc_GTTTACTGTACGATTC-1	nc_larvae
nc_GTTTACTGTCGACGCT-1	nc_larvae
nc_GTTTACTGTGTGTGTT-1	nc_larvae
nc_GTTTACTTCCGCGATG-1	nc_larvae
nc_GTTTACTTCGTCAAAC-1	nc_larvae
nc_GTTTGGAAGGTCACTT-1	nc_larvae
nc_GTTTGGAAGTTAGAAC-1	nc_larvae
nc_GTTTGGACACTACCGG-1	nc_larvae
nc_GTTTGGACATAGCACT-1	nc_larvae
nc_GTTTGGAGTACACGCC-1	nc_larvae
nc_GTTTGGAGTAGTTCCA-1	nc_larvae
nc_GTTTGGAGTTCGGCTG-1	nc_larvae
nc_GTTTGGAGTTGTTTGG-1	nc_larvae
nc_GTTTGGATCACTGAAC-1	nc_larvae
nc_GTTTGGATCCGAGATT-1	nc_larvae
nc_GTTTGGATCTGGAGAG-1	nc_larvae
nc_TAACACGAGAAGGTAG-1	nc_larvae
nc_TAACACGAGGCTTTCA-1	nc_larvae
nc_TAACACGAGGTTACCT-1	nc_larvae
nc_TAACACGAGTGCAACG-1	nc_larvae
nc_TAACACGCACAAGTGG-1	nc_larvae
nc_TAACACGCAGCAATTC-1	nc_larvae
nc_TAACACGCAGGCAATG-1	nc_larvae
nc_TAACACGCATTGACAC-1	nc_larvae
nc_TAACACGGTAACAAGT-1	nc_larvae
nc_TAACACGGTGACCTGC-1	nc_larvae
nc_TAACACGGTTGCGAAG-1	nc_larvae
nc_TAACACGTCCATAGGT-1	nc_larvae
nc_TAACACGTCGATACGT-1	nc_larvae
nc_TAACCAGAGAGCTGCA-1	nc_larvae
nc_TAACCAGAGAGTATAC-1	nc_larvae
nc_TAACCAGAGCAGCGAT-1	nc_larvae
nc_TAACCAGCAAGTACCT-1	nc_larvae
nc_TAACCAGCACACTTAG-1	nc_larvae
nc_TAACCAGCAGAAATTG-1	nc_larvae
nc_TAACCAGCAGTTACCA-1	nc_larvae
nc_TAACCAGGTCACTTCC-1	nc_larvae
nc_TAACCAGGTGAGGCAT-1	nc_larvae
nc_TAACCAGGTTCCTTGC-1	nc_larvae
nc_TAACCAGGTTCTCTAT-1	nc_larvae
nc_TAACCAGGTTGAGGAC-1	nc_larvae
nc_TAACCAGTCCGATTAG-1	nc_larvae
nc_TAACCAGTCGTGGAAG-1	nc_larvae
nc_TAACCAGTCTACGGTA-1	nc_larvae
nc_TAACGACAGCTATCTG-1	nc_larvae
nc_TAACGACAGTCTGGAG-1	nc_larvae
nc_TAACGACCAACAGCTT-1	nc_larvae
nc_TAACGACCACCGGCTA-1	nc_larvae
nc_TAACGACCATCGAGCC-1	nc_larvae
nc_TAACGACTCCCGAGTG-1	nc_larvae
nc_TAACGACTCGAGTCCG-1	nc_larvae
nc_TAACTTCAGAGGCCAT-1	nc_larvae
nc_TAACTTCAGCCGATCC-1	nc_larvae
nc_TAACTTCAGCGCAATG-1	nc_larvae
nc_TAACTTCAGGTAAGTT-1	nc_larvae
nc_TAACTTCCAGAACTCT-1	nc_larvae
nc_TAACTTCCATCCTGTC-1	nc_larvae
nc_TAACTTCGTCAAAGTA-1	nc_larvae
nc_TAACTTCGTCTGTGTA-1	nc_larvae
nc_TAACTTCGTGCATTTG-1	nc_larvae
nc_TAACTTCGTTACCGTA-1	nc_larvae
nc_TAACTTCGTTGCACGC-1	nc_larvae
nc_TAACTTCGTTTACGAC-1	nc_larvae
nc_TAACTTCTCGAACCTA-1	nc_larvae
nc_TAACTTCTCGAGAAGC-1	nc_larvae
nc_TAACTTCTCGTTGTGA-1	nc_larvae
nc_TAACTTCTCTACAGGT-1	nc_larvae
nc_TAAGCACAGAAGCTCG-1	nc_larvae
nc_TAAGCACAGCGTTCAT-1	nc_larvae
nc_TAAGCACGTATTTCCT-1	nc_larvae
nc_TAAGCACTCATAGGCT-1	nc_larvae
nc_TAAGCACTCGAGTCTA-1	nc_larvae
nc_TAAGCACTCTTCGGAA-1	nc_larvae
nc_TAAGCCACAAGATTGA-1	nc_larvae
nc_TAAGCCAGTACAGGTG-1	nc_larvae
nc_TAAGCCAGTCAATGGG-1	nc_larvae
nc_TAAGCCAGTCGCGTCA-1	nc_larvae
nc_TAAGCCAGTCTGTCCT-1	nc_larvae
nc_TAAGCCAGTTCCCAAA-1	nc_larvae
nc_TAAGCCAGTTTCAGAC-1	nc_larvae
nc_TAAGCCATCGCGGACT-1	nc_larvae
nc_TAAGCCATCGCTGTCT-1	nc_larvae
nc_TAAGCGTAGCAGCCCT-1	nc_larvae
nc_TAAGCGTAGCTGACTT-1	nc_larvae
nc_TAAGCGTAGGCCTTGC-1	nc_larvae
nc_TAAGCGTAGTTGCTGT-1	nc_larvae
nc_TAAGCGTCATCCAACA-1	nc_larvae
nc_TAAGCGTCATGGCTGC-1	nc_larvae
nc_TAAGCGTGTAGACGGT-1	nc_larvae
nc_TAAGCGTGTATGAGAT-1	nc_larvae
nc_TAAGCGTTCCCAAGCG-1	nc_larvae
nc_TAAGCGTTCCGATTAG-1	nc_larvae
nc_TAAGCGTTCCTACCGT-1	nc_larvae
nc_TAAGCGTTCGCCTTGT-1	nc_larvae
nc_TAAGTCGAGATAACAC-1	nc_larvae
nc_TAAGTCGAGCAATTCC-1	nc_larvae
nc_TAAGTCGCAGTCGTTA-1	nc_larvae
nc_TAAGTCGGTACGTACT-1	nc_larvae
nc_TAAGTCGGTCCTACGG-1	nc_larvae
nc_TAAGTCGGTTCTAACG-1	nc_larvae
nc_TAAGTCGTCAATCTTC-1	nc_larvae
nc_TAAGTCGTCATCCCGT-1	nc_larvae
nc_TAAGTCGTCCTTCACG-1	nc_larvae
nc_TAAGTCGTCGTGGACC-1	nc_larvae
nc_TAAGTCGTCTGAGATC-1	nc_larvae
nc_TAATCTCAGAAGGCTC-1	nc_larvae
nc_TAATCTCAGACAAGCC-1	nc_larvae
nc_TAATCTCAGATGCCGA-1	nc_larvae
nc_TAATCTCAGTCCTGTA-1	nc_larvae
nc_TAATCTCCAATGAGCG-1	nc_larvae
nc_TAATCTCCACATTCTT-1	nc_larvae
nc_TAATCTCCACCCTTAC-1	nc_larvae
nc_TAATCTCCAGAGATTA-1	nc_larvae
nc_TAATCTCCATAATGCC-1	nc_larvae
nc_TAATCTCGTAGTCCTA-1	nc_larvae
nc_TAATCTCGTATCAAGA-1	nc_larvae
nc_TAATCTCGTCGTCATA-1	nc_larvae
nc_TAATCTCGTGACAGGT-1	nc_larvae
nc_TAATCTCGTGATTAGA-1	nc_larvae
nc_TAATCTCTCAAACGTC-1	nc_larvae
nc_TAATCTCTCACCTGTC-1	nc_larvae
nc_TAATCTCTCGAGTCTA-1	nc_larvae
nc_TAATCTCTCTTGCGCT-1	nc_larvae
nc_TAATTCCAGGTAGCAC-1	nc_larvae
nc_TAATTCCCACAAATAG-1	nc_larvae
nc_TAATTCCCACTACACA-1	nc_larvae
nc_TAATTCCCAGAGTTGG-1	nc_larvae
nc_TAATTCCCATTGACAC-1	nc_larvae
nc_TAATTCCTCAACCTTT-1	nc_larvae
nc_TAATTCCTCGGTTGTA-1	nc_larvae
nc_TACAACGAGTCCCAAT-1	nc_larvae
nc_TACAACGCAAAGCGTG-1	nc_larvae
nc_TACAACGCAAATCGGG-1	nc_larvae
nc_TACAACGCAAGGTCGA-1	nc_larvae
nc_TACAACGCAATGGCCC-1	nc_larvae
nc_TACAACGCACCCTCTA-1	nc_larvae
nc_TACAACGCATGACACT-1	nc_larvae
nc_TACAACGGTACAAACA-1	nc_larvae
nc_TACAACGGTTTCTATC-1	nc_larvae
nc_TACACCCAGAAATCCA-1	nc_larvae
nc_TACACCCCAGTGTATC-1	nc_larvae
nc_TACACCCCATGGAGAC-1	nc_larvae
nc_TACACCCCATTCAGCA-1	nc_larvae
nc_TACACCCGTAACAGGC-1	nc_larvae
nc_TACACCCGTAGAGTTA-1	nc_larvae
nc_TACACCCGTTCAATCG-1	nc_larvae
nc_TACACCCTCCTTATCA-1	nc_larvae
nc_TACACCCTCTAGCCAA-1	nc_larvae
nc_TACACCCTCTGGTTGA-1	nc_larvae
nc_TACAGGTAGACTCAAA-1	nc_larvae
nc_TACAGGTAGATGGTAT-1	nc_larvae
nc_TACAGGTAGGAGGTTC-1	nc_larvae
nc_TACAGGTAGGGATCAC-1	nc_larvae
nc_TACAGGTAGGTTAAAC-1	nc_larvae
nc_TACAGGTCACACACGC-1	nc_larvae
nc_TACAGGTCACCAAATC-1	nc_larvae
nc_TACAGGTCAGGTGTTT-1	nc_larvae
nc_TACAGGTCATATACCG-1	nc_larvae
nc_TACAGGTCATGCAGCC-1	nc_larvae
nc_TACAGGTGTAAGGTCG-1	nc_larvae
nc_TACAGGTGTATGGGAC-1	nc_larvae
nc_TACAGGTGTCTTCTAT-1	nc_larvae
nc_TACAGGTGTGCCGTAC-1	nc_larvae
nc_TACATTCAGCCTCCAG-1	nc_larvae
nc_TACATTCAGGATGCGT-1	nc_larvae
nc_TACATTCAGTACAACA-1	nc_larvae
nc_TACATTCAGTAGCAAT-1	nc_larvae
nc_TACATTCTCCGCGATG-1	nc_larvae
nc_TACCCACAGCGTGCTC-1	nc_larvae
nc_TACCCACAGCTAAACA-1	nc_larvae
nc_TACCCACAGGATTCAA-1	nc_larvae
nc_TACCCACCAGTGGTGA-1	nc_larvae
nc_TACCCACCATGGACAG-1	nc_larvae
nc_TACCCACGTCTTCTAT-1	nc_larvae
nc_TACCCACGTGAATTGA-1	nc_larvae
nc_TACCCACTCCATAGAC-1	nc_larvae
nc_TACCCACTCCGTAGGC-1	nc_larvae
nc_TACCCACTCTCGTGGG-1	nc_larvae
nc_TACCCACTCTTGAACG-1	nc_larvae
nc_TACCCGTAGAGTTGCG-1	nc_larvae
nc_TACCCGTAGGTGCATG-1	nc_larvae
nc_TACCCGTAGGTTCATC-1	nc_larvae
nc_TACCCGTAGTGGTGAC-1	nc_larvae
nc_TACCCGTCACTGTCCT-1	nc_larvae
nc_TACCCGTCAGGGACTA-1	nc_larvae
nc_TACCCGTCATCTAACG-1	nc_larvae
nc_TACCCGTGTACCGGCT-1	nc_larvae
nc_TACCCGTGTCCGGCAT-1	nc_larvae
nc_TACCCGTGTGATTCTG-1	nc_larvae
nc_TACCCGTGTTTCGTTT-1	nc_larvae
nc_TACCCGTTCACCATGA-1	nc_larvae
nc_TACCCGTTCGGAGATG-1	nc_larvae
nc_TACCGAAAGCATCTTG-1	nc_larvae
nc_TACCGAAAGGCTAACG-1	nc_larvae
nc_TACCGAAAGTAACCTC-1	nc_larvae
nc_TACCGAAAGTAGCTCT-1	nc_larvae
nc_TACCGAACACCAGCCA-1	nc_larvae
nc_TACCGAACAGGCCTGT-1	nc_larvae
nc_TACCGAACATTAGGCT-1	nc_larvae
nc_TACCGAAGTCACCTTC-1	nc_larvae
nc_TACCGAATCAAGATAG-1	nc_larvae
nc_TACCGAATCCGCAACG-1	nc_larvae
nc_TACCGAATCGCTCCTA-1	nc_larvae
nc_TACCGAATCTAGAACC-1	nc_larvae
nc_TACCGAATCTAGGCCG-1	nc_larvae
nc_TACCGAATCTATCACT-1	nc_larvae
nc_TACCGAATCTCTAAGG-1	nc_larvae
nc_TACCGGGAGCCTGGAA-1	nc_larvae
nc_TACCGGGCACAACGAG-1	nc_larvae
nc_TACCGGGCACGTACAT-1	nc_larvae
nc_TACCGGGCATACTGAC-1	nc_larvae
nc_TACCGGGGTGGCGTAA-1	nc_larvae
nc_TACCGGGGTTCCGGTG-1	nc_larvae
nc_TACCGGGTCAGTCAGT-1	nc_larvae
nc_TACCGGGTCTGGGCAC-1	nc_larvae
nc_TACCTCGAGAGTGACC-1	nc_larvae
nc_TACCTCGAGCCTTCTC-1	nc_larvae
nc_TACCTCGCAAACTAAG-1	nc_larvae
nc_TACCTCGCAACCGTGC-1	nc_larvae
nc_TACCTCGCAGACTGCC-1	nc_larvae
nc_TACCTCGGTAGATTAG-1	nc_larvae
nc_TACCTCGGTTGCGAAG-1	nc_larvae
nc_TACCTCGTCCACGAAT-1	nc_larvae
nc_TACCTCGTCCGAGCTG-1	nc_larvae
nc_TACCTCGTCGATTTCT-1	nc_larvae
nc_TACCTCGTCTCCGTGT-1	nc_larvae
nc_TACCTCGTCTCGCTCA-1	nc_larvae
nc_TACCTGCAGCGTTCAT-1	nc_larvae
nc_TACCTGCAGGAACGTC-1	nc_larvae
nc_TACCTGCAGGCCACCT-1	nc_larvae
nc_TACCTGCAGGTCCTGC-1	nc_larvae
nc_TACCTGCAGTTGGAAT-1	nc_larvae
nc_TACCTGCCAATCGCCG-1	nc_larvae
nc_TACCTGCCACTGTGAT-1	nc_larvae
nc_TACCTGCGTTTGAAAG-1	nc_larvae
nc_TACCTGCTCATCACAG-1	nc_larvae
nc_TACGCTCAGTTACGAA-1	nc_larvae
nc_TACGCTCCATCGGCCA-1	nc_larvae
nc_TACGCTCGTTCCCAAA-1	nc_larvae
nc_TACGCTCTCTCTCGCA-1	nc_larvae
nc_TACGGGCAGATTGATG-1	nc_larvae
nc_TACGGGCAGGTCGTAG-1	nc_larvae
nc_TACGGGCAGTCCCTAA-1	nc_larvae
nc_TACGGGCCAAACACCT-1	nc_larvae
nc_TACGGGCCAAGCGCAA-1	nc_larvae
nc_TACGGGCCACGAGGAT-1	nc_larvae
nc_TACGGGCCAGAGAAAG-1	nc_larvae
nc_TACGGGCCATAAGCGG-1	nc_larvae
nc_TACGGGCGTAGGAGGG-1	nc_larvae
nc_TACGGGCTCACTTGGA-1	nc_larvae
nc_TACGGGCTCGAAGCAG-1	nc_larvae
nc_TACGGGCTCGCGGTAC-1	nc_larvae
nc_TACGGTAAGACGTCCC-1	nc_larvae
nc_TACGGTAAGAGGGTAA-1	nc_larvae
nc_TACGGTAAGCAACTCT-1	nc_larvae
nc_TACGGTAAGGGCCCTT-1	nc_larvae
nc_TACGGTAAGGTATTGA-1	nc_larvae
nc_TACGGTACAGGAACCA-1	nc_larvae
nc_TACGGTACATCGATGT-1	nc_larvae
nc_TACGGTAGTACGTGTT-1	nc_larvae
nc_TACGGTATCGCAATTG-1	nc_larvae
nc_TACGGTATCTTACGTT-1	nc_larvae
nc_TACGTCCAGACCTGGA-1	nc_larvae
nc_TACGTCCAGATTGTGA-1	nc_larvae
nc_TACGTCCAGCTGCCAC-1	nc_larvae
nc_TACGTCCAGGACAGCT-1	nc_larvae
nc_TACGTCCAGGTAGTAT-1	nc_larvae
nc_TACGTCCAGGTCGAGT-1	nc_larvae
nc_TACGTCCAGGTTGACG-1	nc_larvae
nc_TACGTCCCAGTGTGGA-1	nc_larvae
nc_TACGTCCGTCGGCTAC-1	nc_larvae
nc_TACGTCCTCAAATAGG-1	nc_larvae
nc_TACGTCCTCCGAGGCT-1	nc_larvae
nc_TACGTCCTCCGCATAA-1	nc_larvae
nc_TACGTCCTCTAAACGC-1	nc_larvae
nc_TACTGCCAGCCATTTG-1	nc_larvae
nc_TACTGCCAGTAGAGTT-1	nc_larvae
nc_TACTGCCAGTATGAGT-1	nc_larvae
nc_TACTGCCAGTCCCTAA-1	nc_larvae
nc_TACTGCCCAACCACAT-1	nc_larvae
nc_TACTGCCCAAGTATCC-1	nc_larvae
nc_TACTGCCCAGCCATTA-1	nc_larvae
nc_TACTGCCCAGGCACAA-1	nc_larvae
nc_TACTGCCCATTGGCAT-1	nc_larvae
nc_TACTGCCTCGCCTATC-1	nc_larvae
nc_TACTGCCTCTGCTTTA-1	nc_larvae
nc_TACTTACAGCAATTAG-1	nc_larvae
nc_TACTTACAGCAGAAAG-1	nc_larvae
nc_TACTTACAGCGCCCAT-1	nc_larvae
nc_TACTTACAGTAGTCTC-1	nc_larvae
nc_TACTTACAGTCGCGAA-1	nc_larvae
nc_TACTTACCATTGAAAG-1	nc_larvae
nc_TACTTACGTATGACAA-1	nc_larvae
nc_TACTTACGTGCAACAG-1	nc_larvae
nc_TACTTACGTGGGCTTC-1	nc_larvae
nc_TACTTACTCACCGGTG-1	nc_larvae
nc_TACTTACTCAGTCACA-1	nc_larvae
nc_TACTTACTCATCTACT-1	nc_larvae
nc_TACTTACTCTAGATCG-1	nc_larvae
nc_TACTTCAAGAAGGGAT-1	nc_larvae
nc_TACTTCAAGCTTCATG-1	nc_larvae
nc_TACTTCAAGTGTACCT-1	nc_larvae
nc_TACTTCACAACATCGT-1	nc_larvae
nc_TACTTCACAGAATTCC-1	nc_larvae
nc_TACTTCACAGACCCGT-1	nc_larvae
nc_TACTTCAGTACTGCCG-1	nc_larvae
nc_TACTTCAGTAGGCAGT-1	nc_larvae
nc_TACTTCAGTGCATCTA-1	nc_larvae
nc_TACTTCAGTGTTATCG-1	nc_larvae
nc_TACTTCAGTTTACGAC-1	nc_larvae
nc_TACTTCAGTTTACTGG-1	nc_larvae
nc_TACTTCATCATTTACC-1	nc_larvae
nc_TACTTCATCCACAGGC-1	nc_larvae
nc_TACTTCATCCATAGGT-1	nc_larvae
nc_TACTTGTAGACAACAT-1	nc_larvae
nc_TACTTGTAGAGTGAAG-1	nc_larvae
nc_TACTTGTAGGAGCAAA-1	nc_larvae
nc_TACTTGTAGTTGGACG-1	nc_larvae
nc_TACTTGTCAAACAGGC-1	nc_larvae
nc_TACTTGTCAGACCAAG-1	nc_larvae
nc_TACTTGTCATCACGGC-1	nc_larvae
nc_TACTTGTGTACCGGCT-1	nc_larvae
nc_TACTTGTTCCCGAGAC-1	nc_larvae
nc_TAGACCAAGGGAGTTC-1	nc_larvae
nc_TAGACCACAAGCGATG-1	nc_larvae
nc_TAGACCACACGGTGTC-1	nc_larvae
nc_TAGACCAGTACCGCGT-1	nc_larvae
nc_TAGACCAGTAGCGTTT-1	nc_larvae
nc_TAGACCAGTCAAAGTA-1	nc_larvae
nc_TAGACCAGTCCACGCA-1	nc_larvae
nc_TAGACCAGTGTAGTGG-1	nc_larvae
nc_TAGACCAGTTCAGTAC-1	nc_larvae
nc_TAGACCATCACTTGGA-1	nc_larvae
nc_TAGACCATCCCTTCCC-1	nc_larvae
nc_TAGACTGAGAGGATGA-1	nc_larvae
nc_TAGACTGAGATCGGTG-1	nc_larvae
nc_TAGACTGAGGAACTCG-1	nc_larvae
nc_TAGACTGAGGATTCCT-1	nc_larvae
nc_TAGACTGAGGTCTGGA-1	nc_larvae
nc_TAGACTGAGTCAAGCG-1	nc_larvae
nc_TAGACTGAGTCTTCCC-1	nc_larvae
nc_TAGACTGCACAGCCTG-1	nc_larvae
nc_TAGACTGCAGTCAACT-1	nc_larvae
nc_TAGACTGCATATGGCT-1	nc_larvae
nc_TAGACTGCATCCAATG-1	nc_larvae
nc_TAGACTGCATCCGATA-1	nc_larvae
nc_TAGACTGCATCGAGCC-1	nc_larvae
nc_TAGACTGGTATCGCAT-1	nc_larvae
nc_TAGAGTCAGCTGAAGC-1	nc_larvae
nc_TAGAGTCAGCTTCGTA-1	nc_larvae
nc_TAGAGTCAGGTAAGGA-1	nc_larvae
nc_TAGAGTCCACTCTGCT-1	nc_larvae
nc_TAGAGTCCAGAACCGA-1	nc_larvae
nc_TAGAGTCCAGTGTATC-1	nc_larvae
nc_TAGAGTCGTCGACTTA-1	nc_larvae
nc_TAGAGTCTCGAACTCA-1	nc_larvae
nc_TAGAGTCTCGAGATAA-1	nc_larvae
nc_TAGAGTCTCGTGCACG-1	nc_larvae
nc_TAGATCGAGACAACTA-1	nc_larvae
nc_TAGATCGAGTCGAATA-1	nc_larvae
nc_TAGATCGCAGCGACCT-1	nc_larvae
nc_TAGATCGGTGCCCGTA-1	nc_larvae
nc_TAGATCGGTGTGGACA-1	nc_larvae
nc_TAGATCGGTTCCTTGC-1	nc_larvae
nc_TAGATCGTCATAGACC-1	nc_larvae
nc_TAGATCGTCCATCCGT-1	nc_larvae
nc_TAGATCGTCCCACAGG-1	nc_larvae
nc_TAGATCGTCCGTGTCT-1	nc_larvae
nc_TAGATCGTCGAAATCC-1	nc_larvae
nc_TAGATCGTCGATACTG-1	nc_larvae
nc_TAGCACAAGCCATGCC-1	nc_larvae
nc_TAGCACAAGCGTATGG-1	nc_larvae
nc_TAGCACAAGGCATTTC-1	nc_larvae
nc_TAGCACAAGTGCACTT-1	nc_larvae
nc_TAGCACACACCCGTAG-1	nc_larvae
nc_TAGCACACACTAACCA-1	nc_larvae
nc_TAGCACACATGTCAGT-1	nc_larvae
nc_TAGCACAGTCCACATA-1	nc_larvae
nc_TAGCACAGTCGCACGT-1	nc_larvae
nc_TAGCACATCATGCATG-1	nc_larvae
nc_TAGGAGGAGCAGTACG-1	nc_larvae
nc_TAGGAGGAGCGAGTAC-1	nc_larvae
nc_TAGGAGGAGCGTCTCG-1	nc_larvae
nc_TAGGAGGAGTCCCGGT-1	nc_larvae
nc_TAGGAGGCAAACGTGG-1	nc_larvae
nc_TAGGAGGCAAGAGTTA-1	nc_larvae
nc_TAGGAGGCAAGGAGTC-1	nc_larvae
nc_TAGGAGGCACTGGATT-1	nc_larvae
nc_TAGGAGGCAGCAGGAT-1	nc_larvae
nc_TAGGAGGGTACAACGG-1	nc_larvae
nc_TAGGAGGGTACGTTCA-1	nc_larvae
nc_TAGGAGGGTCCATCTC-1	nc_larvae
nc_TAGGAGGGTTCAATCG-1	nc_larvae
nc_TAGGAGGTCCATACTT-1	nc_larvae
nc_TAGGAGGTCGCTATTT-1	nc_larvae
nc_TAGGGTTAGCTTGTGT-1	nc_larvae
nc_TAGGGTTAGTTTAGGA-1	nc_larvae
nc_TAGGGTTCATCATTGG-1	nc_larvae
nc_TAGGGTTCATGGCGCT-1	nc_larvae
nc_TAGGGTTGTAGATGTA-1	nc_larvae
nc_TAGGGTTGTTTCGTAG-1	nc_larvae
nc_TAGGGTTTCAAGTGTC-1	nc_larvae
nc_TAGGGTTTCACCGGGT-1	nc_larvae
nc_TAGGTACAGCCAGACA-1	nc_larvae
nc_TAGGTACAGTTGAAGT-1	nc_larvae
nc_TAGGTACCAACCGCCA-1	nc_larvae
nc_TAGGTACGTAGACAGC-1	nc_larvae
nc_TAGGTACGTCTGCGCA-1	nc_larvae
nc_TAGGTACGTGAACTAA-1	nc_larvae
nc_TAGGTACGTTGGCCTG-1	nc_larvae
nc_TAGGTACTCAATCCAG-1	nc_larvae
nc_TAGGTACTCGTCCATC-1	nc_larvae
nc_TAGGTACTCTGTTGGA-1	nc_larvae
nc_TAGGTTGAGTTGCCTA-1	nc_larvae
nc_TAGGTTGCACTAGGCC-1	nc_larvae
nc_TAGGTTGCACTATCCC-1	nc_larvae
nc_TAGGTTGCAGACCATT-1	nc_larvae
nc_TAGGTTGCAGCGTGCT-1	nc_larvae
nc_TAGGTTGGTAGAATAC-1	nc_larvae
nc_TAGGTTGGTCTGGTTA-1	nc_larvae
nc_TAGGTTGGTTAAGGAT-1	nc_larvae
nc_TAGGTTGGTTTGTTCT-1	nc_larvae
nc_TAGGTTGTCATCGCAA-1	nc_larvae
nc_TAGGTTGTCATGGATC-1	nc_larvae
nc_TAGGTTGTCCCAGGCA-1	nc_larvae
nc_TAGGTTGTCCCTCAAC-1	nc_larvae
nc_TAGTGCAAGCAGGCAT-1	nc_larvae
nc_TAGTGCACAAGTTGGG-1	nc_larvae
nc_TAGTGCAGTCGTACAT-1	nc_larvae
nc_TAGTGCAGTGACACAG-1	nc_larvae
nc_TAGTGCATCGAGTACT-1	nc_larvae
nc_TAGTGCATCGGCACTG-1	nc_larvae
nc_TAGTGCATCGTTCCCA-1	nc_larvae
nc_TAGTGCATCTGGGCGT-1	nc_larvae
nc_TATACCTAGACTTCCA-1	nc_larvae
nc_TATACCTAGCGTCTCG-1	nc_larvae
nc_TATACCTAGCGTGAGT-1	nc_larvae
nc_TATACCTAGCTGTACT-1	nc_larvae
nc_TATACCTAGGAGAGGC-1	nc_larvae
nc_TATACCTAGGTTTACC-1	nc_larvae
nc_TATACCTAGTAGTCCT-1	nc_larvae
nc_TATACCTAGTAGTCTC-1	nc_larvae
nc_TATACCTAGTCGCCAC-1	nc_larvae
nc_TATACCTCAGTTAAAG-1	nc_larvae
nc_TATACCTTCAACCGAT-1	nc_larvae
nc_TATACCTTCGGTGAAG-1	nc_larvae
nc_TATACCTTCGTAGAGG-1	nc_larvae
nc_TATATCCAGTGCAGGT-1	nc_larvae
nc_TATATCCCAAAGGAGA-1	nc_larvae
nc_TATATCCCACCTTCCA-1	nc_larvae
nc_TATATCCCAGTAGTTC-1	nc_larvae
nc_TATATCCGTAGCTGAG-1	nc_larvae
nc_TATATCCGTAGGATAT-1	nc_larvae
nc_TATATCCTCAGTGTTG-1	nc_larvae
nc_TATATCCTCATGGATC-1	nc_larvae
nc_TATATCCTCCCAGGAC-1	nc_larvae
nc_TATATCCTCGCTATTT-1	nc_larvae
nc_TATATCCTCTGGTTGA-1	nc_larvae
nc_TATCAGGAGCTGGCCT-1	nc_larvae
nc_TATCAGGAGGTTCATC-1	nc_larvae
nc_TATCAGGCAACCTATG-1	nc_larvae
nc_TATCAGGCAATTGCAC-1	nc_larvae
nc_TATCAGGCAATTTCGG-1	nc_larvae
nc_TATCAGGCACTTTAGG-1	nc_larvae
nc_TATCAGGCAGGTCAGA-1	nc_larvae
nc_TATCAGGCATTCAGCA-1	nc_larvae
nc_TATCAGGGTACGATTC-1	nc_larvae
nc_TATCAGGGTAGGAGTC-1	nc_larvae
nc_TATCAGGGTCTCGGGT-1	nc_larvae
nc_TATCAGGGTCTGCATA-1	nc_larvae
nc_TATCAGGGTTCGAACT-1	nc_larvae
nc_TATCAGGGTTCTAACG-1	nc_larvae
nc_TATCAGGTCCGTATAG-1	nc_larvae
nc_TATCAGGTCGAGCACC-1	nc_larvae
nc_TATCAGGTCGTGGCGT-1	nc_larvae
nc_TATCCTAAGACATAAC-1	nc_larvae
nc_TATCCTACAACTGTGT-1	nc_larvae
nc_TATCCTACAATTGAGA-1	nc_larvae
nc_TATCCTACAGAGAGGG-1	nc_larvae
nc_TATCCTAGTGTTCCAA-1	nc_larvae
nc_TATCCTAGTTGCAACT-1	nc_larvae
nc_TATCCTAGTTGTCCCT-1	nc_larvae
nc_TATCCTATCGCTAATG-1	nc_larvae
nc_TATCCTATCTATTTCG-1	nc_larvae
nc_TATCGCCAGCACTAAA-1	nc_larvae
nc_TATCGCCAGGTAGCAC-1	nc_larvae
nc_TATCGCCAGTCAGAGC-1	nc_larvae
nc_TATCGCCCAACCTAAC-1	nc_larvae
nc_TATCGCCGTGCTAGCC-1	nc_larvae
nc_TATCGCCGTGGATGAC-1	nc_larvae
nc_TATCGCCGTTACTCAG-1	nc_larvae
nc_TATCGCCGTTGCTGAT-1	nc_larvae
nc_TATCGCCTCCCGAAAT-1	nc_larvae
nc_TATCGCCTCCTGGCTT-1	nc_larvae
nc_TATCGCCTCCTTATCA-1	nc_larvae
nc_TATCGCCTCGCCAGAC-1	nc_larvae
nc_TATCGCCTCTCGGCTT-1	nc_larvae
nc_TATCTGTAGTTACGGG-1	nc_larvae
nc_TATCTGTGTACGTGTT-1	nc_larvae
nc_TATCTGTGTCCTGTTC-1	nc_larvae
nc_TATCTGTGTTGGACCC-1	nc_larvae
nc_TATCTGTTCAAAGCCT-1	nc_larvae
nc_TATCTGTTCGACCATA-1	nc_larvae
nc_TATCTGTTCTGTTCAT-1	nc_larvae
nc_TATCTTGAGCCTGAAG-1	nc_larvae
nc_TATCTTGAGCTCTGTA-1	nc_larvae
nc_TATCTTGAGGACTGGT-1	nc_larvae
nc_TATCTTGAGGTAGCCA-1	nc_larvae
nc_TATCTTGCAGATCCTA-1	nc_larvae
nc_TATCTTGCAGGGAATC-1	nc_larvae
nc_TATCTTGCAGTTCCAA-1	nc_larvae
nc_TATCTTGTCACGAACT-1	nc_larvae
nc_TATCTTGTCCACTGAA-1	nc_larvae
nc_TATCTTGTCGGAATTC-1	nc_larvae
nc_TATCTTGTCTAGAGCT-1	nc_larvae
nc_TATGTTCAGCACGGAT-1	nc_larvae
nc_TATGTTCCAGGCTTGC-1	nc_larvae
nc_TATGTTCCAGGTCAAG-1	nc_larvae
nc_TATGTTCCAGTCGGTC-1	nc_larvae
nc_TATGTTCGTCACAGAG-1	nc_larvae
nc_TATGTTCGTGCAACAG-1	nc_larvae
nc_TATGTTCGTGTCATTG-1	nc_larvae
nc_TATGTTCGTTGCATCA-1	nc_larvae
nc_TATGTTCGTTGTATGC-1	nc_larvae
nc_TATGTTCTCAAACCCA-1	nc_larvae
nc_TATGTTCTCCACACCT-1	nc_larvae
nc_TATGTTCTCGTTGTTT-1	nc_larvae
nc_TATGTTCTCTTGGGCG-1	nc_larvae
nc_TATTCCAAGATCACCT-1	nc_larvae
nc_TATTCCAAGCTAAACA-1	nc_larvae
nc_TATTCCACAAAGAACT-1	nc_larvae
nc_TATTCCACAAGAGTGC-1	nc_larvae
nc_TATTCCAGTGTGGACA-1	nc_larvae
nc_TATTCCAGTTTGTGGT-1	nc_larvae
nc_TATTCCATCGATGCAT-1	nc_larvae
nc_TATTCCATCTTTCGAT-1	nc_larvae
nc_TATTGCTAGCCTTCTC-1	nc_larvae
nc_TATTGCTAGTGGTGAC-1	nc_larvae
nc_TATTGCTCAAGCTACT-1	nc_larvae
nc_TATTGCTCAATAGTAG-1	nc_larvae
nc_TATTGCTCAGCATCTA-1	nc_larvae
nc_TATTGCTCATCCGATA-1	nc_larvae
nc_TATTGCTGTATTCTCT-1	nc_larvae
nc_TATTGCTGTCAAAGTA-1	nc_larvae
nc_TATTGCTGTCGTACTA-1	nc_larvae
nc_TATTGCTGTGCTATTG-1	nc_larvae
nc_TATTGCTGTGCTGCAC-1	nc_larvae
nc_TATTGCTTCTGCCTCA-1	nc_larvae
nc_TATTGGGAGGCTGGAT-1	nc_larvae
nc_TATTGGGAGGTCGAGT-1	nc_larvae
nc_TATTGGGAGTAGACAT-1	nc_larvae
nc_TATTGGGCAACTGATC-1	nc_larvae
nc_TATTGGGCACCTGCAG-1	nc_larvae
nc_TATTGGGCAGACTCTA-1	nc_larvae
nc_TATTGGGCAGCAAGAC-1	nc_larvae
nc_TATTGGGTCAACACCA-1	nc_larvae
nc_TATTGGGTCGAGTCTA-1	nc_larvae
nc_TATTTCGAGAGCATCG-1	nc_larvae
nc_TATTTCGAGCACACAG-1	nc_larvae
nc_TATTTCGAGGCATGGT-1	nc_larvae
nc_TATTTCGCACGAGAAC-1	nc_larvae
nc_TATTTCGCAGAAATTG-1	nc_larvae
nc_TATTTCGCATACAGCT-1	nc_larvae
nc_TATTTCGCATGAGAAT-1	nc_larvae
nc_TATTTCGCATGCCGGT-1	nc_larvae
nc_TATTTCGGTCGCTTGG-1	nc_larvae
nc_TATTTCGGTGAGCTCC-1	nc_larvae
nc_TATTTCGGTTAAGGGC-1	nc_larvae
nc_TATTTCGTCATTTGTC-1	nc_larvae
nc_TATTTCGTCCTATTGT-1	nc_larvae
nc_TATTTCGTCGATTGGT-1	nc_larvae
nc_TCAAGACAGAATTTGG-1	nc_larvae
nc_TCAAGACAGACGCCCT-1	nc_larvae
nc_TCAAGACAGTCGAGGT-1	nc_larvae
nc_TCAAGACCAAGTGGTG-1	nc_larvae
nc_TCAAGACCACGGCCAT-1	nc_larvae
nc_TCAAGACCATAGCACT-1	nc_larvae
nc_TCAAGACCATGGGTCC-1	nc_larvae
nc_TCAAGACGTACCGTGC-1	nc_larvae
nc_TCAAGACGTGAATAAC-1	nc_larvae
nc_TCAAGACGTGCGAGTA-1	nc_larvae
nc_TCAAGACTCACCTTAT-1	nc_larvae
nc_TCAAGACTCCCTGGTT-1	nc_larvae
nc_TCAAGCAAGCTACAAA-1	nc_larvae
nc_TCAAGCAAGGCTTCCG-1	nc_larvae
nc_TCAAGCACACCAAATC-1	nc_larvae
nc_TCAAGCACAGACACCC-1	nc_larvae
nc_TCAAGCACAGGGCTTC-1	nc_larvae
nc_TCAAGCACAGTCTTCC-1	nc_larvae
nc_TCAAGCACAGTGAGCA-1	nc_larvae
nc_TCAAGCAGTCACGTGC-1	nc_larvae
nc_TCAAGCAGTGGACCAA-1	nc_larvae
nc_TCAAGCAGTTAGCTAC-1	nc_larvae
nc_TCAAGCATCATGACAC-1	nc_larvae
nc_TCAAGCATCCACCTCA-1	nc_larvae
nc_TCAAGCATCGGCATCG-1	nc_larvae
nc_TCAAGCATCTTAAGGC-1	nc_larvae
nc_TCAAGTGAGATGGCAC-1	nc_larvae
nc_TCAAGTGAGGTTGAGC-1	nc_larvae
nc_TCAAGTGCAGAACTCT-1	nc_larvae
nc_TCAAGTGCATCCTTGC-1	nc_larvae
nc_TCAAGTGGTGGCAACA-1	nc_larvae
nc_TCAAGTGGTTACCTGA-1	nc_larvae
nc_TCAAGTGGTTGACGGA-1	nc_larvae
nc_TCAAGTGGTTGCACGC-1	nc_larvae
nc_TCAAGTGTCCTGGGTG-1	nc_larvae
nc_TCAATCTAGCACGGAT-1	nc_larvae
nc_TCAATCTAGCTTCTAG-1	nc_larvae
nc_TCAATCTAGTAGGGTC-1	nc_larvae
nc_TCAATCTCACACCTAA-1	nc_larvae
nc_TCAATCTGTCTGCAAT-1	nc_larvae
nc_TCAATCTGTGGGTATG-1	nc_larvae
nc_TCAATCTTCAATCAGC-1	nc_larvae
nc_TCAATCTTCACAAGGG-1	nc_larvae
nc_TCAATCTTCTGCATGA-1	nc_larvae
nc_TCAATTCAGATACAGT-1	nc_larvae
nc_TCAATTCAGGAATCGC-1	nc_larvae
nc_TCAATTCCAAGTTCGT-1	nc_larvae
nc_TCAATTCCAGACAAAT-1	nc_larvae
nc_TCAATTCCATCCGTGG-1	nc_larvae
nc_TCAATTCCATTGACAC-1	nc_larvae
nc_TCAATTCGTACTCCGG-1	nc_larvae
nc_TCAATTCGTGGATCAG-1	nc_larvae
nc_TCAATTCGTTCCGGTG-1	nc_larvae
nc_TCAATTCTCACTGATG-1	nc_larvae
nc_TCAATTCTCGCGTTTC-1	nc_larvae
nc_TCAATTCTCTATCACT-1	nc_larvae
nc_TCACAAGAGGGACCAT-1	nc_larvae
nc_TCACAAGAGTCATACC-1	nc_larvae
nc_TCACAAGAGTGAGCCA-1	nc_larvae
nc_TCACAAGTCACTGATG-1	nc_larvae
nc_TCACAAGTCCTTTAGT-1	nc_larvae
nc_TCACACCAGCGACTTT-1	nc_larvae
nc_TCACACCAGGGAGATA-1	nc_larvae
nc_TCACACCAGTGGCAGT-1	nc_larvae
nc_TCACACCCACACGGTC-1	nc_larvae
nc_TCACACCCACGACCTG-1	nc_larvae
nc_TCACACCCACTCTGCT-1	nc_larvae
nc_TCACACCCAGCGTTTA-1	nc_larvae
nc_TCACACCCAGCTGTGC-1	nc_larvae
nc_TCACACCCAGGGAGAG-1	nc_larvae
nc_TCACACCCATCTATCT-1	nc_larvae
nc_TCACACCGTCAATGGG-1	nc_larvae
nc_TCACACCGTCAGACTT-1	nc_larvae
nc_TCACACCGTCATCGCG-1	nc_larvae
nc_TCACACCGTGCCGGTT-1	nc_larvae
nc_TCACACCGTTACGTAC-1	nc_larvae
nc_TCACACCGTTCCGTTC-1	nc_larvae
nc_TCACACCGTTTGCAGT-1	nc_larvae
nc_TCACACCTCAAGGAGC-1	nc_larvae
nc_TCACATTAGCGGACAT-1	nc_larvae
nc_TCACATTAGCGTCTCG-1	nc_larvae
nc_TCACATTCACTCCACT-1	nc_larvae
nc_TCACATTCACTGAGGA-1	nc_larvae
nc_TCACATTCATGAGTAA-1	nc_larvae
nc_TCACATTTCATCCTAT-1	nc_larvae
nc_TCACGCTAGCACCCAC-1	nc_larvae
nc_TCACGCTAGCTCCGAC-1	nc_larvae
nc_TCACGCTCACCTGCTT-1	nc_larvae
nc_TCACGCTCATGTTCGA-1	nc_larvae
nc_TCACGCTGTAAGAACT-1	nc_larvae
nc_TCACGCTGTACAGTAA-1	nc_larvae
nc_TCACGCTGTCTTCCGT-1	nc_larvae
nc_TCACGCTGTGGAGAAA-1	nc_larvae
nc_TCACGCTTCACCCTGT-1	nc_larvae
nc_TCACGCTTCGCTTGAA-1	nc_larvae
nc_TCACGCTTCGTAACAC-1	nc_larvae
nc_TCACGCTTCGTTTACT-1	nc_larvae
nc_TCACGCTTCTCATTGT-1	nc_larvae
nc_TCACGCTTCTGCTTAT-1	nc_larvae
nc_TCACGGGAGCAAGTGC-1	nc_larvae
nc_TCACGGGAGTTGCTGT-1	nc_larvae
nc_TCACGGGCAAGCAATA-1	nc_larvae
nc_TCACGGGCAAGGGCAT-1	nc_larvae
nc_TCACGGGCATGGAGAC-1	nc_larvae
nc_TCACGGGGTCCACACG-1	nc_larvae
nc_TCACGGGTCGAGCTGC-1	nc_larvae
nc_TCACGGGTCTGGACCG-1	nc_larvae
nc_TCACTATAGCACTCTA-1	nc_larvae
nc_TCACTATAGCAGTACG-1	nc_larvae
nc_TCACTATGTCTGCAAT-1	nc_larvae
nc_TCACTATGTGCACATT-1	nc_larvae
nc_TCACTATGTGCTGTCG-1	nc_larvae
nc_TCACTATTCCCTCTTT-1	nc_larvae
nc_TCACTATTCGAGAAAT-1	nc_larvae
nc_TCACTATTCGGCCAAC-1	nc_larvae
nc_TCACTATTCTGAGGCC-1	nc_larvae
nc_TCACTCGAGCACACAG-1	nc_larvae
nc_TCACTCGAGCATGCGA-1	nc_larvae
nc_TCACTCGAGTGGACGT-1	nc_larvae
nc_TCACTCGCAACTGTGT-1	nc_larvae
nc_TCACTCGGTAGGCTGA-1	nc_larvae
nc_TCACTCGGTCATAACC-1	nc_larvae
nc_TCACTCGGTGTTTCTT-1	nc_larvae
nc_TCACTCGGTTACCGTA-1	nc_larvae
nc_TCACTCGGTTCCACAA-1	nc_larvae
nc_TCACTCGTCGGTCTAA-1	nc_larvae
nc_TCAGCAAAGGATTCCT-1	nc_larvae
nc_TCAGCAAAGTATAGAC-1	nc_larvae
nc_TCAGCAACAGGCGTTC-1	nc_larvae
nc_TCAGCAACAGTAACGG-1	nc_larvae
nc_TCAGCAAGTCGCCACA-1	nc_larvae
nc_TCAGCAAGTTAGGGAC-1	nc_larvae
nc_TCAGCAATCATCACTT-1	nc_larvae
nc_TCAGCAATCCGTATAG-1	nc_larvae
nc_TCAGCAATCTTCCCGA-1	nc_larvae
nc_TCAGCCTAGAGGTTTA-1	nc_larvae
nc_TCAGCCTAGCGCAATG-1	nc_larvae
nc_TCAGCCTCACAGCTGC-1	nc_larvae
nc_TCAGCCTCACAGTACT-1	nc_larvae
nc_TCAGCCTCACATACGT-1	nc_larvae
nc_TCAGCCTGTAATCAGA-1	nc_larvae
nc_TCAGCCTGTACGGTTT-1	nc_larvae
nc_TCAGCCTGTAGCTGTT-1	nc_larvae
nc_TCAGCCTGTATTTCCT-1	nc_larvae
nc_TCAGCCTGTCCCGCAA-1	nc_larvae
nc_TCAGCCTGTCGACGCT-1	nc_larvae
nc_TCAGCCTTCATCGTAG-1	nc_larvae
nc_TCAGCCTTCCGTGGTG-1	nc_larvae
nc_TCAGCCTTCTATGCCC-1	nc_larvae
nc_TCAGCCTTCTATTTCG-1	nc_larvae
nc_TCAGCCTTCTCAATCT-1	nc_larvae
nc_TCAGGGCAGACGCCCT-1	nc_larvae
nc_TCAGGGCAGCCAGACA-1	nc_larvae
nc_TCAGGGCAGTACTGGG-1	nc_larvae
nc_TCAGGGCCAATGGGTG-1	nc_larvae
nc_TCAGGGCCAGGTATGG-1	nc_larvae
nc_TCAGGGCCATAGCACT-1	nc_larvae
nc_TCAGGGCGTAGGAGGG-1	nc_larvae
nc_TCAGGGCTCGGAAGGT-1	nc_larvae
nc_TCAGGGCTCTGGTTGA-1	nc_larvae
nc_TCAGGTAAGACCATAA-1	nc_larvae
nc_TCAGGTAAGCAACTCT-1	nc_larvae
nc_TCAGGTAAGGGAGGTG-1	nc_larvae
nc_TCAGGTAAGGTTCCAT-1	nc_larvae
nc_TCAGGTAAGTTGGCTT-1	nc_larvae
nc_TCAGGTACAGGGACTA-1	nc_larvae
nc_TCAGGTACATGACTTG-1	nc_larvae
nc_TCAGGTATCCCTTTGG-1	nc_larvae
nc_TCAGGTATCCTTCTGG-1	nc_larvae
nc_TCAGGTATCGTAGGAG-1	nc_larvae
nc_TCAGGTATCTAGTGTG-1	nc_larvae
nc_TCAGTCCAGACTCCGC-1	nc_larvae
nc_TCAGTCCAGATTACCC-1	nc_larvae
nc_TCAGTCCAGGACGGAG-1	nc_larvae
nc_TCAGTCCCAGGTGAGT-1	nc_larvae
nc_TCAGTCCCAGTGGCTC-1	nc_larvae
nc_TCAGTCCGTACAAAGT-1	nc_larvae
nc_TCAGTCCTCCACTAGA-1	nc_larvae
nc_TCAGTCCTCGACACCG-1	nc_larvae
nc_TCAGTCCTCGATTGAC-1	nc_larvae
nc_TCAGTCCTCGCTGTCT-1	nc_larvae
nc_TCAGTCCTCTACTATC-1	nc_larvae
nc_TCAGTGAAGATGAAGG-1	nc_larvae
nc_TCAGTGAAGTATAACG-1	nc_larvae
nc_TCAGTGAAGTGGTGAC-1	nc_larvae
nc_TCAGTGAAGTGGTTAA-1	nc_larvae
nc_TCAGTGAAGTTCCATG-1	nc_larvae
nc_TCAGTGACAAGTCGTT-1	nc_larvae
nc_TCAGTGACATCCGATA-1	nc_larvae
nc_TCAGTGAGTCCAATCA-1	nc_larvae
nc_TCAGTGAGTCGCCACA-1	nc_larvae
nc_TCAGTGATCACCTGGG-1	nc_larvae
nc_TCAGTGATCTGTCCGT-1	nc_larvae
nc_TCAGTTTAGCAGGGAG-1	nc_larvae
nc_TCAGTTTAGCTGCCTG-1	nc_larvae
nc_TCAGTTTCAAATGAGT-1	nc_larvae
nc_TCAGTTTCACAGACGA-1	nc_larvae
nc_TCAGTTTCACAGAGAC-1	nc_larvae
nc_TCAGTTTCATATCTCT-1	nc_larvae
nc_TCAGTTTCATCACAGT-1	nc_larvae
nc_TCAGTTTGTACGGCAA-1	nc_larvae
nc_TCAGTTTGTATTGAGA-1	nc_larvae
nc_TCAGTTTGTCCATAGT-1	nc_larvae
nc_TCAGTTTGTCTGTGCG-1	nc_larvae
nc_TCAGTTTGTGCTAGCC-1	nc_larvae
nc_TCAGTTTGTGGTCTGC-1	nc_larvae
nc_TCAGTTTGTTGCAACT-1	nc_larvae
nc_TCAGTTTTCAGACCCG-1	nc_larvae
nc_TCAGTTTTCCAGTTCC-1	nc_larvae
nc_TCAGTTTTCCTACACC-1	nc_larvae
nc_TCAGTTTTCTCCGAAA-1	nc_larvae
nc_TCATACTAGCCAACCC-1	nc_larvae
nc_TCATACTTCAACACCA-1	nc_larvae
nc_TCATACTTCACAAGAA-1	nc_larvae
nc_TCATACTTCGGTCACG-1	nc_larvae
nc_TCATACTTCGGTCTAA-1	nc_larvae
nc_TCATACTTCTACACTT-1	nc_larvae
nc_TCATATCAGTACAACA-1	nc_larvae
nc_TCATATCAGTGAACAT-1	nc_larvae
nc_TCATATCGTACTCGTA-1	nc_larvae
nc_TCATATCGTCCCTGTT-1	nc_larvae
nc_TCATATCGTGATTCAC-1	nc_larvae
nc_TCATATCGTTGGGCCT-1	nc_larvae
nc_TCATATCTCACCTCTG-1	nc_larvae
nc_TCATATCTCACTTTGT-1	nc_larvae
nc_TCATATCTCGAACTCA-1	nc_larvae
nc_TCATCATAGAGCCCAA-1	nc_larvae
nc_TCATCATAGGGTTTCT-1	nc_larvae
nc_TCATCATAGTATAACG-1	nc_larvae
nc_TCATCATCAATGTTGC-1	nc_larvae
nc_TCATCATCAGAACCGA-1	nc_larvae
nc_TCATCATGTCTTCAAG-1	nc_larvae
nc_TCATCATGTGCTCGTG-1	nc_larvae
nc_TCATCATGTGTACATC-1	nc_larvae
nc_TCATCATTCACGTCCT-1	nc_larvae
nc_TCATCATTCATCACAG-1	nc_larvae
nc_TCATCATTCCTACCAC-1	nc_larvae
nc_TCATCCGAGACCTCCG-1	nc_larvae
nc_TCATCCGAGAGCTTTC-1	nc_larvae
nc_TCATCCGAGTATCCTG-1	nc_larvae
nc_TCATCCGCAAACTGCT-1	nc_larvae
nc_TCATCCGCAGAAGTTA-1	nc_larvae
nc_TCATCCGCAGCCGTCA-1	nc_larvae
nc_TCATCCGCAGTTACCA-1	nc_larvae
nc_TCATCCGCATCTGGGC-1	nc_larvae
nc_TCATCCGGTATCGCTA-1	nc_larvae
nc_TCATCCGGTGTGTTTG-1	nc_larvae
nc_TCATCCGTCCGTGGGT-1	nc_larvae
nc_TCATCCGTCGTTATCT-1	nc_larvae
nc_TCATCCGTCTAGGCCG-1	nc_larvae
nc_TCATGAGAGCGTGTTT-1	nc_larvae
nc_TCATGAGAGGCCTTGC-1	nc_larvae
nc_TCATGAGAGGTTGTTC-1	nc_larvae
nc_TCATGAGAGTCACTAC-1	nc_larvae
nc_TCATGAGCAGGTGTTT-1	nc_larvae
nc_TCATGAGCATTGACCA-1	nc_larvae
nc_TCATGAGGTAGTACGG-1	nc_larvae
nc_TCATGAGGTCTACTGA-1	nc_larvae
nc_TCATGAGGTGTTGATC-1	nc_larvae
nc_TCATGAGGTTCCGGTG-1	nc_larvae
nc_TCATGAGTCACCATGA-1	nc_larvae
nc_TCATGAGTCATCGGGC-1	nc_larvae
nc_TCATGCCAGCACGGAT-1	nc_larvae
nc_TCATGCCAGCTGTTAC-1	nc_larvae
nc_TCATGCCAGTTTCTTC-1	nc_larvae
nc_TCATGCCCAAATTAGG-1	nc_larvae
nc_TCATGCCCACGACGCT-1	nc_larvae
nc_TCATGCCCATGGAATA-1	nc_larvae
nc_TCATGCCGTAGGACCA-1	nc_larvae
nc_TCATGCCGTGTCGATT-1	nc_larvae
nc_TCATGCCTCTCGAACA-1	nc_larvae
nc_TCATGGAAGAACCGCA-1	nc_larvae
nc_TCATGGAAGCGCCATC-1	nc_larvae
nc_TCATGGAAGCGTCTCG-1	nc_larvae
nc_TCATGGAAGTATGATG-1	nc_larvae
nc_TCATGGACACAAGTTC-1	nc_larvae
nc_TCATGGAGTATGCTAC-1	nc_larvae
nc_TCATGGAGTCGTGCCA-1	nc_larvae
nc_TCATGGAGTGGCCACT-1	nc_larvae
nc_TCATGGATCGTAGGGA-1	nc_larvae
nc_TCATGTTAGACGAAGA-1	nc_larvae
nc_TCATGTTAGATTGGGC-1	nc_larvae
nc_TCATGTTAGCAGAAAG-1	nc_larvae
nc_TCATGTTAGCGCAATG-1	nc_larvae
nc_TCATGTTAGGTTATAG-1	nc_larvae
nc_TCATGTTAGTGACCTT-1	nc_larvae
nc_TCATGTTCACGCGCTA-1	nc_larvae
nc_TCATGTTGTTGGGCCT-1	nc_larvae
nc_TCATGTTTCACATTGG-1	nc_larvae
nc_TCATGTTTCTATTGTC-1	nc_larvae
nc_TCATTACAGGTGGGTT-1	nc_larvae
nc_TCATTACCAGTTAGAA-1	nc_larvae
nc_TCATTACCATCGTTCC-1	nc_larvae
nc_TCATTACGTAAGCTCT-1	nc_larvae
nc_TCATTACGTCACCGCA-1	nc_larvae
nc_TCATTACGTCGTCTCT-1	nc_larvae
nc_TCATTACTCCAAAGGG-1	nc_larvae
nc_TCATTACTCCGGACTG-1	nc_larvae
nc_TCATTACTCTACCACC-1	nc_larvae
nc_TCATTACTCTTTGATC-1	nc_larvae
nc_TCATTCAAGTTAGTGA-1	nc_larvae
nc_TCATTCACAGCAAGAC-1	nc_larvae
nc_TCATTCATCTGGCCTT-1	nc_larvae
nc_TCATTCATCTTTGCTA-1	nc_larvae
nc_TCATTGTAGCAGCGAT-1	nc_larvae
nc_TCATTGTAGCGTACAG-1	nc_larvae
nc_TCATTGTAGGGCAGTT-1	nc_larvae
nc_TCATTGTCAAATACAG-1	nc_larvae
nc_TCATTGTCAAATGGTA-1	nc_larvae
nc_TCATTGTCAAGAAATC-1	nc_larvae
nc_TCATTGTCAGAGTAAT-1	nc_larvae
nc_TCATTGTGTCTCACGG-1	nc_larvae
nc_TCATTGTGTGAGGATC-1	nc_larvae
nc_TCATTGTGTTACGCCG-1	nc_larvae
nc_TCATTGTGTTGCATAC-1	nc_larvae
nc_TCATTGTTCCGTTGAA-1	nc_larvae
nc_TCATTGTTCGAACCAT-1	nc_larvae
nc_TCATTGTTCGAGTGGA-1	nc_larvae
nc_TCATTGTTCGTGGAAG-1	nc_larvae
nc_TCATTGTTCTCTGCTG-1	nc_larvae
nc_TCATTTGAGCCTAACT-1	nc_larvae
nc_TCATTTGAGCTCCGAC-1	nc_larvae
nc_TCATTTGAGGACGCAT-1	nc_larvae
nc_TCATTTGAGGGTGAAA-1	nc_larvae
nc_TCATTTGAGTGCACTT-1	nc_larvae
nc_TCATTTGCACGTGTGC-1	nc_larvae
nc_TCATTTGCATCAACCA-1	nc_larvae
nc_TCATTTGGTGTTCATG-1	nc_larvae
nc_TCATTTGGTTTAGTCG-1	nc_larvae
nc_TCATTTGTCACTCACC-1	nc_larvae
nc_TCATTTGTCCACTAGA-1	nc_larvae
nc_TCATTTGTCTCATTAC-1	nc_larvae
nc_TCATTTGTCTCTAGGA-1	nc_larvae
nc_TCCACCAAGCGCTGAA-1	nc_larvae
nc_TCCACCAAGGTGCATG-1	nc_larvae
nc_TCCACCAAGGTTCTAC-1	nc_larvae
nc_TCCACCACACAATGCT-1	nc_larvae
nc_TCCACCACACAGTACT-1	nc_larvae
nc_TCCACCACAGCAGACA-1	nc_larvae
nc_TCCACCACAGCGCGTT-1	nc_larvae
nc_TCCACCAGTGCATCTA-1	nc_larvae
nc_TCCACCATCCGTTTCG-1	nc_larvae
nc_TCCACCATCTACCACC-1	nc_larvae
nc_TCCACGTAGATGACAT-1	nc_larvae
nc_TCCACGTAGGCGAACT-1	nc_larvae
nc_TCCACGTAGTACAACA-1	nc_larvae
nc_TCCACGTCAAAGCTAA-1	nc_larvae
nc_TCCACGTCACGGTGTC-1	nc_larvae
nc_TCCACGTCAGGGAATC-1	nc_larvae
nc_TCCACGTCATTCTGTT-1	nc_larvae
nc_TCCACGTGTCGCTCGA-1	nc_larvae
nc_TCCACGTTCCAGTGTA-1	nc_larvae
nc_TCCACGTTCGGATTAC-1	nc_larvae
nc_TCCACGTTCTGAGGCC-1	nc_larvae
nc_TCCAGAAAGAGTCAAT-1	nc_larvae
nc_TCCAGAAAGCCAGAGT-1	nc_larvae
nc_TCCAGAAAGTATGGAT-1	nc_larvae
nc_TCCAGAAAGTCGGCAA-1	nc_larvae
nc_TCCAGAACACGGTGAA-1	nc_larvae
nc_TCCAGAACACTTGTCC-1	nc_larvae
nc_TCCAGAAGTATTTCCT-1	nc_larvae
nc_TCCAGAAGTGGGTCAA-1	nc_larvae
nc_TCCAGAATCAATCTCT-1	nc_larvae
nc_TCCAGAATCTTTGCGC-1	nc_larvae
nc_TCCATCGAGACCATTC-1	nc_larvae
nc_TCCATCGAGACGACGT-1	nc_larvae
nc_TCCATCGCACCCTTAC-1	nc_larvae
nc_TCCATCGCACTAAACC-1	nc_larvae
nc_TCCATCGCAGGCACAA-1	nc_larvae
nc_TCCATCGCATCAGCTA-1	nc_larvae
nc_TCCATCGCATGCCATA-1	nc_larvae
nc_TCCATCGCATGGCACC-1	nc_larvae
nc_TCCATCGGTGCACGCT-1	nc_larvae
nc_TCCATCGGTGTAGCAG-1	nc_larvae
nc_TCCATCGGTTAATGAG-1	nc_larvae
nc_TCCATCGGTTGGTGTT-1	nc_larvae
nc_TCCATGCAGCAGTCTT-1	nc_larvae
nc_TCCATGCAGGAGTACC-1	nc_larvae
nc_TCCATGCCAAACTCTG-1	nc_larvae
nc_TCCATGCGTATGCGTT-1	nc_larvae
nc_TCCATGCTCCATTTAC-1	nc_larvae
nc_TCCATGCTCTAACGCA-1	nc_larvae
nc_TCCCACACAACAACAA-1	nc_larvae
nc_TCCCACACAAGTTCGT-1	nc_larvae
nc_TCCCACACAATAGTAG-1	nc_larvae
nc_TCCCACACACGGAAGT-1	nc_larvae
nc_TCCCACACATAGCTGT-1	nc_larvae
nc_TCCCACACATGCCATA-1	nc_larvae
nc_TCCCACACATTCACAG-1	nc_larvae
nc_TCCCACAGTATCGTGT-1	nc_larvae
nc_TCCCACAGTATTCCGA-1	nc_larvae
nc_TCCCACATCACCTCGT-1	nc_larvae
nc_TCCCACATCCAAATGC-1	nc_larvae
nc_TCCCACATCCTCTCGA-1	nc_larvae
nc_TCCCACATCGGTGAAG-1	nc_larvae
nc_TCCCAGTCAAAGGGTC-1	nc_larvae
nc_TCCCAGTCAGCTAACT-1	nc_larvae
nc_TCCCAGTGTAGGCTGA-1	nc_larvae
nc_TCCCAGTGTGAAGCTG-1	nc_larvae
nc_TCCCAGTGTGTAGCAG-1	nc_larvae
nc_TCCCAGTTCTCTGGTC-1	nc_larvae
nc_TCCCATGAGTCATAGA-1	nc_larvae
nc_TCCCATGCAATGGGTG-1	nc_larvae
nc_TCCCATGGTACGACAG-1	nc_larvae
nc_TCCCATGGTCAACATC-1	nc_larvae
nc_TCCCATGGTCATCCGG-1	nc_larvae
nc_TCCCATGGTGGAGAAA-1	nc_larvae
nc_TCCCATGTCAAGTGTC-1	nc_larvae
nc_TCCCATGTCTGCGAGC-1	nc_larvae
nc_TCCGAAAAGCAAATCA-1	nc_larvae
nc_TCCGAAAAGGTTCACT-1	nc_larvae
nc_TCCGAAAAGTGCTCGC-1	nc_larvae
nc_TCCGAAACAACGGCCT-1	nc_larvae
nc_TCCGAAACACTTCTCG-1	nc_larvae
nc_TCCGAAACAGGCTTGC-1	nc_larvae
nc_TCCGAAACATCAGCGC-1	nc_larvae
nc_TCCGAAACATGACTCA-1	nc_larvae
nc_TCCGAAAGTGACTATC-1	nc_larvae
nc_TCCGAAAGTTACCCAA-1	nc_larvae
nc_TCCGAAAGTTCGGACC-1	nc_larvae
nc_TCCGAAATCCGAGCTG-1	nc_larvae
nc_TCCGATCAGTCGGCCT-1	nc_larvae
nc_TCCGATCAGTTGGGAC-1	nc_larvae
nc_TCCGATCCACCTCTGT-1	nc_larvae
nc_TCCGATCGTCACGCTG-1	nc_larvae
nc_TCCGATCGTTTAGAGA-1	nc_larvae
nc_TCCGATCTCATCTACT-1	nc_larvae
nc_TCCGATCTCCGCACTT-1	nc_larvae
nc_TCCGGGAAGCATCAAA-1	nc_larvae
nc_TCCGGGAAGGGTAATT-1	nc_larvae
nc_TCCGGGACAATTGGTC-1	nc_larvae
nc_TCCGGGACACACGGAA-1	nc_larvae
nc_TCCGGGACACCTTCCA-1	nc_larvae
nc_TCCGGGACAGCGTACC-1	nc_larvae
nc_TCCGGGACAGTTCACA-1	nc_larvae
nc_TCCGGGACATGAGATA-1	nc_larvae
nc_TCCGGGAGTTGCGGCT-1	nc_larvae
nc_TCCGGGATCTGTCAGA-1	nc_larvae
nc_TCCGTGTCAAGAGCTG-1	nc_larvae
nc_TCCGTGTCACAAATCC-1	nc_larvae
nc_TCCGTGTCAGCGGTTC-1	nc_larvae
nc_TCCGTGTCAGTAACGG-1	nc_larvae
nc_TCCGTGTGTACAATAG-1	nc_larvae
nc_TCCGTGTGTCAATCTG-1	nc_larvae
nc_TCCGTGTGTGTTGACT-1	nc_larvae
nc_TCCGTGTGTTGGTGTT-1	nc_larvae
nc_TCCGTGTTCCCAGTGG-1	nc_larvae
nc_TCCGTGTTCCGCAGTG-1	nc_larvae
nc_TCCGTGTTCGTAACTG-1	nc_larvae
nc_TCCTAATAGTATTCCG-1	nc_larvae
nc_TCCTAATCACGCAAAG-1	nc_larvae
nc_TCCTAATCAGCAGTTT-1	nc_larvae
nc_TCCTAATCAGTGGTGA-1	nc_larvae
nc_TCCTAATGTACCATAC-1	nc_larvae
nc_TCCTAATGTCGCAGTC-1	nc_larvae
nc_TCCTAATGTCTTACAG-1	nc_larvae
nc_TCCTAATGTGTCGCTG-1	nc_larvae
nc_TCCTAATTCCACAGGC-1	nc_larvae
nc_TCCTAATTCGGCTCTT-1	nc_larvae
nc_TCCTAATTCTAAGCCA-1	nc_larvae
nc_TCCTAATTCTGCTTTA-1	nc_larvae
nc_TCCTAATTCTTACACT-1	nc_larvae
nc_TCCTCCCAGAAGTCCG-1	nc_larvae
nc_TCCTCCCAGTATGACA-1	nc_larvae
nc_TCCTCCCGTAACTAAG-1	nc_larvae
nc_TCCTCCCGTCACGACC-1	nc_larvae
nc_TCCTCCCGTCAGGTGA-1	nc_larvae
nc_TCCTCCCGTGCAACAG-1	nc_larvae
nc_TCCTCCCTCACCCTCA-1	nc_larvae
nc_TCCTCCCTCCATGAGT-1	nc_larvae
nc_TCCTCGAAGCATCAAA-1	nc_larvae
nc_TCCTCGAAGTCAGGGT-1	nc_larvae
nc_TCCTCGACAATATCCG-1	nc_larvae
nc_TCCTCGACACAAATAG-1	nc_larvae
nc_TCCTCGACAGCAGGAT-1	nc_larvae
nc_TCCTCGAGTCCAACGC-1	nc_larvae
nc_TCCTCGAGTCCGGTCA-1	nc_larvae
nc_TCCTCGAGTGTTAACC-1	nc_larvae
nc_TCCTCGATCAAGAAAC-1	nc_larvae
nc_TCCTCGATCGGATAAA-1	nc_larvae
nc_TCCTCGATCTTGGTGA-1	nc_larvae
nc_TCCTCTTAGAGCCTGA-1	nc_larvae
nc_TCCTCTTAGGCAGGTT-1	nc_larvae
nc_TCCTCTTCAAATCGTC-1	nc_larvae
nc_TCCTCTTCAACGATTC-1	nc_larvae
nc_TCCTCTTCAATCGAAA-1	nc_larvae
nc_TCCTCTTCAGCGGTCT-1	nc_larvae
nc_TCCTCTTCATAACTCG-1	nc_larvae
nc_TCCTCTTCATGCCATA-1	nc_larvae
nc_TCCTCTTGTCAGGTAG-1	nc_larvae
nc_TCCTCTTTCAAAGGAT-1	nc_larvae
nc_TCCTCTTTCCACCTGT-1	nc_larvae
nc_TCCTCTTTCTGCGGCA-1	nc_larvae
nc_TCCTCTTTCTGGGCCA-1	nc_larvae
nc_TCCTGCAAGGAGAATG-1	nc_larvae
nc_TCCTGCAAGGCTCAAG-1	nc_larvae
nc_TCCTGCAAGGTTTACC-1	nc_larvae
nc_TCCTGCAAGTTTCAGC-1	nc_larvae
nc_TCCTGCACAAACTCTG-1	nc_larvae
nc_TCCTGCACACTTGACA-1	nc_larvae
nc_TCCTGCACATTGAGCT-1	nc_larvae
nc_TCCTGCAGTATACCCA-1	nc_larvae
nc_TCCTGCAGTGTTTGCA-1	nc_larvae
nc_TCCTGCAGTTCTCACC-1	nc_larvae
nc_TCCTGCATCACTGTTT-1	nc_larvae
nc_TCCTGCATCCTAAGTG-1	nc_larvae
nc_TCCTGCATCGATCCCT-1	nc_larvae
nc_TCCTGCATCTGCGTCT-1	nc_larvae
nc_TCCTTCTCAACAGCCC-1	nc_larvae
nc_TCCTTCTCATAGGAGC-1	nc_larvae
nc_TCCTTCTGTAGACAGC-1	nc_larvae
nc_TCCTTCTGTATACGGG-1	nc_larvae
nc_TCCTTCTGTGGTAATA-1	nc_larvae
nc_TCCTTCTGTTGTGTTG-1	nc_larvae
nc_TCCTTCTGTTTCGATG-1	nc_larvae
nc_TCCTTCTTCACTCCGT-1	nc_larvae
nc_TCCTTCTTCCTACTGC-1	nc_larvae
nc_TCCTTCTTCGTTGTGA-1	nc_larvae
nc_TCCTTCTTCTAACGCA-1	nc_larvae
nc_TCCTTTCCACCCTATC-1	nc_larvae
nc_TCCTTTCCACGTAACT-1	nc_larvae
nc_TCCTTTCCATTAGGCT-1	nc_larvae
nc_TCCTTTCGTAATTAGG-1	nc_larvae
nc_TCCTTTCGTAGCTTGT-1	nc_larvae
nc_TCCTTTCGTATAGGAT-1	nc_larvae
nc_TCCTTTCGTCTAGGCC-1	nc_larvae
nc_TCCTTTCGTGGGCTCT-1	nc_larvae
nc_TCCTTTCTCCACACCT-1	nc_larvae
nc_TCCTTTCTCGCCGAAC-1	nc_larvae
nc_TCCTTTCTCTCGGGAC-1	nc_larvae
nc_TCCTTTCTCTGACGCG-1	nc_larvae
nc_TCGAACAAGATCACCT-1	nc_larvae
nc_TCGAACAAGCCATATC-1	nc_larvae
nc_TCGAACAAGCTACAAA-1	nc_larvae
nc_TCGAACAAGGCAGCTA-1	nc_larvae
nc_TCGAACACAAACCACT-1	nc_larvae
nc_TCGAACACAGCCTTCT-1	nc_larvae
nc_TCGAACACATACACCA-1	nc_larvae
nc_TCGAACACATAGGTAA-1	nc_larvae
nc_TCGAACAGTAAGCTCT-1	nc_larvae
nc_TCGAACAGTAGGACCA-1	nc_larvae
nc_TCGAACAGTCATACCA-1	nc_larvae
nc_TCGAACAGTGAATGTA-1	nc_larvae
nc_TCGAACAGTTAACCTG-1	nc_larvae
nc_TCGAACATCTTGTGCC-1	nc_larvae
nc_TCGAAGTAGCTTGTGT-1	nc_larvae
nc_TCGAAGTCACAGTATC-1	nc_larvae
nc_TCGAAGTCATTCACAG-1	nc_larvae
nc_TCGAAGTGTATGCGGA-1	nc_larvae
nc_TCGAAGTGTCAGGCAA-1	nc_larvae
nc_TCGAAGTGTCCAAGAG-1	nc_larvae
nc_TCGAAGTGTCCCAAAT-1	nc_larvae
nc_TCGAAGTGTCTCTCCA-1	nc_larvae
nc_TCGAAGTTCGTTCATT-1	nc_larvae
nc_TCGACCTAGCGTATGG-1	nc_larvae
nc_TCGACCTAGGCCTAGA-1	nc_larvae
nc_TCGACCTAGGTAGACC-1	nc_larvae
nc_TCGACCTAGGTTGACG-1	nc_larvae
nc_TCGACCTCAAACACCT-1	nc_larvae
nc_TCGACCTCAAACCGGA-1	nc_larvae
nc_TCGACCTCAAGTGTCT-1	nc_larvae
nc_TCGACCTCAGGAGGTT-1	nc_larvae
nc_TCGACCTGTCTATGAC-1	nc_larvae
nc_TCGACCTTCTTACCGC-1	nc_larvae
nc_TCGACGGAGAAGTGTT-1	nc_larvae
nc_TCGACGGAGCAAACAT-1	nc_larvae
nc_TCGACGGAGGAATGTT-1	nc_larvae
nc_TCGACGGAGGAGTACC-1	nc_larvae
nc_TCGACGGAGGTTACCT-1	nc_larvae
nc_TCGACGGAGTTGCCCG-1	nc_larvae
nc_TCGACGGCAAGTGGGT-1	nc_larvae
nc_TCGACGGCACAAACGG-1	nc_larvae
nc_TCGACGGGTCTGATAC-1	nc_larvae
nc_TCGACGGGTCTGCATA-1	nc_larvae
nc_TCGACGGTCCACACCT-1	nc_larvae
nc_TCGACGGTCGTCACCT-1	nc_larvae
nc_TCGACGGTCTCGGCTT-1	nc_larvae
nc_TCGATTTAGCAGTACG-1	nc_larvae
nc_TCGATTTAGGAAACGA-1	nc_larvae
nc_TCGATTTAGGAGACCT-1	nc_larvae
nc_TCGATTTAGGCGCTCT-1	nc_larvae
nc_TCGATTTAGTGTTCAC-1	nc_larvae
nc_TCGATTTCAGATCATC-1	nc_larvae
nc_TCGATTTCATGACAGG-1	nc_larvae
nc_TCGATTTCATGGATCT-1	nc_larvae
nc_TCGATTTGTCGTTTCC-1	nc_larvae
nc_TCGATTTGTGGACTAG-1	nc_larvae
nc_TCGATTTTCCCGGTAG-1	nc_larvae
nc_TCGATTTTCTGGACTA-1	nc_larvae
nc_TCGCACTAGCCTGACC-1	nc_larvae
nc_TCGCACTAGTCGGGAT-1	nc_larvae
nc_TCGCACTCAACGATCT-1	nc_larvae
nc_TCGCACTCAAGATGTA-1	nc_larvae
nc_TCGCACTCACAAGTTC-1	nc_larvae
nc_TCGCACTCACCAGACC-1	nc_larvae
nc_TCGCACTCAGGTTACT-1	nc_larvae
nc_TCGCACTGTCGCGTTG-1	nc_larvae
nc_TCGCACTGTTCGGTTA-1	nc_larvae
nc_TCGCACTGTTGTGGAG-1	nc_larvae
nc_TCGCACTGTTTGGAGG-1	nc_larvae
nc_TCGCACTTCAATCTTC-1	nc_larvae
nc_TCGCACTTCCCGAGAC-1	nc_larvae
nc_TCGCACTTCTCCCTAG-1	nc_larvae
nc_TCGCACTTCTCCTGCA-1	nc_larvae
nc_TCGCACTTCTCGAACA-1	nc_larvae
nc_TCGCACTTCTGGCCGA-1	nc_larvae
nc_TCGCAGGAGAATAACC-1	nc_larvae
nc_TCGCAGGAGACGCTCC-1	nc_larvae
nc_TCGCAGGAGCGACTAG-1	nc_larvae
nc_TCGCAGGAGTTACGAA-1	nc_larvae
nc_TCGCAGGAGTTTCGAC-1	nc_larvae
nc_TCGCAGGCAAGAGCTG-1	nc_larvae
nc_TCGCAGGCATGAAGGC-1	nc_larvae
nc_TCGCAGGCATGACTGT-1	nc_larvae
nc_TCGCAGGGTTACGCCG-1	nc_larvae
nc_TCGCAGGTCATACAGC-1	nc_larvae
nc_TCGCAGGTCTTCGGTC-1	nc_larvae
nc_TCGCTCAAGGTGCCTC-1	nc_larvae
nc_TCGCTCAAGTCGGCCT-1	nc_larvae
nc_TCGCTCACACAGAGCA-1	nc_larvae
nc_TCGCTCACACAGTGTT-1	nc_larvae
nc_TCGCTCAGTATGGAGC-1	nc_larvae
nc_TCGCTCAGTCACAGTT-1	nc_larvae
nc_TCGCTCAGTGCCTGAC-1	nc_larvae
nc_TCGCTCAGTTCCTAGA-1	nc_larvae
nc_TCGCTCATCACTCCGT-1	nc_larvae
nc_TCGCTCATCAGACCGC-1	nc_larvae
nc_TCGCTCATCATTGCCC-1	nc_larvae
nc_TCGCTCATCCTCAGGG-1	nc_larvae
nc_TCGCTCATCGTCGCTT-1	nc_larvae
nc_TCGCTCATCTATACGG-1	nc_larvae
nc_TCGCTCATCTTGGTGA-1	nc_larvae
nc_TCGCTTGAGAGGCTGT-1	nc_larvae
nc_TCGCTTGAGGCCTGAA-1	nc_larvae
nc_TCGCTTGAGGTGAGAA-1	nc_larvae
nc_TCGCTTGAGTGGTTAA-1	nc_larvae
nc_TCGCTTGCAACGCCCA-1	nc_larvae
nc_TCGCTTGCAATACGCT-1	nc_larvae
nc_TCGCTTGCACATATGC-1	nc_larvae
nc_TCGCTTGCAGATACCT-1	nc_larvae
nc_TCGCTTGCATTGTAGC-1	nc_larvae
nc_TCGCTTGGTCAAGCGA-1	nc_larvae
nc_TCGCTTGGTTAAGGAT-1	nc_larvae
nc_TCGCTTGTCAATCCAG-1	nc_larvae
nc_TCGCTTGTCTATACTC-1	nc_larvae
nc_TCGCTTGTCTCGCTCA-1	nc_larvae
nc_TCGCTTGTCTGGGATT-1	nc_larvae
nc_TCGGATAAGGAGTACC-1	nc_larvae
nc_TCGGATAAGTCAAGCG-1	nc_larvae
nc_TCGGATAGTCCGGTGT-1	nc_larvae
nc_TCGGATAGTGGCTGAA-1	nc_larvae
nc_TCGGATAGTTCGGTTA-1	nc_larvae
nc_TCGGATATCATCTATC-1	nc_larvae
nc_TCGGATATCCTTCTGG-1	nc_larvae
nc_TCGGATATCGGCTTGG-1	nc_larvae
nc_TCGGATATCGTTCCCA-1	nc_larvae
nc_TCGGGACAGTCATTGC-1	nc_larvae
nc_TCGGGACCACCAACAT-1	nc_larvae
nc_TCGGGACCAGACCATT-1	nc_larvae
nc_TCGGGACCAGGCAATG-1	nc_larvae
nc_TCGGGACCATACAGCT-1	nc_larvae
nc_TCGGGACCATCCAATG-1	nc_larvae
nc_TCGGGACGTAACTGCT-1	nc_larvae
nc_TCGGGACGTAGCTGCC-1	nc_larvae
nc_TCGGGACGTGTATCCA-1	nc_larvae
nc_TCGGGACTCTACACAG-1	nc_larvae
nc_TCGGGACTCTGAGGCC-1	nc_larvae
nc_TCGGGCAAGACCGCCT-1	nc_larvae
nc_TCGGGCAAGACGCTCC-1	nc_larvae
nc_TCGGGCAAGCCGAACA-1	nc_larvae
nc_TCGGGCAAGCTCGGCT-1	nc_larvae
nc_TCGGGCAAGGCTGGAT-1	nc_larvae
nc_TCGGGCACAATAAGGT-1	nc_larvae
nc_TCGGGCACAGGATCTT-1	nc_larvae
nc_TCGGGCAGTTGAGAGC-1	nc_larvae
nc_TCGGGCATCATCGCAA-1	nc_larvae
nc_TCGGGTGAGACAGTCG-1	nc_larvae
nc_TCGGGTGAGCAGTACG-1	nc_larvae
nc_TCGGGTGCAGCGTGCT-1	nc_larvae
nc_TCGGGTGGTGATACCT-1	nc_larvae
nc_TCGGGTGTCACCGGTG-1	nc_larvae
nc_TCGGGTGTCCTTGGAA-1	nc_larvae
nc_TCGGGTGTCGGCTTGG-1	nc_larvae
nc_TCGGGTGTCTGCTGAA-1	nc_larvae
nc_TCGGTCTAGGTACAAT-1	nc_larvae
nc_TCGGTCTAGGTTCTAC-1	nc_larvae
nc_TCGGTCTAGTATGATG-1	nc_larvae
nc_TCGGTCTCACGTCGGT-1	nc_larvae
nc_TCGGTCTCACTAGTAC-1	nc_larvae
nc_TCGGTCTCACTGGCCA-1	nc_larvae
nc_TCGGTCTCAGCAGTAG-1	nc_larvae
nc_TCGGTCTCAGGTATGG-1	nc_larvae
nc_TCGGTCTCAGTGCGCT-1	nc_larvae
nc_TCGGTCTCATTAAAGG-1	nc_larvae
nc_TCGGTCTGTGCAATAA-1	nc_larvae
nc_TCGGTCTGTGGCTACC-1	nc_larvae
nc_TCGGTCTGTTCCTTGC-1	nc_larvae
nc_TCGTAGAAGACGAGCT-1	nc_larvae
nc_TCGTAGAAGCCAGTAG-1	nc_larvae
nc_TCGTAGAAGGCTATCT-1	nc_larvae
nc_TCGTAGACAAACGTGG-1	nc_larvae
nc_TCGTAGACAGTAACGG-1	nc_larvae
nc_TCGTAGACATACTGTG-1	nc_larvae
nc_TCGTAGAGTAACACCT-1	nc_larvae
nc_TCGTAGAGTCTCTCAC-1	nc_larvae
nc_TCGTAGAGTGACCTGC-1	nc_larvae
nc_TCGTAGAGTGTTGCCG-1	nc_larvae
nc_TCGTAGAGTTGCTTGA-1	nc_larvae
nc_TCGTAGATCGTGGCGT-1	nc_larvae
nc_TCGTAGATCTGAGCAT-1	nc_larvae
nc_TCGTCCAAGCTGACCC-1	nc_larvae
nc_TCGTCCACAAGCGAGT-1	nc_larvae
nc_TCGTCCAGTCACATTG-1	nc_larvae
nc_TCGTCCAGTGGAGAAA-1	nc_larvae
nc_TCGTCCATCACTGTTT-1	nc_larvae
nc_TCGTCCATCATCACCC-1	nc_larvae
nc_TCGTCCATCATGGAGG-1	nc_larvae
nc_TCGTCCATCCCGTAAA-1	nc_larvae
nc_TCGTCCATCGATGCTA-1	nc_larvae
nc_TCGTCCATCGGTGCAC-1	nc_larvae
nc_TCGTCCATCTAGTGTG-1	nc_larvae
nc_TCGTGCTCACTTGAGT-1	nc_larvae
nc_TCGTGCTCATAGAATG-1	nc_larvae
nc_TCGTGCTCATCATGAC-1	nc_larvae
nc_TCGTGCTGTTCACCGG-1	nc_larvae
nc_TCGTGCTTCGATACTG-1	nc_larvae
nc_TCGTGGGCAGCCCAGT-1	nc_larvae
nc_TCGTGGGCAGCGGTTC-1	nc_larvae
nc_TCGTGGGCAGGACTTT-1	nc_larvae
nc_TCGTGGGGTACCCGCA-1	nc_larvae
nc_TCGTGGGGTCGGATTT-1	nc_larvae
nc_TCGTGGGGTCTTACAG-1	nc_larvae
nc_TCGTGGGGTGCATCTA-1	nc_larvae
nc_TCGTGGGGTTATTCTC-1	nc_larvae
nc_TCGTGGGTCAAACTGC-1	nc_larvae
nc_TCGTGGGTCACTCACC-1	nc_larvae
nc_TCGTGGGTCATCGTAG-1	nc_larvae
nc_TCGTGGGTCCGCATAA-1	nc_larvae
nc_TCGTGGGTCGGCTGAC-1	nc_larvae
nc_TCTAACTAGACAGTCG-1	nc_larvae
nc_TCTAACTAGACCTCAT-1	nc_larvae
nc_TCTAACTCAACTGCTA-1	nc_larvae
nc_TCTAACTCAAGCGATG-1	nc_larvae
nc_TCTAACTCAAGTTCGT-1	nc_larvae
nc_TCTAACTCACCCTGTT-1	nc_larvae
nc_TCTAACTCAGGAGGTT-1	nc_larvae
nc_TCTAACTGTATGCGTT-1	nc_larvae
nc_TCTAACTGTGCTGCAC-1	nc_larvae
nc_TCTAACTGTGCTGTCG-1	nc_larvae
nc_TCTAACTTCGAGAATA-1	nc_larvae
nc_TCTACATAGGGCAGGA-1	nc_larvae
nc_TCTACATGTGGTCTGC-1	nc_larvae
nc_TCTACATGTTGGAGAC-1	nc_larvae
nc_TCTACATTCATTTCGT-1	nc_larvae
nc_TCTACATTCTTCCTAA-1	nc_larvae
nc_TCTACCGAGGTCCCGT-1	nc_larvae
nc_TCTACCGAGTACAACA-1	nc_larvae
nc_TCTACCGCAAGTTCCA-1	nc_larvae
nc_TCTACCGCACGCGGTT-1	nc_larvae
nc_TCTACCGCATGAAGCG-1	nc_larvae
nc_TCTACCGGTGTAGTGG-1	nc_larvae
nc_TCTACCGTCAATCTTC-1	nc_larvae
nc_TCTACCGTCCGGTAAT-1	nc_larvae
nc_TCTACCGTCCTAAGTG-1	nc_larvae
nc_TCTATACAGGATCATA-1	nc_larvae
nc_TCTATACAGGGATGTC-1	nc_larvae
nc_TCTATACAGGTCTGGA-1	nc_larvae
nc_TCTATACCAACGTTAC-1	nc_larvae
nc_TCTATACCACAAACGG-1	nc_larvae
nc_TCTATACCAGAGGGTT-1	nc_larvae
nc_TCTATACCATCACGGC-1	nc_larvae
nc_TCTATACCATCCAACA-1	nc_larvae
nc_TCTATACGTAACTGCT-1	nc_larvae
nc_TCTATACGTTAGGCCC-1	nc_larvae
nc_TCTATACGTTGTCATG-1	nc_larvae
nc_TCTATACGTTGTGCAT-1	nc_larvae
nc_TCTATACTCCAATCCC-1	nc_larvae
nc_TCTATACTCTTGGGCG-1	nc_larvae
nc_TCTATCAAGCCTCGTG-1	nc_larvae
nc_TCTATCAAGTCTGCAT-1	nc_larvae
nc_TCTATCACAAGATGGC-1	nc_larvae
nc_TCTATCACACCCGTAG-1	nc_larvae
nc_TCTATCACAGAATCGG-1	nc_larvae
nc_TCTATCAGTAACAGTA-1	nc_larvae
nc_TCTATCAGTAAGGAGA-1	nc_larvae
nc_TCTATCAGTCCCACGA-1	nc_larvae
nc_TCTATCAGTCGTACTA-1	nc_larvae
nc_TCTATCAGTCGTATGT-1	nc_larvae
nc_TCTATCATCAAGCTTG-1	nc_larvae
nc_TCTATCATCCACGTAA-1	nc_larvae
nc_TCTATCATCCGCTAGG-1	nc_larvae
nc_TCTCACGAGCGAGTCA-1	nc_larvae
nc_TCTCACGAGCTCATAC-1	nc_larvae
nc_TCTCACGAGTCGAAAT-1	nc_larvae
nc_TCTCACGCAAACTAGA-1	nc_larvae
nc_TCTCACGCAAAGGCAC-1	nc_larvae
nc_TCTCACGCACAATGCT-1	nc_larvae
nc_TCTCACGCACGGTGTC-1	nc_larvae
nc_TCTCACGCATTCCTCG-1	nc_larvae
nc_TCTCACGGTAAGCAAT-1	nc_larvae
nc_TCTCACGGTACTGCGC-1	nc_larvae
nc_TCTCACGGTATCTTCT-1	nc_larvae
nc_TCTCACGGTCATACCA-1	nc_larvae
nc_TCTCACGGTGGTACAG-1	nc_larvae
nc_TCTCACGTCGACGTCG-1	nc_larvae
nc_TCTCAGCAGATCCTAC-1	nc_larvae
nc_TCTCAGCCACATTCGA-1	nc_larvae
nc_TCTCAGCCAGGTCAGA-1	nc_larvae
nc_TCTCAGCGTAATGCGG-1	nc_larvae
nc_TCTCAGCGTCAGACGA-1	nc_larvae
nc_TCTCAGCGTGACCTGC-1	nc_larvae
nc_TCTCAGCGTGCAACAG-1	nc_larvae
nc_TCTCAGCTCAGTGCGC-1	nc_larvae
nc_TCTCAGCTCCTTGGAA-1	nc_larvae
nc_TCTCAGCTCGCGCTGA-1	nc_larvae
nc_TCTCAGCTCGGAGCAA-1	nc_larvae
nc_TCTCAGCTCTATGCCC-1	nc_larvae
nc_TCTCCGAAGAAAGTCT-1	nc_larvae
nc_TCTCCGAAGAGGGTAA-1	nc_larvae
nc_TCTCCGAAGTAAATGC-1	nc_larvae
nc_TCTCCGACAAGTGGAC-1	nc_larvae
nc_TCTCCGACAATCGCCG-1	nc_larvae
nc_TCTCCGACATCCGTGG-1	nc_larvae
nc_TCTCCGAGTTCTATCT-1	nc_larvae
nc_TCTCCGATCCCATAAG-1	nc_larvae
nc_TCTCCGATCTATCCAT-1	nc_larvae
nc_TCTCTGGAGTTGCATC-1	nc_larvae
nc_TCTCTGGCAAGACAAT-1	nc_larvae
nc_TCTCTGGCAATTGCAC-1	nc_larvae
nc_TCTCTGGCACGGCCAT-1	nc_larvae
nc_TCTCTGGCACTATCCC-1	nc_larvae
nc_TCTCTGGCATCGAGCC-1	nc_larvae
nc_TCTCTGGGTGAAGCGT-1	nc_larvae
nc_TCTCTGGTCAGTGTTG-1	nc_larvae
nc_TCTCTGGTCCGGGACT-1	nc_larvae
nc_TCTCTGGTCGCCATAA-1	nc_larvae
nc_TCTCTGGTCGGCTTCT-1	nc_larvae
nc_TCTGCCAAGCGATGAC-1	nc_larvae
nc_TCTGCCACAGTCTTCC-1	nc_larvae
nc_TCTGCCAGTCACTTAG-1	nc_larvae
nc_TCTGCCAGTCGCATTA-1	nc_larvae
nc_TCTGCCAGTCGTTCAA-1	nc_larvae
nc_TCTGCCAGTCTACGTA-1	nc_larvae
nc_TCTGCCAGTCTCTCTG-1	nc_larvae
nc_TCTGCCATCCAAGCAT-1	nc_larvae
nc_TCTGCCATCCATCCGT-1	nc_larvae
nc_TCTGCCATCCTGTTAT-1	nc_larvae
nc_TCTGCCATCTTAGTTC-1	nc_larvae
nc_TCTGGCTAGAGAGGGC-1	nc_larvae
nc_TCTGGCTAGAGTACCG-1	nc_larvae
nc_TCTGGCTAGCCTCAAT-1	nc_larvae
nc_TCTGGCTAGCTGCCAC-1	nc_larvae
nc_TCTGGCTAGGACGCTA-1	nc_larvae
nc_TCTGGCTAGGTCCCGT-1	nc_larvae
nc_TCTGGCTCACTCATAG-1	nc_larvae
nc_TCTGGCTCATAGCACT-1	nc_larvae
nc_TCTGGCTCATCTTTCA-1	nc_larvae
nc_TCTGGCTGTACTAGCT-1	nc_larvae
nc_TCTGGCTGTCATCAGT-1	nc_larvae
nc_TCTGGCTTCGAAGAAT-1	nc_larvae
nc_TCTGTCGAGCATCCCG-1	nc_larvae
nc_TCTGTCGAGCCTTTGA-1	nc_larvae
nc_TCTGTCGAGGAACGCT-1	nc_larvae
nc_TCTGTCGAGGTTTGAA-1	nc_larvae
nc_TCTGTCGAGTCTGTAC-1	nc_larvae
nc_TCTGTCGCAACACGAG-1	nc_larvae
nc_TCTGTCGCACGGTGAA-1	nc_larvae
nc_TCTGTCGCACTTACAG-1	nc_larvae
nc_TCTGTCGCATGTTTGG-1	nc_larvae
nc_TCTGTCGTCCCACAGG-1	nc_larvae
nc_TCTGTCGTCCTACGGG-1	nc_larvae
nc_TCTGTCGTCGCCATAA-1	nc_larvae
nc_TCTGTCGTCTGTCCGT-1	nc_larvae
nc_TCTTAGTAGACCTTTG-1	nc_larvae
nc_TCTTAGTAGACGGAAA-1	nc_larvae
nc_TCTTAGTAGTACCGGA-1	nc_larvae
nc_TCTTAGTCAACTGTGT-1	nc_larvae
nc_TCTTAGTCAAGCGCTC-1	nc_larvae
nc_TCTTAGTCACCTCAGG-1	nc_larvae
nc_TCTTAGTCACTTCATT-1	nc_larvae
nc_TCTTAGTGTCCACAGC-1	nc_larvae
nc_TCTTAGTGTGCGAGTA-1	nc_larvae
nc_TCTTAGTTCAACTGGT-1	nc_larvae
nc_TCTTAGTTCAAGCTTG-1	nc_larvae
nc_TCTTAGTTCAGTGCGC-1	nc_larvae
nc_TCTTAGTTCCTTCTAA-1	nc_larvae
nc_TCTTAGTTCTTCACAT-1	nc_larvae
nc_TCTTAGTTCTTGGCTC-1	nc_larvae
nc_TCTTAGTTCTTGGTCC-1	nc_larvae
nc_TCTTAGTTCTTTACAC-1	nc_larvae
nc_TCTTCCTAGAGGTATT-1	nc_larvae
nc_TCTTCCTAGCATATGA-1	nc_larvae
nc_TCTTCCTAGCGACTTT-1	nc_larvae
nc_TCTTCCTAGCTTTCCC-1	nc_larvae
nc_TCTTCCTAGTACCATC-1	nc_larvae
nc_TCTTCCTAGTGAACAT-1	nc_larvae
nc_TCTTCCTAGTGCCCGT-1	nc_larvae
nc_TCTTCCTCACTCCCTA-1	nc_larvae
nc_TCTTCCTCAGATTCGT-1	nc_larvae
nc_TCTTCCTCATCGGTTA-1	nc_larvae
nc_TCTTCCTGTAATGATG-1	nc_larvae
nc_TCTTCCTGTCGTGCCA-1	nc_larvae
nc_TCTTCCTGTTTACTGG-1	nc_larvae
nc_TCTTGCGAGGTTAAAC-1	nc_larvae
nc_TCTTGCGAGTTATGGA-1	nc_larvae
nc_TCTTGCGCACCTGCGA-1	nc_larvae
nc_TCTTGCGCACGTACTA-1	nc_larvae
nc_TCTTGCGCACTGGCGT-1	nc_larvae
nc_TCTTGCGCACTTCCTG-1	nc_larvae
nc_TCTTGCGCAGGTCCCA-1	nc_larvae
nc_TCTTGCGCATGACTAC-1	nc_larvae
nc_TCTTGCGGTACAGCGA-1	nc_larvae
nc_TCTTGCGGTAGCGCTC-1	nc_larvae
nc_TCTTGCGGTAGCTTGT-1	nc_larvae
nc_TCTTGCGGTCGGAACA-1	nc_larvae
nc_TCTTGCGTCTCTGGTC-1	nc_larvae
nc_TCTTTGAAGCCATATC-1	nc_larvae
nc_TCTTTGAAGCCTCACG-1	nc_larvae
nc_TCTTTGAAGCGATCGA-1	nc_larvae
nc_TCTTTGAAGTAACGTA-1	nc_larvae
nc_TCTTTGACACCGTCGA-1	nc_larvae
nc_TCTTTGAGTACAGCGA-1	nc_larvae
nc_TCTTTGATCAGCGGAA-1	nc_larvae
nc_TCTTTGATCCTCACGT-1	nc_larvae
nc_TCTTTGATCGGAAGGT-1	nc_larvae
nc_TCTTTGATCTAGCCTC-1	nc_larvae
nc_TGAACGTAGCAGTCTT-1	nc_larvae
nc_TGAACGTAGGCTGTAG-1	nc_larvae
nc_TGAACGTCAAATGGAT-1	nc_larvae
nc_TGAACGTCATCCTAAG-1	nc_larvae
nc_TGAACGTCATCTCCCA-1	nc_larvae
nc_TGAACGTGTCGTCATA-1	nc_larvae
nc_TGAACGTGTCTGGTTA-1	nc_larvae
nc_TGAACGTGTTGAAGTA-1	nc_larvae
nc_TGAACGTTCCGAGCTG-1	nc_larvae
nc_TGAATCGAGACTGGGT-1	nc_larvae
nc_TGAATCGAGCCTTCTC-1	nc_larvae
nc_TGAATCGAGTGTACAA-1	nc_larvae
nc_TGAATCGCACACCGAC-1	nc_larvae
nc_TGAATCGCACATACGT-1	nc_larvae
nc_TGAATCGCACCGTGAC-1	nc_larvae
nc_TGAATCGCAGATGCGA-1	nc_larvae
nc_TGAATCGCAGTTGTCA-1	nc_larvae
nc_TGAATCGCATGTCGTA-1	nc_larvae
nc_TGAATCGCATTCACAG-1	nc_larvae
nc_TGAATCGCATTGTCGA-1	nc_larvae
nc_TGAATCGGTAAGATCA-1	nc_larvae
nc_TGAATCGGTACAAGTA-1	nc_larvae
nc_TGAATCGGTATCGATC-1	nc_larvae
nc_TGAATCGGTCCTGAAT-1	nc_larvae
nc_TGAATCGTCCTTTGAT-1	nc_larvae
nc_TGAATGCAGAGTCTTC-1	nc_larvae
nc_TGAATGCAGGTACTGG-1	nc_larvae
nc_TGAATGCAGTTCCTGA-1	nc_larvae
nc_TGAATGCCAACAGTGG-1	nc_larvae
nc_TGAATGCCACACCTAA-1	nc_larvae
nc_TGAATGCCATGGCTAT-1	nc_larvae
nc_TGAATGCCATGGTGGA-1	nc_larvae
nc_TGAATGCGTCACCACG-1	nc_larvae
nc_TGAATGCGTCAGACGA-1	nc_larvae
nc_TGAATGCGTCCAGCCA-1	nc_larvae
nc_TGAATGCGTCTACTGA-1	nc_larvae
nc_TGAATGCGTCTGTCAA-1	nc_larvae
nc_TGAATGCGTGTCATTG-1	nc_larvae
nc_TGACAGTAGAAACCCG-1	nc_larvae
nc_TGACAGTAGCCTGACC-1	nc_larvae
nc_TGACAGTAGTCATGGG-1	nc_larvae
nc_TGACAGTCAGATCACT-1	nc_larvae
nc_TGACAGTCATCCTTCG-1	nc_larvae
nc_TGACAGTGTATAGGAT-1	nc_larvae
nc_TGACAGTGTGAAAGTT-1	nc_larvae
nc_TGACAGTTCAACTCTT-1	nc_larvae
nc_TGACAGTTCACCGCTT-1	nc_larvae
nc_TGACAGTTCCAAGCCG-1	nc_larvae
nc_TGACAGTTCCTAGCCT-1	nc_larvae
nc_TGACAGTTCGAACCAT-1	nc_larvae
nc_TGACAGTTCGGCCTTT-1	nc_larvae
nc_TGACCCTAGACGATAT-1	nc_larvae
nc_TGACCCTAGAGCATCG-1	nc_larvae
nc_TGACCCTAGATCCAAA-1	nc_larvae
nc_TGACCCTAGGGCGAAG-1	nc_larvae
nc_TGACCCTAGTTCCATG-1	nc_larvae
nc_TGACCCTCACGTTGGC-1	nc_larvae
nc_TGACCCTCATAGAATG-1	nc_larvae
nc_TGACCCTCATCTCCCA-1	nc_larvae
nc_TGACCCTTCAAACCCA-1	nc_larvae
nc_TGACCCTTCGAGATAA-1	nc_larvae
nc_TGACCCTTCGCTCCTA-1	nc_larvae
nc_TGACCCTTCGGCTGAC-1	nc_larvae
nc_TGACCCTTCTGGCTGG-1	nc_larvae
nc_TGACGCGAGGAGACCT-1	nc_larvae
nc_TGACGCGCAAGCGCAA-1	nc_larvae
nc_TGACGCGCAGGATCTT-1	nc_larvae
nc_TGACGCGCAGTCAACT-1	nc_larvae
nc_TGACGCGGTAGATCCT-1	nc_larvae
nc_TGACGCGGTATCGAAA-1	nc_larvae
nc_TGACGCGTCCACGGAC-1	nc_larvae
nc_TGACGCGTCTGAGGCC-1	nc_larvae
nc_TGACTCCAGAAGCCTG-1	nc_larvae
nc_TGACTCCAGCTCGGCT-1	nc_larvae
nc_TGACTCCAGTAGGAAG-1	nc_larvae
nc_TGACTCCAGTAGGCCA-1	nc_larvae
nc_TGACTCCCACTGGAAG-1	nc_larvae
nc_TGACTCCCAGAACGCA-1	nc_larvae
nc_TGACTCCCAGGCAATG-1	nc_larvae
nc_TGACTCCGTTCTGACA-1	nc_larvae
nc_TGACTCCGTTTCTATC-1	nc_larvae
nc_TGACTCCTCATGAGGG-1	nc_larvae
nc_TGAGACTAGCAGATAT-1	nc_larvae
nc_TGAGACTAGCCGATTT-1	nc_larvae
nc_TGAGACTCATGACTAC-1	nc_larvae
nc_TGAGACTCATTGGATC-1	nc_larvae
nc_TGAGACTGTGAAGCGT-1	nc_larvae
nc_TGAGACTTCATGGGAG-1	nc_larvae
nc_TGAGACTTCCGGGACT-1	nc_larvae
nc_TGAGACTTCGGAAACG-1	nc_larvae
nc_TGAGACTTCTTCGTAT-1	nc_larvae
nc_TGAGCATAGCAGCCCT-1	nc_larvae
nc_TGAGCATAGCTTTCTT-1	nc_larvae
nc_TGAGCATGTCGCGGTT-1	nc_larvae
nc_TGAGCATGTGCATGAG-1	nc_larvae
nc_TGAGCATTCCGGTAAT-1	nc_larvae
nc_TGAGCATTCGAACCAT-1	nc_larvae
nc_TGAGCATTCGACGCTG-1	nc_larvae
nc_TGAGCATTCGCATAGT-1	nc_larvae
nc_TGAGCGCAGATGACCG-1	nc_larvae
nc_TGAGCGCAGCATATGA-1	nc_larvae
nc_TGAGCGCAGGGTCAAC-1	nc_larvae
nc_TGAGCGCCAAGAATGT-1	nc_larvae
nc_TGAGCGCGTCGCATTA-1	nc_larvae
nc_TGAGCGCGTGCTGTCG-1	nc_larvae
nc_TGAGCGCGTTTACTTC-1	nc_larvae
nc_TGAGCGCTCAAAGGTA-1	nc_larvae
nc_TGAGCGCTCAGTGCGC-1	nc_larvae
nc_TGAGCGCTCGCCGAGT-1	nc_larvae
nc_TGAGGAGAGCAGGCTA-1	nc_larvae
nc_TGAGGAGAGCGCATCC-1	nc_larvae
nc_TGAGGAGCAACAAAGT-1	nc_larvae
nc_TGAGGAGCAGGACGAT-1	nc_larvae
nc_TGAGGAGGTCTAGGTT-1	nc_larvae
nc_TGAGGAGTCAGTGTCA-1	nc_larvae
nc_TGAGGAGTCCGAGGCT-1	nc_larvae
nc_TGAGGAGTCTCCGTGT-1	nc_larvae
nc_TGAGGGAAGGGAGAAT-1	nc_larvae
nc_TGAGGGAAGGTTAGTA-1	nc_larvae
nc_TGAGGGAAGTGCGACA-1	nc_larvae
nc_TGAGGGACAATTTCCT-1	nc_larvae
nc_TGAGGGACAGACATCT-1	nc_larvae
nc_TGAGGGAGTAATGTGA-1	nc_larvae
nc_TGAGGGAGTGGCGTAA-1	nc_larvae
nc_TGAGGGATCGAACACT-1	nc_larvae
nc_TGAGGGATCGTCAAAC-1	nc_larvae
nc_TGAGGGATCGTCCTCA-1	nc_larvae
nc_TGAGGGATCTGGACCG-1	nc_larvae
nc_TGAGGTTAGGTTGTTC-1	nc_larvae
nc_TGAGGTTCAGATCACT-1	nc_larvae
nc_TGAGGTTCAGCGATTT-1	nc_larvae
nc_TGAGGTTGTATGGAGC-1	nc_larvae
nc_TGAGGTTGTCTCAGAT-1	nc_larvae
nc_TGAGGTTGTTACGTAC-1	nc_larvae
nc_TGAGGTTGTTGCATGT-1	nc_larvae
nc_TGAGTCAAGGCTCCCA-1	nc_larvae
nc_TGAGTCACAAGAATGT-1	nc_larvae
nc_TGAGTCACACCAATTG-1	nc_larvae
nc_TGAGTCACACCCTTGT-1	nc_larvae
nc_TGAGTCAGTATCTCTT-1	nc_larvae
nc_TGAGTCAGTGAGGAAA-1	nc_larvae
nc_TGAGTCAGTGCATTAC-1	nc_larvae
nc_TGAGTCAGTGCGAGTA-1	nc_larvae
nc_TGAGTCAGTTAGAAGT-1	nc_larvae
nc_TGAGTCATCCACGTAA-1	nc_larvae
nc_TGATCAGAGAGACAAG-1	nc_larvae
nc_TGATCAGAGGCCCAAA-1	nc_larvae
nc_TGATCAGAGTCGGGAT-1	nc_larvae
nc_TGATCAGGTCTCAAGT-1	nc_larvae
nc_TGATCAGGTCTTGCTC-1	nc_larvae
nc_TGATCAGTCGCCGTGA-1	nc_larvae
nc_TGATCTTAGAGCAGTC-1	nc_larvae
nc_TGATCTTAGAGTCTTC-1	nc_larvae
nc_TGATCTTAGCGCCTCA-1	nc_larvae
nc_TGATCTTCACTAGAGG-1	nc_larvae
nc_TGATCTTCAGTCAGCC-1	nc_larvae
nc_TGATCTTGTCCATACA-1	nc_larvae
nc_TGATCTTGTCGAAACG-1	nc_larvae
nc_TGATCTTGTCTCACAA-1	nc_larvae
nc_TGATCTTGTTCCTACC-1	nc_larvae
nc_TGATCTTGTTGAGGAC-1	nc_larvae
nc_TGATCTTTCACCCTTG-1	nc_larvae
nc_TGATCTTTCCCTTTGG-1	nc_larvae
nc_TGATCTTTCTGTCCGT-1	nc_larvae
nc_TGATGCAAGACCGCCT-1	nc_larvae
nc_TGATGCAAGCACAAAT-1	nc_larvae
nc_TGATGCAAGCTATCTG-1	nc_larvae
nc_TGATGCAAGTGAGGTC-1	nc_larvae
nc_TGATGCACAACTCGTA-1	nc_larvae
nc_TGATGCACACATGACT-1	nc_larvae
nc_TGATGCACACTAGGCC-1	nc_larvae
nc_TGATGCACAGGTAGTG-1	nc_larvae
nc_TGATGCAGTGGTTTAC-1	nc_larvae
nc_TGATGCAGTTCTATCT-1	nc_larvae
nc_TGATGCAGTTGCTCCT-1	nc_larvae
nc_TGATGCATCAACACGT-1	nc_larvae
nc_TGATGCATCCAGCTCT-1	nc_larvae
nc_TGATGCATCCCAGGAC-1	nc_larvae
nc_TGATGCATCCCTCGAT-1	nc_larvae
nc_TGATGCATCTTGAGCA-1	nc_larvae
nc_TGATGGTAGGGTAGCT-1	nc_larvae
nc_TGATGGTAGGTTCCAT-1	nc_larvae
nc_TGATGGTAGTAGCTCT-1	nc_larvae
nc_TGATGGTCATAAGCAA-1	nc_larvae
nc_TGATGGTTCGGCATAT-1	nc_larvae
nc_TGATTCTAGAATCGTA-1	nc_larvae
nc_TGATTCTAGGCCTAGA-1	nc_larvae
nc_TGATTCTAGGGACACT-1	nc_larvae
nc_TGATTCTAGTTTCTTC-1	nc_larvae
nc_TGATTCTCAAATCGGG-1	nc_larvae
nc_TGATTCTCAACCGCCA-1	nc_larvae
nc_TGATTCTCAATTTCGG-1	nc_larvae
nc_TGATTCTCACCCGTAG-1	nc_larvae
nc_TGATTCTCATCTGTTT-1	nc_larvae
nc_TGATTCTGTAACCCGC-1	nc_larvae
nc_TGATTCTGTAATTAGG-1	nc_larvae
nc_TGATTCTGTACGTACT-1	nc_larvae
nc_TGATTCTGTCACTGAT-1	nc_larvae
nc_TGATTCTGTGCCGTAC-1	nc_larvae
nc_TGATTCTTCGCTGTCT-1	nc_larvae
nc_TGATTCTTCGTCTACC-1	nc_larvae
nc_TGATTCTTCTGACAGT-1	nc_larvae
nc_TGATTCTTCTGCAGCG-1	nc_larvae
nc_TGATTTCAGCGAGAAA-1	nc_larvae
nc_TGATTTCAGGGTCTTT-1	nc_larvae
nc_TGATTTCCATCTCGTC-1	nc_larvae
nc_TGATTTCGTCCTTTGC-1	nc_larvae
nc_TGATTTCGTCGTTATG-1	nc_larvae
nc_TGATTTCGTTCTCACC-1	nc_larvae
nc_TGATTTCGTTCTTAGG-1	nc_larvae
nc_TGATTTCTCCTGTTAT-1	nc_larvae
nc_TGATTTCTCGTGCATA-1	nc_larvae
nc_TGATTTCTCGTTACCC-1	nc_larvae
nc_TGATTTCTCTGGGCAC-1	nc_larvae
nc_TGCACGGAGAAATTGC-1	nc_larvae
nc_TGCACGGAGAATAACC-1	nc_larvae
nc_TGCACGGAGAGCTTTC-1	nc_larvae
nc_TGCACGGAGATGAACT-1	nc_larvae
nc_TGCACGGAGTACCGGA-1	nc_larvae
nc_TGCACGGCACCGCTGA-1	nc_larvae
nc_TGCACGGCATACTGTG-1	nc_larvae
nc_TGCACGGCATGGCACC-1	nc_larvae
nc_TGCACGGGTACTCCGG-1	nc_larvae
nc_TGCACGGGTACTGTTG-1	nc_larvae
nc_TGCACGGGTATGAGCG-1	nc_larvae
nc_TGCACGGGTTGTGTAC-1	nc_larvae
nc_TGCACGGTCAAACTGC-1	nc_larvae
nc_TGCACGGTCAACTTTC-1	nc_larvae
nc_TGCACGGTCGTGGTAT-1	nc_larvae
nc_TGCACGGTCTTGGCTC-1	nc_larvae
nc_TGCAGATAGATCCCGC-1	nc_larvae
nc_TGCAGATAGATGACAT-1	nc_larvae
nc_TGCAGATAGTCTTGGT-1	nc_larvae
nc_TGCAGATCATACAGCT-1	nc_larvae
nc_TGCAGATCATATCTGG-1	nc_larvae
nc_TGCAGATGTAACAAGT-1	nc_larvae
nc_TGCAGATGTCATAGTC-1	nc_larvae
nc_TGCAGATGTCCGACGT-1	nc_larvae
nc_TGCAGATGTGTCATGT-1	nc_larvae
nc_TGCAGATTCCGATGTA-1	nc_larvae
nc_TGCAGATTCGATACAC-1	nc_larvae
nc_TGCAGATTCGCGCCAA-1	nc_larvae
nc_TGCAGATTCGCTAGCG-1	nc_larvae
nc_TGCAGGCAGTACAACA-1	nc_larvae
nc_TGCAGGCCAGTCCGTG-1	nc_larvae
nc_TGCAGGCGTCACTGAT-1	nc_larvae
nc_TGCAGGCGTGTCCATA-1	nc_larvae
nc_TGCAGGCTCATGCCGG-1	nc_larvae
nc_TGCAGGCTCCTACTGC-1	nc_larvae
nc_TGCAGGCTCGAGCCAC-1	nc_larvae
nc_TGCAGGCTCTTCACAT-1	nc_larvae
nc_TGCAGTAAGTAGCCAG-1	nc_larvae
nc_TGCAGTAAGTTTCAGC-1	nc_larvae
nc_TGCAGTACATTCACCC-1	nc_larvae
nc_TGCAGTAGTGCCTTTC-1	nc_larvae
nc_TGCAGTATCAGACCCG-1	nc_larvae
nc_TGCAGTATCCCGTGTT-1	nc_larvae
nc_TGCAGTATCGATCCAA-1	nc_larvae
nc_TGCATCCAGGCAGGGA-1	nc_larvae
nc_TGCATCCAGGCGTCCT-1	nc_larvae
nc_TGCATCCAGGGCAGGA-1	nc_larvae
nc_TGCATCCAGGTTGAGC-1	nc_larvae
nc_TGCATCCCAATGGGTG-1	nc_larvae
nc_TGCATCCCACGGATCC-1	nc_larvae
nc_TGCATCCCAGCAAGAC-1	nc_larvae
nc_TGCATCCGTAACATAG-1	nc_larvae
nc_TGCATCCTCAGCCCAG-1	nc_larvae
nc_TGCATCCTCCGATGTA-1	nc_larvae
nc_TGCATCCTCCGTGCGA-1	nc_larvae
nc_TGCATCCTCCTGTTGC-1	nc_larvae
nc_TGCATGAAGCCAGACA-1	nc_larvae
nc_TGCATGAAGCCTGTGC-1	nc_larvae
nc_TGCATGAAGCTCCACG-1	nc_larvae
nc_TGCATGAAGGGATCGT-1	nc_larvae
nc_TGCATGACACGTACTA-1	nc_larvae
nc_TGCATGACATCTAGAC-1	nc_larvae
nc_TGCATGAGTATCAGCT-1	nc_larvae
nc_TGCATGATCTGTGCTC-1	nc_larvae
nc_TGCCGAGAGACGCAGT-1	nc_larvae
nc_TGCCGAGAGTCGTCTA-1	nc_larvae
nc_TGCCGAGCAAGCGCAA-1	nc_larvae
nc_TGCCGAGCAATAGTCC-1	nc_larvae
nc_TGCCGAGCACAATGCT-1	nc_larvae
nc_TGCCGAGCAGGCTTGC-1	nc_larvae
nc_TGCCGAGGTATGGAAT-1	nc_larvae
nc_TGCCGAGGTGACAACG-1	nc_larvae
nc_TGCCGAGGTGCCGGTT-1	nc_larvae
nc_TGCCGAGGTTTGGAGG-1	nc_larvae
nc_TGCCGAGTCAATCCAG-1	nc_larvae
nc_TGCCGAGTCAATCTTC-1	nc_larvae
nc_TGCCGAGTCGCAGTTA-1	nc_larvae
nc_TGCGACGAGAAATCCA-1	nc_larvae
nc_TGCGACGAGTACGTCT-1	nc_larvae
nc_TGCGACGCAAGCAGGT-1	nc_larvae
nc_TGCGACGCACCCTATC-1	nc_larvae
nc_TGCGACGCAGAAGCGT-1	nc_larvae
nc_TGCGACGCATCGATGT-1	nc_larvae
nc_TGCGACGGTTCGGCGT-1	nc_larvae
nc_TGCGACGTCCTCGATC-1	nc_larvae
nc_TGCGACGTCGTCAAAC-1	nc_larvae
nc_TGCGACGTCGTCTCAC-1	nc_larvae
nc_TGCGATAAGAAACACT-1	nc_larvae
nc_TGCGATAAGCTCGTGC-1	nc_larvae
nc_TGCGATAAGGATAATC-1	nc_larvae
nc_TGCGATAAGTCTTCCC-1	nc_larvae
nc_TGCGATACAATTCTCT-1	nc_larvae
nc_TGCGATACAGAGAGGG-1	nc_larvae
nc_TGCGATACAGGTAGTG-1	nc_larvae
nc_TGCGATAGTCCATAGT-1	nc_larvae
nc_TGCGATAGTGCTAGCC-1	nc_larvae
nc_TGCGATAGTGTTTCTT-1	nc_larvae
nc_TGCGATAGTTGGACCC-1	nc_larvae
nc_TGCGATATCACGACTA-1	nc_larvae
nc_TGCGATATCAGCTGTA-1	nc_larvae
nc_TGCGATATCAGTGATC-1	nc_larvae
nc_TGCGATATCCATACTT-1	nc_larvae
nc_TGCGATATCGAACGGA-1	nc_larvae
nc_TGCGATATCGCGCTGA-1	nc_larvae
nc_TGCGGCAAGAGAGGGC-1	nc_larvae
nc_TGCGGCAAGCGCAATG-1	nc_larvae
nc_TGCGGCAAGCGTACAG-1	nc_larvae
nc_TGCGGCAAGCGTCTCG-1	nc_larvae
nc_TGCGGCACAATCCTAG-1	nc_larvae
nc_TGCGGCACACTTGAGT-1	nc_larvae
nc_TGCGGCACAGATTAAG-1	nc_larvae
nc_TGCGGCACAGGTCTCG-1	nc_larvae
nc_TGCGGCAGTGACGCCT-1	nc_larvae
nc_TGCGGCATCTTGAACG-1	nc_larvae
nc_TGCGGGTAGAACTTCC-1	nc_larvae
nc_TGCGGGTAGAATCGAT-1	nc_larvae
nc_TGCGGGTAGGAGACCT-1	nc_larvae
nc_TGCGGGTCAGACAAGC-1	nc_larvae
nc_TGCGGGTCAGTAACGG-1	nc_larvae
nc_TGCGGGTCATACTTTC-1	nc_larvae
nc_TGCGGGTCATGAAGCG-1	nc_larvae
nc_TGCGGGTGTAGTCGTT-1	nc_larvae
nc_TGCGGGTGTGTCATTG-1	nc_larvae
nc_TGCGGGTTCGGCTCTT-1	nc_larvae
nc_TGCGGGTTCTTTCGAT-1	nc_larvae
nc_TGCTCCAAGAGTCACG-1	nc_larvae
nc_TGCTCCAAGGAATGTT-1	nc_larvae
nc_TGCTCCAAGGAGATAG-1	nc_larvae
nc_TGCTCCAAGTCCGTCG-1	nc_larvae
nc_TGCTCCACAGCAGTTT-1	nc_larvae
nc_TGCTCCACAGTTTCGA-1	nc_larvae
nc_TGCTCCACATCGCTCT-1	nc_larvae
nc_TGCTCCACATGGCTGC-1	nc_larvae
nc_TGCTCCAGTACCGTGC-1	nc_larvae
nc_TGCTCCAGTTACCCTC-1	nc_larvae
nc_TGCTCCAGTTTCGTGA-1	nc_larvae
nc_TGCTCCATCCATTCAT-1	nc_larvae
nc_TGCTCCATCCTCATAT-1	nc_larvae
nc_TGCTCGTAGAGCCGTA-1	nc_larvae
nc_TGCTCGTAGCAGAAAG-1	nc_larvae
nc_TGCTCGTAGCGCACAA-1	nc_larvae
nc_TGCTCGTCACGATAGG-1	nc_larvae
nc_TGCTCGTCACTGAGGA-1	nc_larvae
nc_TGCTCGTCAGACAAGC-1	nc_larvae
nc_TGCTCGTCAGATCCAT-1	nc_larvae
nc_TGCTCGTCAGATCCTA-1	nc_larvae
nc_TGCTCGTCATTCTTCA-1	nc_larvae
nc_TGCTCGTGTTCCCAAA-1	nc_larvae
nc_TGCTCGTTCTCAAAGC-1	nc_larvae
nc_TGCTGAAAGGGATGTC-1	nc_larvae
nc_TGCTGAAAGGGTACAC-1	nc_larvae
nc_TGCTGAAAGTTAACGA-1	nc_larvae
nc_TGCTGAAAGTTACGTC-1	nc_larvae
nc_TGCTGAACACATTCGA-1	nc_larvae
nc_TGCTGAACACGTCGGT-1	nc_larvae
nc_TGCTGAACAGCCTATA-1	nc_larvae
nc_TGCTGAAGTAGATCGG-1	nc_larvae
nc_TGCTGAAGTAGCACGA-1	nc_larvae
nc_TGCTGAAGTAGGAGTC-1	nc_larvae
nc_TGCTTCGAGAAATGGG-1	nc_larvae
nc_TGCTTCGAGACAGCGT-1	nc_larvae
nc_TGCTTCGAGCAGATAT-1	nc_larvae
nc_TGCTTCGAGCCGATCC-1	nc_larvae
nc_TGCTTCGAGTCGCCAC-1	nc_larvae
nc_TGCTTCGCACCGTACG-1	nc_larvae
nc_TGCTTCGCATGGGTCC-1	nc_larvae
nc_TGCTTCGGTACACGCC-1	nc_larvae
nc_TGCTTCGTCTGCAGCG-1	nc_larvae
nc_TGCTTGCAGAAGAGCA-1	nc_larvae
nc_TGCTTGCAGCTCAGAG-1	nc_larvae
nc_TGCTTGCAGGACAGTC-1	nc_larvae
nc_TGCTTGCAGTGCACTT-1	nc_larvae
nc_TGCTTGCCAAAGAACT-1	nc_larvae
nc_TGCTTGCCACATACTG-1	nc_larvae
nc_TGCTTGCGTACGGGAT-1	nc_larvae
nc_TGCTTGCGTGTCTTCC-1	nc_larvae
nc_TGCTTGCTCGTTCATT-1	nc_larvae
nc_TGGAACTAGACAGCTG-1	nc_larvae
nc_TGGAACTAGACTCAAA-1	nc_larvae
nc_TGGAACTCAGTTTGGT-1	nc_larvae
nc_TGGAACTCATACTTTC-1	nc_larvae
nc_TGGAACTGTACCCACG-1	nc_larvae
nc_TGGAACTGTCACTAGT-1	nc_larvae
nc_TGGAACTGTGTCATCA-1	nc_larvae
nc_TGGAACTTCCACATAG-1	nc_larvae
nc_TGGAACTTCGGCTTCT-1	nc_larvae
nc_TGGAACTTCTCTAGGA-1	nc_larvae
nc_TGGAGAGAGCAGTCTT-1	nc_larvae
nc_TGGAGAGAGGAATCGC-1	nc_larvae
nc_TGGAGAGAGGTACAGC-1	nc_larvae
nc_TGGAGAGCAAGCACCC-1	nc_larvae
nc_TGGAGAGCACGTAGTT-1	nc_larvae
nc_TGGAGAGCAGCCCAGT-1	nc_larvae
nc_TGGAGAGCAGCTTTGA-1	nc_larvae
nc_TGGAGAGCATCCGGCA-1	nc_larvae
nc_TGGAGAGCATGAGGGT-1	nc_larvae
nc_TGGAGAGGTCGACGCT-1	nc_larvae
nc_TGGAGAGGTGGAAGTC-1	nc_larvae
nc_TGGAGAGTCGGTTGTA-1	nc_larvae
nc_TGGAGAGTCTGAGAAA-1	nc_larvae
nc_TGGAGGAAGTCACTCA-1	nc_larvae
nc_TGGAGGAAGTCTCCTC-1	nc_larvae
nc_TGGAGGACAAACCGGA-1	nc_larvae
nc_TGGAGGACACGAAAGC-1	nc_larvae
nc_TGGAGGACATACCGTA-1	nc_larvae
nc_TGGAGGACATATGAAG-1	nc_larvae
nc_TGGAGGAGTAATACCC-1	nc_larvae
nc_TGGAGGAGTAGCGAGT-1	nc_larvae
nc_TGGAGGAGTCACTCAA-1	nc_larvae
nc_TGGAGGAGTCGCTGCA-1	nc_larvae
nc_TGGAGGAGTTCCAGGC-1	nc_larvae
nc_TGGAGGATCCATAGGT-1	nc_larvae
nc_TGGAGGATCGCCAATA-1	nc_larvae
nc_TGGAGGATCGGAAGGT-1	nc_larvae
nc_TGGAGGATCGTTACCC-1	nc_larvae
nc_TGGATCAAGACATGCG-1	nc_larvae
nc_TGGATCAAGCGCTGCT-1	nc_larvae
nc_TGGATCAAGGACACTG-1	nc_larvae
nc_TGGATCAAGTACTCGT-1	nc_larvae
nc_TGGATCAAGTTATGGA-1	nc_larvae
nc_TGGATCACACGACAAG-1	nc_larvae
nc_TGGATCAGTACTTCCC-1	nc_larvae
nc_TGGATCATCAATGCAC-1	nc_larvae
nc_TGGATCATCCGATAAC-1	nc_larvae
nc_TGGATCATCCGCGAGT-1	nc_larvae
nc_TGGATCATCCGTTGGG-1	nc_larvae
nc_TGGATCATCCTTCGAC-1	nc_larvae
nc_TGGATCATCTGTAAGC-1	nc_larvae
nc_TGGATGTAGGTGCCTC-1	nc_larvae
nc_TGGATGTCAGCTATTG-1	nc_larvae
nc_TGGATGTCATTGACAC-1	nc_larvae
nc_TGGATGTGTCCTGTTC-1	nc_larvae
nc_TGGATGTGTGACACGA-1	nc_larvae
nc_TGGATGTGTGATTGGG-1	nc_larvae
nc_TGGATGTGTTCCTAAG-1	nc_larvae
nc_TGGATGTTCGTTCCCA-1	nc_larvae
nc_TGGCGTGAGACCCTTA-1	nc_larvae
nc_TGGCGTGCACCCAATA-1	nc_larvae
nc_TGGCGTGCACTGGCCA-1	nc_larvae
nc_TGGCGTGCATGGAAGC-1	nc_larvae
nc_TGGCGTGGTATGGTAA-1	nc_larvae
nc_TGGCGTGGTCGATTCA-1	nc_larvae
nc_TGGCGTGGTTGCATGT-1	nc_larvae
nc_TGGCGTGTCATAGACC-1	nc_larvae
nc_TGGCGTGTCCACTTCG-1	nc_larvae
nc_TGGCGTGTCCCATTCG-1	nc_larvae
nc_TGGCGTGTCCCTCTTT-1	nc_larvae
nc_TGGCGTGTCGGAGTGA-1	nc_larvae
nc_TGGCGTGTCGTTCGCT-1	nc_larvae
nc_TGGGAAGAGAGCAGTC-1	nc_larvae
nc_TGGGAAGAGCAGCCCT-1	nc_larvae
nc_TGGGAAGAGTTCCTGA-1	nc_larvae
nc_TGGGAAGCAACCAATC-1	nc_larvae
nc_TGGGAAGCAAGGCAAC-1	nc_larvae
nc_TGGGAAGCACACTTAG-1	nc_larvae
nc_TGGGAAGGTAACACCT-1	nc_larvae
nc_TGGGAAGGTATTGAGA-1	nc_larvae
nc_TGGGAAGTCAGTGCGC-1	nc_larvae
nc_TGGGAGAAGGCCCAAA-1	nc_larvae
nc_TGGGAGAAGGCGATAC-1	nc_larvae
nc_TGGGAGAAGTACAGCG-1	nc_larvae
nc_TGGGAGAAGTCCTACA-1	nc_larvae
nc_TGGGAGACAGCTCTGG-1	nc_larvae
nc_TGGGAGAGTGGATACG-1	nc_larvae
nc_TGGGAGATCGCTAGCG-1	nc_larvae
nc_TGGGAGATCTCCACTG-1	nc_larvae
nc_TGGGAGATCTCCTGTG-1	nc_larvae
nc_TGGGAGATCTGCCTCA-1	nc_larvae
nc_TGGGATTAGCCATCCG-1	nc_larvae
nc_TGGGATTAGCGCAATG-1	nc_larvae
nc_TGGGATTAGGTCGTGA-1	nc_larvae
nc_TGGGATTAGTTGTACC-1	nc_larvae
nc_TGGGATTCATCCAACA-1	nc_larvae
nc_TGGGATTGTACGACAG-1	nc_larvae
nc_TGGGATTGTACTGAGG-1	nc_larvae
nc_TGGGATTGTCGTGCCA-1	nc_larvae
nc_TGGGATTGTGGTCAAG-1	nc_larvae
nc_TGGGATTGTTTCTATC-1	nc_larvae
nc_TGGGATTTCACGGACC-1	nc_larvae
nc_TGGGATTTCGGCTCTT-1	nc_larvae
nc_TGGGATTTCTCGTTTA-1	nc_larvae
nc_TGGGCGTAGAGCTGCA-1	nc_larvae
nc_TGGGCGTAGCTAGAAT-1	nc_larvae
nc_TGGGCGTAGTAAGAGG-1	nc_larvae
nc_TGGGCGTCAGACCATT-1	nc_larvae
nc_TGGGCGTGTAGAGTTA-1	nc_larvae
nc_TGGGCGTGTCAGACTT-1	nc_larvae
nc_TGGGCGTTCACGAACT-1	nc_larvae
nc_TGGGCGTTCCCATAAG-1	nc_larvae
nc_TGGGCGTTCTTGAACG-1	nc_larvae
nc_TGGGCTGCACACCTTC-1	nc_larvae
nc_TGGGCTGCACTGGCGT-1	nc_larvae
nc_TGGGCTGCAGCGAACA-1	nc_larvae
nc_TGGGCTGCATTAGGCT-1	nc_larvae
nc_TGGGCTGGTCACAGTT-1	nc_larvae
nc_TGGGCTGTCATTCGTT-1	nc_larvae
nc_TGGGCTGTCGCGTCGA-1	nc_larvae
nc_TGGGTTAAGCCAGAGT-1	nc_larvae
nc_TGGGTTAAGTACTCGT-1	nc_larvae
nc_TGGGTTAAGTCGGCAA-1	nc_larvae
nc_TGGGTTACAAGGTCTT-1	nc_larvae
nc_TGGGTTAGTCTTACTT-1	nc_larvae
nc_TGGGTTAGTGCCTACG-1	nc_larvae
nc_TGGGTTATCATGAGGG-1	nc_larvae
nc_TGGGTTATCATTGTTC-1	nc_larvae
nc_TGGGTTATCCGAAATC-1	nc_larvae
nc_TGGGTTATCCGTGCGA-1	nc_larvae
nc_TGGGTTATCTTCGTAT-1	nc_larvae
nc_TGGTACAAGCTATCCA-1	nc_larvae
nc_TGGTACACACAGTATC-1	nc_larvae
nc_TGGTACACACGGATCC-1	nc_larvae
nc_TGGTACACAGCTACCG-1	nc_larvae
nc_TGGTACAGTAGGAGTC-1	nc_larvae
nc_TGGTACAGTAGTTCCA-1	nc_larvae
nc_TGGTACAGTATACCTG-1	nc_larvae
nc_TGGTACAGTATCGTGT-1	nc_larvae
nc_TGGTACAGTCCAATCA-1	nc_larvae
nc_TGGTACAGTTATGACC-1	nc_larvae
nc_TGGTACATCAACCTCC-1	nc_larvae
nc_TGGTACATCGCATAGT-1	nc_larvae
nc_TGGTAGTAGGTCACCC-1	nc_larvae
nc_TGGTAGTAGTCTAGCT-1	nc_larvae
nc_TGGTAGTCACTTCTCG-1	nc_larvae
nc_TGGTAGTCAGTTAAAG-1	nc_larvae
nc_TGGTAGTGTTCTCCAC-1	nc_larvae
nc_TGGTAGTTCTCGCTTG-1	nc_larvae
nc_TGGTGATAGAGGCCAT-1	nc_larvae
nc_TGGTGATAGAGTTCGG-1	nc_larvae
nc_TGGTGATAGCGATTCT-1	nc_larvae
nc_TGGTGATGTGAATATG-1	nc_larvae
nc_TGGTGATTCAGCGTCG-1	nc_larvae
nc_TGGTGATTCATGCATG-1	nc_larvae
nc_TGGTGATTCGGAAGGT-1	nc_larvae
nc_TGGTGATTCTGCGATA-1	nc_larvae
nc_TGGTTAGCACGCTGCA-1	nc_larvae
nc_TGGTTAGCACGGGCTT-1	nc_larvae
nc_TGGTTAGCACTTGTGA-1	nc_larvae
nc_TGGTTAGCATCATTTC-1	nc_larvae
nc_TGGTTAGGTAATTGGA-1	nc_larvae
nc_TGGTTAGGTACTAACC-1	nc_larvae
nc_TGGTTAGGTAGGAGTC-1	nc_larvae
nc_TGGTTAGGTGGGACAT-1	nc_larvae
nc_TGGTTAGTCCATACAG-1	nc_larvae
nc_TGGTTAGTCGCAGAGA-1	nc_larvae
nc_TGGTTAGTCGGTGTAT-1	nc_larvae
nc_TGTAACGAGAGATCGC-1	nc_larvae
nc_TGTAACGAGGAGACCT-1	nc_larvae
nc_TGTAACGAGGCCACCT-1	nc_larvae
nc_TGTAACGAGTTCACTG-1	nc_larvae
nc_TGTAACGCATGGTACT-1	nc_larvae
nc_TGTAACGGTAACTGCT-1	nc_larvae
nc_TGTAACGGTAAGATAC-1	nc_larvae
nc_TGTAACGGTACCGGAA-1	nc_larvae
nc_TGTAACGGTGTACAGG-1	nc_larvae
nc_TGTAACGGTGTTATCG-1	nc_larvae
nc_TGTAACGTCAGGAACG-1	nc_larvae
nc_TGTAACGTCATTCGTT-1	nc_larvae
nc_TGTAACGTCCAGGACC-1	nc_larvae
nc_TGTAACGTCCCAGGAC-1	nc_larvae
nc_TGTAACGTCTAGTGAC-1	nc_larvae
nc_TGTAACGTCTATTCGT-1	nc_larvae
nc_TGTAAGCCACATACTG-1	nc_larvae
nc_TGTAAGCCACCAGGTC-1	nc_larvae
nc_TGTAAGCGTGCTCTTC-1	nc_larvae
nc_TGTAAGCTCACTTTGT-1	nc_larvae
nc_TGTAAGCTCGCCATAA-1	nc_larvae
nc_TGTACAGAGAGAACCC-1	nc_larvae
nc_TGTACAGAGTCCCGAC-1	nc_larvae
nc_TGTACAGGTATGGAGC-1	nc_larvae
nc_TGTACAGGTTCCAAAC-1	nc_larvae
nc_TGTACAGGTTGTTTGG-1	nc_larvae
nc_TGTACAGTCGGAGCAA-1	nc_larvae
nc_TGTACAGTCTATGTGG-1	nc_larvae
nc_TGTAGACAGATCCAAA-1	nc_larvae
nc_TGTAGACAGCCATATC-1	nc_larvae
nc_TGTAGACAGCTGGTGA-1	nc_larvae
nc_TGTAGACAGCTGTTAC-1	nc_larvae
nc_TGTAGACAGGTTTGAA-1	nc_larvae
nc_TGTAGACAGTTGCTCA-1	nc_larvae
nc_TGTAGACCAGCCGTCA-1	nc_larvae
nc_TGTAGACCAGGCATGA-1	nc_larvae
nc_TGTAGACCAGTCAGAG-1	nc_larvae
nc_TGTAGACCATGTCAGT-1	nc_larvae
nc_TGTAGACGTGACACGA-1	nc_larvae
nc_TGTAGACGTGCGTGCT-1	nc_larvae
nc_TGTAGACGTGTCCAAT-1	nc_larvae
nc_TGTAGACGTTAAACAG-1	nc_larvae
nc_TGTAGACGTTTGTTCT-1	nc_larvae
nc_TGTCAGAAGAAAGCGA-1	nc_larvae
nc_TGTCAGAAGAAGCGCT-1	nc_larvae
nc_TGTCAGAAGACCGCCT-1	nc_larvae
nc_TGTCAGAAGCAAGCCA-1	nc_larvae
nc_TGTCAGAAGCGTCAAG-1	nc_larvae
nc_TGTCAGAAGGAGAATG-1	nc_larvae
nc_TGTCAGAAGGTATAGT-1	nc_larvae
nc_TGTCAGACACTTACAG-1	nc_larvae
nc_TGTCAGACAGTCGAGA-1	nc_larvae
nc_TGTCAGACAGTGGCTC-1	nc_larvae
nc_TGTCAGATCAACCGAT-1	nc_larvae
nc_TGTCAGATCAGGGATG-1	nc_larvae
nc_TGTCAGATCCAACTAG-1	nc_larvae
nc_TGTCCACCAAGGGTCA-1	nc_larvae
nc_TGTCCACCAGGTGACA-1	nc_larvae
nc_TGTCCACGTACCCGCA-1	nc_larvae
nc_TGTCCACTCGGAGATG-1	nc_larvae
nc_TGTCCACTCGGTCACG-1	nc_larvae
nc_TGTCCACTCTACTCAT-1	nc_larvae
nc_TGTCCCAAGATTAGCA-1	nc_larvae
nc_TGTCCCAAGCACCTGC-1	nc_larvae
nc_TGTCCCAAGCGTGTTT-1	nc_larvae
nc_TGTCCCACATACAGCT-1	nc_larvae
nc_TGTCCCAGTACGATCT-1	nc_larvae
nc_TGTCCCAGTTAAGGGC-1	nc_larvae
nc_TGTCCCAGTTGCCAAT-1	nc_larvae
nc_TGTCCCATCGAAGTGG-1	nc_larvae
nc_TGTCCCATCGCCATAA-1	nc_larvae
nc_TGTCCCATCGGTAAGG-1	nc_larvae
nc_TGTCCTGAGCAGAAAG-1	nc_larvae
nc_TGTCCTGAGTATGTAG-1	nc_larvae
nc_TGTCCTGAGTTCCGTA-1	nc_larvae
nc_TGTCCTGAGTTTCGAC-1	nc_larvae
nc_TGTCCTGCAAGTACCT-1	nc_larvae
nc_TGTCCTGCACGTCGGT-1	nc_larvae
nc_TGTCCTGGTGGCCACT-1	nc_larvae
nc_TGTCCTGTCCCGTGAG-1	nc_larvae
nc_TGTCCTGTCGCTACAA-1	nc_larvae
nc_TGTCCTGTCTAGTGAC-1	nc_larvae
nc_TGTCCTGTCTCTGGTC-1	nc_larvae
nc_TGTCCTGTCTGCCTCA-1	nc_larvae
nc_TGTGAGTAGTCATGAA-1	nc_larvae
nc_TGTGAGTCAAGAAACT-1	nc_larvae
nc_TGTGAGTCAATAGTAG-1	nc_larvae
nc_TGTGAGTGTTGGCCGT-1	nc_larvae
nc_TGTGAGTTCAGGGATG-1	nc_larvae
nc_TGTGAGTTCATGTCTT-1	nc_larvae
nc_TGTGAGTTCGAGAACG-1	nc_larvae
nc_TGTGATGAGGGCAGGA-1	nc_larvae
nc_TGTGATGAGGTTGAGC-1	nc_larvae
nc_TGTGATGAGTGCCAGA-1	nc_larvae
nc_TGTGATGCAGAAATCA-1	nc_larvae
nc_TGTGATGGTCGCGTCA-1	nc_larvae
nc_TGTGATGGTGGATACG-1	nc_larvae
nc_TGTGATGGTGGGTATG-1	nc_larvae
nc_TGTGATGGTGGTACAG-1	nc_larvae
nc_TGTGATGTCACCACAA-1	nc_larvae
nc_TGTGCGGAGATAACAC-1	nc_larvae
nc_TGTGCGGAGCTGTACT-1	nc_larvae
nc_TGTGCGGAGGAAAGAC-1	nc_larvae
nc_TGTGCGGAGTTGAATG-1	nc_larvae
nc_TGTGCGGGTAATGCTC-1	nc_larvae
nc_TGTGCGGGTCCAGCGT-1	nc_larvae
nc_TGTGCGGGTTAAAGTG-1	nc_larvae
nc_TGTGCGGGTTGATCGT-1	nc_larvae
nc_TGTGCGGTCAGACCGC-1	nc_larvae
nc_TGTGCGGTCAGTCAGT-1	nc_larvae
nc_TGTGCGGTCGAACGGA-1	nc_larvae
nc_TGTGCGGTCGTCGACG-1	nc_larvae
nc_TGTGCGGTCTCTCGAC-1	nc_larvae
nc_TGTGGCGAGAGCAGCT-1	nc_larvae
nc_TGTGGCGAGAGTGTTA-1	nc_larvae
nc_TGTGGCGAGCATGAAT-1	nc_larvae
nc_TGTGGCGAGGCTAAAT-1	nc_larvae
nc_TGTGGCGAGTTTCGAC-1	nc_larvae
nc_TGTGGCGCACGCTTAA-1	nc_larvae
nc_TGTGGCGCAGAGATTA-1	nc_larvae
nc_TGTGGCGGTAACACGG-1	nc_larvae
nc_TGTGGCGGTATGCGTT-1	nc_larvae
nc_TGTGGCGGTCGCAACC-1	nc_larvae
nc_TGTGGCGTCTCCCAAC-1	nc_larvae
nc_TGTGTGAAGCCGGAAT-1	nc_larvae
nc_TGTGTGAAGTCCCTAA-1	nc_larvae
nc_TGTGTGAAGTCTCTGA-1	nc_larvae
nc_TGTGTGACATCCTATT-1	nc_larvae
nc_TGTGTGAGTAATGTGA-1	nc_larvae
nc_TGTGTGAGTAGGCAAC-1	nc_larvae
nc_TGTGTGAGTCCAGGTC-1	nc_larvae
nc_TGTGTGAGTTTGGAAA-1	nc_larvae
nc_TGTGTGATCACGGGCT-1	nc_larvae
nc_TGTGTGATCCTCTCGA-1	nc_larvae
nc_TGTGTGATCGGCATCG-1	nc_larvae
nc_TGTGTGATCTGACCCT-1	nc_larvae
nc_TGTTACTAGAGAGGGC-1	nc_larvae
nc_TGTTACTAGATTACCC-1	nc_larvae
nc_TGTTACTAGCATCAAA-1	nc_larvae
nc_TGTTACTAGGTCTACT-1	nc_larvae
nc_TGTTACTAGGTTCTTG-1	nc_larvae
nc_TGTTACTAGTTGAATG-1	nc_larvae
nc_TGTTACTCAGGGTCTC-1	nc_larvae
nc_TGTTACTTCAGCGCGT-1	nc_larvae
nc_TGTTACTTCGGAAGGT-1	nc_larvae
nc_TGTTACTTCTCTTCAA-1	nc_larvae
nc_TGTTCATAGAGTCTGG-1	nc_larvae
nc_TGTTCATCAAGTCGTT-1	nc_larvae
nc_TGTTCATCAATCGAAA-1	nc_larvae
nc_TGTTCATCAGTTTCAG-1	nc_larvae
nc_TGTTCATGTGCAGATG-1	nc_larvae
nc_TGTTCATGTGGGACAT-1	nc_larvae
nc_TGTTCATGTGTGAGCA-1	nc_larvae
nc_TGTTCATGTTGGCTAT-1	nc_larvae
nc_TGTTCATTCAGCTCTC-1	nc_larvae
nc_TGTTCATTCAGTGATC-1	nc_larvae
nc_TGTTCATTCTGGGCCA-1	nc_larvae
nc_TGTTCCGAGACTTAAG-1	nc_larvae
nc_TGTTCCGAGGAGCTGT-1	nc_larvae
nc_TGTTCCGCAAGGCGTA-1	nc_larvae
nc_TGTTCCGCAATGGCAG-1	nc_larvae
nc_TGTTCCGCAGATGCGA-1	nc_larvae
nc_TGTTCCGCAGCTATAC-1	nc_larvae
nc_TGTTCCGCAGTTCTAG-1	nc_larvae
nc_TGTTCCGCATAATCCG-1	nc_larvae
nc_TGTTCCGGTAGGACTG-1	nc_larvae
nc_TGTTCCGGTAGTCGTT-1	nc_larvae
nc_TGTTCCGGTAGTTCCA-1	nc_larvae
nc_TGTTCCGGTGACCGAA-1	nc_larvae
nc_TGTTCCGGTTCCGGTG-1	nc_larvae
nc_TGTTCCGTCATCACCC-1	nc_larvae
nc_TGTTCCGTCCAAGCTA-1	nc_larvae
nc_TGTTCCGTCGTTCGCT-1	nc_larvae
nc_TGTTCCGTCTGCTTAT-1	nc_larvae
nc_TGTTCTACAATTGAAG-1	nc_larvae
nc_TGTTCTACACACAGAG-1	nc_larvae
nc_TGTTCTACAGAGTCTT-1	nc_larvae
nc_TGTTCTAGTATGAGAT-1	nc_larvae
nc_TGTTCTAGTATGGAAT-1	nc_larvae
nc_TGTTCTATCCCGAGAC-1	nc_larvae
nc_TGTTCTATCCCTCGAT-1	nc_larvae
nc_TGTTCTATCCTGTACC-1	nc_larvae
nc_TGTTCTATCTTACACT-1	nc_larvae
nc_TGTTGAGAGGCTCACC-1	nc_larvae
nc_TGTTGAGAGGCTCTAT-1	nc_larvae
nc_TGTTGAGAGGGACACT-1	nc_larvae
nc_TGTTGAGAGTAGGGTC-1	nc_larvae
nc_TGTTGAGGTGCATACT-1	nc_larvae
nc_TGTTGAGGTTCGTTCC-1	nc_larvae
nc_TGTTGAGTCCATTGTT-1	nc_larvae
nc_TGTTGAGTCCCAAGTA-1	nc_larvae
nc_TGTTGAGTCGCAGAGA-1	nc_larvae
nc_TGTTGAGTCTCCCATG-1	nc_larvae
nc_TGTTGGAAGAAAGTCT-1	nc_larvae
nc_TGTTGGAAGAACTGAT-1	nc_larvae
nc_TGTTGGAAGATAGCTA-1	nc_larvae
nc_TGTTGGAAGCCATGCC-1	nc_larvae
nc_TGTTGGAAGTCCGCCA-1	nc_larvae
nc_TGTTGGACACGCCAGT-1	nc_larvae
nc_TGTTGGACAGAATCGG-1	nc_larvae
nc_TGTTGGACAGCATTGT-1	nc_larvae
nc_TGTTGGAGTAGGAGGG-1	nc_larvae
nc_TGTTGGAGTATCCCAA-1	nc_larvae
nc_TGTTGGAGTCTACACA-1	nc_larvae
nc_TGTTGGAGTGCAGTGA-1	nc_larvae
nc_TGTTGGATCGAGTGGA-1	nc_larvae
nc_TGTTGGATCGCAATTG-1	nc_larvae
nc_TGTTTGTAGAAACACT-1	nc_larvae
nc_TGTTTGTAGACTTAAG-1	nc_larvae
nc_TGTTTGTAGCGTATGG-1	nc_larvae
nc_TGTTTGTAGGCACTCC-1	nc_larvae
nc_TGTTTGTCACATTACG-1	nc_larvae
nc_TGTTTGTCACTAGGTT-1	nc_larvae
nc_TGTTTGTCAGCACCCA-1	nc_larvae
nc_TGTTTGTGTAGCTTTG-1	nc_larvae
nc_TGTTTGTGTTAGCGGA-1	nc_larvae
nc_TGTTTGTTCGCCGAAC-1	nc_larvae
nc_TGTTTGTTCGGCTATA-1	nc_larvae
nc_TGTTTGTTCGGTTCAA-1	nc_larvae
nc_TGTTTGTTCTGTGTGA-1	nc_larvae
nc_TTAATCCAGATCACCT-1	nc_larvae
nc_TTAATCCAGCACCAGA-1	nc_larvae
nc_TTAATCCAGGACAGTC-1	nc_larvae
nc_TTAATCCAGGTCGTCC-1	nc_larvae
nc_TTAATCCCAAGAGGCT-1	nc_larvae
nc_TTAATCCCACGACGTC-1	nc_larvae
nc_TTAATCCCACGTAGAG-1	nc_larvae
nc_TTAATCCGTCAGATTC-1	nc_larvae
nc_TTAATCCGTCATCTAG-1	nc_larvae
nc_TTAATCCGTCCACTCT-1	nc_larvae
nc_TTAATCCGTCGCCACA-1	nc_larvae
nc_TTAATCCGTCTCTCAC-1	nc_larvae
nc_TTAATCCGTGCATGAG-1	nc_larvae
nc_TTAATCCGTGCCGTTG-1	nc_larvae
nc_TTAATCCGTGCTATTG-1	nc_larvae
nc_TTAATCCTCAACCCGG-1	nc_larvae
nc_TTAATCCTCATGCGGC-1	nc_larvae
nc_TTAATCCTCGAGAGCA-1	nc_larvae
nc_TTACAGGAGAGGCCAT-1	nc_larvae
nc_TTACAGGAGATGCTTC-1	nc_larvae
nc_TTACAGGAGTATGGCG-1	nc_larvae
nc_TTACAGGAGTCTAGAA-1	nc_larvae
nc_TTACAGGCAATAACCC-1	nc_larvae
nc_TTACAGGCAGCCTACG-1	nc_larvae
nc_TTACAGGCAGCTGTCG-1	nc_larvae
nc_TTACAGGCAGTAGATA-1	nc_larvae
nc_TTACAGGGTAACGTTC-1	nc_larvae
nc_TTACAGGGTACGCTAT-1	nc_larvae
nc_TTACAGGGTATCACCA-1	nc_larvae
nc_TTACAGGGTCAACATC-1	nc_larvae
nc_TTACAGGGTCCCTGAG-1	nc_larvae
nc_TTACAGGGTTCTCCAC-1	nc_larvae
nc_TTACAGGTCCATCAGA-1	nc_larvae
nc_TTACAGGTCTACAGGT-1	nc_larvae
nc_TTACCATAGAGAACCC-1	nc_larvae
nc_TTACCATAGAGATCGC-1	nc_larvae
nc_TTACCATAGTTCGCAT-1	nc_larvae
nc_TTACCATCACTGGCGT-1	nc_larvae
nc_TTACCATCATCCTGTC-1	nc_larvae
nc_TTACCATTCAAGCCCG-1	nc_larvae
nc_TTACCATTCGTGGAAG-1	nc_larvae
nc_TTACCATTCTAGGCCG-1	nc_larvae
nc_TTACCATTCTTGTTAC-1	nc_larvae
nc_TTACCGCAGCTCAGAG-1	nc_larvae
nc_TTACCGCAGGGCTGAT-1	nc_larvae
nc_TTACCGCAGGTGCTAG-1	nc_larvae
nc_TTACCGCCACCTTCCA-1	nc_larvae
nc_TTACCGCCACGGCCAT-1	nc_larvae
nc_TTACCGCCAGACTGCC-1	nc_larvae
nc_TTACCGCCAGTTGCGC-1	nc_larvae
nc_TTACCGCCATTGGGAG-1	nc_larvae
nc_TTACCGCTCCTCTCTT-1	nc_larvae
nc_TTACGCCAGACTCAAA-1	nc_larvae
nc_TTACGCCCAAAGCTCT-1	nc_larvae
nc_TTACGCCCAACTACGT-1	nc_larvae
nc_TTACGCCCACACGCCA-1	nc_larvae
nc_TTACGCCGTAAGGCCA-1	nc_larvae
nc_TTACGCCGTAGAATAC-1	nc_larvae
nc_TTACGCCGTGGCCACT-1	nc_larvae
nc_TTACGCCGTTAAGAAC-1	nc_larvae
nc_TTACGCCGTTTCACTT-1	nc_larvae
nc_TTACGTTAGGCCACTC-1	nc_larvae
nc_TTACGTTAGTAGCTCT-1	nc_larvae
nc_TTACGTTCAAACTAGA-1	nc_larvae
nc_TTACGTTCAATCCTTT-1	nc_larvae
nc_TTACGTTCAGAACTAA-1	nc_larvae
nc_TTACGTTCATGCCGGT-1	nc_larvae
nc_TTACGTTGTCGAATGG-1	nc_larvae
nc_TTACGTTGTTCCAGGC-1	nc_larvae
nc_TTACGTTTCAAACGTC-1	nc_larvae
nc_TTACGTTTCACCTCTG-1	nc_larvae
nc_TTACGTTTCCGTGTGG-1	nc_larvae
nc_TTACGTTTCTATACTC-1	nc_larvae
nc_TTACGTTTCTCTTGCG-1	nc_larvae
nc_TTACTGTAGCAGCGAT-1	nc_larvae
nc_TTACTGTAGTATCCTG-1	nc_larvae
nc_TTACTGTCAAGCCATT-1	nc_larvae
nc_TTACTGTCACTGCGTG-1	nc_larvae
nc_TTACTGTGTGATTAGA-1	nc_larvae
nc_TTACTGTTCCATCACC-1	nc_larvae
nc_TTACTGTTCGATAACC-1	nc_larvae
nc_TTAGGCAAGATGTAGT-1	nc_larvae
nc_TTAGGCAAGGAAACGA-1	nc_larvae
nc_TTAGGCAAGGCATTTC-1	nc_larvae
nc_TTAGGCAAGGGCAAGG-1	nc_larvae
nc_TTAGGCAAGGTAAGTT-1	nc_larvae
nc_TTAGGCACAAATAGCA-1	nc_larvae
nc_TTAGGCACAAGCTGCC-1	nc_larvae
nc_TTAGGCACAGATCATC-1	nc_larvae
nc_TTAGGCACAGGGACTA-1	nc_larvae
nc_TTAGGCAGTCAGTCTA-1	nc_larvae
nc_TTAGGCAGTGTAGGAC-1	nc_larvae
nc_TTAGGCAGTTACCGTA-1	nc_larvae
nc_TTAGGCAGTTCGTGCG-1	nc_larvae
nc_TTAGGCATCGAATGCT-1	nc_larvae
nc_TTAGGGTAGCGACCCT-1	nc_larvae
nc_TTAGGGTAGCTCGGCT-1	nc_larvae
nc_TTAGGGTAGGATACGC-1	nc_larvae
nc_TTAGGGTAGTCATGCT-1	nc_larvae
nc_TTAGGGTAGTTGGGAC-1	nc_larvae
nc_TTAGGGTCACCAGTAT-1	nc_larvae
nc_TTAGGGTCAGAGTTGG-1	nc_larvae
nc_TTAGGGTCAGGACATG-1	nc_larvae
nc_TTAGGGTGTCTAACTG-1	nc_larvae
nc_TTAGGGTTCAATGTCG-1	nc_larvae
nc_TTAGGGTTCATGCCGG-1	nc_larvae
nc_TTAGGGTTCGGTGTAT-1	nc_larvae
nc_TTAGTCTAGCAGGCAT-1	nc_larvae
nc_TTAGTCTAGGCTAGCA-1	nc_larvae
nc_TTAGTCTAGTCCGCCA-1	nc_larvae
nc_TTAGTCTGTATGTCCA-1	nc_larvae
nc_TTAGTCTGTCTAATCG-1	nc_larvae
nc_TTAGTCTGTGCAGGAT-1	nc_larvae
nc_TTAGTCTTCCGCTTAC-1	nc_larvae
nc_TTAGTCTTCCGTGACG-1	nc_larvae
nc_TTAGTCTTCGCAATTG-1	nc_larvae
nc_TTAGTCTTCGCTCCTA-1	nc_larvae
nc_TTATTGCAGACGGTTG-1	nc_larvae
nc_TTATTGCAGAGCTTTC-1	nc_larvae
nc_TTATTGCAGGACAGTC-1	nc_larvae
nc_TTATTGCAGTCAGAGC-1	nc_larvae
nc_TTATTGCAGTCTGGAG-1	nc_larvae
nc_TTATTGCAGTGGTTGG-1	nc_larvae
nc_TTATTGCCAACCCTAA-1	nc_larvae
nc_TTATTGCCAGGCTACC-1	nc_larvae
nc_TTATTGCCAGTAGAAT-1	nc_larvae
nc_TTATTGCTCAAACGAA-1	nc_larvae
nc_TTATTGCTCTAGTGAC-1	nc_larvae
nc_TTATTGCTCTCCAATT-1	nc_larvae
nc_TTCAATCAGACTTCGT-1	nc_larvae
nc_TTCAATCAGGAGATAG-1	nc_larvae
nc_TTCAATCAGGAGGGTG-1	nc_larvae
nc_TTCAATCAGTCTCCTC-1	nc_larvae
nc_TTCAATCAGTTATGGA-1	nc_larvae
nc_TTCAATCCAAGTTCCA-1	nc_larvae
nc_TTCAATCCACTCCTGT-1	nc_larvae
nc_TTCAATCGTCAAGTTC-1	nc_larvae
nc_TTCAATCGTTGCCATA-1	nc_larvae
nc_TTCAATCTCCGCAGTG-1	nc_larvae
nc_TTCAATCTCCTACAAG-1	nc_larvae
nc_TTCACCGCAAGAAACT-1	nc_larvae
nc_TTCACCGCAAGTGTCT-1	nc_larvae
nc_TTCACCGCACCCTATC-1	nc_larvae
nc_TTCACCGCACCCTGAG-1	nc_larvae
nc_TTCACCGGTGTATTCG-1	nc_larvae
nc_TTCACCGGTTTGAACC-1	nc_larvae
nc_TTCACCGTCCATGATG-1	nc_larvae
nc_TTCACCGTCCATTCAT-1	nc_larvae
nc_TTCACCGTCCGATGTA-1	nc_larvae
nc_TTCACCGTCCGGACTG-1	nc_larvae
nc_TTCACCGTCGAGTTGT-1	nc_larvae
nc_TTCACCGTCGCCACTT-1	nc_larvae
nc_TTCACGCAGAAACCCG-1	nc_larvae
nc_TTCACGCAGAGACAAG-1	nc_larvae
nc_TTCACGCAGATCGCCC-1	nc_larvae
nc_TTCACGCAGTCTAACC-1	nc_larvae
nc_TTCACGCCACGACGCT-1	nc_larvae
nc_TTCACGCCACGTAACT-1	nc_larvae
nc_TTCACGCCATAGACTC-1	nc_larvae
nc_TTCACGCCATCAGCAT-1	nc_larvae
nc_TTCACGCCATGCAGGA-1	nc_larvae
nc_TTCACGCGTCGATTCA-1	nc_larvae
nc_TTCACGCGTGATACCT-1	nc_larvae
nc_TTCACGCGTGCACGCT-1	nc_larvae
nc_TTCACGCGTTCTGACA-1	nc_larvae
nc_TTCACGCTCAAGTAAG-1	nc_larvae
nc_TTCACGCTCACCGCTT-1	nc_larvae
nc_TTCACGCTCAGCGCAC-1	nc_larvae
nc_TTCACGCTCCCTCGAT-1	nc_larvae
nc_TTCAGGACAAGCCCAC-1	nc_larvae
nc_TTCAGGACACCCGTAG-1	nc_larvae
nc_TTCAGGACATGGGTCC-1	nc_larvae
nc_TTCAGGAGTGACCGAA-1	nc_larvae
nc_TTCAGGAGTGAGAACC-1	nc_larvae
nc_TTCAGGAGTTACGGAG-1	nc_larvae
nc_TTCAGGATCGCAATTG-1	nc_larvae
nc_TTCAGGATCTAATTCC-1	nc_larvae
nc_TTCAGGATCTTTACAC-1	nc_larvae
nc_TTCATGTAGAGTTGCG-1	nc_larvae
nc_TTCATGTAGCTGCGAA-1	nc_larvae
nc_TTCATGTCATGACTCA-1	nc_larvae
nc_TTCATGTGTAACTAAG-1	nc_larvae
nc_TTCATGTGTACGGATG-1	nc_larvae
nc_TTCATGTGTCTAGGCC-1	nc_larvae
nc_TTCATGTGTGTTCAGT-1	nc_larvae
nc_TTCATGTTCTCTTCAA-1	nc_larvae
nc_TTCATGTTCTGTACAG-1	nc_larvae
nc_TTCATTGAGAACCCGA-1	nc_larvae
nc_TTCATTGAGACTCATC-1	nc_larvae
nc_TTCATTGAGAGACAAG-1	nc_larvae
nc_TTCATTGAGCATTGAA-1	nc_larvae
nc_TTCATTGAGTACTGTC-1	nc_larvae
nc_TTCATTGCACGACCTG-1	nc_larvae
nc_TTCATTGCATGACTCA-1	nc_larvae
nc_TTCATTGGTCTTCTAT-1	nc_larvae
nc_TTCATTGTCAGCTTGA-1	nc_larvae
nc_TTCATTGTCATCGGGC-1	nc_larvae
nc_TTCATTGTCTTCTTCC-1	nc_larvae
nc_TTCCAATAGGATACGC-1	nc_larvae
nc_TTCCAATAGGGCAGGA-1	nc_larvae
nc_TTCCAATAGTAGTCTC-1	nc_larvae
nc_TTCCAATAGTGTTGTC-1	nc_larvae
nc_TTCCAATAGTTTCAGC-1	nc_larvae
nc_TTCCAATCACTACACA-1	nc_larvae
nc_TTCCAATCAGAACTAA-1	nc_larvae
nc_TTCCAATCAGCGTGCT-1	nc_larvae
nc_TTCCAATCATTGAGCT-1	nc_larvae
nc_TTCCAATGTTAATGAG-1	nc_larvae
nc_TTCCAATTCAGCATTG-1	nc_larvae
nc_TTCCAATTCCAATGCA-1	nc_larvae
nc_TTCCAATTCGGATTAC-1	nc_larvae
nc_TTCCAATTCTCGAGTA-1	nc_larvae
nc_TTCCAATTCTTGCGCT-1	nc_larvae
nc_TTCCACGAGACGTCGA-1	nc_larvae
nc_TTCCACGAGGTCTACT-1	nc_larvae
nc_TTCCACGAGTAAAGCT-1	nc_larvae
nc_TTCCACGAGTAACAGT-1	nc_larvae
nc_TTCCACGAGTGCGACA-1	nc_larvae
nc_TTCCACGAGTGGTTAA-1	nc_larvae
nc_TTCCACGCACTAACGT-1	nc_larvae
nc_TTCCACGCAGGCGAAT-1	nc_larvae
nc_TTCCACGCATCAGTGT-1	nc_larvae
nc_TTCCACGCATCCGGCA-1	nc_larvae
nc_TTCCACGCATGGGTTT-1	nc_larvae
nc_TTCCACGGTATCGCAT-1	nc_larvae
nc_TTCCACGGTCTGCAAT-1	nc_larvae
nc_TTCCACGGTTCACGAT-1	nc_larvae
nc_TTCCGGTAGATGGCGT-1	nc_larvae
nc_TTCCGGTAGCGTGAAC-1	nc_larvae
nc_TTCCGGTAGTACGTCT-1	nc_larvae
nc_TTCCGGTAGTCATCGT-1	nc_larvae
nc_TTCCGGTCATCTTCGC-1	nc_larvae
nc_TTCCGGTTCCTAAGTG-1	nc_larvae
nc_TTCCGGTTCCTCCACA-1	nc_larvae
nc_TTCCGGTTCGCCAACG-1	nc_larvae
nc_TTCCGGTTCTAAGAAG-1	nc_larvae
nc_TTCCGTGAGAAACTAC-1	nc_larvae
nc_TTCCGTGAGCACTAGG-1	nc_larvae
nc_TTCCGTGAGGACAGCT-1	nc_larvae
nc_TTCCGTGAGGCTCTAT-1	nc_larvae
nc_TTCCGTGAGGTCTGGA-1	nc_larvae
nc_TTCCGTGCAACTTGCA-1	nc_larvae
nc_TTCCGTGCAAGCAATA-1	nc_larvae
nc_TTCCGTGCACCACTGG-1	nc_larvae
nc_TTCCGTGCACGCCACA-1	nc_larvae
nc_TTCCGTGCAGGAATCG-1	nc_larvae
nc_TTCCGTGGTTGTTTGG-1	nc_larvae
nc_TTCCGTGTCTTCCTAA-1	nc_larvae
nc_TTCCTAAAGACGAGCT-1	nc_larvae
nc_TTCCTAAAGTCACACT-1	nc_larvae
nc_TTCCTAACAACTCATG-1	nc_larvae
nc_TTCCTAACAAGTCCCG-1	nc_larvae
nc_TTCCTAAGTGACAACG-1	nc_larvae
nc_TTCCTAAGTGCAATAA-1	nc_larvae
nc_TTCCTAAGTGTGTACT-1	nc_larvae
nc_TTCCTAAGTTGGGAAC-1	nc_larvae
nc_TTCCTAATCGACATTG-1	nc_larvae
nc_TTCCTCTAGCAAATCA-1	nc_larvae
nc_TTCCTCTAGGCGACAT-1	nc_larvae
nc_TTCCTCTCACACGTGC-1	nc_larvae
nc_TTCCTCTCATAGACTC-1	nc_larvae
nc_TTCCTCTGTCATAAAG-1	nc_larvae
nc_TTCCTCTTCACTTGTT-1	nc_larvae
nc_TTCCTCTTCATCGTAG-1	nc_larvae
nc_TTCCTCTTCCGAAATC-1	nc_larvae
nc_TTCCTCTTCGCTAAAC-1	nc_larvae
nc_TTCCTTCAGCTACGTT-1	nc_larvae
nc_TTCCTTCAGCTAGATA-1	nc_larvae
nc_TTCCTTCAGTCAACAA-1	nc_larvae
nc_TTCCTTCAGTCATAGA-1	nc_larvae
nc_TTCCTTCCAATTGGTC-1	nc_larvae
nc_TTCCTTCCACTGTCCT-1	nc_larvae
nc_TTCCTTCCAGCAGTAG-1	nc_larvae
nc_TTCCTTCCAGGACTAG-1	nc_larvae
nc_TTCCTTCCATAGATCC-1	nc_larvae
nc_TTCCTTCGTAACACCT-1	nc_larvae
nc_TTCCTTCGTAGATCGG-1	nc_larvae
nc_TTCCTTCGTGGTTTGT-1	nc_larvae
nc_TTCCTTCTCAAGCGTT-1	nc_larvae
nc_TTCCTTCTCACTGGTA-1	nc_larvae
nc_TTCCTTCTCACTTGGA-1	nc_larvae
nc_TTCCTTCTCCACATAG-1	nc_larvae
nc_TTCCTTCTCCTAGCCT-1	nc_larvae
nc_TTCGATTAGGGATGTC-1	nc_larvae
nc_TTCGATTCAATACCCA-1	nc_larvae
nc_TTCGATTCACCAATTG-1	nc_larvae
nc_TTCGATTCATATTCGG-1	nc_larvae
nc_TTCGATTCATTCCTCG-1	nc_larvae
nc_TTCGATTCATTGCTGA-1	nc_larvae
nc_TTCGATTGTATTTCTC-1	nc_larvae
nc_TTCGATTGTCAAAGCG-1	nc_larvae
nc_TTCGATTGTTCATCGA-1	nc_larvae
nc_TTCGATTGTTCGGTCG-1	nc_larvae
nc_TTCGATTGTTCTAACG-1	nc_larvae
nc_TTCGATTGTTTCTTAC-1	nc_larvae
nc_TTCGATTTCTATCCAT-1	nc_larvae
nc_TTCGATTTCTGCCTGT-1	nc_larvae
nc_TTCGCTGCAAAGACTA-1	nc_larvae
nc_TTCGCTGCACATTGTG-1	nc_larvae
nc_TTCGCTGCACCTGTCT-1	nc_larvae
nc_TTCGCTGCACGACCTG-1	nc_larvae
nc_TTCGCTGGTATATGGA-1	nc_larvae
nc_TTCGCTGGTATCAGGG-1	nc_larvae
nc_TTCGGTCAGAGGCGGA-1	nc_larvae
nc_TTCGGTCAGCGTCAAG-1	nc_larvae
nc_TTCGGTCAGGATGAGA-1	nc_larvae
nc_TTCGGTCAGGCGACAT-1	nc_larvae
nc_TTCGGTCGTAATACCC-1	nc_larvae
nc_TTCGGTCGTCATTCCC-1	nc_larvae
nc_TTCGGTCGTGACTGAG-1	nc_larvae
nc_TTCGGTCTCTTTCTAG-1	nc_larvae
nc_TTCTAACAGACATGCG-1	nc_larvae
nc_TTCTAACAGCAACAGC-1	nc_larvae
nc_TTCTAACGTACGATTC-1	nc_larvae
nc_TTCTAACGTGGTTTGT-1	nc_larvae
nc_TTCTAACGTTAGAGAT-1	nc_larvae
nc_TTCTAACGTTATGGTC-1	nc_larvae
nc_TTCTAACTCATCTACT-1	nc_larvae
nc_TTCTAACTCCCGTGAG-1	nc_larvae
nc_TTCTAACTCGGTAAGG-1	nc_larvae
nc_TTCTAACTCTGTGTGA-1	nc_larvae
nc_TTCTAGTAGACTTGTC-1	nc_larvae
nc_TTCTAGTAGCAACCAG-1	nc_larvae
nc_TTCTAGTAGCACTCTA-1	nc_larvae
nc_TTCTAGTAGTCGGCAA-1	nc_larvae
nc_TTCTAGTCAGACAATA-1	nc_larvae
nc_TTCTAGTCAGGCAATG-1	nc_larvae
nc_TTCTAGTCATCCTCAC-1	nc_larvae
nc_TTCTAGTGTGAGATAT-1	nc_larvae
nc_TTCTAGTGTGCCGTAC-1	nc_larvae
nc_TTCTAGTGTGCGTGCT-1	nc_larvae
nc_TTCTAGTGTGGTTCTA-1	nc_larvae
nc_TTCTAGTTCATAAGGA-1	nc_larvae
nc_TTCTAGTTCCGTGTCT-1	nc_larvae
nc_TTCTAGTTCTCCTGAC-1	nc_larvae
nc_TTCTCTCAGGGTGGGA-1	nc_larvae
nc_TTCTCTCAGTCGCCCA-1	nc_larvae
nc_TTCTCTCAGTTGCTGT-1	nc_larvae
nc_TTCTCTCCAAACCGGA-1	nc_larvae
nc_TTCTCTCCAAGACCTT-1	nc_larvae
nc_TTCTCTCCAAGAGTAT-1	nc_larvae
nc_TTCTCTCCAATCAGCT-1	nc_larvae
nc_TTCTCTCCATGGTGGA-1	nc_larvae
nc_TTCTCTCGTACTGGGA-1	nc_larvae
nc_TTCTCTCGTAGAAACT-1	nc_larvae
nc_TTCTCTCTCCTAGCGG-1	nc_larvae
nc_TTCTCTCTCTCTAAGG-1	nc_larvae
nc_TTCTGTAAGAATAACC-1	nc_larvae
nc_TTCTGTAAGATCGCTT-1	nc_larvae
nc_TTCTGTAAGATGCTTC-1	nc_larvae
nc_TTCTGTACACTCTGCT-1	nc_larvae
nc_TTCTGTACACTTACAG-1	nc_larvae
nc_TTCTGTAGTATCCCAA-1	nc_larvae
nc_TTCTGTAGTTCTAAGC-1	nc_larvae
nc_TTCTGTATCACAGTGT-1	nc_larvae
nc_TTCTGTATCCACGGAC-1	nc_larvae
nc_TTCTGTATCCGATCGG-1	nc_larvae
nc_TTCTGTATCTCCTGAC-1	nc_larvae
nc_TTCTTCCAGCAGGGAG-1	nc_larvae
nc_TTCTTCCAGGTTCTAC-1	nc_larvae
nc_TTCTTCCAGTAGGTTA-1	nc_larvae
nc_TTCTTCCAGTTGAAAC-1	nc_larvae
nc_TTCTTCCCAAAGGAGA-1	nc_larvae
nc_TTCTTCCCAAAGGGCT-1	nc_larvae
nc_TTCTTCCCAACAGCCC-1	nc_larvae
nc_TTCTTCCCACGCTTAA-1	nc_larvae
nc_TTCTTCCGTATAGGAT-1	nc_larvae
nc_TTCTTCCGTTAAACAG-1	nc_larvae
nc_TTCTTCCTCATCGACA-1	nc_larvae
nc_TTCTTCCTCCATATGG-1	nc_larvae
nc_TTCTTCCTCGCAGTCG-1	nc_larvae
nc_TTCTTCCTCTGCGATA-1	nc_larvae
nc_TTCTTGAAGAATTGTG-1	nc_larvae
nc_TTCTTGAAGACGCCCT-1	nc_larvae
nc_TTCTTGAAGATCCGAG-1	nc_larvae
nc_TTCTTGAAGCTCTATG-1	nc_larvae
nc_TTCTTGACAAACACCT-1	nc_larvae
nc_TTCTTGACAAATAAGC-1	nc_larvae
nc_TTCTTGACAGGACATG-1	nc_larvae
nc_TTCTTGACATCGGCCA-1	nc_larvae
nc_TTCTTGAGTAGGTGCA-1	nc_larvae
nc_TTCTTGAGTAGTGTGG-1	nc_larvae
nc_TTCTTGAGTGGGTCAA-1	nc_larvae
nc_TTCTTGATCAGGAAGC-1	nc_larvae
nc_TTCTTGATCCAACTAG-1	nc_larvae
nc_TTCTTGATCCTCTAAT-1	nc_larvae
nc_TTCTTGATCGCCACTT-1	nc_larvae
nc_TTCTTGATCTCCCTAG-1	nc_larvae
nc_TTCTTGATCTGAATCG-1	nc_larvae
nc_TTCTTGATCTGGACCG-1	nc_larvae
nc_TTCTTGATCTTACTGT-1	nc_larvae
nc_TTGAACGAGACCTCCG-1	nc_larvae
nc_TTGAACGCACAAGTGG-1	nc_larvae
nc_TTGAACGCAGCGTAGA-1	nc_larvae
nc_TTGAACGCATCATTGG-1	nc_larvae
nc_TTGAACGGTAAGATCA-1	nc_larvae
nc_TTGAACGGTTCCCAAA-1	nc_larvae
nc_TTGAACGGTTTCACAG-1	nc_larvae
nc_TTGAACGTCAACTCTT-1	nc_larvae
nc_TTGAACGTCACTTCTA-1	nc_larvae
nc_TTGAACGTCTACTCAT-1	nc_larvae
nc_TTGACCCAGACCCGCT-1	nc_larvae
nc_TTGACCCAGCCTCACG-1	nc_larvae
nc_TTGACCCCAATAGGGC-1	nc_larvae
nc_TTGACCCCAGCTAACT-1	nc_larvae
nc_TTGACCCGTTTATGCG-1	nc_larvae
nc_TTGACCCTCACGGTCG-1	nc_larvae
nc_TTGACCCTCGAAGTGG-1	nc_larvae
nc_TTGAGTGAGACATAGT-1	nc_larvae
nc_TTGAGTGAGGTCACTT-1	nc_larvae
nc_TTGAGTGCAAACTAAG-1	nc_larvae
nc_TTGAGTGCAATATCCG-1	nc_larvae
nc_TTGAGTGCAATCTCTT-1	nc_larvae
nc_TTGAGTGCACACGCCA-1	nc_larvae
nc_TTGAGTGCAGTCGAGA-1	nc_larvae
nc_TTGAGTGCATCGAAGG-1	nc_larvae
nc_TTGAGTGGTACTCCGG-1	nc_larvae
nc_TTGAGTGGTCCCGTGA-1	nc_larvae
nc_TTGAGTGTCATTCACT-1	nc_larvae
nc_TTGAGTGTCGTTCCTG-1	nc_larvae
nc_TTGAGTGTCTCTCCGA-1	nc_larvae
nc_TTGATGGAGGACTGGT-1	nc_larvae
nc_TTGATGGAGTCTCTGA-1	nc_larvae
nc_TTGATGGAGTTTAGGA-1	nc_larvae
nc_TTGATGGCAATCGAAA-1	nc_larvae
nc_TTGATGGGTATGCTTG-1	nc_larvae
nc_TTGATGGTCGCTGATA-1	nc_larvae
nc_TTGATGGTCTCTGAGA-1	nc_larvae
nc_TTGATGGTCTTTGGAG-1	nc_larvae
nc_TTGCATTAGAAACTAC-1	nc_larvae
nc_TTGCATTAGATCCGAG-1	nc_larvae
nc_TTGCATTAGCACTCGC-1	nc_larvae
nc_TTGCATTAGCCGAACA-1	nc_larvae
nc_TTGCATTAGCGGACAT-1	nc_larvae
nc_TTGCATTAGCTAGATA-1	nc_larvae
nc_TTGCATTCAAGACCGA-1	nc_larvae
nc_TTGCATTCAGTCGTTA-1	nc_larvae
nc_TTGCATTCATTAAGCC-1	nc_larvae
nc_TTGCATTGTATCGCTA-1	nc_larvae
nc_TTGCATTGTCCAGCGT-1	nc_larvae
nc_TTGCATTGTCCTCCTA-1	nc_larvae
nc_TTGCATTTCAAACGAA-1	nc_larvae
nc_TTGCATTTCGCATGAT-1	nc_larvae
nc_TTGCCTGAGACGATAT-1	nc_larvae
nc_TTGCCTGAGCGCTGCT-1	nc_larvae
nc_TTGCCTGAGGCCACCT-1	nc_larvae
nc_TTGCCTGAGGGTTAAT-1	nc_larvae
nc_TTGCCTGAGTAACAGT-1	nc_larvae
nc_TTGCCTGAGTATGAAC-1	nc_larvae
nc_TTGCCTGCAACGTAAA-1	nc_larvae
nc_TTGCCTGCATGAAGCG-1	nc_larvae
nc_TTGCCTGGTCGATTAC-1	nc_larvae
nc_TTGCCTGTCCGTGTCT-1	nc_larvae
nc_TTGCCTGTCTCTCTAA-1	nc_larvae
nc_TTGCCTGTCTTGATTC-1	nc_larvae
nc_TTGCGTCAGTGCGCTC-1	nc_larvae
nc_TTGCGTCCACGGTGTC-1	nc_larvae
nc_TTGCGTCGTCTCACGG-1	nc_larvae
nc_TTGCGTCTCTCCTGTG-1	nc_larvae
nc_TTGCTGCAGCAAATCA-1	nc_larvae
nc_TTGCTGCAGCCTGTCG-1	nc_larvae
nc_TTGCTGCAGCGAGTAC-1	nc_larvae
nc_TTGCTGCAGGAGATAG-1	nc_larvae
nc_TTGCTGCCAGCTAACT-1	nc_larvae
nc_TTGCTGCCAGGATCTT-1	nc_larvae
nc_TTGCTGCCAGGTATGG-1	nc_larvae
nc_TTGCTGCCATTCACAG-1	nc_larvae
nc_TTGCTGCGTAGTGGCA-1	nc_larvae
nc_TTGCTGCGTGGTCTAT-1	nc_larvae
nc_TTGCTGCTCACCACAA-1	nc_larvae
nc_TTGCTGCTCATACGAC-1	nc_larvae
nc_TTGCTGCTCTGATGGT-1	nc_larvae
nc_TTGGATGAGCAGGGAG-1	nc_larvae
nc_TTGGATGCAGGAATAT-1	nc_larvae
nc_TTGGATGGTATAGCTC-1	nc_larvae
nc_TTGGATGGTGAGGATC-1	nc_larvae
nc_TTGGATGGTGGTTTAC-1	nc_larvae
nc_TTGGATGTCACGGAGA-1	nc_larvae
nc_TTGGGATAGCGACTTT-1	nc_larvae
nc_TTGGGATAGTACCCTA-1	nc_larvae
nc_TTGGGATAGTAGCAAT-1	nc_larvae
nc_TTGGGATCACAGTCGC-1	nc_larvae
nc_TTGGGATCAGAGTTCT-1	nc_larvae
nc_TTGGGATCATCGATAC-1	nc_larvae
nc_TTGGGATCATGGCTAT-1	nc_larvae
nc_TTGGGATGTACGGTTT-1	nc_larvae
nc_TTGGGATGTCCAAATC-1	nc_larvae
nc_TTGGGATGTGATTCTG-1	nc_larvae
nc_TTGGGATGTTACACAC-1	nc_larvae
nc_TTGGGATGTTCTCAGA-1	nc_larvae
nc_TTGGGATGTTGTTGTG-1	nc_larvae
nc_TTGGGATTCATGCTAG-1	nc_larvae
nc_TTGGGATTCGTGCACG-1	nc_larvae
nc_TTGGGATTCTGAACGT-1	nc_larvae
nc_TTGGGCGAGATAACAC-1	nc_larvae
nc_TTGGGCGCAATACCCA-1	nc_larvae
nc_TTGGGCGCATGCCATA-1	nc_larvae
nc_TTGGGCGGTATCCCTC-1	nc_larvae
nc_TTGGGCGGTATCGAAA-1	nc_larvae
nc_TTGGGCGGTTCGTTCC-1	nc_larvae
nc_TTGGGCGGTTGTCTAG-1	nc_larvae
nc_TTGGGTAAGCCGTTGC-1	nc_larvae
nc_TTGGGTAAGCCTTTCC-1	nc_larvae
nc_TTGGGTACATAGATGA-1	nc_larvae
nc_TTGGGTACATATGAAG-1	nc_larvae
nc_TTGGGTAGTCCGGACT-1	nc_larvae
nc_TTGGGTAGTCGTATTG-1	nc_larvae
nc_TTGGGTATCCGTTGGG-1	nc_larvae
nc_TTGGGTATCTAAGCGT-1	nc_larvae
nc_TTGGGTATCTCAGGCG-1	nc_larvae
nc_TTGGGTATCTCTAAGG-1	nc_larvae
nc_TTGGTTTAGGCGATAC-1	nc_larvae
nc_TTGGTTTAGTGGACTG-1	nc_larvae
nc_TTGGTTTCAACAAGTA-1	nc_larvae
nc_TTGGTTTCAAGACGGT-1	nc_larvae
nc_TTGGTTTCACCTCTAC-1	nc_larvae
nc_TTGGTTTCAGAGTGTG-1	nc_larvae
nc_TTGGTTTCATCGGTTA-1	nc_larvae
nc_TTGGTTTGTTGCACGC-1	nc_larvae
nc_TTGGTTTGTTTCTATC-1	nc_larvae
nc_TTGGTTTTCCCGAGTG-1	nc_larvae
nc_TTGGTTTTCCTGTAAG-1	nc_larvae
nc_TTGGTTTTCTTCGTGC-1	nc_larvae
nc_TTGTGGAAGAGGGTGG-1	nc_larvae
nc_TTGTGGACAATTGCCA-1	nc_larvae
nc_TTGTGGACAGTTGTCA-1	nc_larvae
nc_TTGTGGAGTAGTTACC-1	nc_larvae
nc_TTGTGGAGTGTATCCA-1	nc_larvae
nc_TTGTGGAGTTCCGGTG-1	nc_larvae
nc_TTGTGGATCCAGGACC-1	nc_larvae
nc_TTGTGGATCTAGTTCT-1	nc_larvae
nc_TTGTGTTAGTTTGGCT-1	nc_larvae
nc_TTGTGTTCATGTGGTT-1	nc_larvae
nc_TTGTGTTGTGAGATTA-1	nc_larvae
nc_TTGTGTTGTTAGAGAT-1	nc_larvae
nc_TTGTGTTTCAAGAGGC-1	nc_larvae
nc_TTGTGTTTCACGGACC-1	nc_larvae
nc_TTGTGTTTCCTCGATC-1	nc_larvae
nc_TTGTGTTTCGGAAGGT-1	nc_larvae
nc_TTGTTCAAGCCGATCC-1	nc_larvae
nc_TTGTTCAAGCGAACTG-1	nc_larvae
nc_TTGTTCAAGGCAGCTA-1	nc_larvae
nc_TTGTTCAAGTCCTACA-1	nc_larvae
nc_TTGTTCACAACCTAAC-1	nc_larvae
nc_TTGTTCACACAACGAG-1	nc_larvae
nc_TTGTTCACACAGAAGC-1	nc_larvae
nc_TTGTTCATCAGTGTCA-1	nc_larvae
nc_TTGTTCATCATTACGG-1	nc_larvae
nc_TTGTTCATCCTGATAG-1	nc_larvae
nc_TTGTTCATCGCATTGA-1	nc_larvae
nc_TTGTTCATCTAGCCAA-1	nc_larvae
nc_TTGTTCATCTTCGGAA-1	nc_larvae
nc_TTGTTCATCTTGTGCC-1	nc_larvae
nc_TTGTTCATCTTTGCAT-1	nc_larvae
nc_TTGTTGTAGAAGCCTG-1	nc_larvae
nc_TTGTTGTAGTATAGAC-1	nc_larvae
nc_TTGTTGTAGTCCCAAT-1	nc_larvae
nc_TTGTTGTCAGAGTCTT-1	nc_larvae
nc_TTGTTGTGTACCAATC-1	nc_larvae
nc_TTGTTGTGTCTTGTCC-1	nc_larvae
nc_TTGTTGTTCATCTCTA-1	nc_larvae
nc_TTGTTGTTCCCGTAAA-1	nc_larvae
nc_TTGTTGTTCTCCTGTG-1	nc_larvae
nc_TTGTTTGAGCACCGTC-1	nc_larvae
nc_TTGTTTGAGCGCCGTT-1	nc_larvae
nc_TTGTTTGAGTTGGCTT-1	nc_larvae
nc_TTGTTTGCAACGTATC-1	nc_larvae
nc_TTGTTTGCAAGAGGCT-1	nc_larvae
nc_TTGTTTGCAATCACGT-1	nc_larvae
nc_TTGTTTGCACGGTGTC-1	nc_larvae
nc_TTGTTTGCATGACACT-1	nc_larvae
nc_TTGTTTGGTAACTGCT-1	nc_larvae
nc_TTGTTTGGTATCACCA-1	nc_larvae
nc_TTGTTTGTCATGCTAG-1	nc_larvae
nc_TTGTTTGTCTGTCTCG-1	nc_larvae
nc_TTTACCAAGGCACTAG-1	nc_larvae
nc_TTTACCACAGTCTCTC-1	nc_larvae
nc_TTTACCACATCGATAC-1	nc_larvae
nc_TTTACCAGTCGCTTGG-1	nc_larvae
nc_TTTACCATCAATGCAC-1	nc_larvae
nc_TTTACCATCAGGAAGC-1	nc_larvae
nc_TTTACGTAGAGCATCG-1	nc_larvae
nc_TTTACGTAGCTACTAC-1	nc_larvae
nc_TTTACGTAGGTACATA-1	nc_larvae
nc_TTTACGTCACCGTGGT-1	nc_larvae
nc_TTTACGTGTACCGGCT-1	nc_larvae
nc_TTTACGTGTCCAGCCA-1	nc_larvae
nc_TTTACGTGTCGGCCTA-1	nc_larvae
nc_TTTACGTTCCACCCTA-1	nc_larvae
nc_TTTACTGAGACCAGAC-1	nc_larvae
nc_TTTACTGAGCAGCCCT-1	nc_larvae
nc_TTTACTGAGGCACAAC-1	nc_larvae
nc_TTTACTGAGGTCGCCT-1	nc_larvae
nc_TTTACTGAGTCATCGT-1	nc_larvae
nc_TTTACTGCACGTCTCT-1	nc_larvae
nc_TTTACTGCAGAGTTGG-1	nc_larvae
nc_TTTACTGCATTACTCT-1	nc_larvae
nc_TTTACTGGTCGTATTG-1	nc_larvae
nc_TTTACTGGTGATGTAA-1	nc_larvae
nc_TTTACTGGTGGATTTC-1	nc_larvae
nc_TTTACTGGTGTCCAAT-1	nc_larvae
nc_TTTACTGTCAGTCACA-1	nc_larvae
nc_TTTACTGTCATACGAC-1	nc_larvae
nc_TTTAGTCCAGAATGTA-1	nc_larvae
nc_TTTAGTCCAGTATTCG-1	nc_larvae
nc_TTTAGTCCATCTATCT-1	nc_larvae
nc_TTTAGTCGTAGCCAGA-1	nc_larvae
nc_TTTAGTCGTCCACACG-1	nc_larvae
nc_TTTAGTCGTGCGCTCA-1	nc_larvae
nc_TTTAGTCGTTTGGGAG-1	nc_larvae
nc_TTTAGTCTCTTCTAAC-1	nc_larvae
nc_TTTATGCAGCGCTTCG-1	nc_larvae
nc_TTTATGCCACAAGTTC-1	nc_larvae
nc_TTTATGCGTCTAACTG-1	nc_larvae
nc_TTTATGCGTCTCAAGT-1	nc_larvae
nc_TTTATGCGTGACCGAA-1	nc_larvae
nc_TTTATGCTCGCAATTG-1	nc_larvae
nc_TTTATGCTCTATTTCG-1	nc_larvae
nc_TTTATGCTCTGGTTGA-1	nc_larvae
nc_TTTCACAAGACAGTCG-1	nc_larvae
nc_TTTCACAAGAGCTTTC-1	nc_larvae
nc_TTTCACAAGTGGACTG-1	nc_larvae
nc_TTTCACACAAGCGCAA-1	nc_larvae
nc_TTTCACACACGAGAAC-1	nc_larvae
nc_TTTCACACACTTCCTG-1	nc_larvae
nc_TTTCACACAGCAGTGA-1	nc_larvae
nc_TTTCACAGTACGGTTT-1	nc_larvae
nc_TTTCACAGTCTGTGTA-1	nc_larvae
nc_TTTCACAGTTCAGCTA-1	nc_larvae
nc_TTTCACAGTTCAGTAC-1	nc_larvae
nc_TTTCACATCATTTGGG-1	nc_larvae
nc_TTTCACATCCAGTACA-1	nc_larvae
nc_TTTCACATCTCAACCC-1	nc_larvae
nc_TTTCAGTAGCAGGCTA-1	nc_larvae
nc_TTTCAGTAGCATCCTA-1	nc_larvae
nc_TTTCAGTAGTAAGGGA-1	nc_larvae
nc_TTTCAGTAGTTGGCGA-1	nc_larvae
nc_TTTCAGTCAAATTGCC-1	nc_larvae
nc_TTTCAGTCACAATCTG-1	nc_larvae
nc_TTTCAGTCACTTCTCG-1	nc_larvae
nc_TTTCAGTCAGAACCGA-1	nc_larvae
nc_TTTCAGTCAGGCTATT-1	nc_larvae
nc_TTTCAGTCATCCTCAC-1	nc_larvae
nc_TTTCAGTGTAATGCTC-1	nc_larvae
nc_TTTCAGTGTCCTGAAT-1	nc_larvae
nc_TTTCAGTGTGAGATCG-1	nc_larvae
nc_TTTCAGTGTTGTTGAC-1	nc_larvae
nc_TTTCAGTTCACTTATC-1	nc_larvae
nc_TTTCAGTTCAGACTGT-1	nc_larvae
nc_TTTCAGTTCCGGGACT-1	nc_larvae
nc_TTTCATGAGACCGTTT-1	nc_larvae
nc_TTTCATGAGGCGATAC-1	nc_larvae
nc_TTTCATGAGTGACCTT-1	nc_larvae
nc_TTTCATGCAAGGTCGA-1	nc_larvae
nc_TTTCATGCACTCACTC-1	nc_larvae
nc_TTTCATGGTCGCCTAG-1	nc_larvae
nc_TTTCATGGTCTTACAG-1	nc_larvae
nc_TTTCATGGTGGCTGCT-1	nc_larvae
nc_TTTCATGGTTATTCCT-1	nc_larvae
nc_TTTCATGTCAGCATTG-1	nc_larvae
nc_TTTCATGTCAGCTGAT-1	nc_larvae
nc_TTTCATGTCGATGCAT-1	nc_larvae
nc_TTTCATGTCGATTTCT-1	nc_larvae
nc_TTTCATGTCTGCTAGA-1	nc_larvae
nc_TTTCCTCAGCACTCTA-1	nc_larvae
nc_TTTCCTCAGCAGCCTC-1	nc_larvae
nc_TTTCCTCCAACTCGTA-1	nc_larvae
nc_TTTCCTCCAATGTTGC-1	nc_larvae
nc_TTTCCTCCACAAATGA-1	nc_larvae
nc_TTTCCTCCACAAGCCC-1	nc_larvae
nc_TTTCCTCCACTGCTTC-1	nc_larvae
nc_TTTCCTCCAGCAGACA-1	nc_larvae
nc_TTTCCTCCATAGGAGC-1	nc_larvae
nc_TTTCCTCGTCGGTACC-1	nc_larvae
nc_TTTCCTCTCATCTGTT-1	nc_larvae
nc_TTTCCTCTCTATCCAT-1	nc_larvae
nc_TTTCGATAGACTTCAC-1	nc_larvae
nc_TTTCGATAGCGTGCCT-1	nc_larvae
nc_TTTCGATAGCTCCGAC-1	nc_larvae
nc_TTTCGATAGGAACGCT-1	nc_larvae
nc_TTTCGATCAAGTGATA-1	nc_larvae
nc_TTTCGATCACGTACAT-1	nc_larvae
nc_TTTCGATCACTTGGGC-1	nc_larvae
nc_TTTCGATCAGAACCGA-1	nc_larvae
nc_TTTCGATCAGGGATAC-1	nc_larvae
nc_TTTCGATCATATTCGG-1	nc_larvae
nc_TTTCGATTCACGATCA-1	nc_larvae
nc_TTTCGATTCGATCCAA-1	nc_larvae
nc_TTTGACTAGGGTATAT-1	nc_larvae
nc_TTTGACTAGTCGGCCT-1	nc_larvae
nc_TTTGACTCAAGGCAAC-1	nc_larvae
nc_TTTGACTCAGGAATCG-1	nc_larvae
nc_TTTGACTGTGACACGA-1	nc_larvae
nc_TTTGACTTCATGTCAG-1	nc_larvae
nc_TTTGACTTCCGATAAC-1	nc_larvae
nc_TTTGACTTCTCATAGG-1	nc_larvae
nc_TTTGATCAGTAGCTCT-1	nc_larvae
nc_TTTGATCCAACCAATC-1	nc_larvae
nc_TTTGATCCAACCTAAC-1	nc_larvae
nc_TTTGATCCAATGGGTG-1	nc_larvae
nc_TTTGATCGTTGCTCGG-1	nc_larvae
nc_TTTGATCGTTGGCCGT-1	nc_larvae
nc_TTTGATCTCCTCTCTT-1	nc_larvae
nc_TTTGGAGAGACCAACG-1	nc_larvae
nc_TTTGGAGAGCCAAGCA-1	nc_larvae
nc_TTTGGAGAGGGCAGAG-1	nc_larvae
nc_TTTGGAGCACACCGCA-1	nc_larvae
nc_TTTGGAGCACCTCTGT-1	nc_larvae
nc_TTTGGAGCAGCGAGTA-1	nc_larvae
nc_TTTGGAGGTACTCGCG-1	nc_larvae
nc_TTTGGAGTCAACGAGG-1	nc_larvae
nc_TTTGGAGTCACGAACT-1	nc_larvae
nc_TTTGGAGTCTAACACG-1	nc_larvae
nc_TTTGGTTAGACAGCTG-1	nc_larvae
nc_TTTGGTTAGCCGTCGT-1	nc_larvae
nc_TTTGGTTAGCGTGCTC-1	nc_larvae
nc_TTTGGTTAGGTTGCCC-1	nc_larvae
nc_TTTGGTTAGTTGGCTT-1	nc_larvae
nc_TTTGGTTCACACGTGC-1	nc_larvae
nc_TTTGGTTCACATATCG-1	nc_larvae
nc_TTTGGTTCACGTACTA-1	nc_larvae
nc_TTTGGTTCAGAGGCAT-1	nc_larvae
nc_TTTGGTTGTACCGTGC-1	nc_larvae
nc_TTTGGTTGTGCATTAC-1	nc_larvae
nc_TTTGGTTTCATAGACC-1	nc_larvae
nc_TTTGGTTTCTTTGCTA-1	nc_larvae
nc_TTTGTTGAGAGCACTG-1	nc_larvae
nc_TTTGTTGAGATAGTCA-1	nc_larvae
nc_TTTGTTGAGCCTCTCT-1	nc_larvae
nc_TTTGTTGCAAGCACCC-1	nc_larvae
nc_TTTGTTGCACAACATC-1	nc_larvae
nc_TTTGTTGCAGGAACCA-1	nc_larvae
nc_TTTGTTGCAGGGCTTC-1	nc_larvae
nc_TTTGTTGCAGGTGTTT-1	nc_larvae
nc_TTTGTTGCATCGCTGG-1	nc_larvae
nc_TTTGTTGCATCTATCT-1	nc_larvae
nc_TTTGTTGGTAAGATTG-1	nc_larvae
nc_TTTGTTGGTAGGAGTC-1	nc_larvae
nc_TTTGTTGGTCAGACTT-1	nc_larvae
nc_TTTGTTGGTCCATACA-1	nc_larvae
nc_TTTGTTGGTGGCGCTT-1	nc_larvae
nc_TTTGTTGTCAGAGCAG-1	nc_larvae
nc_TTTGTTGTCGGCCAAC-1	nc_larvae
nc_TTTGTTGTCTTAAGGC-1	nc_larvae
fc_AAACCCAAGAAATGGG-1	fc_larvae
fc_AAACCCAAGGCACTAG-1	fc_larvae
fc_AAACCCAAGGGCTTCC-1	fc_larvae
fc_AAACCCACAAGATGGC-1	fc_larvae
fc_AAACCCACATCGATGT-1	fc_larvae
fc_AAACCCAGTGTGATGG-1	fc_larvae
fc_AAACCCATCCAATCCC-1	fc_larvae
fc_AAACGAAAGACAGCTG-1	fc_larvae
fc_AAACGAAAGCTTGTTG-1	fc_larvae
fc_AAACGAAAGTCGCGAA-1	fc_larvae
fc_AAACGAAGTTCACCGG-1	fc_larvae
fc_AAACGAAGTTGTACGT-1	fc_larvae
fc_AAACGAATCAAGCCCG-1	fc_larvae
fc_AAACGCTCACTACAGT-1	fc_larvae
fc_AAACGCTGTCGATTAC-1	fc_larvae
fc_AAAGAACAGAGAGTGA-1	fc_larvae
fc_AAAGAACCAACGGGTA-1	fc_larvae
fc_AAAGAACCATTGCTTT-1	fc_larvae
fc_AAAGAACTCACTCACC-1	fc_larvae
fc_AAAGAACTCCTGTACC-1	fc_larvae
fc_AAAGAACTCTAGTCAG-1	fc_larvae
fc_AAAGAACTCTTACTGT-1	fc_larvae
fc_AAAGGATGTGATAGTA-1	fc_larvae
fc_AAAGGATTCCATCTGC-1	fc_larvae
fc_AAAGGGCAGCCATTGT-1	fc_larvae
fc_AAAGGGCAGCGATGCA-1	fc_larvae
fc_AAAGGGCAGGGACCAT-1	fc_larvae
fc_AAAGGGCCACCGTACG-1	fc_larvae
fc_AAAGGGCGTTCCCAAA-1	fc_larvae
fc_AAAGGGCTCACGGGAA-1	fc_larvae
fc_AAAGGGCTCCAACCAA-1	fc_larvae
fc_AAAGGGCTCCCGTGAG-1	fc_larvae
fc_AAAGGGCTCTTACGGA-1	fc_larvae
fc_AAAGGTACAAGAGTGC-1	fc_larvae
fc_AAAGGTAGTAAGATAC-1	fc_larvae
fc_AAAGGTATCGCGCCAA-1	fc_larvae
fc_AAAGTCCAGATGGCAC-1	fc_larvae
fc_AAAGTCCAGCCTCTCT-1	fc_larvae
fc_AAAGTCCCAGAGGAAA-1	fc_larvae
fc_AAAGTCCCAGCAGAAC-1	fc_larvae
fc_AAAGTCCGTACGCTTA-1	fc_larvae
fc_AAAGTCCGTAGATCGG-1	fc_larvae
fc_AAAGTCCGTCTACGTA-1	fc_larvae
fc_AAAGTCCGTCTGTAGT-1	fc_larvae
fc_AAAGTCCGTGACCGAA-1	fc_larvae
fc_AAAGTCCTCGGAAGGT-1	fc_larvae
fc_AAAGTCCTCGGACTTA-1	fc_larvae
fc_AAAGTGAAGCCTCACG-1	fc_larvae
fc_AAAGTGAAGCGAGGAG-1	fc_larvae
fc_AAAGTGACAACATCGT-1	fc_larvae
fc_AAAGTGACAATCGCCG-1	fc_larvae
fc_AAAGTGACACAGAAGC-1	fc_larvae
fc_AAAGTGACACCCAATA-1	fc_larvae
fc_AAAGTGACAGCTCATA-1	fc_larvae
fc_AAAGTGAGTGTTGACT-1	fc_larvae
fc_AAATGGAAGTATTGCC-1	fc_larvae
fc_AAATGGAAGTCATAGA-1	fc_larvae
fc_AAATGGAAGTGTCATC-1	fc_larvae
fc_AAATGGATCATTTGGG-1	fc_larvae
fc_AACAAAGAGAAGAGCA-1	fc_larvae
fc_AACAAAGCACTACACA-1	fc_larvae
fc_AACAAAGGTATGGGAC-1	fc_larvae
fc_AACAAAGGTGGTATGG-1	fc_larvae
fc_AACAAAGGTTGGACCC-1	fc_larvae
fc_AACAAAGTCATGGGAG-1	fc_larvae
fc_AACAAAGTCTGCATGA-1	fc_larvae
fc_AACAACCAGCTGACCC-1	fc_larvae
fc_AACAACCCAAGTGACG-1	fc_larvae
fc_AACAACCCAATAGTGA-1	fc_larvae
fc_AACAACCGTACAAGTA-1	fc_larvae
fc_AACAACCGTCACCTTC-1	fc_larvae
fc_AACAACCTCAAGTCTG-1	fc_larvae
fc_AACAACCTCAGCACCG-1	fc_larvae
fc_AACAACCTCGCTTACC-1	fc_larvae
fc_AACAACCTCTTAGTTC-1	fc_larvae
fc_AACAAGAAGTTAACGA-1	fc_larvae
fc_AACAAGACAAGTTTGC-1	fc_larvae
fc_AACAAGACATAGCTGT-1	fc_larvae
fc_AACAAGAGTCTCCTGT-1	fc_larvae
fc_AACAAGAGTGAATATG-1	fc_larvae
fc_AACACACCACAGTGTT-1	fc_larvae
fc_AACACACCAGCGAACA-1	fc_larvae
fc_AACACACTCACTTGGA-1	fc_larvae
fc_AACACACTCTAGTCAG-1	fc_larvae
fc_AACAGGGCATGACCCG-1	fc_larvae
fc_AACAGGGGTGCTTCAA-1	fc_larvae
fc_AACAGGGGTTATAGCC-1	fc_larvae
fc_AACAGGGGTTGGTACT-1	fc_larvae
fc_AACCAACAGCATGATA-1	fc_larvae
fc_AACCAACAGTCACACT-1	fc_larvae
fc_AACCAACCAGCAGATG-1	fc_larvae
fc_AACCAACGTACGACTT-1	fc_larvae
fc_AACCAACGTATTCCGA-1	fc_larvae
fc_AACCAACGTCACCCTT-1	fc_larvae
fc_AACCAACGTCCTCCAT-1	fc_larvae
fc_AACCAACTCGAACTCA-1	fc_larvae
fc_AACCACAAGAGGGTAA-1	fc_larvae
fc_AACCACACAGTCACGC-1	fc_larvae
fc_AACCACAGTAACAAGT-1	fc_larvae
fc_AACCACAGTCATTGCA-1	fc_larvae
fc_AACCACAGTCGTGGAA-1	fc_larvae
fc_AACCATGAGCCACAAG-1	fc_larvae
fc_AACCATGAGGGCAGGA-1	fc_larvae
fc_AACCATGCAAGTCATC-1	fc_larvae
fc_AACCATGTCGGAATGG-1	fc_larvae
fc_AACCCAACACTAAACC-1	fc_larvae
fc_AACCCAACATACAGAA-1	fc_larvae
fc_AACCCAATCGCGGACT-1	fc_larvae
fc_AACCTGACACTTCATT-1	fc_larvae
fc_AACCTGACAGATTCGT-1	fc_larvae
fc_AACCTGATCGGACTGC-1	fc_larvae
fc_AACCTGATCGGACTTA-1	fc_larvae
fc_AACCTTTAGCTAATGA-1	fc_larvae
fc_AACCTTTAGTTGCCCG-1	fc_larvae
fc_AACCTTTCAGGCGATA-1	fc_larvae
fc_AACCTTTGTCGGAAAC-1	fc_larvae
fc_AACCTTTTCACCGACG-1	fc_larvae
fc_AACCTTTTCTTCCCGA-1	fc_larvae
fc_AACGAAAAGCACTCGC-1	fc_larvae
fc_AACGAAACAAATTAGG-1	fc_larvae
fc_AACGGGAGTAGGCAAC-1	fc_larvae
fc_AACGGGAGTCATTCCC-1	fc_larvae
fc_AACGGGATCGTTCATT-1	fc_larvae
fc_AACGTCAAGAACAGGA-1	fc_larvae
fc_AACGTCAAGCAAGTGC-1	fc_larvae
fc_AACGTCAAGTGCAGGT-1	fc_larvae
fc_AACGTCACAAACACGG-1	fc_larvae
fc_AACGTCACATATGGCT-1	fc_larvae
fc_AACGTCAGTACAATAG-1	fc_larvae
fc_AACGTCAGTTGTACGT-1	fc_larvae
fc_AACGTCAGTTGTCAGT-1	fc_larvae
fc_AACGTCATCCCTTGTG-1	fc_larvae
fc_AACGTCATCCGAGCTG-1	fc_larvae
fc_AACGTCATCGGTAAGG-1	fc_larvae
fc_AACTTCTCATAAGCAA-1	fc_larvae
fc_AACTTCTCATTGTGCA-1	fc_larvae
fc_AACTTCTTCAATCCGA-1	fc_larvae
fc_AACTTCTTCAGAACCT-1	fc_larvae
fc_AACTTCTTCTCTAAGG-1	fc_larvae
fc_AAGAACATCGAGAGAC-1	fc_larvae
fc_AAGACAATCAATCTCT-1	fc_larvae
fc_AAGACAATCCGTGGTG-1	fc_larvae
fc_AAGACTCTCCAAACCA-1	fc_larvae
fc_AAGACTCTCTCCGATC-1	fc_larvae
fc_AAGACTCTCTGTAACG-1	fc_larvae
fc_AAGATAGAGAGGGTAA-1	fc_larvae
fc_AAGATAGAGCACTGGA-1	fc_larvae
fc_AAGATAGAGGCTGGAT-1	fc_larvae
fc_AAGATAGCAACCACGC-1	fc_larvae
fc_AAGATAGTCTAAACGC-1	fc_larvae
fc_AAGCATCAGACGGTCA-1	fc_larvae
fc_AAGCATCGTAGCTTGT-1	fc_larvae
fc_AAGCATCGTCGTCTCT-1	fc_larvae
fc_AAGCATCTCAAACCCA-1	fc_larvae
fc_AAGCATCTCCGCCTAT-1	fc_larvae
fc_AAGCATCTCGTTCATT-1	fc_larvae
fc_AAGCCATCAATCGCCG-1	fc_larvae
fc_AAGCCATGTCGAATGG-1	fc_larvae
fc_AAGCCATTCCCGAATA-1	fc_larvae
fc_AAGCCATTCCGCATAA-1	fc_larvae
fc_AAGCCATTCGACCCAG-1	fc_larvae
fc_AAGCGAGAGAGTCCGA-1	fc_larvae
fc_AAGCGAGAGCCTTCTC-1	fc_larvae
fc_AAGCGAGAGTCCCGAC-1	fc_larvae
fc_AAGCGAGCAACCGGAA-1	fc_larvae
fc_AAGCGAGCAGCAAGAC-1	fc_larvae
fc_AAGCGAGCATATCGGT-1	fc_larvae
fc_AAGCGAGTCATGCGGC-1	fc_larvae
fc_AAGCGTTGTCAGCTTA-1	fc_larvae
fc_AAGCGTTTCTCCCTAG-1	fc_larvae
fc_AAGGAATCACGAAAGC-1	fc_larvae
fc_AAGGAATCATCATTGG-1	fc_larvae
fc_AAGGAATGTCAGACGA-1	fc_larvae
fc_AAGGAATGTTTCCATT-1	fc_larvae
fc_AAGGAATTCAGCAATC-1	fc_larvae
fc_AAGGAATTCTTGGTGA-1	fc_larvae
fc_AAGGTAAAGAATTGTG-1	fc_larvae
fc_AAGGTAAAGCCTCTGG-1	fc_larvae
fc_AAGGTAAAGTCCTACA-1	fc_larvae
fc_AAGGTAAAGTCTTGGT-1	fc_larvae
fc_AAGGTAACACACCGCA-1	fc_larvae
fc_AAGGTAACACTACTTT-1	fc_larvae
fc_AAGTACCAGCAACCAG-1	fc_larvae
fc_AAGTACCCAAGCGGAT-1	fc_larvae
fc_AAGTACCCACAGAAGC-1	fc_larvae
fc_AAGTACCCATCGGAGA-1	fc_larvae
fc_AAGTACCTCCCATGGG-1	fc_larvae
fc_AAGTACCTCGATAACC-1	fc_larvae
fc_AAGTCGTAGATCCAAA-1	fc_larvae
fc_AAGTCGTAGATCGCTT-1	fc_larvae
fc_AAGTCGTAGTACCGGA-1	fc_larvae
fc_AAGTCGTAGTAGGAAG-1	fc_larvae
fc_AAGTCGTAGTGGCAGT-1	fc_larvae
fc_AAGTCGTAGTTTCAGC-1	fc_larvae
fc_AAGTCGTCAGCAATTC-1	fc_larvae
fc_AAGTCGTCAGCTCTGG-1	fc_larvae
fc_AAGTCGTTCACATCAG-1	fc_larvae
fc_AAGTCGTTCCGTGACG-1	fc_larvae
fc_AAGTCGTTCGGAATTC-1	fc_larvae
fc_AAGTCGTTCGGCTATA-1	fc_larvae
fc_AAGTCGTTCTGAGGCC-1	fc_larvae
fc_AAGTGAAAGCGCCGTT-1	fc_larvae
fc_AAGTGAACAGCGGTTC-1	fc_larvae
fc_AAGTGAACATATCTGG-1	fc_larvae
fc_AAGTGAAGTATTTCCT-1	fc_larvae
fc_AAGTGAATCGAACGGA-1	fc_larvae
fc_AAGTGAATCGCTCATC-1	fc_larvae
fc_AAGTTCGCAAGTCATC-1	fc_larvae
fc_AAGTTCGCATGAGAAT-1	fc_larvae
fc_AAGTTCGTCCATCTGC-1	fc_larvae
fc_AATAGAGCATACTTTC-1	fc_larvae
fc_AATAGAGGTATGGAGC-1	fc_larvae
fc_AATAGAGTCTAGTCAG-1	fc_larvae
fc_AATCACGAGCGTTGTT-1	fc_larvae
fc_AATCACGAGGGTGGGA-1	fc_larvae
fc_AATCACGCACTATCCC-1	fc_larvae
fc_AATCACGCACTGAATC-1	fc_larvae
fc_AATCACGCAGAGATGC-1	fc_larvae
fc_AATCACGCAGAGTCAG-1	fc_larvae
fc_AATCACGGTAGTATAG-1	fc_larvae
fc_AATCACGTCCATTTCA-1	fc_larvae
fc_AATCACGTCTTCTGGC-1	fc_larvae
fc_AATCGACAGTAATTGG-1	fc_larvae
fc_AATCGACCAGCTCATA-1	fc_larvae
fc_AATCGACGTAAGCGGT-1	fc_larvae
fc_AATCGACGTGGGATTG-1	fc_larvae
fc_AATCGTGAGAATTGCA-1	fc_larvae
fc_AATCGTGAGCATAGGC-1	fc_larvae
fc_AATCGTGCAAGCGAGT-1	fc_larvae
fc_AATCGTGCATAGAATG-1	fc_larvae
fc_AATCGTGGTAACCCGC-1	fc_larvae
fc_AATCGTGGTGCCCAGT-1	fc_larvae
fc_AATCGTGGTTACCTTT-1	fc_larvae
fc_AATCGTGTCCCGTGAG-1	fc_larvae
fc_AATCGTGTCCCTTGGT-1	fc_larvae
fc_AATCGTGTCCGACGGT-1	fc_larvae
fc_AATGAAGAGCTTCTAG-1	fc_larvae
fc_AATGAAGGTAACATGA-1	fc_larvae
fc_AATGAAGGTAATGATG-1	fc_larvae
fc_AATGAAGTCTCCAAGA-1	fc_larvae
fc_AATGACCAGTCACAGG-1	fc_larvae
fc_AATGACCCACCACTGG-1	fc_larvae
fc_AATGACCGTCTCGCGA-1	fc_larvae
fc_AATGACCTCACCTGGG-1	fc_larvae
fc_AATGACCTCCAACACA-1	fc_larvae
fc_AATGCCAAGATAGTCA-1	fc_larvae
fc_AATGCCACATAACCCA-1	fc_larvae
fc_AATGCCAGTAATGTGA-1	fc_larvae
fc_AATGCCATCCCGGTAG-1	fc_larvae
fc_AATGGAAAGTCAGGGT-1	fc_larvae
fc_AATGGAACACGAAGAC-1	fc_larvae
fc_AATGGAAGTCATAGTC-1	fc_larvae
fc_AATGGAAGTTGAGAGC-1	fc_larvae
fc_AATGGAATCGACACCG-1	fc_larvae
fc_AATGGAATCGAGTGAG-1	fc_larvae
fc_AATGGCTAGAGGTTAT-1	fc_larvae
fc_AATGGCTCAAAGAGTT-1	fc_larvae
fc_AATGGCTGTCACCCTT-1	fc_larvae
fc_AATGGCTGTTCGGTAT-1	fc_larvae
fc_AATTCCTAGGTATAGT-1	fc_larvae
fc_AATTCCTCAATTCTTC-1	fc_larvae
fc_AATTCCTGTAAGGCTG-1	fc_larvae
fc_AATTCCTGTATCGCTA-1	fc_larvae
fc_AATTCCTGTCGGAAAC-1	fc_larvae
fc_AATTCCTGTGGTAACG-1	fc_larvae
fc_AATTCCTTCTCATAGG-1	fc_larvae
fc_AATTCCTTCTTTCCAA-1	fc_larvae
fc_AATTTCCAGCGATTCT-1	fc_larvae
fc_AATTTCCAGCTGCGAA-1	fc_larvae
fc_AATTTCCAGGATGCGT-1	fc_larvae
fc_AATTTCCCACCAGTAT-1	fc_larvae
fc_AATTTCCCAGCAGTGA-1	fc_larvae
fc_AATTTCCTCTCAACGA-1	fc_larvae
fc_ACAAAGAAGGTTTACC-1	fc_larvae
fc_ACAAAGACAGTTGTTG-1	fc_larvae
fc_ACAAAGATCCCGTGTT-1	fc_larvae
fc_ACAAAGATCCGATCGG-1	fc_larvae
fc_ACAACCACAAAGACTA-1	fc_larvae
fc_ACAACCACACCAGCTG-1	fc_larvae
fc_ACAACCACACCCTGTT-1	fc_larvae
fc_ACAACCACAGGCTTGC-1	fc_larvae
fc_ACAACCAGTCAACATC-1	fc_larvae
fc_ACAACCATCAGCAGAG-1	fc_larvae
fc_ACAACCATCGTCGCTT-1	fc_larvae
fc_ACAAGCTAGGCATGGT-1	fc_larvae
fc_ACAAGCTAGGCATTTC-1	fc_larvae
fc_ACAAGCTAGGTCACTT-1	fc_larvae
fc_ACAAGCTGTCTATGAC-1	fc_larvae
fc_ACAAGCTGTCTCAGGC-1	fc_larvae
fc_ACAAGCTGTCTCCCTA-1	fc_larvae
fc_ACAAGCTGTTAATCGC-1	fc_larvae
fc_ACAAGCTTCCTAGCCT-1	fc_larvae
fc_ACAAGCTTCTGCGGGT-1	fc_larvae
fc_ACACAGTAGTATGCAA-1	fc_larvae
fc_ACACAGTCATCAGTCA-1	fc_larvae
fc_ACACAGTGTCGGCTAC-1	fc_larvae
fc_ACACAGTGTTGTGGAG-1	fc_larvae
fc_ACACAGTTCAAGCGTT-1	fc_larvae
fc_ACACCAAAGAAGTATC-1	fc_larvae
fc_ACACCAACAGGGAATC-1	fc_larvae
fc_ACACCAACATCCGGCA-1	fc_larvae
fc_ACACCAAGTAACGCGA-1	fc_larvae
fc_ACACCAATCGCTAATG-1	fc_larvae
fc_ACACCAATCTCCCTAG-1	fc_larvae
fc_ACACGCGAGGCCTTCG-1	fc_larvae
fc_ACACGCGCATTACGGT-1	fc_larvae
fc_ACACGCGGTGGTAATA-1	fc_larvae
fc_ACACGCGGTGTTCCTC-1	fc_larvae
fc_ACACGCGTCTTGGATG-1	fc_larvae
fc_ACACTGAAGAAATTGC-1	fc_larvae
fc_ACACTGAGTGCATACT-1	fc_larvae
fc_ACACTGATCATGTCAG-1	fc_larvae
fc_ACAGAAAAGATAACAC-1	fc_larvae
fc_ACAGAAAAGTAACGAT-1	fc_larvae
fc_ACAGAAAAGTCCCGGT-1	fc_larvae
fc_ACAGAAAGTATGCGTT-1	fc_larvae
fc_ACAGAAATCGACGAGA-1	fc_larvae
fc_ACAGCCGCACACCGAC-1	fc_larvae
fc_ACAGCCGGTACTCGAT-1	fc_larvae
fc_ACAGCCGGTGTTGAGG-1	fc_larvae
fc_ACAGCCGTCAACTGGT-1	fc_larvae
fc_ACAGCCGTCCATGCAA-1	fc_larvae
fc_ACAGGGAAGCGATGAC-1	fc_larvae
fc_ACAGGGACACTTCCTG-1	fc_larvae
fc_ACAGGGAGTGAATATG-1	fc_larvae
fc_ACAGGGAGTGATGAAT-1	fc_larvae
fc_ACAGGGAGTGTTCAGT-1	fc_larvae
fc_ACAGGGAGTTCCGCGA-1	fc_larvae
fc_ACAGGGAGTTCTTAGG-1	fc_larvae
fc_ACAGGGATCAGTGTCA-1	fc_larvae
fc_ACATCCCAGTAACAGT-1	fc_larvae
fc_ACATCCCAGTCTGTAC-1	fc_larvae
fc_ACATCCCCAATTTCTC-1	fc_larvae
fc_ACATCCCCACTGTCCT-1	fc_larvae
fc_ACATCCCGTCAGTTTG-1	fc_larvae
fc_ACATCCCGTGTGGTCC-1	fc_larvae
fc_ACATCCCGTTCGAGCC-1	fc_larvae
fc_ACATCCCTCACACGAT-1	fc_larvae
fc_ACATCCCTCCATACAG-1	fc_larvae
fc_ACATCGACAACTGCCG-1	fc_larvae
fc_ACATCGAGTGCGCTCA-1	fc_larvae
fc_ACATCGAGTGGGATTG-1	fc_larvae
fc_ACATCGAGTGGTCAAG-1	fc_larvae
fc_ACATCGATCACGATCA-1	fc_larvae
fc_ACATCGATCCCAGCGA-1	fc_larvae
fc_ACATCGATCGCAGTGC-1	fc_larvae
fc_ACATCGATCTAACGCA-1	fc_larvae
fc_ACATGCAAGCTAATCC-1	fc_larvae
fc_ACATGCACAATACCTG-1	fc_larvae
fc_ACATGCACACTTGGGC-1	fc_larvae
fc_ACATGCACAGCACAAG-1	fc_larvae
fc_ACATGCACATAGGCGA-1	fc_larvae
fc_ACATGCAGTTAGCTAC-1	fc_larvae
fc_ACATTTCAGAACAGGA-1	fc_larvae
fc_ACATTTCCACAAGCTT-1	fc_larvae
fc_ACATTTCGTAGAGATT-1	fc_larvae
fc_ACATTTCGTATTTCGG-1	fc_larvae
fc_ACATTTCGTTTGACAC-1	fc_larvae
fc_ACCAAACAGAGAGTTT-1	fc_larvae
fc_ACCAAACAGAGATCGC-1	fc_larvae
fc_ACCAAACAGCATCTTG-1	fc_larvae
fc_ACCAAACCACAAGCCC-1	fc_larvae
fc_ACCAAACGTGCCTTTC-1	fc_larvae
fc_ACCAAACTCACCGACG-1	fc_larvae
fc_ACCAAACTCGCCTCTA-1	fc_larvae
fc_ACCAACATCGAGTCTA-1	fc_larvae
fc_ACCACAAAGACTGGGT-1	fc_larvae
fc_ACCACAACAAACAGGC-1	fc_larvae
fc_ACCACAACATGGCTAT-1	fc_larvae
fc_ACCACAAGTCAATGGG-1	fc_larvae
fc_ACCACAAGTTCAAGTC-1	fc_larvae
fc_ACCACAATCCCATAGA-1	fc_larvae
fc_ACCACAATCGTTGTTT-1	fc_larvae
fc_ACCATTTAGACATGCG-1	fc_larvae
fc_ACCATTTAGACTAAGT-1	fc_larvae
fc_ACCATTTAGCGTGTTT-1	fc_larvae
fc_ACCATTTAGCGTTACT-1	fc_larvae
fc_ACCATTTCACGGCTAC-1	fc_larvae
fc_ACCCAAAAGCGTGCTC-1	fc_larvae
fc_ACCCAAAAGTGGTCAG-1	fc_larvae
fc_ACCCAAACACCACATA-1	fc_larvae
fc_ACCCAAACATAGGTTC-1	fc_larvae
fc_ACCCAAAGTCCTCATC-1	fc_larvae
fc_ACCCAAATCCAGTACA-1	fc_larvae
fc_ACCCTCACAAGAGTAT-1	fc_larvae
fc_ACCCTCACACAGCCTG-1	fc_larvae
fc_ACCCTCACACGCTTAA-1	fc_larvae
fc_ACCCTCAGTACTCGTA-1	fc_larvae
fc_ACCCTCATCACACCCT-1	fc_larvae
fc_ACCCTCATCCCGAGAC-1	fc_larvae
fc_ACCCTCATCGCGCCAA-1	fc_larvae
fc_ACCCTCATCTGTAAGC-1	fc_larvae
fc_ACCCTTGAGTGACACG-1	fc_larvae
fc_ACCCTTGAGTTCGGTT-1	fc_larvae
fc_ACCCTTGGTCCTACGG-1	fc_larvae
fc_ACCCTTGGTGTTACAC-1	fc_larvae
fc_ACCCTTGTCCAATCTT-1	fc_larvae
fc_ACCCTTGTCCCTTTGG-1	fc_larvae
fc_ACCGTTCCACGCTGAC-1	fc_larvae
fc_ACCGTTCCAGCACCCA-1	fc_larvae
fc_ACCGTTCCAGCGTATT-1	fc_larvae
fc_ACCGTTCGTACCGTGC-1	fc_larvae
fc_ACCGTTCGTCGCTCGA-1	fc_larvae
fc_ACCGTTCGTGTGTCGC-1	fc_larvae
fc_ACCGTTCGTTGGGAAC-1	fc_larvae
fc_ACCGTTCTCCCGTTGT-1	fc_larvae
fc_ACCGTTCTCGTCGGGT-1	fc_larvae
fc_ACCTACCAGGCACCAA-1	fc_larvae
fc_ACCTACCGTCTACACA-1	fc_larvae
fc_ACCTACCGTTCTCCAC-1	fc_larvae
fc_ACCTGAAAGCCTGTCG-1	fc_larvae
fc_ACCTGAAAGTCGAATA-1	fc_larvae
fc_ACCTGAACAGCAGGAT-1	fc_larvae
fc_ACCTGAACATCGCTCT-1	fc_larvae
fc_ACCTGAAGTACTCCCT-1	fc_larvae
fc_ACCTGAAGTGGATCGA-1	fc_larvae
fc_ACCTGAATCGAACACT-1	fc_larvae
fc_ACCTGAATCGCCGAAC-1	fc_larvae
fc_ACCTGTCAGCCGTTAT-1	fc_larvae
fc_ACCTGTCCATTGTGCA-1	fc_larvae
fc_ACCTGTCGTATCTCTT-1	fc_larvae
fc_ACCTGTCGTCTGTCAA-1	fc_larvae
fc_ACCTGTCGTTATTCTC-1	fc_larvae
fc_ACCTGTCTCACGACTA-1	fc_larvae
fc_ACGATCAAGGGCAGTT-1	fc_larvae
fc_ACGATCAGTAGGTAGC-1	fc_larvae
fc_ACGATCATCTCAACGA-1	fc_larvae
fc_ACGATGTAGAAACACT-1	fc_larvae
fc_ACGATGTAGAGAGGTA-1	fc_larvae
fc_ACGATGTCATCCGAGC-1	fc_larvae
fc_ACGATGTGTTACGTAC-1	fc_larvae
fc_ACGCACGAGGAGGCAG-1	fc_larvae
fc_ACGCACGGTGAGCCAA-1	fc_larvae
fc_ACGCACGTCGCATTAG-1	fc_larvae
fc_ACGGAAGCAGTAGTGG-1	fc_larvae
fc_ACGGAAGGTTATAGCC-1	fc_larvae
fc_ACGGAAGGTTGTATGC-1	fc_larvae
fc_ACGGAAGGTTTCCCAC-1	fc_larvae
fc_ACGGGTCAGAAGTGTT-1	fc_larvae
fc_ACGGGTCAGAGCTGCA-1	fc_larvae
fc_ACGGGTCCACCAGGTC-1	fc_larvae
fc_ACGGGTCGTACGCTTA-1	fc_larvae
fc_ACGGGTCGTCAAATCC-1	fc_larvae
fc_ACGGGTCGTGCCTTTC-1	fc_larvae
fc_ACGGGTCGTTCGGTTA-1	fc_larvae
fc_ACGGGTCGTTGTCATG-1	fc_larvae
fc_ACGGGTCTCCACGAAT-1	fc_larvae
fc_ACGGGTCTCCTGCTAC-1	fc_larvae
fc_ACGGGTCTCGAACCTA-1	fc_larvae
fc_ACGGTCGAGGATAATC-1	fc_larvae
fc_ACGGTCGGTACCGTCG-1	fc_larvae
fc_ACGGTCGGTCGACTTA-1	fc_larvae
fc_ACGGTCGGTGATCGTT-1	fc_larvae
fc_ACGGTCGTCCACTAGA-1	fc_larvae
fc_ACGGTCGTCCCGATCT-1	fc_larvae
fc_ACGGTCGTCCCTCTAG-1	fc_larvae
fc_ACGGTTAAGGTCACCC-1	fc_larvae
fc_ACGGTTAGTCGTAATC-1	fc_larvae
fc_ACGGTTATCCCAGGAC-1	fc_larvae
fc_ACGTAACCAATGGCCC-1	fc_larvae
fc_ACGTAACGTACCTTCC-1	fc_larvae
fc_ACGTAACGTAGAAACT-1	fc_larvae
fc_ACGTAACGTAGAGATT-1	fc_larvae
fc_ACGTAACTCTCAACCC-1	fc_larvae
fc_ACGTAACTCTCTTGCG-1	fc_larvae
fc_ACGTACAAGTGTAGTA-1	fc_larvae
fc_ACGTACATCTATACGG-1	fc_larvae
fc_ACGTAGTAGATGCTAA-1	fc_larvae
fc_ACGTAGTCACGTCTCT-1	fc_larvae
fc_ACGTAGTCACTCCCTA-1	fc_larvae
fc_ACGTAGTTCGCAGTCG-1	fc_larvae
fc_ACGTAGTTCTCACGAA-1	fc_larvae
fc_ACGTCCTCACCAAAGG-1	fc_larvae
fc_ACGTCCTCACTGGATT-1	fc_larvae
fc_ACGTCCTCAGCCGTTG-1	fc_larvae
fc_ACGTCCTGTCAGGAGT-1	fc_larvae
fc_ACGTCCTGTTAGGCTT-1	fc_larvae
fc_ACGTTCCAGATGTTCC-1	fc_larvae
fc_ACGTTCCAGGCTAGCA-1	fc_larvae
fc_ACGTTCCCAACTCGAT-1	fc_larvae
fc_ACGTTCCCAGAGTCTT-1	fc_larvae
fc_ACGTTCCGTTGTCTAG-1	fc_larvae
fc_ACTACGACATTAAAGG-1	fc_larvae
fc_ACTACGAGTATGGAAT-1	fc_larvae
fc_ACTACGAGTCATCCCT-1	fc_larvae
fc_ACTACGATCCATACAG-1	fc_larvae
fc_ACTACGATCTTTACAC-1	fc_larvae
fc_ACTATCTAGGAGGCAG-1	fc_larvae
fc_ACTATCTCACAGCATT-1	fc_larvae
fc_ACTATCTTCAGCATTG-1	fc_larvae
fc_ACTATCTTCAGGTGTT-1	fc_larvae
fc_ACTATCTTCCTCTCTT-1	fc_larvae
fc_ACTATCTTCGGTGTAT-1	fc_larvae
fc_ACTATCTTCTTACGTT-1	fc_larvae
fc_ACTATGGAGATGCGAC-1	fc_larvae
fc_ACTATGGAGTATGCAA-1	fc_larvae
fc_ACTATGGGTCGACGCT-1	fc_larvae
fc_ACTATGGTCATTCGGA-1	fc_larvae
fc_ACTATTCAGAACTCCT-1	fc_larvae
fc_ACTATTCAGCTAATCC-1	fc_larvae
fc_ACTATTCCAAGTTCGT-1	fc_larvae
fc_ACTATTCGTTAGCTAC-1	fc_larvae
fc_ACTATTCTCCCGTAAA-1	fc_larvae
fc_ACTCCCAAGCGGTAAC-1	fc_larvae
fc_ACTCCCAGTACTCAAC-1	fc_larvae
fc_ACTCCCATCACTCACC-1	fc_larvae
fc_ACTCCCATCCATAAGC-1	fc_larvae
fc_ACTCCCATCTGGCTGG-1	fc_larvae
fc_ACTCTCGAGCTTTGTG-1	fc_larvae
fc_ACTCTCGAGGACGCAT-1	fc_larvae
fc_ACTCTCGCATTATGCG-1	fc_larvae
fc_ACTCTCGGTCACTCGG-1	fc_larvae
fc_ACTCTCGTCATTACCT-1	fc_larvae
fc_ACTCTCGTCGATTTCT-1	fc_larvae
fc_ACTCTCGTCTCCGCAT-1	fc_larvae
fc_ACTGATGAGGGAGATA-1	fc_larvae
fc_ACTGATGCAAACGAGC-1	fc_larvae
fc_ACTGATGGTGGGTCAA-1	fc_larvae
fc_ACTGATGGTTTGGAGG-1	fc_larvae
fc_ACTGATGTCGATCCAA-1	fc_larvae
fc_ACTGATGTCTTCGGTC-1	fc_larvae
fc_ACTGCAACAAACGGCA-1	fc_larvae
fc_ACTGCAACACATTCTT-1	fc_larvae
fc_ACTGCAACACTTCCTG-1	fc_larvae
fc_ACTGCAAGTACTGTTG-1	fc_larvae
fc_ACTGCAATCGTGGGAA-1	fc_larvae
fc_ACTGTCCAGGCATGGT-1	fc_larvae
fc_ACTGTCCAGTGCAGCA-1	fc_larvae
fc_ACTGTCCTCCGGCAGT-1	fc_larvae
fc_ACTGTGAAGCACCTGC-1	fc_larvae
fc_ACTGTGAAGCCGCACT-1	fc_larvae
fc_ACTGTGAAGGGCATGT-1	fc_larvae
fc_ACTGTGAAGGTTCTTG-1	fc_larvae
fc_ACTGTGAAGTTGTCGT-1	fc_larvae
fc_ACTGTGACAGACGCTC-1	fc_larvae
fc_ACTGTGACAGTGTGCC-1	fc_larvae
fc_ACTGTGACATGACTTG-1	fc_larvae
fc_ACTGTGATCCAAAGGG-1	fc_larvae
fc_ACTGTGATCCGAGAAG-1	fc_larvae
fc_ACTGTGATCTCATGCC-1	fc_larvae
fc_ACTTAGGCAACAGCCC-1	fc_larvae
fc_ACTTAGGCAAGACAAT-1	fc_larvae
fc_ACTTAGGGTAACATAG-1	fc_larvae
fc_ACTTAGGGTTAGAGAT-1	fc_larvae
fc_ACTTAGGGTTGCAACT-1	fc_larvae
fc_ACTTATCAGACTACGG-1	fc_larvae
fc_ACTTATCAGCCTCATA-1	fc_larvae
fc_ACTTATCAGTCCCAAT-1	fc_larvae
fc_ACTTATCCAGGAATCG-1	fc_larvae
fc_ACTTATCCATGCTGCG-1	fc_larvae
fc_ACTTATCGTACAACGG-1	fc_larvae
fc_ACTTATCGTTCCTAGA-1	fc_larvae
fc_ACTTATCTCGTTGCCT-1	fc_larvae
fc_ACTTCCGAGCAAATCA-1	fc_larvae
fc_ACTTCCGCACTACCGG-1	fc_larvae
fc_ACTTCCGCAGCGTTGC-1	fc_larvae
fc_ACTTCCGTCAGGAAGC-1	fc_larvae
fc_ACTTCGCAGACGTCGA-1	fc_larvae
fc_ACTTCGCAGTACTGTC-1	fc_larvae
fc_ACTTCGCCAACGGTAG-1	fc_larvae
fc_ACTTCGCCAGTACTAC-1	fc_larvae
fc_ACTTCGCTCGATGCTA-1	fc_larvae
fc_ACTTCGCTCGCCAGTG-1	fc_larvae
fc_ACTTTCAGTAATCAGA-1	fc_larvae
fc_ACTTTCATCAAGCTGT-1	fc_larvae
fc_ACTTTGTAGCTCTGTA-1	fc_larvae
fc_ACTTTGTCAGCTACCG-1	fc_larvae
fc_ACTTTGTCATCCTAAG-1	fc_larvae
fc_ACTTTGTGTCATCACA-1	fc_larvae
fc_ACTTTGTGTCGAGTGA-1	fc_larvae
fc_ACTTTGTTCAGAGTGG-1	fc_larvae
fc_AGAAATGAGGTAGTAT-1	fc_larvae
fc_AGAAATGCAAGATGGC-1	fc_larvae
fc_AGAAATGCAGGCACTC-1	fc_larvae
fc_AGAAATGCATCTCAAG-1	fc_larvae
fc_AGAAATGTCCACTGAA-1	fc_larvae
fc_AGAAATGTCCTTCTAA-1	fc_larvae
fc_AGAACAACAACCGATT-1	fc_larvae
fc_AGAACAATCTCATGCC-1	fc_larvae
fc_AGAACCTCAATCCTTT-1	fc_larvae
fc_AGAACCTGTAGGCTGA-1	fc_larvae
fc_AGAACCTTCATCACTT-1	fc_larvae
fc_AGAACCTTCCCAAGTA-1	fc_larvae
fc_AGAACCTTCCGCATAA-1	fc_larvae
fc_AGAACCTTCCTATGGA-1	fc_larvae
fc_AGAAGCGAGCCGTAAG-1	fc_larvae
fc_AGAAGCGGTCAGTCGC-1	fc_larvae
fc_AGAAGCGGTTCAGCGC-1	fc_larvae
fc_AGAAGCGTCCTACAAG-1	fc_larvae
fc_AGAAGTAAGAAGCCAC-1	fc_larvae
fc_AGAAGTAAGACTCTTG-1	fc_larvae
fc_AGAAGTACACAACATC-1	fc_larvae
fc_AGAAGTACACTAGTAC-1	fc_larvae
fc_AGAAGTAGTAACTTCG-1	fc_larvae
fc_AGAAGTATCTGCCTGT-1	fc_larvae
fc_AGACAAAAGCAGTACG-1	fc_larvae
fc_AGACAAAAGCGATTCT-1	fc_larvae
fc_AGACAAAAGGAACTCG-1	fc_larvae
fc_AGACAAAAGGTGAGCT-1	fc_larvae
fc_AGACACTAGACAACTA-1	fc_larvae
fc_AGACACTAGACACACG-1	fc_larvae
fc_AGACACTGTGGCCACT-1	fc_larvae
fc_AGACACTGTTAGTCGT-1	fc_larvae
fc_AGACACTTCAAGTCGT-1	fc_larvae
fc_AGACACTTCACTGGGC-1	fc_larvae
fc_AGACAGGAGCTAAACA-1	fc_larvae
fc_AGACAGGAGCTGGCTC-1	fc_larvae
fc_AGACAGGAGGGTACAC-1	fc_larvae
fc_AGACAGGAGTTCCGGC-1	fc_larvae
fc_AGACAGGCAACGACAG-1	fc_larvae
fc_AGACAGGCACCGTCGA-1	fc_larvae
fc_AGACAGGCAGTAGATA-1	fc_larvae
fc_AGACAGGTCCACCTCA-1	fc_larvae
fc_AGACAGGTCCCTCGTA-1	fc_larvae
fc_AGACAGGTCCTGGCTT-1	fc_larvae
fc_AGACCATAGCATATGA-1	fc_larvae
fc_AGACCATAGGCTGGAT-1	fc_larvae
fc_AGACCATAGTTTGGCT-1	fc_larvae
fc_AGACCATGTACGTGTT-1	fc_larvae
fc_AGACCATGTCAGGAGT-1	fc_larvae
fc_AGACCATGTGATGGCA-1	fc_larvae
fc_AGACCATTCAAGTGGG-1	fc_larvae
fc_AGACCATTCACCGCTT-1	fc_larvae
fc_AGACCATTCGTGCATA-1	fc_larvae
fc_AGACCCGAGAAAGCGA-1	fc_larvae
fc_AGACCCGAGAAATGGG-1	fc_larvae
fc_AGACCCGAGTCTTCCC-1	fc_larvae
fc_AGACCCGAGTGCACTT-1	fc_larvae
fc_AGACCCGCACAATCTG-1	fc_larvae
fc_AGACCCGCACCCTTAC-1	fc_larvae
fc_AGACCCGCAGCGAGTA-1	fc_larvae
fc_AGACCCGTCCAGCCTT-1	fc_larvae
fc_AGACCCGTCGAGCACC-1	fc_larvae
fc_AGACCCGTCGTTGCCT-1	fc_larvae
fc_AGACTCAAGACATAAC-1	fc_larvae
fc_AGACTCAAGTCGGGAT-1	fc_larvae
fc_AGACTCACACTTCCTG-1	fc_larvae
fc_AGACTCAGTCTCTCCA-1	fc_larvae
fc_AGACTCATCCTCTCTT-1	fc_larvae
fc_AGAGAATAGGCAGGTT-1	fc_larvae
fc_AGAGAATAGGCCTAGA-1	fc_larvae
fc_AGAGAATAGTAGCCAG-1	fc_larvae
fc_AGAGAATCACGCCACA-1	fc_larvae
fc_AGAGAATGTAGTTAGA-1	fc_larvae
fc_AGAGAATGTCAAACGG-1	fc_larvae
fc_AGAGAATGTCCTTAAG-1	fc_larvae
fc_AGAGAATGTGATCATC-1	fc_larvae
fc_AGAGAATTCGCAAGAG-1	fc_larvae
fc_AGAGAATTCGTGTTCC-1	fc_larvae
fc_AGAGAGCCAAAGGCTG-1	fc_larvae
fc_AGAGAGCCAGGAATCG-1	fc_larvae
fc_AGAGAGCCATTGTAGC-1	fc_larvae
fc_AGAGAGCGTTACGTAC-1	fc_larvae
fc_AGAGAGCTCACTGGTA-1	fc_larvae
fc_AGAGAGCTCCAATCTT-1	fc_larvae
fc_AGAGCAGAGCATTGTC-1	fc_larvae
fc_AGAGCAGCATGTTCGA-1	fc_larvae
fc_AGAGCAGGTCCAAAGG-1	fc_larvae
fc_AGAGCAGTCATGTCTT-1	fc_larvae
fc_AGAGCCCTCTTCCCGA-1	fc_larvae
fc_AGATAGAAGTTGTAAG-1	fc_larvae
fc_AGATAGACAGGTCCGT-1	fc_larvae
fc_AGATAGAGTAAGGCTG-1	fc_larvae
fc_AGATAGAGTGTTACTG-1	fc_larvae
fc_AGATAGAGTTGCAACT-1	fc_larvae
fc_AGATAGATCTGTGCAA-1	fc_larvae
fc_AGATCCAAGCTCACTA-1	fc_larvae
fc_AGATCCAAGTTTCGAC-1	fc_larvae
fc_AGATCCACAACTCCAA-1	fc_larvae
fc_AGATCCACACTTCCTG-1	fc_larvae
fc_AGATCCAGTACAACGG-1	fc_larvae
fc_AGATCCAGTCTCGGGT-1	fc_larvae
fc_AGATCCATCACTTTGT-1	fc_larvae
fc_AGATCCATCGGTAACT-1	fc_larvae
fc_AGATCGTAGAGTGGCT-1	fc_larvae
fc_AGATCGTAGCGACTGA-1	fc_larvae
fc_AGATCGTAGGTCCCTG-1	fc_larvae
fc_AGATCGTTCAGGAACG-1	fc_larvae
fc_AGATCGTTCCACAAGT-1	fc_larvae
fc_AGATCGTTCTTGGATG-1	fc_larvae
fc_AGATGAAAGCTGGCTC-1	fc_larvae
fc_AGATGAAAGGATAATC-1	fc_larvae
fc_AGATGAAAGGTGAGAA-1	fc_larvae
fc_AGATGAACACGTAACT-1	fc_larvae
fc_AGATGAACAGACAAGC-1	fc_larvae
fc_AGATGAAGTGCCTGAC-1	fc_larvae
fc_AGATGAAGTGCTGATT-1	fc_larvae
fc_AGATGCTCACGGATCC-1	fc_larvae
fc_AGATGCTCAGCGATTT-1	fc_larvae
fc_AGCATCAAGAGTTCGG-1	fc_larvae
fc_AGCATCAAGGCACAAC-1	fc_larvae
fc_AGCATCAAGTCTGCAT-1	fc_larvae
fc_AGCATCACATGTCAGT-1	fc_larvae
fc_AGCATCAGTACAGCGA-1	fc_larvae
fc_AGCATCAGTCTCCCTA-1	fc_larvae
fc_AGCATCAGTTGCTCCT-1	fc_larvae
fc_AGCATCATCTCAACCC-1	fc_larvae
fc_AGCATCATCTGAGTCA-1	fc_larvae
fc_AGCCAATAGTTGCCTA-1	fc_larvae
fc_AGCCAATGTCGTTGCG-1	fc_larvae
fc_AGCCAATGTGATCGTT-1	fc_larvae
fc_AGCCAATTCACTACGA-1	fc_larvae
fc_AGCCAATTCCACTAGA-1	fc_larvae
fc_AGCCAATTCGAATGCT-1	fc_larvae
fc_AGCCAATTCGTGCACG-1	fc_larvae
fc_AGCCACGAGCCATGCC-1	fc_larvae
fc_AGCCACGAGTACTCGT-1	fc_larvae
fc_AGCCACGCAGGCACTC-1	fc_larvae
fc_AGCCACGCAGGGCTTC-1	fc_larvae
fc_AGCCACGGTAGATCCT-1	fc_larvae
fc_AGCCACGGTGCCCGTA-1	fc_larvae
fc_AGCCACGGTTTACCAG-1	fc_larvae
fc_AGCCACGTCTCCTGAC-1	fc_larvae
fc_AGCCAGCAGCGATTCT-1	fc_larvae
fc_AGCCAGCCACGGCACT-1	fc_larvae
fc_AGCCAGCCAGGCATTT-1	fc_larvae
fc_AGCCAGCGTGTTGACT-1	fc_larvae
fc_AGCCAGCTCAACCCGG-1	fc_larvae
fc_AGCCAGCTCCGCGAGT-1	fc_larvae
fc_AGCCAGCTCCTGTTAT-1	fc_larvae
fc_AGCGATTAGCTGACCC-1	fc_larvae
fc_AGCGATTAGGGTACGT-1	fc_larvae
fc_AGCGATTAGGTCCTGC-1	fc_larvae
fc_AGCGATTCAAATAAGC-1	fc_larvae
fc_AGCGATTTCATGCTAG-1	fc_larvae
fc_AGCGATTTCGTTGTGA-1	fc_larvae
fc_AGCGATTTCTTGTTAC-1	fc_larvae
fc_AGCGCCACAACCAGAG-1	fc_larvae
fc_AGCGCCACAGCGACCT-1	fc_larvae
fc_AGCGCCAGTAGGAAAG-1	fc_larvae
fc_AGCGCCAGTCACAATC-1	fc_larvae
fc_AGCGCCAGTCGTTGCG-1	fc_larvae
fc_AGCGCCAGTTCGAGCC-1	fc_larvae
fc_AGCGCCATCACTGTCC-1	fc_larvae
fc_AGCGCCATCATTTGGG-1	fc_larvae
fc_AGCGCCATCGCATGAT-1	fc_larvae
fc_AGCGCCATCGGTCACG-1	fc_larvae
fc_AGCGCTGCAGTCGGTC-1	fc_larvae
fc_AGCGCTGGTAGCTAAA-1	fc_larvae
fc_AGCGCTGTCTCAGAAC-1	fc_larvae
fc_AGCGTATAGCAACCAG-1	fc_larvae
fc_AGCGTATAGCAGTAAT-1	fc_larvae
fc_AGCGTATAGGTCATTC-1	fc_larvae
fc_AGCGTATCAAGGCCTC-1	fc_larvae
fc_AGCGTATTCCATTCAT-1	fc_larvae
fc_AGCGTATTCCGTCACT-1	fc_larvae
fc_AGCTACAAGATGCTAA-1	fc_larvae
fc_AGCTACAAGCGACAGT-1	fc_larvae
fc_AGCTACAAGGTGCCAA-1	fc_larvae
fc_AGCTACAAGTGCCGAA-1	fc_larvae
fc_AGCTACACAGTTGAAA-1	fc_larvae
fc_AGCTACACATACTGAC-1	fc_larvae
fc_AGCTACAGTCTTTATC-1	fc_larvae
fc_AGCTACATCGGTGTAT-1	fc_larvae
fc_AGCTCAAAGAGGTTTA-1	fc_larvae
fc_AGCTCAAAGGGCTGAT-1	fc_larvae
fc_AGCTCAAAGGTCATAA-1	fc_larvae
fc_AGCTCAAAGTGCGACA-1	fc_larvae
fc_AGCTCAAGTAACGGTG-1	fc_larvae
fc_AGCTCAAGTCAACCTA-1	fc_larvae
fc_AGCTCAAGTCGAGCTC-1	fc_larvae
fc_AGCTCAAGTCTGTGTA-1	fc_larvae
fc_AGCTCAAGTTGGGAAC-1	fc_larvae
fc_AGCTCAATCCCGAGAC-1	fc_larvae
fc_AGCTTCCAGATACCAA-1	fc_larvae
fc_AGCTTCCAGTTCCGGC-1	fc_larvae
fc_AGCTTCCCAAACTCTG-1	fc_larvae
fc_AGCTTCCCACTGGCCA-1	fc_larvae
fc_AGCTTCCCAGCTACTA-1	fc_larvae
fc_AGGAAATCAATGCAGG-1	fc_larvae
fc_AGGAAATCACGGGCTT-1	fc_larvae
fc_AGGAAATCAGCGTTGC-1	fc_larvae
fc_AGGAAATCATCTCATT-1	fc_larvae
fc_AGGAAATGTAAGGCCA-1	fc_larvae
fc_AGGAAATGTCTGTGGC-1	fc_larvae
fc_AGGAAATGTGCTCCGA-1	fc_larvae
fc_AGGAATAAGACCAACG-1	fc_larvae
fc_AGGAATAAGAGCTGCA-1	fc_larvae
fc_AGGAATACAGTCAGAG-1	fc_larvae
fc_AGGAATAGTAGCCCTG-1	fc_larvae
fc_AGGAATAGTCCATCTC-1	fc_larvae
fc_AGGAATATCTCCTACG-1	fc_larvae
fc_AGGACGAAGCCGGATA-1	fc_larvae
fc_AGGACGAGTTCCGTTC-1	fc_larvae
fc_AGGACGATCCACTGGG-1	fc_larvae
fc_AGGACTTCAAAGGCAC-1	fc_larvae
fc_AGGACTTCAGAGTTCT-1	fc_larvae
fc_AGGACTTGTCGAGTGA-1	fc_larvae
fc_AGGACTTGTTGTGCAT-1	fc_larvae
fc_AGGACTTTCAGACCGC-1	fc_larvae
fc_AGGAGGTAGACGAGCT-1	fc_larvae
fc_AGGAGGTAGAGGCGTT-1	fc_larvae
fc_AGGAGGTAGCGATCGA-1	fc_larvae
fc_AGGAGGTAGGGACTGT-1	fc_larvae
fc_AGGAGGTCACTTCATT-1	fc_larvae
fc_AGGAGGTGTACAGAAT-1	fc_larvae
fc_AGGAGGTGTATGAAGT-1	fc_larvae
fc_AGGAGGTGTGGACTGA-1	fc_larvae
fc_AGGAGGTTCCACGGAC-1	fc_larvae
fc_AGGATAAAGCTTTCCC-1	fc_larvae
fc_AGGATAATCTTCCACG-1	fc_larvae
fc_AGGATCTCACAGCCTG-1	fc_larvae
fc_AGGCATTCAAACAGGC-1	fc_larvae
fc_AGGCATTCAATTCTTC-1	fc_larvae
fc_AGGCATTCATGCAGGA-1	fc_larvae
fc_AGGCATTGTGTGTTTG-1	fc_larvae
fc_AGGCCACAGCTTTCTT-1	fc_larvae
fc_AGGCCACAGTCGCTAT-1	fc_larvae
fc_AGGCCACAGTGGACGT-1	fc_larvae
fc_AGGCCACCACCATTCC-1	fc_larvae
fc_AGGCCACCATGACAAA-1	fc_larvae
fc_AGGCCACTCATTTGTC-1	fc_larvae
fc_AGGCCACTCTCTTGCG-1	fc_larvae
fc_AGGCTGCAGACCATTC-1	fc_larvae
fc_AGGCTGCAGAGCGACT-1	fc_larvae
fc_AGGCTGCCACCAGTTA-1	fc_larvae
fc_AGGCTGCCATATCTGG-1	fc_larvae
fc_AGGGAGTAGCTTTCTT-1	fc_larvae
fc_AGGGAGTCACCTTCGT-1	fc_larvae
fc_AGGGAGTGTATGCGTT-1	fc_larvae
fc_AGGGAGTTCATGCAGT-1	fc_larvae
fc_AGGGCCTAGACATCCT-1	fc_larvae
fc_AGGGCCTGTACGTACT-1	fc_larvae
fc_AGGGCCTGTATCGAGG-1	fc_larvae
fc_AGGGCCTTCCGGACTG-1	fc_larvae
fc_AGGGCCTTCCGTTTCG-1	fc_larvae
fc_AGGGCTCTCACTTCTA-1	fc_larvae
fc_AGGGCTCTCGTCGGGT-1	fc_larvae
fc_AGGGTCCCAGCTGAAG-1	fc_larvae
fc_AGGGTCCCATCCCACT-1	fc_larvae
fc_AGGGTCCCATGATCTG-1	fc_larvae
fc_AGGGTCCGTCCAGGTC-1	fc_larvae
fc_AGGGTGACACCCAAGC-1	fc_larvae
fc_AGGGTGAGTATTCTCT-1	fc_larvae
fc_AGGGTGATCTTACTGT-1	fc_larvae
fc_AGGGTTTAGAATGTTG-1	fc_larvae
fc_AGGGTTTGTCACCTTC-1	fc_larvae
fc_AGGGTTTGTGGCTACC-1	fc_larvae
fc_AGGGTTTTCGTGGACC-1	fc_larvae
fc_AGGTAGGCAACACAGG-1	fc_larvae
fc_AGGTAGGCATTGTAGC-1	fc_larvae
fc_AGGTAGGTCGACATAC-1	fc_larvae
fc_AGGTCATCACAGTGAG-1	fc_larvae
fc_AGGTCATCATTCAGGT-1	fc_larvae
fc_AGGTCATGTATGGTTC-1	fc_larvae
fc_AGGTCATTCGGCTGTG-1	fc_larvae
fc_AGGTCTAGTATCTCTT-1	fc_larvae
fc_AGGTCTATCTGCTAGA-1	fc_larvae
fc_AGGTGTTAGCTTGTTG-1	fc_larvae
fc_AGGTGTTAGTGACACG-1	fc_larvae
fc_AGGTGTTCAGCACAAG-1	fc_larvae
fc_AGGTGTTGTGCCTACG-1	fc_larvae
fc_AGGTGTTTCACCGCTT-1	fc_larvae
fc_AGGTGTTTCCGAAATC-1	fc_larvae
fc_AGGTGTTTCCGACATA-1	fc_larvae
fc_AGGTTACCAGCGTATT-1	fc_larvae
fc_AGGTTACGTCTTTCTA-1	fc_larvae
fc_AGGTTACGTTCCACGG-1	fc_larvae
fc_AGGTTACTCATTTCGT-1	fc_larvae
fc_AGGTTGTAGTCGTTAC-1	fc_larvae
fc_AGGTTGTAGTTTCGAC-1	fc_larvae
fc_AGGTTGTCACGGTGAA-1	fc_larvae
fc_AGGTTGTCAGCGTTTA-1	fc_larvae
fc_AGGTTGTTCTAAGCCA-1	fc_larvae
fc_AGTAACCAGAAATGGG-1	fc_larvae
fc_AGTAACCAGATGGCGT-1	fc_larvae
fc_AGTAACCCAAGGTACG-1	fc_larvae
fc_AGTAACCCATTGGATC-1	fc_larvae
fc_AGTAACCGTTGCGTAT-1	fc_larvae
fc_AGTAACCTCTAGTACG-1	fc_larvae
fc_AGTACCAAGCACTAGG-1	fc_larvae
fc_AGTACCACACGACAGA-1	fc_larvae
fc_AGTACCAGTCTGCATA-1	fc_larvae
fc_AGTACTGAGAGTCTTC-1	fc_larvae
fc_AGTACTGCAATCTAGC-1	fc_larvae
fc_AGTACTGCAGTAGAGC-1	fc_larvae
fc_AGTACTGCATCTAACG-1	fc_larvae
fc_AGTACTGCATGCAGGA-1	fc_larvae
fc_AGTACTGGTGAATTGA-1	fc_larvae
fc_AGTACTGTCAAGCTGT-1	fc_larvae
fc_AGTACTGTCCAGGACC-1	fc_larvae
fc_AGTACTGTCCGATGCG-1	fc_larvae
fc_AGTACTGTCGTCACCT-1	fc_larvae
fc_AGTAGCTAGCGCTGAA-1	fc_larvae
fc_AGTAGCTAGTCTTGGT-1	fc_larvae
fc_AGTAGCTCAGTGGGTA-1	fc_larvae
fc_AGTAGCTTCAGTGTGT-1	fc_larvae
fc_AGTAGCTTCTAGAGCT-1	fc_larvae
fc_AGTAGTCAGGTAAGGA-1	fc_larvae
fc_AGTAGTCAGTACGTCT-1	fc_larvae
fc_AGTAGTCGTCGGTGTC-1	fc_larvae
fc_AGTAGTCGTTTGGCTA-1	fc_larvae
fc_AGTAGTCTCTGTTCAT-1	fc_larvae
fc_AGTCAACAGACTTAAG-1	fc_larvae
fc_AGTCAACCAAACGGCA-1	fc_larvae
fc_AGTCAACCAACACACT-1	fc_larvae
fc_AGTCAACCATGAAGGC-1	fc_larvae
fc_AGTCAACGTGACAACG-1	fc_larvae
fc_AGTCAACGTTTCCCAC-1	fc_larvae
fc_AGTCAACTCTTCTGTA-1	fc_larvae
fc_AGTCACAAGACCAACG-1	fc_larvae
fc_AGTCACAAGATGACCG-1	fc_larvae
fc_AGTCACAAGCGGGTAT-1	fc_larvae
fc_AGTCACACAAGAAACT-1	fc_larvae
fc_AGTCACACAATCACGT-1	fc_larvae
fc_AGTCACAGTGCAGGAT-1	fc_larvae
fc_AGTCACATCAACTTTC-1	fc_larvae
fc_AGTCACATCAATCAGC-1	fc_larvae
fc_AGTCACATCGAACGGA-1	fc_larvae
fc_AGTCATGAGAATAGTC-1	fc_larvae
fc_AGTCATGCAGCTGTCG-1	fc_larvae
fc_AGTCATGGTGTCACAT-1	fc_larvae
fc_AGTCATGTCGTACCTC-1	fc_larvae
fc_AGTCTCCAGCACTCTA-1	fc_larvae
fc_AGTCTCCCAAGGCAAC-1	fc_larvae
fc_AGTCTCCCAGAGCGTA-1	fc_larvae
fc_AGTCTCCCAGCACAGA-1	fc_larvae
fc_AGTCTCCCATAGCACT-1	fc_larvae
fc_AGTCTCCGTGACCGAA-1	fc_larvae
fc_AGTCTCCTCTCCCTAG-1	fc_larvae
fc_AGTGACTTCGGACGTC-1	fc_larvae
fc_AGTGATCGTGGCAGAT-1	fc_larvae
fc_AGTGCCGAGAGAACCC-1	fc_larvae
fc_AGTGCCGCAATCGCAT-1	fc_larvae
fc_AGTGCCGCAGCTTCCT-1	fc_larvae
fc_AGTGCCGCAGTCAGCC-1	fc_larvae
fc_AGTGCCGGTGCCTACG-1	fc_larvae
fc_AGTGCCGGTTAGAAGT-1	fc_larvae
fc_AGTGCCGTCGACGACC-1	fc_larvae
fc_AGTGTTGAGACGTCCC-1	fc_larvae
fc_AGTGTTGAGCGGCTCT-1	fc_larvae
fc_AGTGTTGAGCTAATCC-1	fc_larvae
fc_AGTGTTGCATACTGAC-1	fc_larvae
fc_AGTGTTGTCAATCCGA-1	fc_larvae
fc_AGTGTTGTCACTACTT-1	fc_larvae
fc_AGTGTTGTCGGTCACG-1	fc_larvae
fc_AGTGTTGTCGTGCAGC-1	fc_larvae
fc_AGTGTTGTCGTTCTCG-1	fc_larvae
fc_AGTTAGCAGATAGTGT-1	fc_larvae
fc_AGTTAGCAGCCGGAAT-1	fc_larvae
fc_AGTTAGCAGGCTCTCG-1	fc_larvae
fc_AGTTAGCAGTCATAGA-1	fc_larvae
fc_AGTTAGCCAGTTGGTT-1	fc_larvae
fc_AGTTAGCGTCTCTCAC-1	fc_larvae
fc_AGTTCCCAGATGCTGG-1	fc_larvae
fc_AGTTCCCCAGTTAAAG-1	fc_larvae
fc_AGTTCCCTCCGATAGT-1	fc_larvae
fc_AGTTCCCTCGTAGGGA-1	fc_larvae
fc_AGTTCGAAGAATCCCT-1	fc_larvae
fc_AGTTCGAAGCTTGTGT-1	fc_larvae
fc_AGTTCGATCATACGAC-1	fc_larvae
fc_AGTTCGATCGACGTCG-1	fc_larvae
fc_AGTTCGATCTCTGAGA-1	fc_larvae
fc_ATACCGACATCATTGG-1	fc_larvae
fc_ATACCGAGTACGCTAT-1	fc_larvae
fc_ATACCGATCTAACACG-1	fc_larvae
fc_ATACCGATCTATCGGA-1	fc_larvae
fc_ATACCTTAGGAAAGAC-1	fc_larvae
fc_ATACCTTCAATCACGT-1	fc_larvae
fc_ATACCTTGTGACCGAA-1	fc_larvae
fc_ATACCTTGTTGGGATG-1	fc_larvae
fc_ATACCTTGTTGTGTAC-1	fc_larvae
fc_ATACCTTTCGAGCCTG-1	fc_larvae
fc_ATACCTTTCGGTCACG-1	fc_larvae
fc_ATACCTTTCTAACGCA-1	fc_larvae
fc_ATACCTTTCTCCCTAG-1	fc_larvae
fc_ATACTTCAGAACCCGA-1	fc_larvae
fc_ATACTTCCATTGCTGA-1	fc_larvae
fc_ATACTTCGTGCGGTAA-1	fc_larvae
fc_ATACTTCTCAAGCCTA-1	fc_larvae
fc_ATACTTCTCAAGTGTC-1	fc_larvae
fc_ATACTTCTCTTACCAT-1	fc_larvae
fc_ATAGACCAGTCTAGCT-1	fc_larvae
fc_ATAGACCCAAATACGA-1	fc_larvae
fc_ATAGACCCAATACGCT-1	fc_larvae
fc_ATAGACCCATACAGGG-1	fc_larvae
fc_ATAGACCCATCCGGCA-1	fc_larvae
fc_ATAGACCTCCCTTTGG-1	fc_larvae
fc_ATAGACCTCGACACTA-1	fc_larvae
fc_ATAGACCTCTGGCCAG-1	fc_larvae
fc_ATAGAGAAGTATGAAC-1	fc_larvae
fc_ATAGAGACAAATACGA-1	fc_larvae
fc_ATAGAGACAGAACGCA-1	fc_larvae
fc_ATAGAGACATCGATCA-1	fc_larvae
fc_ATAGAGAGTACCGTGC-1	fc_larvae
fc_ATAGGCTAGAATCGAT-1	fc_larvae
fc_ATAGGCTAGGTTCCGC-1	fc_larvae
fc_ATAGGCTGTTCGTACA-1	fc_larvae
fc_ATAGGCTTCATTGAGC-1	fc_larvae
fc_ATAGGCTTCTTCGCTG-1	fc_larvae
fc_ATATCCTAGCACTCTA-1	fc_larvae
fc_ATATCCTCAAGATCCT-1	fc_larvae
fc_ATATCCTCACCAGGTC-1	fc_larvae
fc_ATATCCTCACGTGTGC-1	fc_larvae
fc_ATATCCTGTCTCAAGT-1	fc_larvae
fc_ATATCCTGTGCCGAAA-1	fc_larvae
fc_ATATCCTGTTCACGAT-1	fc_larvae
fc_ATATCCTTCCTGATAG-1	fc_larvae
fc_ATATCCTTCTCGGTCT-1	fc_larvae
fc_ATATCCTTCTTTGCAT-1	fc_larvae
fc_ATCACAGAGGTCGTCC-1	fc_larvae
fc_ATCACAGAGTTGGACG-1	fc_larvae
fc_ATCACAGGTCAGTCGC-1	fc_larvae
fc_ATCACAGTCAACCTTT-1	fc_larvae
fc_ATCACAGTCCCTCTTT-1	fc_larvae
fc_ATCACAGTCCGTAATG-1	fc_larvae
fc_ATCACGAAGCACGGAT-1	fc_larvae
fc_ATCACGAAGCGTTCAT-1	fc_larvae
fc_ATCACGAAGGGATCTG-1	fc_larvae
fc_ATCACGACATAACAGA-1	fc_larvae
fc_ATCACGAGTGCCTAAT-1	fc_larvae
fc_ATCACGAGTGCTCGTG-1	fc_larvae
fc_ATCACGATCAAATGAG-1	fc_larvae
fc_ATCACGATCATGCCGG-1	fc_larvae
fc_ATCACTTCAAGACCGA-1	fc_larvae
fc_ATCACTTGTCTACACA-1	fc_larvae
fc_ATCACTTGTTCTCCCA-1	fc_larvae
fc_ATCAGGTAGTGATGGC-1	fc_larvae
fc_ATCAGGTCACGCTGAC-1	fc_larvae
fc_ATCAGGTCAGACGCTC-1	fc_larvae
fc_ATCAGGTCATAGCTGT-1	fc_larvae
fc_ATCAGGTGTACGATGG-1	fc_larvae
fc_ATCAGGTTCAACGTGT-1	fc_larvae
fc_ATCAGGTTCACTCTTA-1	fc_larvae
fc_ATCAGGTTCATACGAC-1	fc_larvae
fc_ATCAGGTTCTGAGGCC-1	fc_larvae
fc_ATCATTCAGCACCTGC-1	fc_larvae
fc_ATCATTCAGGTAAGTT-1	fc_larvae
fc_ATCATTCAGGTGCCTC-1	fc_larvae
fc_ATCATTCAGTAGTCCT-1	fc_larvae
fc_ATCATTCCACATATCG-1	fc_larvae
fc_ATCATTCCACATTCGA-1	fc_larvae
fc_ATCATTCGTAGATGTA-1	fc_larvae
fc_ATCCACCAGCACTTTG-1	fc_larvae
fc_ATCCACCAGCAGGCAT-1	fc_larvae
fc_ATCCACCAGCAGGTCA-1	fc_larvae
fc_ATCCACCAGGGCCAAT-1	fc_larvae
fc_ATCCACCCAAGGCGTA-1	fc_larvae
fc_ATCCACCCAATAGGAT-1	fc_larvae
fc_ATCCACCCAATTCTTC-1	fc_larvae
fc_ATCCACCCACACGGAA-1	fc_larvae
fc_ATCCACCCACTGCTTC-1	fc_larvae
fc_ATCCACCGTGGCCTCA-1	fc_larvae
fc_ATCCACCTCCTGGGTG-1	fc_larvae
fc_ATCCACCTCTGGGAGA-1	fc_larvae
fc_ATCCATTAGAGGTCAC-1	fc_larvae
fc_ATCCATTCAGCTTTCC-1	fc_larvae
fc_ATCCATTGTAGGCAAC-1	fc_larvae
fc_ATCCATTGTCCCACGA-1	fc_larvae
fc_ATCCATTGTGGCTTAT-1	fc_larvae
fc_ATCCATTGTTATGACC-1	fc_larvae
fc_ATCCATTTCGTGCATA-1	fc_larvae
fc_ATCCCTGAGACATAAC-1	fc_larvae
fc_ATCCCTGAGCGACCCT-1	fc_larvae
fc_ATCCCTGAGGCCCACT-1	fc_larvae
fc_ATCCCTGAGTATGATG-1	fc_larvae
fc_ATCCCTGCATGTGACT-1	fc_larvae
fc_ATCCCTGGTGGTCCCA-1	fc_larvae
fc_ATCCCTGTCACCCATC-1	fc_larvae
fc_ATCCCTGTCTACCACC-1	fc_larvae
fc_ATCCGTCAGAACAAGG-1	fc_larvae
fc_ATCCGTCAGAGCGACT-1	fc_larvae
fc_ATCCGTCAGGAGAGTA-1	fc_larvae
fc_ATCCGTCAGTCACTAC-1	fc_larvae
fc_ATCCGTCCACTGCATA-1	fc_larvae
fc_ATCCGTCCATCGGAGA-1	fc_larvae
fc_ATCCGTCGTGATTCTG-1	fc_larvae
fc_ATCCGTCGTTCTCAGA-1	fc_larvae
fc_ATCCGTCTCGCACTCT-1	fc_larvae
fc_ATCCTATAGCCAAGCA-1	fc_larvae
fc_ATCCTATCAGCCGGTT-1	fc_larvae
fc_ATCCTATCATGAGGGT-1	fc_larvae
fc_ATCGATGAGTCTAACC-1	fc_larvae
fc_ATCGATGAGTGAGGCT-1	fc_larvae
fc_ATCGATGCAAATACAG-1	fc_larvae
fc_ATCGATGCAGACCTAT-1	fc_larvae
fc_ATCGATGCAGCGGTTC-1	fc_larvae
fc_ATCGATGCATGACTCA-1	fc_larvae
fc_ATCGATGCATTGCTTT-1	fc_larvae
fc_ATCGATGTCTGTGCAA-1	fc_larvae
fc_ATCGCCTCAATGCAGG-1	fc_larvae
fc_ATCGCCTCATCGTCCT-1	fc_larvae
fc_ATCGCCTCATTGACTG-1	fc_larvae
fc_ATCGCCTTCCGACGGT-1	fc_larvae
fc_ATCGGATAGAGCAGAA-1	fc_larvae
fc_ATCGGATAGGATGCGT-1	fc_larvae
fc_ATCGGATCAACCCTAA-1	fc_larvae
fc_ATCGGATCAATTGCCA-1	fc_larvae
fc_ATCGGATCATAGCACT-1	fc_larvae
fc_ATCGGATGTACAAACA-1	fc_larvae
fc_ATCGGATGTGTGGACA-1	fc_larvae
fc_ATCGGATGTTACGTAC-1	fc_larvae
fc_ATCGGATGTTTGAAAG-1	fc_larvae
fc_ATCGGATTCGAAGGAC-1	fc_larvae
fc_ATCGGCGAGAGGGTGG-1	fc_larvae
fc_ATCGGCGCAACAGTGG-1	fc_larvae
fc_ATCGGCGTCCTAGCCT-1	fc_larvae
fc_ATCGTAGAGATGCTAA-1	fc_larvae
fc_ATCGTAGAGGCTTTCA-1	fc_larvae
fc_ATCGTAGAGTTGAATG-1	fc_larvae
fc_ATCGTAGCAACCAACT-1	fc_larvae
fc_ATCGTAGCAAGCAGGT-1	fc_larvae
fc_ATCGTAGCATGACGGA-1	fc_larvae
fc_ATCGTAGGTCTGTAGT-1	fc_larvae
fc_ATCGTAGTCTATCCAT-1	fc_larvae
fc_ATCGTCCAGTACAGAT-1	fc_larvae
fc_ATCGTCCAGTTGAAAC-1	fc_larvae
fc_ATCGTCCCACCAAAGG-1	fc_larvae
fc_ATCGTCCCACTCTAGA-1	fc_larvae
fc_ATCGTCCCATCGTTCC-1	fc_larvae
fc_ATCGTCCTCCACTTTA-1	fc_larvae
fc_ATCGTCCTCTCACTCG-1	fc_larvae
fc_ATCGTCCTCTCGTCAC-1	fc_larvae
fc_ATCGTGAAGGAGAATG-1	fc_larvae
fc_ATCGTGAAGTCGTCTA-1	fc_larvae
fc_ATCGTGAGTGCTGCAC-1	fc_larvae
fc_ATCGTGAGTGGAATGC-1	fc_larvae
fc_ATCGTGATCGAGAACG-1	fc_larvae
fc_ATCTCTAAGAGTAACT-1	fc_larvae
fc_ATCTCTACATAGTCGT-1	fc_larvae
fc_ATCTCTACATGGCCCA-1	fc_larvae
fc_ATCTCTAGTATCGCTA-1	fc_larvae
fc_ATCTCTATCTAGATCG-1	fc_larvae
fc_ATCTCTATCTTGTGCC-1	fc_larvae
fc_ATCTTCAAGAATTTGG-1	fc_larvae
fc_ATCTTCAAGACCAACG-1	fc_larvae
fc_ATCTTCAAGCAGTCTT-1	fc_larvae
fc_ATCTTCACAACTGTGT-1	fc_larvae
fc_ATCTTCACACTGGCCA-1	fc_larvae
fc_ATCTTCAGTGTGTCGC-1	fc_larvae
fc_ATCTTCAGTTTAAGGA-1	fc_larvae
fc_ATGAAAGAGCCTTGAT-1	fc_larvae
fc_ATGAAAGAGGCTCCCA-1	fc_larvae
fc_ATGAAAGAGGTCATAA-1	fc_larvae
fc_ATGAAAGGTCTCACGG-1	fc_larvae
fc_ATGAAAGTCACCATAG-1	fc_larvae
fc_ATGACCAAGATGCGAC-1	fc_larvae
fc_ATGACCAAGGTTCAGG-1	fc_larvae
fc_ATGACCACAACTCGTA-1	fc_larvae
fc_ATGACCACAGTTGAAA-1	fc_larvae
fc_ATGACCACATGCGGTC-1	fc_larvae
fc_ATGACCACATTCTTCA-1	fc_larvae
fc_ATGACCAGTCACTCTC-1	fc_larvae
fc_ATGAGGGAGCAATAAC-1	fc_larvae
fc_ATGAGGGAGCCGGATA-1	fc_larvae
fc_ATGAGGGAGTCAGCCC-1	fc_larvae
fc_ATGAGGGCACCCTCTA-1	fc_larvae
fc_ATGAGGGCAGATGCGA-1	fc_larvae
fc_ATGAGGGCAGGACATG-1	fc_larvae
fc_ATGAGGGGTCGATTAC-1	fc_larvae
fc_ATGAGGGTCGAGCCAC-1	fc_larvae
fc_ATGAGGGTCTCGTGGG-1	fc_larvae
fc_ATGAGTCCACCGTACG-1	fc_larvae
fc_ATGAGTCCACCTCTAC-1	fc_larvae
fc_ATGAGTCGTAACTAAG-1	fc_larvae
fc_ATGAGTCTCGGACGTC-1	fc_larvae
fc_ATGATCGAGCCGAATG-1	fc_larvae
fc_ATGATCGCACGCGTCA-1	fc_larvae
fc_ATGATCGGTACTGGGA-1	fc_larvae
fc_ATGCATGAGCAGCAGT-1	fc_larvae
fc_ATGCATGAGGACATCG-1	fc_larvae
fc_ATGCATGCAACTGATC-1	fc_larvae
fc_ATGCATGCAAGTAGTA-1	fc_larvae
fc_ATGCATGCAAGTCATC-1	fc_larvae
fc_ATGCATGCAGCTCGGT-1	fc_larvae
fc_ATGCATGCAGTTACCA-1	fc_larvae
fc_ATGCATGGTCTTCTAT-1	fc_larvae
fc_ATGCATGTCGTGCTCT-1	fc_larvae
fc_ATGCCTCAGGTGCTGA-1	fc_larvae
fc_ATGCCTCCATCCGAGC-1	fc_larvae
fc_ATGCCTCGTTCTAACG-1	fc_larvae
fc_ATGCCTCTCATAAGGA-1	fc_larvae
fc_ATGCGATAGAACTGAT-1	fc_larvae
fc_ATGCGATAGAGTGTGC-1	fc_larvae
fc_ATGCGATAGCTAATCC-1	fc_larvae
fc_ATGCGATCAACAAGTA-1	fc_larvae
fc_ATGCGATCAACTGCTA-1	fc_larvae
fc_ATGCGATTCCCGATCT-1	fc_larvae
fc_ATGCGATTCTGCGTCT-1	fc_larvae
fc_ATGGAGGCAAGCGCAA-1	fc_larvae
fc_ATGGAGGGTAGGTGCA-1	fc_larvae
fc_ATGGAGGGTGGCTCTG-1	fc_larvae
fc_ATGGATCAGAATTGCA-1	fc_larvae
fc_ATGGATCAGACGCCCT-1	fc_larvae
fc_ATGGATCAGCAACCAG-1	fc_larvae
fc_ATGGATCAGGTAAAGG-1	fc_larvae
fc_ATGGATCAGGTTTACC-1	fc_larvae
fc_ATGGATCCACGGCCAT-1	fc_larvae
fc_ATGGATCCAGAGGTAC-1	fc_larvae
fc_ATGGATCCAGTGTATC-1	fc_larvae
fc_ATGGATCCAGTTGAAA-1	fc_larvae
fc_ATGGATCGTTCTAACG-1	fc_larvae
fc_ATGGATCTCTCCGTGT-1	fc_larvae
fc_ATGGGAGAGAAGAGCA-1	fc_larvae
fc_ATGGGAGAGACATCAA-1	fc_larvae
fc_ATGGGAGAGCTGGTGA-1	fc_larvae
fc_ATGGGAGCATGTTCAG-1	fc_larvae
fc_ATGGGAGGTGAGCGAT-1	fc_larvae
fc_ATGGGAGTCTATGTGG-1	fc_larvae
fc_ATGGGTTCAACACACT-1	fc_larvae
fc_ATGGGTTGTAGTGCGA-1	fc_larvae
fc_ATGGGTTGTTCCTACC-1	fc_larvae
fc_ATGGGTTGTTCTCTAT-1	fc_larvae
fc_ATGGGTTTCCCAAGCG-1	fc_larvae
fc_ATGGTTGAGACGGTTG-1	fc_larvae
fc_ATGGTTGAGGTGCATG-1	fc_larvae
fc_ATGGTTGCACCAGGTC-1	fc_larvae
fc_ATGGTTGGTGTAAACA-1	fc_larvae
fc_ATGTCCCAGAAGCTGC-1	fc_larvae
fc_ATGTCCCAGATGCTAA-1	fc_larvae
fc_ATGTCCCAGTAGGGTC-1	fc_larvae
fc_ATGTCCCCAAGAGTAT-1	fc_larvae
fc_ATGTCCCGTGAATTAG-1	fc_larvae
fc_ATGTCCCTCTAGCATG-1	fc_larvae
fc_ATGTCCCTCTGACCCT-1	fc_larvae
fc_ATGTCTTAGGCTTTCA-1	fc_larvae
fc_ATGTCTTCAGGATTCT-1	fc_larvae
fc_ATGTCTTGTCACAATC-1	fc_larvae
fc_ATGTCTTGTTACCTTT-1	fc_larvae
fc_ATGTCTTGTTATAGCC-1	fc_larvae
fc_ATGTCTTTCGACACTA-1	fc_larvae
fc_ATTACCTAGCTATCCA-1	fc_larvae
fc_ATTACCTAGGGACAGG-1	fc_larvae
fc_ATTACCTCAAGTTTGC-1	fc_larvae
fc_ATTACCTCAGTAGAAT-1	fc_larvae
fc_ATTACCTGTATGATCC-1	fc_larvae
fc_ATTACCTGTCTACGTA-1	fc_larvae
fc_ATTACCTTCACTTTGT-1	fc_larvae
fc_ATTACCTTCCATCAGA-1	fc_larvae
fc_ATTACCTTCTTAGCCC-1	fc_larvae
fc_ATTACTCAGCATGCAG-1	fc_larvae
fc_ATTACTCAGTAGCCAG-1	fc_larvae
fc_ATTACTCAGTCTCCTC-1	fc_larvae
fc_ATTATCCCAGGTGTGA-1	fc_larvae
fc_ATTATCCGTGGTAACG-1	fc_larvae
fc_ATTATCCGTTTCGTGA-1	fc_larvae
fc_ATTATCCTCATCTACT-1	fc_larvae
fc_ATTATCCTCGGACAAG-1	fc_larvae
fc_ATTATCCTCTCCGTGT-1	fc_larvae
fc_ATTATCCTCTTTCTAG-1	fc_larvae
fc_ATTCACTAGACTCAAA-1	fc_larvae
fc_ATTCACTAGATCGCTT-1	fc_larvae
fc_ATTCACTAGCATTTGC-1	fc_larvae
fc_ATTCACTAGGTGCAGT-1	fc_larvae
fc_ATTCACTCAGCACAAG-1	fc_larvae
fc_ATTCACTGTAACATCC-1	fc_larvae
fc_ATTCACTGTGTGACCC-1	fc_larvae
fc_ATTCAGGAGGCACTAG-1	fc_larvae
fc_ATTCAGGCAGCAGTCC-1	fc_larvae
fc_ATTCAGGGTACTAGCT-1	fc_larvae
fc_ATTCATCAGCTTCGTA-1	fc_larvae
fc_ATTCATCGTGTTACTG-1	fc_larvae
fc_ATTCATCTCGCAATGT-1	fc_larvae
fc_ATTCCATAGCATCGAG-1	fc_larvae
fc_ATTCCATAGGCGTTGA-1	fc_larvae
fc_ATTCCATAGGTGAGAA-1	fc_larvae
fc_ATTCCATCACACCAGC-1	fc_larvae
fc_ATTCCATGTACGTGTT-1	fc_larvae
fc_ATTCCATGTGGTAACG-1	fc_larvae
fc_ATTCCATTCCACGGAC-1	fc_larvae
fc_ATTCCCGAGTTACGGG-1	fc_larvae
fc_ATTCCCGGTACGGGAT-1	fc_larvae
fc_ATTCCCGGTAGATTGA-1	fc_larvae
fc_ATTCCCGGTAGCTGAG-1	fc_larvae
fc_ATTCCCGTCATTGCTT-1	fc_larvae
fc_ATTCCCGTCGGAAGGT-1	fc_larvae
fc_ATTCCTAAGGGCAGGA-1	fc_larvae
fc_ATTCCTACACAATCTG-1	fc_larvae
fc_ATTCCTATCAAGTCGT-1	fc_larvae
fc_ATTCCTATCACTTTGT-1	fc_larvae
fc_ATTCGTTAGGATATAC-1	fc_larvae
fc_ATTCGTTCAAGTCATC-1	fc_larvae
fc_ATTCGTTGTACTAACC-1	fc_larvae
fc_ATTCGTTGTGCATCTA-1	fc_larvae
fc_ATTCGTTTCCTCTCTT-1	fc_larvae
fc_ATTCGTTTCGATAACC-1	fc_larvae
fc_ATTCTACAGACGCCCT-1	fc_larvae
fc_ATTCTACAGAGGCTGT-1	fc_larvae
fc_ATTCTACAGCAACTTC-1	fc_larvae
fc_ATTCTACAGCTAATCC-1	fc_larvae
fc_ATTCTACAGGTTGCCC-1	fc_larvae
fc_ATTCTACAGTTTCGGT-1	fc_larvae
fc_ATTCTACGTCTACTGA-1	fc_larvae
fc_ATTCTTGAGCTAAATG-1	fc_larvae
fc_ATTCTTGAGTCAATCC-1	fc_larvae
fc_ATTCTTGCAAGAGGTC-1	fc_larvae
fc_ATTCTTGGTCCCAAAT-1	fc_larvae
fc_ATTCTTGGTTCTCGCT-1	fc_larvae
fc_ATTCTTGTCCGATAGT-1	fc_larvae
fc_ATTGGGTAGCTAGATA-1	fc_larvae
fc_ATTGGGTAGGGCAGGA-1	fc_larvae
fc_ATTGGGTAGTCAGCCC-1	fc_larvae
fc_ATTGGGTAGTCCCGGT-1	fc_larvae
fc_ATTGGGTCATGACCCG-1	fc_larvae
fc_ATTGGGTGTAACCCTA-1	fc_larvae
fc_ATTGGGTGTCCTACAA-1	fc_larvae
fc_ATTGGGTTCGGTCTAA-1	fc_larvae
fc_ATTGGGTTCTTCTGGC-1	fc_larvae
fc_ATTGTTCAGCAATAGT-1	fc_larvae
fc_ATTGTTCAGTCTTCCC-1	fc_larvae
fc_ATTGTTCGTCAAATCC-1	fc_larvae
fc_ATTGTTCGTTCGTGCG-1	fc_larvae
fc_ATTGTTCTCAAAGGAT-1	fc_larvae
fc_ATTGTTCTCACAGTGT-1	fc_larvae
fc_ATTGTTCTCATACGAC-1	fc_larvae
fc_ATTGTTCTCGCATGAT-1	fc_larvae
fc_ATTTACCAGCAGCACA-1	fc_larvae
fc_ATTTACCAGCTTTCCC-1	fc_larvae
fc_ATTTACCCACATGAAA-1	fc_larvae
fc_ATTTCACAGACATATG-1	fc_larvae
fc_ATTTCACAGAGAGTGA-1	fc_larvae
fc_ATTTCACAGGAATTAC-1	fc_larvae
fc_ATTTCACAGGCTGGAT-1	fc_larvae
fc_ATTTCACAGTAGGAAG-1	fc_larvae
fc_ATTTCACAGTATTAGG-1	fc_larvae
fc_ATTTCACCAGGATGAC-1	fc_larvae
fc_ATTTCTGAGATTGTGA-1	fc_larvae
fc_ATTTCTGAGCTAGCCC-1	fc_larvae
fc_ATTTCTGAGTTACTCG-1	fc_larvae
fc_ATTTCTGCAAATTGGA-1	fc_larvae
fc_ATTTCTGCAAGGACAC-1	fc_larvae
fc_ATTTCTGCACGATTCA-1	fc_larvae
fc_ATTTCTGGTCGTATGT-1	fc_larvae
fc_ATTTCTGGTGGTCTGC-1	fc_larvae
fc_ATTTCTGGTTTCGATG-1	fc_larvae
fc_ATTTCTGTCTGTGCAA-1	fc_larvae
fc_CAAAGAAAGCGATGAC-1	fc_larvae
fc_CAAAGAACAGGTGTGA-1	fc_larvae
fc_CAAAGAAGTACGACAG-1	fc_larvae
fc_CAAAGAAGTAGGCAAC-1	fc_larvae
fc_CAAAGAAGTCTCTCTG-1	fc_larvae
fc_CAAAGAAGTGCGAGTA-1	fc_larvae
fc_CAAAGAAGTTTGGGTT-1	fc_larvae
fc_CAACAACAGGCCCGTT-1	fc_larvae
fc_CAACAACAGTAGCAAT-1	fc_larvae
fc_CAACAACCAAGCGGAT-1	fc_larvae
fc_CAACAACCACAGAAGC-1	fc_larvae
fc_CAACAACCAGATCCTA-1	fc_larvae
fc_CAACAGTAGCATGAAT-1	fc_larvae
fc_CAACAGTAGCTTTCCC-1	fc_larvae
fc_CAACAGTAGGGCAAGG-1	fc_larvae
fc_CAACAGTCAATTGCAC-1	fc_larvae
fc_CAACAGTCACTACCGG-1	fc_larvae
fc_CAACAGTGTCACTACA-1	fc_larvae
fc_CAACAGTGTGGTCTCG-1	fc_larvae
fc_CAACAGTTCGACCACG-1	fc_larvae
fc_CAACAGTTCTTCCACG-1	fc_larvae
fc_CAACCAAAGCAAACAT-1	fc_larvae
fc_CAACCAAAGTCCTGTA-1	fc_larvae
fc_CAACCAACAACTCGAT-1	fc_larvae
fc_CAACCAACAATTCTCT-1	fc_larvae
fc_CAACCAAGTCCGGACT-1	fc_larvae
fc_CAACCAAGTTCTCACC-1	fc_larvae
fc_CAACCTCCAACCGCTG-1	fc_larvae
fc_CAACCTCCACTGTCGG-1	fc_larvae
fc_CAACCTCTCCAAAGGG-1	fc_larvae
fc_CAACCTCTCGCTACAA-1	fc_larvae
fc_CAACCTCTCTTCCAGC-1	fc_larvae
fc_CAACGATGTGTTTGCA-1	fc_larvae
fc_CAACGATTCACTGCTC-1	fc_larvae
fc_CAACGATTCAGTGATC-1	fc_larvae
fc_CAACGGCCAACTCGAT-1	fc_larvae
fc_CAACGGCCAAGCTCTA-1	fc_larvae
fc_CAACGGCCAAGTCCCG-1	fc_larvae
fc_CAACGGCCAAGTGTCT-1	fc_larvae
fc_CAACGGCCACAATGAA-1	fc_larvae
fc_CAACGGCGTAGGAGGG-1	fc_larvae
fc_CAACGGCTCAGTCACA-1	fc_larvae
fc_CAACGGCTCATCGCTC-1	fc_larvae
fc_CAACGGCTCCGTGGCA-1	fc_larvae
fc_CAACGGCTCCTTATAC-1	fc_larvae
fc_CAAGACTAGTAGTCAA-1	fc_larvae
fc_CAAGACTCAATACAGA-1	fc_larvae
fc_CAAGACTTCGTTACCC-1	fc_larvae
fc_CAAGAGGAGAGGTTTA-1	fc_larvae
fc_CAAGAGGAGTTAACAG-1	fc_larvae
fc_CAAGAGGCATAGGTAA-1	fc_larvae
fc_CAAGAGGGTAGTAAGT-1	fc_larvae
fc_CAAGAGGGTTTGTTCT-1	fc_larvae
fc_CAAGAGGTCCGACATA-1	fc_larvae
fc_CAAGAGGTCCTTATGT-1	fc_larvae
fc_CAAGCTAAGCACTCCG-1	fc_larvae
fc_CAAGCTAAGTTAGAAC-1	fc_larvae
fc_CAAGCTACACCAGGTC-1	fc_larvae
fc_CAAGCTACAGTCTTCC-1	fc_larvae
fc_CAAGCTACATACAGAA-1	fc_larvae
fc_CAAGCTAGTAGTACGG-1	fc_larvae
fc_CAAGCTAGTTGTTGCA-1	fc_larvae
fc_CAAGCTATCTCAATCT-1	fc_larvae
fc_CAAGGGAAGTAGTGCG-1	fc_larvae
fc_CAAGGGAGTCGCTGCA-1	fc_larvae
fc_CAAGGGAGTGTCTTAG-1	fc_larvae
fc_CAAGGGATCCGTGTAA-1	fc_larvae
fc_CAAGGGATCGCGATCG-1	fc_larvae
fc_CAAGGGATCTATTTCG-1	fc_larvae
fc_CAAGGGATCTGTGCGG-1	fc_larvae
fc_CAATACGAGAGAGCGG-1	fc_larvae
fc_CAATACGAGATTGACA-1	fc_larvae
fc_CAATACGAGCGCCTCA-1	fc_larvae
fc_CAATACGAGTGATTCC-1	fc_larvae
fc_CAATACGGTAGTGGCA-1	fc_larvae
fc_CAATACGGTTGGGTTT-1	fc_larvae
fc_CAATACGTCTCATAGG-1	fc_larvae
fc_CAATCGAAGCTCCCTT-1	fc_larvae
fc_CAATCGAAGGCACTCC-1	fc_larvae
fc_CAATCGAAGGTCCGAA-1	fc_larvae
fc_CAATCGATCCACCCTA-1	fc_larvae
fc_CAATGACAGACGGTCA-1	fc_larvae
fc_CAATGACAGGGTGAAA-1	fc_larvae
fc_CAATGACAGTGGCCTC-1	fc_larvae
fc_CAATGACCAACAACAA-1	fc_larvae
fc_CAATGACCACGGATCC-1	fc_larvae
fc_CAATGACGTGGCTGAA-1	fc_larvae
fc_CAATGACGTTGCAAGG-1	fc_larvae
fc_CAATGACTCCTACACC-1	fc_larvae
fc_CAATGACTCGAGAAAT-1	fc_larvae
fc_CAATGACTCTACGCAA-1	fc_larvae
fc_CAATGACTCTCCGAGG-1	fc_larvae
fc_CAATTTCAGGTCGTAG-1	fc_larvae
fc_CAATTTCCATAACAGA-1	fc_larvae
fc_CAATTTCCATTGACCA-1	fc_larvae
fc_CAATTTCGTACTCAAC-1	fc_larvae
fc_CACAACAAGAGAAGGT-1	fc_larvae
fc_CACAACAAGATTGCGG-1	fc_larvae
fc_CACAACAAGCAGCGAT-1	fc_larvae
fc_CACAACAAGGAGCTGT-1	fc_larvae
fc_CACAACAAGGTTGCCC-1	fc_larvae
fc_CACAACAGTAGTGGCA-1	fc_larvae
fc_CACAACAGTTCAATCG-1	fc_larvae
fc_CACAACATCCATTTAC-1	fc_larvae
fc_CACAACATCTTGATTC-1	fc_larvae
fc_CACACAAAGCCTATCA-1	fc_larvae
fc_CACACAAAGCTGAGCA-1	fc_larvae
fc_CACACAAAGGTTTACC-1	fc_larvae
fc_CACACAAAGTCATGCT-1	fc_larvae
fc_CACACAATCAAGCCCG-1	fc_larvae
fc_CACACAATCACCCTGT-1	fc_larvae
fc_CACACAATCTGCGGCA-1	fc_larvae
fc_CACAGATAGAAGGATG-1	fc_larvae
fc_CACAGATAGGTGCGAT-1	fc_larvae
fc_CACAGATCATATGGCT-1	fc_larvae
fc_CACAGATTCATGAAAG-1	fc_larvae
fc_CACAGGCCATAGGTTC-1	fc_larvae
fc_CACATGAAGGCGTTAG-1	fc_larvae
fc_CACATGAAGTGGAATT-1	fc_larvae
fc_CACATGACAAAGGGCT-1	fc_larvae
fc_CACATGAGTTCTGAGT-1	fc_larvae
fc_CACATGATCAGCCTTC-1	fc_larvae
fc_CACCAAAAGCATTTGC-1	fc_larvae
fc_CACCAAAAGTTCACTG-1	fc_larvae
fc_CACCAAACAGTGACCC-1	fc_larvae
fc_CACCAAAGTATTCTCT-1	fc_larvae
fc_CACCAAATCACTACGA-1	fc_larvae
fc_CACCGTTAGAGCCGAT-1	fc_larvae
fc_CACCGTTAGCGCCATC-1	fc_larvae
fc_CACCGTTAGGGTTAGC-1	fc_larvae
fc_CACCGTTCAAATGGTA-1	fc_larvae
fc_CACCGTTCACATCATG-1	fc_larvae
fc_CACCGTTCACTTTAGG-1	fc_larvae
fc_CACCGTTCAGGCCCTA-1	fc_larvae
fc_CACCGTTCATGCAGCC-1	fc_larvae
fc_CACCGTTGTATCGAGG-1	fc_larvae
fc_CACCGTTGTGGTCCGT-1	fc_larvae
fc_CACCGTTTCACCTGTC-1	fc_larvae
fc_CACGAATAGAAGGCTC-1	fc_larvae
fc_CACGAATAGGTGGGTT-1	fc_larvae
fc_CACGAATGTATGGTAA-1	fc_larvae
fc_CACGAATGTGTTTACG-1	fc_larvae
fc_CACGAATTCAGACTGT-1	fc_larvae
fc_CACGAATTCGCGCCAA-1	fc_larvae
fc_CACGAATTCTCTGCTG-1	fc_larvae
fc_CACGGGTAGATGACCG-1	fc_larvae
fc_CACGGGTAGCAGAAAG-1	fc_larvae
fc_CACGGGTAGCCATTGT-1	fc_larvae
fc_CACGGGTGTAGGTTTC-1	fc_larvae
fc_CACGGGTTCTGAGATC-1	fc_larvae
fc_CACGTGGAGCTAGTTC-1	fc_larvae
fc_CACGTGGAGGTAAGTT-1	fc_larvae
fc_CACGTGGCACACCGCA-1	fc_larvae
fc_CACGTGGCATTGTCGA-1	fc_larvae
fc_CACGTGGGTACGCTTA-1	fc_larvae
fc_CACGTTCAGACCAGAC-1	fc_larvae
fc_CACGTTCAGGGCTGAT-1	fc_larvae
fc_CACGTTCCAATCGTCA-1	fc_larvae
fc_CACGTTCGTTAGTCGT-1	fc_larvae
fc_CACTAAGCACGGCGTT-1	fc_larvae
fc_CACTAAGCATCCCGTT-1	fc_larvae
fc_CACTAAGGTACCAATC-1	fc_larvae
fc_CACTAAGTCAGACATC-1	fc_larvae
fc_CACTAAGTCATGACAC-1	fc_larvae
fc_CACTAAGTCCACTGGG-1	fc_larvae
fc_CACTAAGTCGCTAATG-1	fc_larvae
fc_CACTGAAAGGTTGGAC-1	fc_larvae
fc_CACTGAACAATTGGTC-1	fc_larvae
fc_CACTGAATCAACCTCC-1	fc_larvae
fc_CACTGGGAGGAAGTGA-1	fc_larvae
fc_CACTGGGAGGGACTGT-1	fc_larvae
fc_CACTGGGCAACGGTAG-1	fc_larvae
fc_CACTGGGCAATACCTG-1	fc_larvae
fc_CACTGGGCAGATAAAC-1	fc_larvae
fc_CACTGGGGTAGAGGAA-1	fc_larvae
fc_CACTGGGGTCATATGC-1	fc_larvae
fc_CACTGGGGTGTTAGCT-1	fc_larvae
fc_CACTGGGGTTCCAAAC-1	fc_larvae
fc_CACTGTCAGACTGGGT-1	fc_larvae
fc_CACTGTCAGCTATCCA-1	fc_larvae
fc_CACTGTCAGTTACGGG-1	fc_larvae
fc_CACTGTCCATAAGCGG-1	fc_larvae
fc_CACTGTCGTGTTCCTC-1	fc_larvae
fc_CACTTCGAGAAGTCAT-1	fc_larvae
fc_CACTTCGAGCTAAACA-1	fc_larvae
fc_CACTTCGCAGGATTCT-1	fc_larvae
fc_CACTTCGCAGGTACGA-1	fc_larvae
fc_CACTTCGCATGCCGGT-1	fc_larvae
fc_CACTTCGGTAACAAGT-1	fc_larvae
fc_CACTTCGGTCCTTTGC-1	fc_larvae
fc_CACTTCGGTGCGTTTA-1	fc_larvae
fc_CACTTCGTCAGCCCAG-1	fc_larvae
fc_CACTTCGTCCGCGGAT-1	fc_larvae
fc_CACTTCGTCGCCTTTG-1	fc_larvae
fc_CAGAGCCAGCACCAGA-1	fc_larvae
fc_CAGAGCCAGGAATGTT-1	fc_larvae
fc_CAGAGCCCAACCCTAA-1	fc_larvae
fc_CAGAGCCCATCCGGCA-1	fc_larvae
fc_CAGAGCCTCCCGTTGT-1	fc_larvae
fc_CAGAGCCTCGCCGAAC-1	fc_larvae
fc_CAGATACAGAGCGACT-1	fc_larvae
fc_CAGATACAGGTTGAGC-1	fc_larvae
fc_CAGATACAGTCCCAAT-1	fc_larvae
fc_CAGATACAGTCTGTAC-1	fc_larvae
fc_CAGATACCAAGGTACG-1	fc_larvae
fc_CAGATACCAATCTCGA-1	fc_larvae
fc_CAGATACGTGCGTGCT-1	fc_larvae
fc_CAGATACTCACGGTCG-1	fc_larvae
fc_CAGATACTCTTTCCGG-1	fc_larvae
fc_CAGATCAAGACTACCT-1	fc_larvae
fc_CAGATCAAGATGGTAT-1	fc_larvae
fc_CAGATCAAGTTTCGAC-1	fc_larvae
fc_CAGATCACAAGGCCTC-1	fc_larvae
fc_CAGATCACAGAACATA-1	fc_larvae
fc_CAGATCACAGAGATTA-1	fc_larvae
fc_CAGATCAGTAACACGG-1	fc_larvae
fc_CAGATCAGTCACTCTC-1	fc_larvae
fc_CAGATCAGTCGAAGCA-1	fc_larvae
fc_CAGATTGAGAAGAACG-1	fc_larvae
fc_CAGATTGAGAAGTGTT-1	fc_larvae
fc_CAGATTGAGACTGAGC-1	fc_larvae
fc_CAGATTGAGCACCGAA-1	fc_larvae
fc_CAGATTGCAGTGTGCC-1	fc_larvae
fc_CAGATTGGTCTACTGA-1	fc_larvae
fc_CAGATTGGTGATACCT-1	fc_larvae
fc_CAGATTGTCAGGAGAC-1	fc_larvae
fc_CAGCAATCAGAATTCC-1	fc_larvae
fc_CAGCAATCATGGAAGC-1	fc_larvae
fc_CAGCAATGTCACCCTT-1	fc_larvae
fc_CAGCAATTCACCTACC-1	fc_larvae
fc_CAGCAATTCTTGGATG-1	fc_larvae
fc_CAGCACGCAAGCGAGT-1	fc_larvae
fc_CAGCACGTCCATTCGC-1	fc_larvae
fc_CAGCACGTCGGCTCTT-1	fc_larvae
fc_CAGCAGCAGTGGACTG-1	fc_larvae
fc_CAGCAGCCACTCCGAG-1	fc_larvae
fc_CAGCAGCCAGCTGCCA-1	fc_larvae
fc_CAGCAGCCAGTATTCG-1	fc_larvae
fc_CAGCAGCTCCACTGGG-1	fc_larvae
fc_CAGCCAGCAGTCAGCC-1	fc_larvae
fc_CAGCCAGGTCTTGCGG-1	fc_larvae
fc_CAGCCAGTCATCCCGT-1	fc_larvae
fc_CAGCCAGTCATTCGGA-1	fc_larvae
fc_CAGCCAGTCCATTCAT-1	fc_larvae
fc_CAGCCAGTCGTGCATA-1	fc_larvae
fc_CAGCCAGTCTTTGCTA-1	fc_larvae
fc_CAGCGTGCAATTCTTC-1	fc_larvae
fc_CAGCGTGGTCCCGTGA-1	fc_larvae
fc_CAGCGTGGTGCAAGAC-1	fc_larvae
fc_CAGCGTGGTGGAACCA-1	fc_larvae
fc_CAGCGTGGTTTCGCTC-1	fc_larvae
fc_CAGCGTGTCAGGTAAA-1	fc_larvae
fc_CAGCGTGTCCATTTCA-1	fc_larvae
fc_CAGCGTGTCTGCCCTA-1	fc_larvae
fc_CAGGCCAAGAGCACTG-1	fc_larvae
fc_CAGGCCAGTACATACC-1	fc_larvae
fc_CAGGCCAGTCTATGAC-1	fc_larvae
fc_CAGGCCAGTGAGGAAA-1	fc_larvae
fc_CAGGCCATCGACGCTG-1	fc_larvae
fc_CAGGGCTAGGAACGTC-1	fc_larvae
fc_CAGGGCTAGTAGTCCT-1	fc_larvae
fc_CAGGGCTCAAATGAGT-1	fc_larvae
fc_CAGGGCTCAATAGGGC-1	fc_larvae
fc_CAGGGCTCACGAAGAC-1	fc_larvae
fc_CAGGGCTGTAGATTGA-1	fc_larvae
fc_CAGGGCTGTCGTGGTC-1	fc_larvae
fc_CAGGGCTGTGAAGCTG-1	fc_larvae
fc_CAGGGCTGTGCTCGTG-1	fc_larvae
fc_CAGGGCTGTTCTTGTT-1	fc_larvae
fc_CAGGGCTTCGATTGGT-1	fc_larvae
fc_CAGGTATAGATTACCC-1	fc_larvae
fc_CAGGTATCAGACCTAT-1	fc_larvae
fc_CAGGTATCATCCGCGA-1	fc_larvae
fc_CAGGTATGTTGCTAGT-1	fc_larvae
fc_CAGGTATTCTATTTCG-1	fc_larvae
fc_CAGTGCGAGAGAGCGG-1	fc_larvae
fc_CAGTGCGAGATTCGCT-1	fc_larvae
fc_CAGTGCGAGCATGCAG-1	fc_larvae
fc_CAGTGCGAGCCAGACA-1	fc_larvae
fc_CAGTGCGCACGGCACT-1	fc_larvae
fc_CAGTGCGCAGACCTAT-1	fc_larvae
fc_CAGTGCGTCTGGGCAC-1	fc_larvae
fc_CAGTTAGAGGCCTTCG-1	fc_larvae
fc_CAGTTAGCACCGTCGA-1	fc_larvae
fc_CAGTTAGCAGGATGAC-1	fc_larvae
fc_CAGTTAGGTGTCTCCT-1	fc_larvae
fc_CAGTTAGGTGTGTTTG-1	fc_larvae
fc_CAGTTAGGTTTACGTG-1	fc_larvae
fc_CAGTTAGTCCAGTACA-1	fc_larvae
fc_CAGTTAGTCTATACTC-1	fc_larvae
fc_CAGTTCCCACGTAACT-1	fc_larvae
fc_CAGTTCCCAGGGACTA-1	fc_larvae
fc_CAGTTCCGTCGTGTTA-1	fc_larvae
fc_CAGTTCCTCTATTGTC-1	fc_larvae
fc_CATAAGCAGGCATCAG-1	fc_larvae
fc_CATAAGCAGGTGCTTT-1	fc_larvae
fc_CATAAGCCACGTGTGC-1	fc_larvae
fc_CATAAGCCAGAGTGTG-1	fc_larvae
fc_CATAAGCGTAGCCCTG-1	fc_larvae
fc_CATAAGCGTCAAAGAT-1	fc_larvae
fc_CATAAGCGTTGTGGAG-1	fc_larvae
fc_CATAAGCTCATCGCAA-1	fc_larvae
fc_CATAAGCTCCACGAAT-1	fc_larvae
fc_CATACAGCAAATGAGT-1	fc_larvae
fc_CATACAGCACGTCTCT-1	fc_larvae
fc_CATACAGTCCGTCACT-1	fc_larvae
fc_CATACAGTCTTCTTCC-1	fc_larvae
fc_CATACCCAGCACTAGG-1	fc_larvae
fc_CATACCCAGCTAATCC-1	fc_larvae
fc_CATACCCAGTGGATTA-1	fc_larvae
fc_CATACCCCAGACGATG-1	fc_larvae
fc_CATACCCGTAGTGTGG-1	fc_larvae
fc_CATACCCGTATTTCTC-1	fc_larvae
fc_CATACCCTCTGCTTAT-1	fc_larvae
fc_CATACTTAGTTGTCAC-1	fc_larvae
fc_CATACTTCATGCACTA-1	fc_larvae
fc_CATACTTGTAGCTTGT-1	fc_larvae
fc_CATACTTGTCCTCCTA-1	fc_larvae
fc_CATAGACAGAGGCGTT-1	fc_larvae
fc_CATAGACAGGCTCACC-1	fc_larvae
fc_CATAGACGTCAGCTTA-1	fc_larvae
fc_CATAGACTCATAGCAC-1	fc_larvae
fc_CATCAAGAGCCAGTAG-1	fc_larvae
fc_CATCAAGGTCGACGCT-1	fc_larvae
fc_CATCAAGGTGACTAAA-1	fc_larvae
fc_CATCAAGTCAGAACCT-1	fc_larvae
fc_CATCAAGTCGAAGTGG-1	fc_larvae
fc_CATCAAGTCTGTCAGA-1	fc_larvae
fc_CATCCACAGACTTGTC-1	fc_larvae
fc_CATCCACGTATCGTTG-1	fc_larvae
fc_CATCCACTCGTCAGAT-1	fc_larvae
fc_CATCCACTCGTGTCAA-1	fc_larvae
fc_CATCCACTCTCTTAAC-1	fc_larvae
fc_CATCCACTCTTAGGAC-1	fc_larvae
fc_CATCCCAAGGTTGACG-1	fc_larvae
fc_CATCCCAAGTATGTAG-1	fc_larvae
fc_CATCCCACAAGCCCAC-1	fc_larvae
fc_CATCCCACACTTGGGC-1	fc_larvae
fc_CATCCCAGTATAATGG-1	fc_larvae
fc_CATCCCAGTTCAATCG-1	fc_larvae
fc_CATCCCAGTTCGGGTC-1	fc_larvae
fc_CATCCGTAGCAGTACG-1	fc_larvae
fc_CATCCGTTCAAGTTGC-1	fc_larvae
fc_CATCGCTGTGCTATTG-1	fc_larvae
fc_CATCGCTGTGTATTGC-1	fc_larvae
fc_CATCGCTTCGCCAGAC-1	fc_larvae
fc_CATCGGGAGTCTGTAC-1	fc_larvae
fc_CATCGGGAGTGTACCT-1	fc_larvae
fc_CATCGGGCAAATCGTC-1	fc_larvae
fc_CATCGGGGTTCCGCGA-1	fc_larvae
fc_CATCGTCAGTGTAGTA-1	fc_larvae
fc_CATCGTCCAAGCCCAC-1	fc_larvae
fc_CATCGTCTCAAGGCTT-1	fc_larvae
fc_CATCGTCTCAGAGTGG-1	fc_larvae
fc_CATCGTCTCTCAGTCC-1	fc_larvae
fc_CATGAGTCATGACTTG-1	fc_larvae
fc_CATGAGTTCGCCTATC-1	fc_larvae
fc_CATGCAAAGCTATCCA-1	fc_larvae
fc_CATGCAAAGCTGCCTG-1	fc_larvae
fc_CATGCAACATCCGATA-1	fc_larvae
fc_CATGCAAGTTGCATCA-1	fc_larvae
fc_CATGCAATCCCATAAG-1	fc_larvae
fc_CATGCCTCATATGAAG-1	fc_larvae
fc_CATGCCTGTCAAGCGA-1	fc_larvae
fc_CATGCCTTCAGCAGAG-1	fc_larvae
fc_CATGCGGAGCTCGGCT-1	fc_larvae
fc_CATGCGGAGGTGCCTC-1	fc_larvae
fc_CATGCGGAGTGAGCCA-1	fc_larvae
fc_CATGCGGGTCACATTG-1	fc_larvae
fc_CATGCTCAGAAACTAC-1	fc_larvae
fc_CATGCTCAGGGCCAAT-1	fc_larvae
fc_CATGCTCAGGTGTGAC-1	fc_larvae
fc_CATGCTCCAAGTACCT-1	fc_larvae
fc_CATGCTCGTACGACAG-1	fc_larvae
fc_CATGCTCGTATGCAAA-1	fc_larvae
fc_CATGCTCGTCTTGCTC-1	fc_larvae
fc_CATGCTCGTGTTCATG-1	fc_larvae
fc_CATGGATAGCATACTC-1	fc_larvae
fc_CATGGATCATCGAGCC-1	fc_larvae
fc_CATGGATTCATTCTTG-1	fc_larvae
fc_CATGGTAAGAAATTCG-1	fc_larvae
fc_CATGGTAAGGATCACG-1	fc_larvae
fc_CATGGTAAGTGCACCC-1	fc_larvae
fc_CATGGTACATGAGTAA-1	fc_larvae
fc_CATGGTATCACAAGGG-1	fc_larvae
fc_CATTCATAGGTGCCAA-1	fc_larvae
fc_CATTCATAGTGGTGAC-1	fc_larvae
fc_CATTCATGTACTAAGA-1	fc_larvae
fc_CATTCATGTTTGGGAG-1	fc_larvae
fc_CATTCATTCCAGCACG-1	fc_larvae
fc_CATTCATTCGCTAAAC-1	fc_larvae
fc_CATTCATTCGGCTCTT-1	fc_larvae
fc_CATTCATTCTGCCTCA-1	fc_larvae
fc_CATTCCGCACAAAGTA-1	fc_larvae
fc_CATTCCGCATGTTTGG-1	fc_larvae
fc_CATTCCGGTAAGACCG-1	fc_larvae
fc_CATTCCGGTGCATCTA-1	fc_larvae
fc_CATTCCGGTGGAAGTC-1	fc_larvae
fc_CATTCCGGTTCCGTTC-1	fc_larvae
fc_CATTCCGTCACGACTA-1	fc_larvae
fc_CATTCTAAGCGTTGTT-1	fc_larvae
fc_CATTCTAAGTCCCAGC-1	fc_larvae
fc_CATTCTACAAGTCCAT-1	fc_larvae
fc_CATTCTACACGGGTAA-1	fc_larvae
fc_CATTCTATCTTCCACG-1	fc_larvae
fc_CATTGAGCACGACAGA-1	fc_larvae
fc_CATTGAGCACGTGAGA-1	fc_larvae
fc_CATTGAGGTAGTCTGT-1	fc_larvae
fc_CATTGAGGTCCAATCA-1	fc_larvae
fc_CATTGAGTCCATTTAC-1	fc_larvae
fc_CATTGCCAGTACCGGA-1	fc_larvae
fc_CATTGCCTCCCAGCGA-1	fc_larvae
fc_CATTGCCTCGAACTCA-1	fc_larvae
fc_CATTGCCTCTTGGCTC-1	fc_larvae
fc_CATTGTTCACTAACCA-1	fc_larvae
fc_CATTGTTGTGCTTATG-1	fc_larvae
fc_CATTGTTTCGAGGCAA-1	fc_larvae
fc_CATTGTTTCGGTCGAC-1	fc_larvae
fc_CATTTCAAGTGAATAC-1	fc_larvae
fc_CATTTCACATGTCTAG-1	fc_larvae
fc_CATTTCACATTACGGT-1	fc_larvae
fc_CATTTCATCACTCACC-1	fc_larvae
fc_CATTTCATCGTTTACT-1	fc_larvae
fc_CATTTCATCTCCCTAG-1	fc_larvae
fc_CATTTCATCTGTTGGA-1	fc_larvae
fc_CCAAGCGAGAGTATAC-1	fc_larvae
fc_CCAAGCGGTAGGCTCC-1	fc_larvae
fc_CCAAGCGGTCGCGTCA-1	fc_larvae
fc_CCAAGCGGTGACACGA-1	fc_larvae
fc_CCAAGCGGTTCCTAGA-1	fc_larvae
fc_CCAAGCGTCACCATCC-1	fc_larvae
fc_CCAAGCGTCAGGCGAA-1	fc_larvae
fc_CCAATGAAGAGCAAGA-1	fc_larvae
fc_CCAATGACAAGATGTA-1	fc_larvae
fc_CCAATGACACTCCACT-1	fc_larvae
fc_CCAATGACACTGCACG-1	fc_larvae
fc_CCAATGACAGCATTGT-1	fc_larvae
fc_CCAATGAGTTGCGTAT-1	fc_larvae
fc_CCAATGATCCATTCGC-1	fc_larvae
fc_CCAATTTAGCGTCTCG-1	fc_larvae
fc_CCAATTTCACATTCTT-1	fc_larvae
fc_CCAATTTCACTAGAGG-1	fc_larvae
fc_CCAATTTCAGAAGTTA-1	fc_larvae
fc_CCAATTTTCTGAGGCC-1	fc_larvae
fc_CCACAAAAGGACAGCT-1	fc_larvae
fc_CCACAAAAGGGACCAT-1	fc_larvae
fc_CCACAAACACTGTGAT-1	fc_larvae
fc_CCACAAAGTAATGCTC-1	fc_larvae
fc_CCACAAAGTAGCGTTT-1	fc_larvae
fc_CCACAAAGTATCACCA-1	fc_larvae
fc_CCACAAAGTCCTACGG-1	fc_larvae
fc_CCACAAAGTCTTGAAC-1	fc_larvae
fc_CCACAAATCTATTCGT-1	fc_larvae
fc_CCACACTAGCTGCGAA-1	fc_larvae
fc_CCACACTCAGACGCTC-1	fc_larvae
fc_CCACACTGTAGTTACC-1	fc_larvae
fc_CCACACTGTGCAACGA-1	fc_larvae
fc_CCACACTTCGAGATAA-1	fc_larvae
fc_CCACCATAGGTTGAGC-1	fc_larvae
fc_CCACCATGTGACTCGC-1	fc_larvae
fc_CCACCATTCATCTACT-1	fc_larvae
fc_CCACCATTCTCTGCTG-1	fc_larvae
fc_CCACGAGAGCAGCCCT-1	fc_larvae
fc_CCACGAGAGTAGGTTA-1	fc_larvae
fc_CCACGAGCAATCTAGC-1	fc_larvae
fc_CCACGAGCACAGACGA-1	fc_larvae
fc_CCACGAGGTCCATAGT-1	fc_larvae
fc_CCACGAGGTTGACGGA-1	fc_larvae
fc_CCACGAGTCAGCTTCC-1	fc_larvae
fc_CCACGAGTCGTAGCTA-1	fc_larvae
fc_CCACGTTAGCCATATC-1	fc_larvae
fc_CCACGTTAGCGTTCCG-1	fc_larvae
fc_CCACGTTAGGTCCTGC-1	fc_larvae
fc_CCACGTTCAATTCACG-1	fc_larvae
fc_CCACGTTCATTCTCTA-1	fc_larvae
fc_CCACGTTGTCCGTACG-1	fc_larvae
fc_CCACGTTGTCTCAGGC-1	fc_larvae
fc_CCACGTTTCACAGTGT-1	fc_larvae
fc_CCACGTTTCGTAACCA-1	fc_larvae
fc_CCACTTGAGAGCAAGA-1	fc_larvae
fc_CCACTTGCACTTGAAC-1	fc_larvae
fc_CCACTTGCAGTCTTCC-1	fc_larvae
fc_CCACTTGTCGTCTCAC-1	fc_larvae
fc_CCATAAGAGGGCATGT-1	fc_larvae
fc_CCATAAGAGTACAACA-1	fc_larvae
fc_CCATAAGCAACGGCTC-1	fc_larvae
fc_CCATAAGCAGATAAAC-1	fc_larvae
fc_CCATAAGCAGCACCCA-1	fc_larvae
fc_CCATAAGGTAGCTGCC-1	fc_larvae
fc_CCATAAGGTTTACACG-1	fc_larvae
fc_CCATCACAGGCACTCC-1	fc_larvae
fc_CCATCACCAAACTCTG-1	fc_larvae
fc_CCATCACCACGGGTAA-1	fc_larvae
fc_CCATCACGTAAGGCTG-1	fc_larvae
fc_CCATCACGTACTCGCG-1	fc_larvae
fc_CCATCACGTGATATAG-1	fc_larvae
fc_CCATCACTCTAGAGCT-1	fc_larvae
fc_CCCAACTAGCGCTGAA-1	fc_larvae
fc_CCCAACTAGCTCCACG-1	fc_larvae
fc_CCCAACTAGCTCCGAC-1	fc_larvae
fc_CCCAACTAGGGCAGGA-1	fc_larvae
fc_CCCAACTAGTCCCAGC-1	fc_larvae
fc_CCCAACTCACGAAAGC-1	fc_larvae
fc_CCCAACTGTCGTCAGC-1	fc_larvae
fc_CCCAACTGTGCATACT-1	fc_larvae
fc_CCCAACTTCCTCGCAT-1	fc_larvae
fc_CCCATTGAGATTACCC-1	fc_larvae
fc_CCCATTGAGTGTTCCA-1	fc_larvae
fc_CCCATTGGTCCGGACT-1	fc_larvae
fc_CCCATTGTCGCGTGAC-1	fc_larvae
fc_CCCGAAGAGAAAGTCT-1	fc_larvae
fc_CCCGAAGAGGCGATAC-1	fc_larvae
fc_CCCGAAGCACATACGT-1	fc_larvae
fc_CCCGAAGCACTTACAG-1	fc_larvae
fc_CCCGAAGCATAGAGGC-1	fc_larvae
fc_CCCGAAGGTATGTGTC-1	fc_larvae
fc_CCCGAAGGTTAAACAG-1	fc_larvae
fc_CCCGAAGGTTCCACGG-1	fc_larvae
fc_CCCGAAGTCCATCTAT-1	fc_larvae
fc_CCCGGAAAGTAACAGT-1	fc_larvae
fc_CCCGGAAAGTAATCCC-1	fc_larvae
fc_CCCGGAATCACCTGGG-1	fc_larvae
fc_CCCGGAATCACGGAGA-1	fc_larvae
fc_CCCTAACAGACCACGA-1	fc_larvae
fc_CCCTAACCAAGACGAC-1	fc_larvae
fc_CCCTAACCAATTTCCT-1	fc_larvae
fc_CCCTAACCACAAACGG-1	fc_larvae
fc_CCCTAACGTGAGTCAG-1	fc_larvae
fc_CCCTAACTCCGTGGCA-1	fc_larvae
fc_CCCTCAAAGGTCTACT-1	fc_larvae
fc_CCCTCAACAAATCAGA-1	fc_larvae
fc_CCCTCAACATCCTATT-1	fc_larvae
fc_CCCTCAAGTAATGCTC-1	fc_larvae
fc_CCCTCAATCTCTTAAC-1	fc_larvae
fc_CCCTCTCCACTCTAGA-1	fc_larvae
fc_CCCTCTCTCAACTGGT-1	fc_larvae
fc_CCCTGATAGACTGTTC-1	fc_larvae
fc_CCCTGATAGAGAGGTA-1	fc_larvae
fc_CCCTGATTCAAGCGTT-1	fc_larvae
fc_CCCTGATTCACCGGGT-1	fc_larvae
fc_CCCTGATTCAGACTGT-1	fc_larvae
fc_CCCTGATTCATTGAGC-1	fc_larvae
fc_CCCTTAGAGATGTAGT-1	fc_larvae
fc_CCCTTAGAGGAACGAA-1	fc_larvae
fc_CCCTTAGAGTTTCTTC-1	fc_larvae
fc_CCCTTAGCAAGGACAC-1	fc_larvae
fc_CCCTTAGCATTGGCAT-1	fc_larvae
fc_CCCTTAGGTCGAGTGA-1	fc_larvae
fc_CCCTTAGTCAGACCGC-1	fc_larvae
fc_CCGAACGAGAGCATTA-1	fc_larvae
fc_CCGAACGAGTCCCGAC-1	fc_larvae
fc_CCGAACGCACGTACTA-1	fc_larvae
fc_CCGAACGGTAAGTTAG-1	fc_larvae
fc_CCGAACGGTCTTTCTA-1	fc_larvae
fc_CCGAACGGTGAGACGT-1	fc_larvae
fc_CCGAACGTCATGGTAC-1	fc_larvae
fc_CCGAACGTCATTCATC-1	fc_larvae
fc_CCGATCTAGCAAATGT-1	fc_larvae
fc_CCGATCTAGGACTAAT-1	fc_larvae
fc_CCGATCTAGGTACATA-1	fc_larvae
fc_CCGATCTGTAAGCGGT-1	fc_larvae
fc_CCGATCTGTCATCCGG-1	fc_larvae
fc_CCGATCTTCGAACGGA-1	fc_larvae
fc_CCGATCTTCGCGCCAA-1	fc_larvae
fc_CCGATGGGTCGCTGCA-1	fc_larvae
fc_CCGATGGTCACTGAAC-1	fc_larvae
fc_CCGATGGTCAGGACAG-1	fc_larvae
fc_CCGCAAGCAATTGCGT-1	fc_larvae
fc_CCGCAAGCATTCACCC-1	fc_larvae
fc_CCGCAAGGTTAATCGC-1	fc_larvae
fc_CCGCAAGTCATGAAAG-1	fc_larvae
fc_CCGCAAGTCGCGCTGA-1	fc_larvae
fc_CCGGACAAGAAACACT-1	fc_larvae
fc_CCGGACAAGCTGAGCA-1	fc_larvae
fc_CCGGACAAGGATTTGA-1	fc_larvae
fc_CCGGACAAGTAATTGG-1	fc_larvae
fc_CCGGACAAGTATGAAC-1	fc_larvae
fc_CCGGACAAGTGATCGG-1	fc_larvae
fc_CCGGACACAACTAGAA-1	fc_larvae
fc_CCGGACACACGAAGAC-1	fc_larvae
fc_CCGGACACAGAACCGA-1	fc_larvae
fc_CCGGACAGTCTTTCAT-1	fc_larvae
fc_CCGGACAGTGGAACAC-1	fc_larvae
fc_CCGGACATCCGAACGC-1	fc_larvae
fc_CCGGACATCTACTGAG-1	fc_larvae
fc_CCGGACATCTATTTCG-1	fc_larvae
fc_CCGGGTAGTCGCAACC-1	fc_larvae
fc_CCGGGTAGTTTCGTTT-1	fc_larvae
fc_CCGGGTATCCGTGTGG-1	fc_larvae
fc_CCGGTAGAGGATACAT-1	fc_larvae
fc_CCGGTAGAGGTCACTT-1	fc_larvae
fc_CCGGTAGAGTGGAATT-1	fc_larvae
fc_CCGGTAGCATCATGAC-1	fc_larvae
fc_CCGGTAGGTACTGACT-1	fc_larvae
fc_CCGGTGAAGCTCATAC-1	fc_larvae
fc_CCGGTGAAGCTCTTCC-1	fc_larvae
fc_CCGGTGAAGTGGTCAG-1	fc_larvae
fc_CCGGTGACAATCTAGC-1	fc_larvae
fc_CCGGTGACAGGCGATA-1	fc_larvae
fc_CCGGTGATCGCTACGG-1	fc_larvae
fc_CCGTAGGAGTAGTCAA-1	fc_larvae
fc_CCGTAGGCATCTATCT-1	fc_larvae
fc_CCGTAGGGTAGCGAGT-1	fc_larvae
fc_CCGTAGGGTGAATGAT-1	fc_larvae
fc_CCGTAGGGTGGACTGA-1	fc_larvae
fc_CCGTAGGTCGAAACAA-1	fc_larvae
fc_CCGTAGGTCTTACGTT-1	fc_larvae
fc_CCGTGAGAGTGCTCGC-1	fc_larvae
fc_CCGTGAGCACTCGATA-1	fc_larvae
fc_CCGTGAGCAGTCAACT-1	fc_larvae
fc_CCGTGAGCATGGGATG-1	fc_larvae
fc_CCGTTCAAGTAAGGGA-1	fc_larvae
fc_CCGTTCAAGTATGGAT-1	fc_larvae
fc_CCGTTCAGTGTCCTAA-1	fc_larvae
fc_CCGTTCATCAAGAATG-1	fc_larvae
fc_CCTAACCAGGGTACGT-1	fc_larvae
fc_CCTAACCAGTGTAGAT-1	fc_larvae
fc_CCTAACCCAAACCGGA-1	fc_larvae
fc_CCTAACCTCCGGCAGT-1	fc_larvae
fc_CCTAAGAAGATGCCGA-1	fc_larvae
fc_CCTAAGAAGCCTCTTC-1	fc_larvae
fc_CCTAAGAAGGGAGGTG-1	fc_larvae
fc_CCTAAGAAGGGCATGT-1	fc_larvae
fc_CCTAAGAGTCCTATAG-1	fc_larvae
fc_CCTAAGATCCAACTAG-1	fc_larvae
fc_CCTACGTAGCGAGAAA-1	fc_larvae
fc_CCTACGTAGCTAGCCC-1	fc_larvae
fc_CCTACGTAGGAGTACC-1	fc_larvae
fc_CCTACGTAGGTTCTAC-1	fc_larvae
fc_CCTACGTCAAATTGGA-1	fc_larvae
fc_CCTACGTCAGCTACAT-1	fc_larvae
fc_CCTACGTCAGCTGAAG-1	fc_larvae
fc_CCTACGTGTTCGTACA-1	fc_larvae
fc_CCTATCGAGAGTTGTA-1	fc_larvae
fc_CCTATCGAGTCGAATA-1	fc_larvae
fc_CCTATCGGTTTAGACC-1	fc_larvae
fc_CCTCAACAGACATACA-1	fc_larvae
fc_CCTCAACAGCCAGAGT-1	fc_larvae
fc_CCTCAACAGCGTACAG-1	fc_larvae
fc_CCTCAACAGGCGTTAG-1	fc_larvae
fc_CCTCAACCACACCTGG-1	fc_larvae
fc_CCTCAACCAGCTCATA-1	fc_larvae
fc_CCTCAACCAGTGACCC-1	fc_larvae
fc_CCTCAACGTAGAATGT-1	fc_larvae
fc_CCTCAACGTGTGACCC-1	fc_larvae
fc_CCTCAACGTTCAAAGA-1	fc_larvae
fc_CCTCAACGTTTGAACC-1	fc_larvae
fc_CCTCACAAGGCTAGCA-1	fc_larvae
fc_CCTCACAAGGGTCACA-1	fc_larvae
fc_CCTCACAAGTCCGTCG-1	fc_larvae
fc_CCTCACACAAATTAGG-1	fc_larvae
fc_CCTCACACACAAACGG-1	fc_larvae
fc_CCTCACACACAGCGCT-1	fc_larvae
fc_CCTCACACATCATCTT-1	fc_larvae
fc_CCTCACAGTAACTGCT-1	fc_larvae
fc_CCTCACAGTTGTGGCC-1	fc_larvae
fc_CCTCACATCATAAGGA-1	fc_larvae
fc_CCTCACATCCAATCCC-1	fc_larvae
fc_CCTCACATCCACTTCG-1	fc_larvae
fc_CCTCACATCCTCTAGC-1	fc_larvae
fc_CCTCAGTAGAGAGCGG-1	fc_larvae
fc_CCTCAGTAGGCCTTGC-1	fc_larvae
fc_CCTCAGTAGTACCATC-1	fc_larvae
fc_CCTCAGTGTAGTTAGA-1	fc_larvae
fc_CCTCAGTGTCATGGCC-1	fc_larvae
fc_CCTCAGTGTGGTCTCG-1	fc_larvae
fc_CCTCAGTTCACTCCGT-1	fc_larvae
fc_CCTCATGAGAATAACC-1	fc_larvae
fc_CCTCATGCAGTAGTGG-1	fc_larvae
fc_CCTCATGCATAGCTGT-1	fc_larvae
fc_CCTCATGCATGTTCAG-1	fc_larvae
fc_CCTCATGGTCATGCAT-1	fc_larvae
fc_CCTCATGTCAGTCAGT-1	fc_larvae
fc_CCTCATGTCCCGAGGT-1	fc_larvae
fc_CCTCATGTCTCAGTCC-1	fc_larvae
fc_CCTCCAAAGGCTTCCG-1	fc_larvae
fc_CCTCCAAAGTAGTCTC-1	fc_larvae
fc_CCTCCAACAACTGAAA-1	fc_larvae
fc_CCTCCAAGTCCAACGC-1	fc_larvae
fc_CCTCCAATCACGGACC-1	fc_larvae
fc_CCTCCAATCGACCACG-1	fc_larvae
fc_CCTCCAATCGGTAAGG-1	fc_larvae
fc_CCTCCAATCTCGGTAA-1	fc_larvae
fc_CCTCCTCAGTACCCTA-1	fc_larvae
fc_CCTCCTCAGTCAGCGA-1	fc_larvae
fc_CCTCCTCCAGTCCCGA-1	fc_larvae
fc_CCTCCTCCATGCCGCA-1	fc_larvae
fc_CCTCCTCGTCATCGGC-1	fc_larvae
fc_CCTCCTCTCATCTACT-1	fc_larvae
fc_CCTCCTCTCTGCCTGT-1	fc_larvae
fc_CCTCTAGAGACTCAAA-1	fc_larvae
fc_CCTCTAGCATAACCCA-1	fc_larvae
fc_CCTCTAGGTGGCAGAT-1	fc_larvae
fc_CCTCTAGGTTCTTGCC-1	fc_larvae
fc_CCTCTAGTCATTTGGG-1	fc_larvae
fc_CCTCTCCAGCTCGTGC-1	fc_larvae
fc_CCTCTCCCAAGCCTGC-1	fc_larvae
fc_CCTCTCCCAATCTCGA-1	fc_larvae
fc_CCTCTCCCACCAGTTA-1	fc_larvae
fc_CCTCTCCGTTTCAGAC-1	fc_larvae
fc_CCTCTCCTCCTAGCCT-1	fc_larvae
fc_CCTGCATCAAATTGCC-1	fc_larvae
fc_CCTGCATGTACAGTCT-1	fc_larvae
fc_CCTGCATTCCAACCAA-1	fc_larvae
fc_CCTGCATTCGACCTAA-1	fc_larvae
fc_CCTGCATTCTGCAGCG-1	fc_larvae
fc_CCTGCATTCTGGGAGA-1	fc_larvae
fc_CCTGTTGAGCCAAGTG-1	fc_larvae
fc_CCTGTTGCACTCAGAT-1	fc_larvae
fc_CCTGTTGCACTGCATA-1	fc_larvae
fc_CCTGTTGCAGCTTCGG-1	fc_larvae
fc_CCTGTTGCATTGACAC-1	fc_larvae
fc_CCTGTTGTCTCAACGA-1	fc_larvae
fc_CCTTCAGAGAGGGTCT-1	fc_larvae
fc_CCTTCAGCAATCGCAT-1	fc_larvae
fc_CCTTCAGCATATCTGG-1	fc_larvae
fc_CCTTCAGGTTGGTGTT-1	fc_larvae
fc_CCTTGTGGTAACAGTA-1	fc_larvae
fc_CCTTGTGGTAGAGATT-1	fc_larvae
fc_CCTTGTGGTGAAGCTG-1	fc_larvae
fc_CCTTGTGGTGATTAGA-1	fc_larvae
fc_CCTTGTGGTGTCCGGT-1	fc_larvae
fc_CCTTGTGTCGACCAAT-1	fc_larvae
fc_CCTTTGGAGACATCAA-1	fc_larvae
fc_CCTTTGGAGAGCTTTC-1	fc_larvae
fc_CCTTTGGAGGTAAGGA-1	fc_larvae
fc_CCTTTGGGTATACAGA-1	fc_larvae
fc_CCTTTGGGTGGACTGA-1	fc_larvae
fc_CCTTTGGTCGCCATAA-1	fc_larvae
fc_CCTTTGGTCGCCGTGA-1	fc_larvae
fc_CGAAGGAAGATCACCT-1	fc_larvae
fc_CGAAGGAAGGAGTATT-1	fc_larvae
fc_CGAAGGAAGGTCCAGA-1	fc_larvae
fc_CGAAGGAAGTTCGGTT-1	fc_larvae
fc_CGAAGGACAGTCAGTT-1	fc_larvae
fc_CGAAGGAGTATACCCA-1	fc_larvae
fc_CGAAGGAGTCGTTCAA-1	fc_larvae
fc_CGAAGGAGTTCACCGG-1	fc_larvae
fc_CGAAGGATCAAAGGAT-1	fc_larvae
fc_CGAAGTTAGGTGCCTC-1	fc_larvae
fc_CGAAGTTAGTGCCCGT-1	fc_larvae
fc_CGAAGTTCAACTAGAA-1	fc_larvae
fc_CGAAGTTCAAGGGCAT-1	fc_larvae
fc_CGAAGTTCATATGCGT-1	fc_larvae
fc_CGAAGTTGTACGATTC-1	fc_larvae
fc_CGAAGTTGTGGTAACG-1	fc_larvae
fc_CGAATTGAGCTAATGA-1	fc_larvae
fc_CGAATTGAGTTGCCTA-1	fc_larvae
fc_CGAATTGCACAAATGA-1	fc_larvae
fc_CGAATTGGTGTCATCA-1	fc_larvae
fc_CGAATTGTCCAGTGCG-1	fc_larvae
fc_CGACAGCAGAAGGCTC-1	fc_larvae
fc_CGACAGCCAAGACCGA-1	fc_larvae
fc_CGACAGCCAATGCAAA-1	fc_larvae
fc_CGACAGCGTAGGATAT-1	fc_larvae
fc_CGACAGCTCGTGCAGC-1	fc_larvae
fc_CGACAGCTCTGGCCTT-1	fc_larvae
fc_CGAGAAGAGACATATG-1	fc_larvae
fc_CGAGAAGCAACCAATC-1	fc_larvae
fc_CGAGAAGGTATCAGCT-1	fc_larvae
fc_CGAGGAAAGCCGTAAG-1	fc_larvae
fc_CGAGGCTCATTGTGCA-1	fc_larvae
fc_CGAGGCTGTTCGGACC-1	fc_larvae
fc_CGAGGCTTCAGATTGC-1	fc_larvae
fc_CGAGTGCCAAACGGCA-1	fc_larvae
fc_CGAGTGCCAAAGGATT-1	fc_larvae
fc_CGAGTGCCAAATCGGG-1	fc_larvae
fc_CGAGTGCCACTGAGTT-1	fc_larvae
fc_CGAGTGCCAGAGGTAC-1	fc_larvae
fc_CGAGTTAAGATTGATG-1	fc_larvae
fc_CGAGTTAAGCTTAAGA-1	fc_larvae
fc_CGAGTTACAAATCGGG-1	fc_larvae
fc_CGAGTTACAATCCTAG-1	fc_larvae
fc_CGAGTTACACAATGTC-1	fc_larvae
fc_CGAGTTAGTACTGAGG-1	fc_larvae
fc_CGAGTTATCGGAGTGA-1	fc_larvae
fc_CGAGTTATCTCAGGCG-1	fc_larvae
fc_CGATCGGAGAGGTATT-1	fc_larvae
fc_CGATCGGCACCAATTG-1	fc_larvae
fc_CGATCGGCATCAGCGC-1	fc_larvae
fc_CGATCGGGTCTGTAGT-1	fc_larvae
fc_CGATCGGGTGAGCAGT-1	fc_larvae
fc_CGATCGGGTGTCACAT-1	fc_larvae
fc_CGATCGGGTTACACTG-1	fc_larvae
fc_CGATCGGTCATCGCTC-1	fc_larvae
fc_CGATCGGTCCGTAGTA-1	fc_larvae
fc_CGATGCGCATGTCTAG-1	fc_larvae
fc_CGATGCGGTATTCCTT-1	fc_larvae
fc_CGATGCGTCAGGAAGC-1	fc_larvae
fc_CGATGCGTCCGCGAGT-1	fc_larvae
fc_CGATGGCAGAGAGTGA-1	fc_larvae
fc_CGATGGCAGATCCGAG-1	fc_larvae
fc_CGATGGCAGGCTAGCA-1	fc_larvae
fc_CGATGGCAGTAGGGTC-1	fc_larvae
fc_CGATGGCAGTTGAAGT-1	fc_larvae
fc_CGATGGCCAAGTCATC-1	fc_larvae
fc_CGATGGCGTGCATTTG-1	fc_larvae
fc_CGATGGCGTGTCCTAA-1	fc_larvae
fc_CGATGGCTCAAACTGC-1	fc_larvae
fc_CGATGGCTCGTTCTGC-1	fc_larvae
fc_CGCAGGTAGCTTTCTT-1	fc_larvae
fc_CGCAGGTAGTTATGGA-1	fc_larvae
fc_CGCAGGTGTTATCTTC-1	fc_larvae
fc_CGCATAAAGTCTAGAA-1	fc_larvae
fc_CGCATAACAATGTCAC-1	fc_larvae
fc_CGCATAACAGCATGCC-1	fc_larvae
fc_CGCATAACAGTAGATA-1	fc_larvae
fc_CGCATAAGTGCTTATG-1	fc_larvae
fc_CGCATAATCACGACTA-1	fc_larvae
fc_CGCATGGCAGGGTTGA-1	fc_larvae
fc_CGCATGGGTGTATTCG-1	fc_larvae
fc_CGCATGGTCCTATTTG-1	fc_larvae
fc_CGCATGGTCTATCACT-1	fc_larvae
fc_CGCATGGTCTGGGCAC-1	fc_larvae
fc_CGCCAGACACTCCACT-1	fc_larvae
fc_CGCCAGACATAAGCGG-1	fc_larvae
fc_CGCCAGAGTCGTATTG-1	fc_larvae
fc_CGCCAGAGTGCAGTGA-1	fc_larvae
fc_CGCCAGAGTTCCGGTG-1	fc_larvae
fc_CGCCAGAGTTCGGCTG-1	fc_larvae
fc_CGCCAGATCCCACAGG-1	fc_larvae
fc_CGCCATTCAACCGACC-1	fc_larvae
fc_CGCCATTCAATAAGGT-1	fc_larvae
fc_CGCCATTGTCATAACC-1	fc_larvae
fc_CGCCATTGTCGCACGT-1	fc_larvae
fc_CGCCATTGTTGTGCAT-1	fc_larvae
fc_CGCCATTTCAAGCCCG-1	fc_larvae
fc_CGCCATTTCACGAACT-1	fc_larvae
fc_CGCGTGACAACTGGTT-1	fc_larvae
fc_CGCGTGACACCTTCCA-1	fc_larvae
fc_CGCGTGACATGATAGA-1	fc_larvae
fc_CGCGTGAGTAGCACGA-1	fc_larvae
fc_CGCGTGATCATCACCC-1	fc_larvae
fc_CGGAACCCAAACAGGC-1	fc_larvae
fc_CGGAACCCAATATCCG-1	fc_larvae
fc_CGGAACCCACAAACGG-1	fc_larvae
fc_CGGAACCCAGATAAAC-1	fc_larvae
fc_CGGAACCGTCTGCCTT-1	fc_larvae
fc_CGGAACCGTTCCGTTC-1	fc_larvae
fc_CGGAACCTCCCTTGTG-1	fc_larvae
fc_CGGAACCTCCTATTTG-1	fc_larvae
fc_CGGAATTCAGGGCTTC-1	fc_larvae
fc_CGGAATTGTAACCCTA-1	fc_larvae
fc_CGGAATTGTGTTAAAG-1	fc_larvae
fc_CGGAATTTCGCACGAC-1	fc_larvae
fc_CGGACACAGAGCTGCA-1	fc_larvae
fc_CGGACACGTTAGGGTG-1	fc_larvae
fc_CGGACACTCAATCCAG-1	fc_larvae
fc_CGGACACTCTTGTTAC-1	fc_larvae
fc_CGGAGAAAGAAATTGC-1	fc_larvae
fc_CGGAGAACAGGGAGAG-1	fc_larvae
fc_CGGAGAAGTGAGAGGG-1	fc_larvae
fc_CGGAGAAGTGAGCGAT-1	fc_larvae
fc_CGGAGAAGTGCGTGCT-1	fc_larvae
fc_CGGAGAAGTTACGATC-1	fc_larvae
fc_CGGAGAATCATCGCCT-1	fc_larvae
fc_CGGAGAATCGCCATAA-1	fc_larvae
fc_CGGCAGTAGAGAGGTA-1	fc_larvae
fc_CGGCAGTCACAGTGAG-1	fc_larvae
fc_CGGGACTAGCGCTGCT-1	fc_larvae
fc_CGGGACTAGTCATCGT-1	fc_larvae
fc_CGGGACTAGTGGATTA-1	fc_larvae
fc_CGGGACTCAAGACCGA-1	fc_larvae
fc_CGGGACTGTAGGTACG-1	fc_larvae
fc_CGGGACTGTCGCAGTC-1	fc_larvae
fc_CGGGCATCATCTTCGC-1	fc_larvae
fc_CGGGCATGTGCCGAAA-1	fc_larvae
fc_CGGGCATTCGGCCCAA-1	fc_larvae
fc_CGGGCATTCTCACTCG-1	fc_larvae
fc_CGGGCATTCTTGGATG-1	fc_larvae
fc_CGGGTCAAGAAGCTGC-1	fc_larvae
fc_CGGGTCAAGCAGCCTC-1	fc_larvae
fc_CGGGTCAAGCGACTAG-1	fc_larvae
fc_CGGGTCAAGGGACTGT-1	fc_larvae
fc_CGGGTCACAAGGGTCA-1	fc_larvae
fc_CGGGTCAGTAGTCTGT-1	fc_larvae
fc_CGGGTCAGTCCCAAAT-1	fc_larvae
fc_CGGGTCAGTCGTACTA-1	fc_larvae
fc_CGGGTCAGTTTCGTGA-1	fc_larvae
fc_CGGGTCATCATGCTAG-1	fc_larvae
fc_CGGGTGTAGACTCGAG-1	fc_larvae
fc_CGGGTGTCAATACCTG-1	fc_larvae
fc_CGGGTGTCAGTATTCG-1	fc_larvae
fc_CGGGTGTTCAGTCACA-1	fc_larvae
fc_CGGGTGTTCGTGTGAT-1	fc_larvae
fc_CGGTCAGAGCTGTCCG-1	fc_larvae
fc_CGGTCAGCAAGGTTGG-1	fc_larvae
fc_CGGTCAGCAGACACCC-1	fc_larvae
fc_CGGTCAGCATCTTTCA-1	fc_larvae
fc_CGGTCAGGTTACACTG-1	fc_larvae
fc_CGTAAGTAGATGGTAT-1	fc_larvae
fc_CGTAAGTCAAGTGGCA-1	fc_larvae
fc_CGTAAGTCACACACTA-1	fc_larvae
fc_CGTAAGTGTCATCAGT-1	fc_larvae
fc_CGTAAGTGTCGAACAG-1	fc_larvae
fc_CGTAAGTTCCTCTAAT-1	fc_larvae
fc_CGTAATGAGAATTGTG-1	fc_larvae
fc_CGTAATGAGCTGACCC-1	fc_larvae
fc_CGTAATGAGCTTGTGT-1	fc_larvae
fc_CGTAATGAGTGCCGAA-1	fc_larvae
fc_CGTAATGAGTGTCATC-1	fc_larvae
fc_CGTAATGCAAGAGTGC-1	fc_larvae
fc_CGTAATGCAGGATCTT-1	fc_larvae
fc_CGTAATGGTACTGGGA-1	fc_larvae
fc_CGTAATGGTGAAGCTG-1	fc_larvae
fc_CGTAATGGTGTGTCCG-1	fc_larvae
fc_CGTAATGTCACTTGGA-1	fc_larvae
fc_CGTAGTACAAGTTTGC-1	fc_larvae
fc_CGTAGTACACCGAATT-1	fc_larvae
fc_CGTAGTACATGGAGAC-1	fc_larvae
fc_CGTAGTAGTAGTACGG-1	fc_larvae
fc_CGTAGTATCATGGCCG-1	fc_larvae
fc_CGTAGTATCCAAACCA-1	fc_larvae
fc_CGTAGTATCCGATGCG-1	fc_larvae
fc_CGTAGTATCGAACCTA-1	fc_larvae
fc_CGTAGTATCTCTATGT-1	fc_larvae
fc_CGTCAAAAGGTGATAT-1	fc_larvae
fc_CGTCAAAAGTAGTCCT-1	fc_larvae
fc_CGTCAAACAACCAGAG-1	fc_larvae
fc_CGTCAAACACACAGAG-1	fc_larvae
fc_CGTCAAAGTCCATAGT-1	fc_larvae
fc_CGTCCATGTTAGGCTT-1	fc_larvae
fc_CGTGAATAGCTAAATG-1	fc_larvae
fc_CGTGAATCAAGTGGGT-1	fc_larvae
fc_CGTGAATCAGAAATTG-1	fc_larvae
fc_CGTGAATGTCGATTTG-1	fc_larvae
fc_CGTGAATGTCTCACAA-1	fc_larvae
fc_CGTGAATTCATTGGTG-1	fc_larvae
fc_CGTGAATTCGCCGTGA-1	fc_larvae
fc_CGTGATACAAACTCGT-1	fc_larvae
fc_CGTGATACAAGCACAG-1	fc_larvae
fc_CGTGATACAATGCAGG-1	fc_larvae
fc_CGTGATACATATTCGG-1	fc_larvae
fc_CGTGATATCAGAGCGA-1	fc_larvae
fc_CGTGATATCGTCGGGT-1	fc_larvae
fc_CGTGCTTAGTATAGGT-1	fc_larvae
fc_CGTGCTTAGTTACGAA-1	fc_larvae
fc_CGTGCTTGTAACCCTA-1	fc_larvae
fc_CGTGCTTTCCTTCTTC-1	fc_larvae
fc_CGTGCTTTCCTTTGAT-1	fc_larvae
fc_CGTGTCTAGGACAACC-1	fc_larvae
fc_CGTGTCTCACTCCACT-1	fc_larvae
fc_CGTGTCTCATAATCCG-1	fc_larvae
fc_CGTGTCTCATGGATCT-1	fc_larvae
fc_CGTGTCTGTAGATTAG-1	fc_larvae
fc_CGTGTCTTCACTTTGT-1	fc_larvae
fc_CGTGTCTTCGCCAGAC-1	fc_larvae
fc_CGTGTCTTCTGTCCCA-1	fc_larvae
fc_CGTTAGAAGAACTCCT-1	fc_larvae
fc_CGTTAGAAGGCCTGAA-1	fc_larvae
fc_CGTTAGACAACCGACC-1	fc_larvae
fc_CGTTAGAGTATGTCAC-1	fc_larvae
fc_CGTTAGATCAAACGTC-1	fc_larvae
fc_CGTTAGATCGGCTCTT-1	fc_larvae
fc_CGTTAGATCTCGGTCT-1	fc_larvae
fc_CGTTCTGAGAGGGCGA-1	fc_larvae
fc_CGTTCTGAGCCTCAAT-1	fc_larvae
fc_CGTTCTGCAGGTTCGC-1	fc_larvae
fc_CGTTCTGGTAGCCCTG-1	fc_larvae
fc_CGTTCTGGTAGGGAGG-1	fc_larvae
fc_CGTTCTGGTCACCTTC-1	fc_larvae
fc_CGTTCTGGTCAGACTT-1	fc_larvae
fc_CGTTCTGGTGACTAAA-1	fc_larvae
fc_CGTTCTGTCTAACACG-1	fc_larvae
fc_CGTTCTGTCTGAGATC-1	fc_larvae
fc_CGTTGGGAGAATCCCT-1	fc_larvae
fc_CGTTGGGAGAGTTGTA-1	fc_larvae
fc_CGTTGGGGTTTGGGAG-1	fc_larvae
fc_CTAACCCCACCGCTAG-1	fc_larvae
fc_CTAACCCGTACGTACT-1	fc_larvae
fc_CTAACCCGTCCAATCA-1	fc_larvae
fc_CTAACCCGTTTCGGCG-1	fc_larvae
fc_CTAACTTCAACGATCT-1	fc_larvae
fc_CTAACTTCACCATAAC-1	fc_larvae
fc_CTAACTTCAGAGTTCT-1	fc_larvae
fc_CTAACTTCATCGATGT-1	fc_larvae
fc_CTAACTTGTATTAAGG-1	fc_larvae
fc_CTAACTTGTCTTCCGT-1	fc_larvae
fc_CTAACTTGTTTCACAG-1	fc_larvae
fc_CTAAGTGAGGCATCTT-1	fc_larvae
fc_CTAAGTGAGGCCTGAA-1	fc_larvae
fc_CTAAGTGGTGATGTAA-1	fc_larvae
fc_CTAAGTGTCGCAGAGA-1	fc_larvae
fc_CTACAGACAGCGGTTC-1	fc_larvae
fc_CTACAGAGTCGCAGTC-1	fc_larvae
fc_CTACAGAGTGCGTTTA-1	fc_larvae
fc_CTACAGATCAGACTGT-1	fc_larvae
fc_CTACAGATCAGCAGAG-1	fc_larvae
fc_CTACAGATCGCATAGT-1	fc_larvae
fc_CTACATTAGCAATAGT-1	fc_larvae
fc_CTACATTAGGCTAACG-1	fc_larvae
fc_CTACATTCAAAGCACG-1	fc_larvae
fc_CTACATTGTTGTCAGT-1	fc_larvae
fc_CTACATTGTTTGCAGT-1	fc_larvae
fc_CTACATTTCACTGGTA-1	fc_larvae
fc_CTACATTTCTGTTCAT-1	fc_larvae
fc_CTACCCAAGGAGCAAA-1	fc_larvae
fc_CTACCCACAACGGGTA-1	fc_larvae
fc_CTACCCAGTTTCGCTC-1	fc_larvae
fc_CTACCCATCCAAGCCG-1	fc_larvae
fc_CTACCTGAGCGAGGAG-1	fc_larvae
fc_CTACCTGCATCGTCCT-1	fc_larvae
fc_CTACCTGGTAGACTGG-1	fc_larvae
fc_CTACGGGAGAGGTATT-1	fc_larvae
fc_CTACGGGAGGGTCTTT-1	fc_larvae
fc_CTACGGGCAAGGTCGA-1	fc_larvae
fc_CTACGGGGTACAACGG-1	fc_larvae
fc_CTACGGGTCCAGGACC-1	fc_larvae
fc_CTACTATGTACCGGAA-1	fc_larvae
fc_CTACTATGTTAAAGTG-1	fc_larvae
fc_CTACTATGTTCAAGGG-1	fc_larvae
fc_CTACTATGTTCGGCCA-1	fc_larvae
fc_CTACTATTCCAAGGGA-1	fc_larvae
fc_CTACTATTCTGACCCT-1	fc_larvae
fc_CTAGACAAGTGTTCAC-1	fc_larvae
fc_CTAGACAAGTTGTACC-1	fc_larvae
fc_CTAGACAGTTTGCCGG-1	fc_larvae
fc_CTAGACATCATTCCTA-1	fc_larvae
fc_CTAGACATCTGTTCAT-1	fc_larvae
fc_CTAGGTAAGTCAGGGT-1	fc_larvae
fc_CTAGGTACAACATACC-1	fc_larvae
fc_CTAGGTACACGCACCA-1	fc_larvae
fc_CTAGGTATCGTTCTGC-1	fc_larvae
fc_CTAGGTATCTGGGATT-1	fc_larvae
fc_CTATAGGAGGACTGGT-1	fc_larvae
fc_CTATAGGAGTCGCTAT-1	fc_larvae
fc_CTATAGGAGTGTGTTC-1	fc_larvae
fc_CTATAGGCAATAGGAT-1	fc_larvae
fc_CTATAGGCAGCTGGTC-1	fc_larvae
fc_CTATAGGGTAGACGTG-1	fc_larvae
fc_CTATCCGAGAGCCCAA-1	fc_larvae
fc_CTATCCGCATGGACAG-1	fc_larvae
fc_CTATCCGGTAGCTGAG-1	fc_larvae
fc_CTATCCGGTCACGTGC-1	fc_larvae
fc_CTATCCGGTCTTTCTA-1	fc_larvae
fc_CTATCCGGTGACAACG-1	fc_larvae
fc_CTATCCGGTGTTCAGT-1	fc_larvae
fc_CTATCCGTCATCCCGT-1	fc_larvae
fc_CTATCTACATCTGTTT-1	fc_larvae
fc_CTATCTAGTAGTCTGT-1	fc_larvae
fc_CTATCTAGTCTTACAG-1	fc_larvae
fc_CTATCTAGTTGAGGAC-1	fc_larvae
fc_CTATCTATCTGAGTCA-1	fc_larvae
fc_CTCAACCCACGAAGAC-1	fc_larvae
fc_CTCAACCGTGGGTATG-1	fc_larvae
fc_CTCAACCGTTCAGGTT-1	fc_larvae
fc_CTCAACCTCGGAAGGT-1	fc_larvae
fc_CTCAACCTCGGTCACG-1	fc_larvae
fc_CTCAACCTCGTCGGGT-1	fc_larvae
fc_CTCAACCTCTTCCAGC-1	fc_larvae
fc_CTCAAGACACTACGGC-1	fc_larvae
fc_CTCAAGATCCGATGCG-1	fc_larvae
fc_CTCAAGATCTATACTC-1	fc_larvae
fc_CTCAATTAGCAACTTC-1	fc_larvae
fc_CTCAATTCAAGGTCTT-1	fc_larvae
fc_CTCAATTCAATTGAAG-1	fc_larvae
fc_CTCAATTCACTACACA-1	fc_larvae
fc_CTCAATTGTCTAACTG-1	fc_larvae
fc_CTCAATTGTGGAACCA-1	fc_larvae
fc_CTCAATTTCCCAAGCG-1	fc_larvae
fc_CTCAATTTCTTCGTAT-1	fc_larvae
fc_CTCACTGCAGAACGCA-1	fc_larvae
fc_CTCACTGCAGTGTATC-1	fc_larvae
fc_CTCACTGCATGGGTCC-1	fc_larvae
fc_CTCACTGCATTAGGAA-1	fc_larvae
fc_CTCACTGGTCCAGCCA-1	fc_larvae
fc_CTCACTGTCATCTACT-1	fc_larvae
fc_CTCAGAAAGATCCCGC-1	fc_larvae
fc_CTCAGAAAGCAACTTC-1	fc_larvae
fc_CTCAGAACAATCAAGA-1	fc_larvae
fc_CTCAGAACACTCCGAG-1	fc_larvae
fc_CTCAGAACAGCCTACG-1	fc_larvae
fc_CTCAGAACATACATCG-1	fc_larvae
fc_CTCAGAATCTCCATAT-1	fc_larvae
fc_CTCAGAATCTGGTCAA-1	fc_larvae
fc_CTCAGGGAGCCTCTGG-1	fc_larvae
fc_CTCAGGGAGTTACGGG-1	fc_larvae
fc_CTCAGGGCATGTTACG-1	fc_larvae
fc_CTCAGGGGTAATGATG-1	fc_larvae
fc_CTCAGGGGTACAAGTA-1	fc_larvae
fc_CTCAGGGGTATCCTTT-1	fc_larvae
fc_CTCAGGGGTCTGTGAT-1	fc_larvae
fc_CTCAGGGTCGCGATCG-1	fc_larvae
fc_CTCAGTCAGACGCTCC-1	fc_larvae
fc_CTCAGTCCATCGTTCC-1	fc_larvae
fc_CTCAGTCGTCGAACGA-1	fc_larvae
fc_CTCAGTCGTGATACCT-1	fc_larvae
fc_CTCAGTCTCCTCACTG-1	fc_larvae
fc_CTCAGTCTCTATCACT-1	fc_larvae
fc_CTCATCGAGTCTCCTC-1	fc_larvae
fc_CTCATCGGTATGTCAC-1	fc_larvae
fc_CTCATCGGTCGTGGTC-1	fc_larvae
fc_CTCATCGTCATGGTAC-1	fc_larvae
fc_CTCATGCAGCATTGAA-1	fc_larvae
fc_CTCATGCCATGCAGCC-1	fc_larvae
fc_CTCATGCTCGTCCTTG-1	fc_larvae
fc_CTCATTAAGCCGGAAT-1	fc_larvae
fc_CTCATTACAAAGTATG-1	fc_larvae
fc_CTCATTATCCCTCTAG-1	fc_larvae
fc_CTCCAACGTCGATTAC-1	fc_larvae
fc_CTCCAACTCTCACTCG-1	fc_larvae
fc_CTCCACAAGGTGAGCT-1	fc_larvae
fc_CTCCACAAGTAGAATC-1	fc_larvae
fc_CTCCACAAGTATAGAC-1	fc_larvae
fc_CTCCACACACAAATAG-1	fc_larvae
fc_CTCCACAGTCTGCCTT-1	fc_larvae
fc_CTCCACAGTTTGTTCT-1	fc_larvae
fc_CTCCACATCACTACGA-1	fc_larvae
fc_CTCCACATCAGCGCAC-1	fc_larvae
fc_CTCCATGAGCTACAAA-1	fc_larvae
fc_CTCCATGCAACCGCTG-1	fc_larvae
fc_CTCCATGCATGGGTTT-1	fc_larvae
fc_CTCCATGGTGGCTCTG-1	fc_larvae
fc_CTCCCAACACCAACAT-1	fc_larvae
fc_CTCCCAACAGTAGAAT-1	fc_larvae
fc_CTCCCAAGTACTCGAT-1	fc_larvae
fc_CTCCCTCAGGATGCGT-1	fc_larvae
fc_CTCCCTCCACACACGC-1	fc_larvae
fc_CTCCCTCCACTGATTG-1	fc_larvae
fc_CTCCCTCTCACATTGG-1	fc_larvae
fc_CTCCCTCTCGTCAAAC-1	fc_larvae
fc_CTCCCTCTCTGTCAGA-1	fc_larvae
fc_CTCCGATAGGCAGGTT-1	fc_larvae
fc_CTCCGATCAGATTCGT-1	fc_larvae
fc_CTCCGATGTCTGTGCG-1	fc_larvae
fc_CTCCGATGTGCATCTA-1	fc_larvae
fc_CTCCGATTCGGTGCAC-1	fc_larvae
fc_CTCCTCCCAAGACGGT-1	fc_larvae
fc_CTCCTTTAGGGCTAAC-1	fc_larvae
fc_CTCCTTTCACGACGTC-1	fc_larvae
fc_CTCCTTTGTCAGTCTA-1	fc_larvae
fc_CTCCTTTTCCACAGGC-1	fc_larvae
fc_CTCGAGGAGACCGTTT-1	fc_larvae
fc_CTCGAGGAGCATGCGA-1	fc_larvae
fc_CTCGAGGAGTACTCGT-1	fc_larvae
fc_CTCGAGGCACCAAAGG-1	fc_larvae
fc_CTCGAGGCACCAGTTA-1	fc_larvae
fc_CTCGAGGCACGCTTAA-1	fc_larvae
fc_CTCGAGGCAGCCCACA-1	fc_larvae
fc_CTCGAGGGTTGGGAAC-1	fc_larvae
fc_CTCGAGGTCCATAGAC-1	fc_larvae
fc_CTCTCAGAGACCAGCA-1	fc_larvae
fc_CTCTCAGAGAGCGACT-1	fc_larvae
fc_CTCTCAGAGATACCAA-1	fc_larvae
fc_CTCTCAGAGTTGTAGA-1	fc_larvae
fc_CTCTCAGCAAAGCGTG-1	fc_larvae
fc_CTCTCAGCAAGTGTCT-1	fc_larvae
fc_CTCTCAGCATGAAGCG-1	fc_larvae
fc_CTCTCAGGTAGGCTCC-1	fc_larvae
fc_CTCTCAGGTTCCGTTC-1	fc_larvae
fc_CTCTCAGTCCACTTCG-1	fc_larvae
fc_CTCTCAGTCGCAGATT-1	fc_larvae
fc_CTCTCGAAGAGATGCC-1	fc_larvae
fc_CTCTCGAAGTACGTCT-1	fc_larvae
fc_CTCTCGACACCATTCC-1	fc_larvae
fc_CTCTCGACAGAGGGTT-1	fc_larvae
fc_CTCTCGAGTCGAGCTC-1	fc_larvae
fc_CTCTCGAGTGGACCTC-1	fc_larvae
fc_CTCTGGTAGCTCGACC-1	fc_larvae
fc_CTCTGGTAGTCACGCC-1	fc_larvae
fc_CTCTGGTAGTTTCGGT-1	fc_larvae
fc_CTCTGGTCACGCCACA-1	fc_larvae
fc_CTCTGGTCATTACGGT-1	fc_larvae
fc_CTGAATGAGTTGCTCA-1	fc_larvae
fc_CTGAATGCAAGTGCAG-1	fc_larvae
fc_CTGAATGCACAGGATG-1	fc_larvae
fc_CTGAGCGAGGCGTTAG-1	fc_larvae
fc_CTGAGCGCAGCATGCC-1	fc_larvae
fc_CTGAGCGCAGCTTCCT-1	fc_larvae
fc_CTGAGCGGTTGCCATA-1	fc_larvae
fc_CTGAGCGTCCTTCACG-1	fc_larvae
fc_CTGAGCGTCCTTGAAG-1	fc_larvae
fc_CTGAGGCAGCTACAAA-1	fc_larvae
fc_CTGAGGCAGGGAGGTG-1	fc_larvae
fc_CTGAGGCAGTGCAAAT-1	fc_larvae
fc_CTGAGGCGTGATAGTA-1	fc_larvae
fc_CTGATCCAGACCATTC-1	fc_larvae
fc_CTGATCCAGTAGTGCG-1	fc_larvae
fc_CTGATCCCAACGCATT-1	fc_larvae
fc_CTGATCCCACGATAGG-1	fc_larvae
fc_CTGATCCCAGCCGTTG-1	fc_larvae
fc_CTGATCCCATACTGAC-1	fc_larvae
fc_CTGATCCCATAGGTTC-1	fc_larvae
fc_CTGATCCGTGACCTGC-1	fc_larvae
fc_CTGATCCTCTAGTGAC-1	fc_larvae
fc_CTGCAGGAGCTTTCTT-1	fc_larvae
fc_CTGCAGGAGGGATCGT-1	fc_larvae
fc_CTGCAGGTCCCTGGTT-1	fc_larvae
fc_CTGCAGGTCGTCGGGT-1	fc_larvae
fc_CTGCATCAGCAAGTCG-1	fc_larvae
fc_CTGCATCAGCTGGCCT-1	fc_larvae
fc_CTGCATCAGTAGCTCT-1	fc_larvae
fc_CTGCATCGTCCGTTTC-1	fc_larvae
fc_CTGCATCGTGATCGTT-1	fc_larvae
fc_CTGCATCTCACCTCTG-1	fc_larvae
fc_CTGCATCTCTGCGTCT-1	fc_larvae
fc_CTGCCATCACAATGAA-1	fc_larvae
fc_CTGCCATCACGCAAAG-1	fc_larvae
fc_CTGCCATCAGGAATCG-1	fc_larvae
fc_CTGCCATCATCCGGTG-1	fc_larvae
fc_CTGCCATGTCACTAGT-1	fc_larvae
fc_CTGCCATTCCTCATAT-1	fc_larvae
fc_CTGCCATTCCTCTTTC-1	fc_larvae
fc_CTGCCTAAGAAGTCAT-1	fc_larvae
fc_CTGCCTACATCGGATT-1	fc_larvae
fc_CTGCCTAGTACTAGCT-1	fc_larvae
fc_CTGCCTATCAGACATC-1	fc_larvae
fc_CTGCCTATCCACTGAA-1	fc_larvae
fc_CTGCCTATCGATTGAC-1	fc_larvae
fc_CTGCGAGAGAAACCAT-1	fc_larvae
fc_CTGCGAGTCAATCCGA-1	fc_larvae
fc_CTGCTCAAGGGCTAAC-1	fc_larvae
fc_CTGCTCACAAGGCTTT-1	fc_larvae
fc_CTGCTCACACATGGTT-1	fc_larvae
fc_CTGCTCATCTCCTGAC-1	fc_larvae
fc_CTGCTCATCTTACACT-1	fc_larvae
fc_CTGGACGAGAGATTCA-1	fc_larvae
fc_CTGGACGAGAGCAGTC-1	fc_larvae
fc_CTGGACGAGGAACTCG-1	fc_larvae
fc_CTGGACGGTGTACATC-1	fc_larvae
fc_CTGGCAGAGATTACCC-1	fc_larvae
fc_CTGGCAGAGGCCCGTT-1	fc_larvae
fc_CTGGCAGAGGCTCTAT-1	fc_larvae
fc_CTGGCAGAGGTGCTAG-1	fc_larvae
fc_CTGGCAGCATCCTTCG-1	fc_larvae
fc_CTGGCAGGTCCGGACT-1	fc_larvae
fc_CTGGCAGGTTCAGTAC-1	fc_larvae
fc_CTGGCAGTCCTCTTTC-1	fc_larvae
fc_CTGGCAGTCGCTTACC-1	fc_larvae
fc_CTGGCAGTCGGACCAC-1	fc_larvae
fc_CTGGTCTAGACTCCGC-1	fc_larvae
fc_CTGGTCTGTCTGCAAT-1	fc_larvae
fc_CTGGTCTTCACTGTCC-1	fc_larvae
fc_CTGTACCAGCACCGAA-1	fc_larvae
fc_CTGTACCAGCCTGACC-1	fc_larvae
fc_CTGTACCAGGCTGAAC-1	fc_larvae
fc_CTGTACCCAATACAGA-1	fc_larvae
fc_CTGTACCCACGAAAGC-1	fc_larvae
fc_CTGTAGAAGTCCCGAC-1	fc_larvae
fc_CTGTAGACAACGATCT-1	fc_larvae
fc_CTGTAGAGTCGAATTC-1	fc_larvae
fc_CTGTAGAGTTAGCTAC-1	fc_larvae
fc_CTGTAGATCGTGTGGC-1	fc_larvae
fc_CTGTAGATCTAGCATG-1	fc_larvae
fc_CTGTATTCATCTTAGG-1	fc_larvae
fc_CTGTATTGTAATCAGA-1	fc_larvae
fc_CTGTATTGTCGTTTCC-1	fc_larvae
fc_CTGTCGTAGCGGCTCT-1	fc_larvae
fc_CTGTCGTTCCTGCTAC-1	fc_larvae
fc_CTGTGAAAGCGCCTTG-1	fc_larvae
fc_CTGTGAAAGTCACGAG-1	fc_larvae
fc_CTGTGAACACGACGTC-1	fc_larvae
fc_CTGTGAACATCTTAGG-1	fc_larvae
fc_CTGTGAAGTAAGTAGT-1	fc_larvae
fc_CTGTGAATCGCTTGAA-1	fc_larvae
fc_CTGTGGGAGGTAGCAC-1	fc_larvae
fc_CTGTGGGCACCGGCTA-1	fc_larvae
fc_CTGTGGGCAGAACTCT-1	fc_larvae
fc_CTGTGGGGTCAGGTAG-1	fc_larvae
fc_CTGTGGGTCGTAACAC-1	fc_larvae
fc_CTTACCGAGTCATTGC-1	fc_larvae
fc_CTTACCGCACCAGCGT-1	fc_larvae
fc_CTTACCGCACGCCACA-1	fc_larvae
fc_CTTACCGCATTGTAGC-1	fc_larvae
fc_CTTACCGGTATACCCA-1	fc_larvae
fc_CTTACCGGTGTGTCGC-1	fc_larvae
fc_CTTACCGTCTGGGATT-1	fc_larvae
fc_CTTAGGAAGCCACAAG-1	fc_larvae
fc_CTTAGGAAGGACAACC-1	fc_larvae
fc_CTTAGGAAGGCTTTCA-1	fc_larvae
fc_CTTAGGAGTACTGAGG-1	fc_larvae
fc_CTTAGGAGTGGCTTGC-1	fc_larvae
fc_CTTAGGAGTGTCCCTT-1	fc_larvae
fc_CTTAGGATCCAGCAAT-1	fc_larvae
fc_CTTAGGATCCTCTAGC-1	fc_larvae
fc_CTTAGGATCTTGATTC-1	fc_larvae
fc_CTTCAATCAATTGTGC-1	fc_larvae
fc_CTTCAATCAGGTGACA-1	fc_larvae
fc_CTTCAATCAGTGTATC-1	fc_larvae
fc_CTTCAATCATAAGCGG-1	fc_larvae
fc_CTTCCGAAGAGCATAT-1	fc_larvae
fc_CTTCCGAAGGTACAGC-1	fc_larvae
fc_CTTCCGACAGAACGCA-1	fc_larvae
fc_CTTCCGAGTCGGTAAG-1	fc_larvae
fc_CTTCCGAGTTCGGCGT-1	fc_larvae
fc_CTTCCGAGTTGCTCAA-1	fc_larvae
fc_CTTCCTTAGGATTCCT-1	fc_larvae
fc_CTTCCTTCACCATTCC-1	fc_larvae
fc_CTTCCTTGTGCACAAG-1	fc_larvae
fc_CTTCCTTTCGAATCCA-1	fc_larvae
fc_CTTCGGTAGTCGGCAA-1	fc_larvae
fc_CTTCGGTCAGGAAGTC-1	fc_larvae
fc_CTTCGGTGTGCTTATG-1	fc_larvae
fc_CTTCGGTGTGGCTTAT-1	fc_larvae
fc_CTTCGGTGTTGCCTAA-1	fc_larvae
fc_CTTCGGTTCTTAGTTC-1	fc_larvae
fc_CTTCTAAAGCCTGCCA-1	fc_larvae
fc_CTTCTAAAGTTAACAG-1	fc_larvae
fc_CTTCTAATCCAAGAGG-1	fc_larvae
fc_CTTCTAATCCCGTGTT-1	fc_larvae
fc_CTTCTCTAGGGCCTCT-1	fc_larvae
fc_CTTCTCTCAAATGGCG-1	fc_larvae
fc_CTTCTCTCACTGAATC-1	fc_larvae
fc_CTTCTCTCAGTAACGG-1	fc_larvae
fc_CTTCTCTCATGAGGGT-1	fc_larvae
fc_CTTCTCTGTGCAGTGA-1	fc_larvae
fc_CTTCTCTGTTGCGGCT-1	fc_larvae
fc_CTTGAGAAGAGAACCC-1	fc_larvae
fc_CTTGAGACAACCTAAC-1	fc_larvae
fc_CTTGAGACAATCCTTT-1	fc_larvae
fc_CTTGAGACATGGGTTT-1	fc_larvae
fc_CTTGAGAGTACTAAGA-1	fc_larvae
fc_CTTGAGAGTATAATGG-1	fc_larvae
fc_CTTGAGAGTCCTGGGT-1	fc_larvae
fc_CTTGAGAGTCTGCATA-1	fc_larvae
fc_CTTGAGAGTCTGTAAC-1	fc_larvae
fc_CTTGAGATCAATCTCT-1	fc_larvae
fc_CTTGAGATCCAAAGGG-1	fc_larvae
fc_CTTGATTCAAATGCGG-1	fc_larvae
fc_CTTGATTCAACAACAA-1	fc_larvae
fc_CTTGATTCAAGCGGAT-1	fc_larvae
fc_CTTGATTCACACCTGG-1	fc_larvae
fc_CTTGATTGTATGAGCG-1	fc_larvae
fc_CTTGATTTCCCTCTCC-1	fc_larvae
fc_CTTGATTTCCTAGAGT-1	fc_larvae
fc_CTTGATTTCTCCGCAT-1	fc_larvae
fc_CTTTCAACAAATTGCC-1	fc_larvae
fc_CTTTCAACACCGCTGA-1	fc_larvae
fc_CTTTCAACATAGAATG-1	fc_larvae
fc_CTTTCAACATATTCGG-1	fc_larvae
fc_CTTTCAATCACCATCC-1	fc_larvae
fc_CTTTCAATCACGACTA-1	fc_larvae
fc_CTTTCAATCAGGAACG-1	fc_larvae
fc_CTTTCGGGTAGACAGC-1	fc_larvae
fc_CTTTCGGTCACTGAAC-1	fc_larvae
fc_CTTTCGGTCCGTGTCT-1	fc_larvae
fc_CTTTCGGTCGCGAAGA-1	fc_larvae
fc_GAAACCTAGGCTGTAG-1	fc_larvae
fc_GAAACCTAGGTATTGA-1	fc_larvae
fc_GAAACCTCAAAGCTAA-1	fc_larvae
fc_GAAACCTCAATCCTTT-1	fc_larvae
fc_GAAACCTCACCTCAGG-1	fc_larvae
fc_GAAACCTCATTCTGTT-1	fc_larvae
fc_GAAACCTCATTGCTTT-1	fc_larvae
fc_GAAACCTGTAGCTGAG-1	fc_larvae
fc_GAAACCTTCAGTGTCA-1	fc_larvae
fc_GAAACCTTCTAGCATG-1	fc_larvae
fc_GAAATGACAGTAGATA-1	fc_larvae
fc_GAACACTGTCTGTCCT-1	fc_larvae
fc_GAACACTGTTTACTTC-1	fc_larvae
fc_GAACACTTCCCTTCCC-1	fc_larvae
fc_GAACACTTCGGATACT-1	fc_larvae
fc_GAACACTTCTATCACT-1	fc_larvae
fc_GAACGTTAGTTCCTGA-1	fc_larvae
fc_GAACGTTCAGAGGGTT-1	fc_larvae
fc_GAACGTTGTATCGTTG-1	fc_larvae
fc_GAACGTTGTTAGTTCG-1	fc_larvae
fc_GAACGTTTCGAGCTGC-1	fc_larvae
fc_GAACTGTAGGTAGACC-1	fc_larvae
fc_GAACTGTCAATCTGCA-1	fc_larvae
fc_GAACTGTGTTGGGACA-1	fc_larvae
fc_GAACTGTTCTGTCAGA-1	fc_larvae
fc_GAAGAATAGGCTCTCG-1	fc_larvae
fc_GAAGAATCAACACGTT-1	fc_larvae
fc_GAAGAATCAGGTCCCA-1	fc_larvae
fc_GAAGAATGTAATACCC-1	fc_larvae
fc_GAAGAATGTCTACACA-1	fc_larvae
fc_GAAGAATTCAGAATAG-1	fc_larvae
fc_GAAGAATTCAGCGCGT-1	fc_larvae
fc_GAAGCCCAGTAGGTTA-1	fc_larvae
fc_GAAGCCCCAATCTGCA-1	fc_larvae
fc_GAAGCCCCAATTGGTC-1	fc_larvae
fc_GAAGCCCGTTAGGGAC-1	fc_larvae
fc_GAAGCCCGTTGTTGAC-1	fc_larvae
fc_GAAGCCCTCATCACTT-1	fc_larvae
fc_GAAGCCCTCGGACTTA-1	fc_larvae
fc_GAAGCGATCCACATAG-1	fc_larvae
fc_GAAGCGATCCGCAGTG-1	fc_larvae
fc_GAAGGACAGAAAGCGA-1	fc_larvae
fc_GAAGGACCAACTGCTA-1	fc_larvae
fc_GAAGGACCATAAGATG-1	fc_larvae
fc_GAAGGACGTGGCTTAT-1	fc_larvae
fc_GAAGGACTCAGTAGGG-1	fc_larvae
fc_GAAGGGTAGACAGTCG-1	fc_larvae
fc_GAAGGGTCAACCGCTG-1	fc_larvae
fc_GAAGGGTGTAGCTGAG-1	fc_larvae
fc_GAAGGGTGTATAGGGC-1	fc_larvae
fc_GAAGGGTGTTGCCGCA-1	fc_larvae
fc_GAAGGGTTCCTGGTCT-1	fc_larvae
fc_GAAGGGTTCGATAACC-1	fc_larvae
fc_GAAGGGTTCTTGATTC-1	fc_larvae
fc_GAAGTAATCGTTCCTG-1	fc_larvae
fc_GAAGTAATCTGGGTCG-1	fc_larvae
fc_GAATAGAAGAGCCTGA-1	fc_larvae
fc_GAATAGAAGCCGGATA-1	fc_larvae
fc_GAATAGACAGCCGTTG-1	fc_larvae
fc_GAATAGAGTATCACGT-1	fc_larvae
fc_GAATAGATCCCTCGTA-1	fc_larvae
fc_GAATCACAGTCCTACA-1	fc_larvae
fc_GAATCACCACCCTGTT-1	fc_larvae
fc_GAATCACCACTCCTTG-1	fc_larvae
fc_GAATCACCATCTCATT-1	fc_larvae
fc_GAATCACGTACAAGTA-1	fc_larvae
fc_GAATCACGTATCGTGT-1	fc_larvae
fc_GAATCGTAGGTACATA-1	fc_larvae
fc_GAATCGTAGGTTAAAC-1	fc_larvae
fc_GAATCGTCAAGTGATA-1	fc_larvae
fc_GAATCGTGTCTCTCAC-1	fc_larvae
fc_GAATCGTTCCCTGGTT-1	fc_larvae
fc_GAATCGTTCCTATTTG-1	fc_larvae
fc_GAATCGTTCGAGCTGC-1	fc_larvae
fc_GACACGCAGGCATCAG-1	fc_larvae
fc_GACACGCCATAGGTAA-1	fc_larvae
fc_GACACGCGTGAGGCAT-1	fc_larvae
fc_GACACGCGTTCTTCAT-1	fc_larvae
fc_GACACGCTCCGTGGGT-1	fc_larvae
fc_GACAGCCGTAGATCCT-1	fc_larvae
fc_GACAGCCGTAGGACCA-1	fc_larvae
fc_GACAGCCGTTGTGGCC-1	fc_larvae
fc_GACAGCCTCTGGGAGA-1	fc_larvae
fc_GACAGCCTCTTCCCGA-1	fc_larvae
fc_GACATCAAGCTACGTT-1	fc_larvae
fc_GACATCACAAGTGGGT-1	fc_larvae
fc_GACATCACAGCGGTTC-1	fc_larvae
fc_GACATCAGTGCCTACG-1	fc_larvae
fc_GACATCAGTTCGTAAC-1	fc_larvae
fc_GACCAATAGATAACAC-1	fc_larvae
fc_GACCAATCATATCGGT-1	fc_larvae
fc_GACCAATTCGATACAC-1	fc_larvae
fc_GACCAATTCGGAATGG-1	fc_larvae
fc_GACCCAGAGAGTGACC-1	fc_larvae
fc_GACCCAGAGTCATGGG-1	fc_larvae
fc_GACCCAGCATAGATCC-1	fc_larvae
fc_GACCCAGGTATACCCA-1	fc_larvae
fc_GACCCAGGTATGATCC-1	fc_larvae
fc_GACCCAGGTGCGGATA-1	fc_larvae
fc_GACCCAGGTGTTGCCG-1	fc_larvae
fc_GACCCAGTCCGGACTG-1	fc_larvae
fc_GACCCAGTCTAGATCG-1	fc_larvae
fc_GACCCAGTCTGATTCT-1	fc_larvae
fc_GACCCTTAGGTTACCT-1	fc_larvae
fc_GACCCTTAGTCACGAG-1	fc_larvae
fc_GACCCTTCAACAGATA-1	fc_larvae
fc_GACCCTTGTCTGTAGT-1	fc_larvae
fc_GACCCTTGTGCGAGTA-1	fc_larvae
fc_GACCCTTGTTGCATTG-1	fc_larvae
fc_GACCCTTTCCTAGAGT-1	fc_larvae
fc_GACCCTTTCGCGCCAA-1	fc_larvae
fc_GACCCTTTCTTTCAGT-1	fc_larvae
fc_GACCGTGAGGGCAATC-1	fc_larvae
fc_GACCGTGCATAGTCGT-1	fc_larvae
fc_GACCGTGGTGCATTTG-1	fc_larvae
fc_GACCGTGTCCACGGAC-1	fc_larvae
fc_GACCGTGTCCATCTAT-1	fc_larvae
fc_GACCTTCCAAGCAGGT-1	fc_larvae
fc_GACCTTCCACACGGTC-1	fc_larvae
fc_GACCTTCGTATCGAAA-1	fc_larvae
fc_GACCTTCGTCGCATCG-1	fc_larvae
fc_GACCTTCTCGACTCCT-1	fc_larvae
fc_GACGCTGCACATTCGA-1	fc_larvae
fc_GACGCTGCACGCTTAA-1	fc_larvae
fc_GACGCTGTCACTAGCA-1	fc_larvae
fc_GACGCTGTCGACCAAT-1	fc_larvae
fc_GACGCTGTCGACCCAG-1	fc_larvae
fc_GACGCTGTCGATCCCT-1	fc_larvae
fc_GACGTTAAGACATATG-1	fc_larvae
fc_GACGTTAAGAGCTGAC-1	fc_larvae
fc_GACGTTAAGCGAACTG-1	fc_larvae
fc_GACGTTAAGCTCCGAC-1	fc_larvae
fc_GACGTTACACTTCATT-1	fc_larvae
fc_GACGTTACAGCAGAAC-1	fc_larvae
fc_GACGTTAGTCCGAAGA-1	fc_larvae
fc_GACGTTATCCTGTTGC-1	fc_larvae
fc_GACGTTATCGTCAACA-1	fc_larvae
fc_GACTATGCATCTCAAG-1	fc_larvae
fc_GACTATGGTAGCGTCC-1	fc_larvae
fc_GACTATGGTGCCTTCT-1	fc_larvae
fc_GACTATGTCCCTCATG-1	fc_larvae
fc_GACTATGTCTCTGCTG-1	fc_larvae
fc_GACTCAACAAGGTCGA-1	fc_larvae
fc_GACTCAACACTATCCC-1	fc_larvae
fc_GACTCAAGTTTCACTT-1	fc_larvae
fc_GACTCAATCTGCGGCA-1	fc_larvae
fc_GACTGATCAAACCACT-1	fc_larvae
fc_GACTGATCAAACCGGA-1	fc_larvae
fc_GACTGATCAATTGCCA-1	fc_larvae
fc_GACTGATCACCTGAAT-1	fc_larvae
fc_GACTGATCAGCAGTAG-1	fc_larvae
fc_GACTGATGTACGAGCA-1	fc_larvae
fc_GACTGATGTGCCTATA-1	fc_larvae
fc_GACTGATTCTAGTGTG-1	fc_larvae
fc_GACTGATTCTCGTCAC-1	fc_larvae
fc_GACTTCCAGGTGGCTA-1	fc_larvae
fc_GACTTCCAGTACAACA-1	fc_larvae
fc_GACTTCCCACAACGAG-1	fc_larvae
fc_GACTTCCGTCAATCTG-1	fc_larvae
fc_GACTTCCGTCCCGTGA-1	fc_larvae
fc_GACTTCCGTGCTCCGA-1	fc_larvae
fc_GACTTCCTCGACATAC-1	fc_larvae
fc_GACTTCCTCTGAATCG-1	fc_larvae
fc_GAGAAATAGAGATGCC-1	fc_larvae
fc_GAGAAATAGGCAGGGA-1	fc_larvae
fc_GAGAAATCAGACCATT-1	fc_larvae
fc_GAGAAATCAGGCATGA-1	fc_larvae
fc_GAGAAATGTTTGGAGG-1	fc_larvae
fc_GAGAAATTCAGGTGTT-1	fc_larvae
fc_GAGAAATTCCATTGGA-1	fc_larvae
fc_GAGAAATTCTTTGATC-1	fc_larvae
fc_GAGACCCAGCTTCATG-1	fc_larvae
fc_GAGACCCCATGCCATA-1	fc_larvae
fc_GAGACCCTCTTCGGTC-1	fc_larvae
fc_GAGACTTAGGTCATCT-1	fc_larvae
fc_GAGACTTCAAGTGATA-1	fc_larvae
fc_GAGACTTGTAGGCAGT-1	fc_larvae
fc_GAGACTTGTCAAATCC-1	fc_larvae
fc_GAGAGGTAGGTATCTC-1	fc_larvae
fc_GAGAGGTCAACCTATG-1	fc_larvae
fc_GAGAGGTCACATGTTG-1	fc_larvae
fc_GAGAGGTCATTGCAAC-1	fc_larvae
fc_GAGAGGTGTTATGTGC-1	fc_larvae
fc_GAGAGGTGTTGAGGAC-1	fc_larvae
fc_GAGATGGAGACAGCGT-1	fc_larvae
fc_GAGATGGAGATCCTAC-1	fc_larvae
fc_GAGATGGAGTAACGAT-1	fc_larvae
fc_GAGATGGAGTTCATCG-1	fc_larvae
fc_GAGATGGCATGGGTTT-1	fc_larvae
fc_GAGATGGGTACAAGCG-1	fc_larvae
fc_GAGATGGGTGTATCCA-1	fc_larvae
fc_GAGATGGTCTTCCACG-1	fc_larvae
fc_GAGCCTGAGAATCTAG-1	fc_larvae
fc_GAGCCTGAGTAACGTA-1	fc_larvae
fc_GAGCCTGCAAGAGGTC-1	fc_larvae
fc_GAGCCTGTCAACGTGT-1	fc_larvae
fc_GAGCCTGTCAGCGCAC-1	fc_larvae
fc_GAGCCTGTCCTCCACA-1	fc_larvae
fc_GAGCCTGTCGTTCAGA-1	fc_larvae
fc_GAGCCTGTCTCCAAGA-1	fc_larvae
fc_GAGCTGCAGGTACCTT-1	fc_larvae
fc_GAGCTGCAGTAGTGCG-1	fc_larvae
fc_GAGCTGCAGTCCCGAC-1	fc_larvae
fc_GAGCTGCAGTGATCGG-1	fc_larvae
fc_GAGCTGCCAGGTGAGT-1	fc_larvae
fc_GAGCTGCCATCCCACT-1	fc_larvae
fc_GAGCTGCGTACCAGAG-1	fc_larvae
fc_GAGCTGCTCATCTCTA-1	fc_larvae
fc_GAGCTGCTCGAAGAAT-1	fc_larvae
fc_GAGGCAAAGAATAGTC-1	fc_larvae
fc_GAGGCAAAGTATAACG-1	fc_larvae
fc_GAGGCAACAGGATGAC-1	fc_larvae
fc_GAGGCAATCCGACATA-1	fc_larvae
fc_GAGGCAATCTGGCCAG-1	fc_larvae
fc_GAGGCCTAGATACTGA-1	fc_larvae
fc_GAGGCCTAGATCGCTT-1	fc_larvae
fc_GAGGCCTAGTCACAGG-1	fc_larvae
fc_GAGGCCTCACCTTCCA-1	fc_larvae
fc_GAGGCCTGTACAGGTG-1	fc_larvae
fc_GAGGCCTGTTTGAACC-1	fc_larvae
fc_GAGGCCTTCGCGTGCA-1	fc_larvae
fc_GAGGGATCAGACAAAT-1	fc_larvae
fc_GAGGGATGTATCATGC-1	fc_larvae
fc_GAGGGATGTCGATTAC-1	fc_larvae
fc_GAGGGATGTGCCCTTT-1	fc_larvae
fc_GAGGGATTCAGCAATC-1	fc_larvae
fc_GAGGGTAGTTCTCCAC-1	fc_larvae
fc_GAGGGTATCCACACAA-1	fc_larvae
fc_GAGGGTATCCCTTGGT-1	fc_larvae
fc_GAGGGTATCTGCGGGT-1	fc_larvae
fc_GAGTCATAGCGAGGAG-1	fc_larvae
fc_GAGTCATAGTCAGAGC-1	fc_larvae
fc_GAGTCATCAACTCCAA-1	fc_larvae
fc_GAGTCATCATGTCTAG-1	fc_larvae
fc_GAGTCATGTATGTCAC-1	fc_larvae
fc_GAGTCATTCATGAGAA-1	fc_larvae
fc_GAGTCTAAGGGCTAAC-1	fc_larvae
fc_GAGTCTAAGTTCACTG-1	fc_larvae
fc_GAGTCTAGTACAGAGC-1	fc_larvae
fc_GAGTCTATCCACTGGG-1	fc_larvae
fc_GAGTGAGCACAGTGAG-1	fc_larvae
fc_GAGTGAGCAGTAACAA-1	fc_larvae
fc_GAGTGAGCATAATCGC-1	fc_larvae
fc_GAGTGAGCATATCTCT-1	fc_larvae
fc_GAGTGAGGTGTCTAAC-1	fc_larvae
fc_GAGTGAGTCCATTCAT-1	fc_larvae
fc_GAGTGAGTCTCTGCTG-1	fc_larvae
fc_GAGTGAGTCTTGCAGA-1	fc_larvae
fc_GAGTGTTAGAGTGGCT-1	fc_larvae
fc_GAGTGTTGTACGTGTT-1	fc_larvae
fc_GAGTGTTGTCTGATCA-1	fc_larvae
fc_GAGTGTTGTGGGTTGA-1	fc_larvae
fc_GAGTGTTTCCTATGGA-1	fc_larvae
fc_GAGTTACCACCCTCTA-1	fc_larvae
fc_GAGTTACGTACTCGTA-1	fc_larvae
fc_GAGTTACGTGGAAATT-1	fc_larvae
fc_GAGTTACTCCTTCACG-1	fc_larvae
fc_GAGTTACTCGATTGAC-1	fc_larvae
fc_GAGTTGTCATCCGCGA-1	fc_larvae
fc_GAGTTGTGTTGGGATG-1	fc_larvae
fc_GAGTTGTTCTCATAGG-1	fc_larvae
fc_GAGTTGTTCTCGCTCA-1	fc_larvae
fc_GAGTTTGAGATCCAAA-1	fc_larvae
fc_GAGTTTGAGATGAATC-1	fc_larvae
fc_GAGTTTGTCATGTCAG-1	fc_larvae
fc_GATAGAACAGCGAGTA-1	fc_larvae
fc_GATAGAACAGGTTCGC-1	fc_larvae
fc_GATAGAATCAGTGATC-1	fc_larvae
fc_GATAGAATCGCTGTCT-1	fc_larvae
fc_GATAGCTAGCGTTAGG-1	fc_larvae
fc_GATAGCTAGTGGTGAC-1	fc_larvae
fc_GATAGCTCACACCGCA-1	fc_larvae
fc_GATAGCTCATGGGCAA-1	fc_larvae
fc_GATAGCTGTAGCTTAC-1	fc_larvae
fc_GATAGCTTCCACCCTA-1	fc_larvae
fc_GATCACAGTCACTAGT-1	fc_larvae
fc_GATCACATCCGCGATG-1	fc_larvae
fc_GATCACATCCTGGTCT-1	fc_larvae
fc_GATCACATCTCTTCAA-1	fc_larvae
fc_GATCAGTAGAAACTGT-1	fc_larvae
fc_GATCAGTAGCGAGGAG-1	fc_larvae
fc_GATCAGTTCCTCACGT-1	fc_larvae
fc_GATCATGAGAACTCCT-1	fc_larvae
fc_GATCATGAGGTCATTC-1	fc_larvae
fc_GATCATGCATGAAGCG-1	fc_larvae
fc_GATCATGGTAGACGTG-1	fc_larvae
fc_GATCATGGTTCTCTAT-1	fc_larvae
fc_GATCATGTCATGAGAA-1	fc_larvae
fc_GATCATGTCTCTCGAC-1	fc_larvae
fc_GATCCCTAGCCGGATA-1	fc_larvae
fc_GATCCCTAGTTAACAG-1	fc_larvae
fc_GATCCCTCAAATTGCC-1	fc_larvae
fc_GATCCCTCAGGCATTT-1	fc_larvae
fc_GATGACTCACCCTTAC-1	fc_larvae
fc_GATGACTCAGGTGGAT-1	fc_larvae
fc_GATGACTGTACTCGAT-1	fc_larvae
fc_GATGAGGCAAGTACCT-1	fc_larvae
fc_GATGAGGCACACCGCA-1	fc_larvae
fc_GATGAGGCATCTGCGG-1	fc_larvae
fc_GATGAGGGTCAACACT-1	fc_larvae
fc_GATGAGGGTTCTCCCA-1	fc_larvae
fc_GATGAGGTCATGGAGG-1	fc_larvae
fc_GATGAGGTCCGTGACG-1	fc_larvae
fc_GATGAGGTCTCTTGCG-1	fc_larvae
fc_GATGAGGTCTGCGGGT-1	fc_larvae
fc_GATGATCAGAGATCGC-1	fc_larvae
fc_GATGATCAGCGAGTCA-1	fc_larvae
fc_GATGATCCAGTGGGTA-1	fc_larvae
fc_GATGATCGTTCGAGCC-1	fc_larvae
fc_GATGATCGTTGAGTCT-1	fc_larvae
fc_GATGATCGTTGCGTAT-1	fc_larvae
fc_GATGATCTCATGTCAG-1	fc_larvae
fc_GATGATCTCCCTCTTT-1	fc_larvae
fc_GATGCTAAGTGGATTA-1	fc_larvae
fc_GATGCTACAAATGCTC-1	fc_larvae
fc_GATGCTATCCGCCTAT-1	fc_larvae
fc_GATGGAGAGGTTCTAC-1	fc_larvae
fc_GATGGAGAGTACCATC-1	fc_larvae
fc_GATGGAGGTGATACAA-1	fc_larvae
fc_GATGGAGGTGCATTTG-1	fc_larvae
fc_GATGGAGTCAGAATAG-1	fc_larvae
fc_GATGGAGTCCCGTGAG-1	fc_larvae
fc_GATGTTGCAAGTGGAC-1	fc_larvae
fc_GATGTTGGTAAGTAGT-1	fc_larvae
fc_GATGTTGGTACCGTGC-1	fc_larvae
fc_GATGTTGGTCTCAGAT-1	fc_larvae
fc_GATGTTGGTTGGGCCT-1	fc_larvae
fc_GATGTTGTCTTACCAT-1	fc_larvae
fc_GATTCGAAGTCGAGGT-1	fc_larvae
fc_GATTCGACAGGTTTAC-1	fc_larvae
fc_GATTCGACATGACTCA-1	fc_larvae
fc_GATTCGAGTGGGTTGA-1	fc_larvae
fc_GATTCGATCGTCTAAG-1	fc_larvae
fc_GATTCTTCATGTAACC-1	fc_larvae
fc_GATTCTTCATTGACCA-1	fc_larvae
fc_GATTCTTTCCTCAGGG-1	fc_larvae
fc_GATTCTTTCCTTCTTC-1	fc_larvae
fc_GATTCTTTCGCTTACC-1	fc_larvae
fc_GATTCTTTCGTACACA-1	fc_larvae
fc_GATTGGTCAGGATCTT-1	fc_larvae
fc_GATTGGTGTACTCGCG-1	fc_larvae
fc_GATTGGTGTTCGTACA-1	fc_larvae
fc_GATTGGTTCCGCCTAT-1	fc_larvae
fc_GATTTCTAGATACGAT-1	fc_larvae
fc_GATTTCTAGTCCCGAC-1	fc_larvae
fc_GATTTCTGTGCAATGG-1	fc_larvae
fc_GATTTCTTCTCACTCG-1	fc_larvae
fc_GCAACATAGGCATTTC-1	fc_larvae
fc_GCAACATCAACCTATG-1	fc_larvae
fc_GCAACATCAGTAACGG-1	fc_larvae
fc_GCAACATGTCTTCAAG-1	fc_larvae
fc_GCAACATGTGAGCGAT-1	fc_larvae
fc_GCAACATGTTCCTAAG-1	fc_larvae
fc_GCAACATTCGTGCGAC-1	fc_larvae
fc_GCAACCGAGGTAACTA-1	fc_larvae
fc_GCAACCGAGGTGGGTT-1	fc_larvae
fc_GCAACCGTCGTAGTGT-1	fc_larvae
fc_GCACATAAGAAGGTAG-1	fc_larvae
fc_GCACATAGTACACTCA-1	fc_larvae
fc_GCACATAGTGGGAGAG-1	fc_larvae
fc_GCACATAGTTAACAGA-1	fc_larvae
fc_GCACATATCGGCAGTC-1	fc_larvae
fc_GCACGGTAGAACTCCT-1	fc_larvae
fc_GCACGGTAGCCACTCG-1	fc_larvae
fc_GCACGGTCATGACGTT-1	fc_larvae
fc_GCACGGTCATTCTTCA-1	fc_larvae
fc_GCACGGTGTCAGATTC-1	fc_larvae
fc_GCACGGTTCGCCCAGA-1	fc_larvae
fc_GCACGTGCAGTAGTGG-1	fc_larvae
fc_GCACGTGGTCGCATTA-1	fc_larvae
fc_GCACTAACAAGTCCAT-1	fc_larvae
fc_GCACTAACACTATCCC-1	fc_larvae
fc_GCACTAACACTCTAGA-1	fc_larvae
fc_GCACTAAGTCGTTGCG-1	fc_larvae
fc_GCACTAAGTGGTCTTA-1	fc_larvae
fc_GCAGCCAAGTAGCAAT-1	fc_larvae
fc_GCAGCCACAAAGGCGT-1	fc_larvae
fc_GCAGCCACAGAAATCA-1	fc_larvae
fc_GCAGCCACAGGGTTGA-1	fc_larvae
fc_GCAGCCAGTCACTGAT-1	fc_larvae
fc_GCAGCCAGTGATGGCA-1	fc_larvae
fc_GCAGCCATCTTTCCGG-1	fc_larvae
fc_GCAGCTGAGAAGGCTC-1	fc_larvae
fc_GCAGCTGCAGCTATTG-1	fc_larvae
fc_GCAGCTGCAGGGTTGA-1	fc_larvae
fc_GCAGCTGTCACCTGTC-1	fc_larvae
fc_GCAGCTGTCTCGAACA-1	fc_larvae
fc_GCAGGCTAGACATATG-1	fc_larvae
fc_GCAGGCTCAATAACGA-1	fc_larvae
fc_GCAGTTAGTTTACACG-1	fc_larvae
fc_GCAGTTATCAGCTCTC-1	fc_larvae
fc_GCAGTTATCATGCCAA-1	fc_larvae
fc_GCATCGGAGCTAATGA-1	fc_larvae
fc_GCATCGGAGTGGACGT-1	fc_larvae
fc_GCATCGGAGTGGACTG-1	fc_larvae
fc_GCATCGGAGTGGGAAA-1	fc_larvae
fc_GCATCGGGTAGCGCTC-1	fc_larvae
fc_GCATCGGGTTACCTTT-1	fc_larvae
fc_GCATCGGTCATAAGGA-1	fc_larvae
fc_GCATCTCAGTCAAGCG-1	fc_larvae
fc_GCATCTCCACTTTAGG-1	fc_larvae
fc_GCATCTCGTCGAAGCA-1	fc_larvae
fc_GCATCTCGTCGAATTC-1	fc_larvae
fc_GCATCTCGTGGATTTC-1	fc_larvae
fc_GCATCTCGTGTTATCG-1	fc_larvae
fc_GCATCTCGTTGGCCTG-1	fc_larvae
fc_GCATCTCGTTGGGATG-1	fc_larvae
fc_GCATCTCTCCGCAGTG-1	fc_larvae
fc_GCATGATAGAGCAGCT-1	fc_larvae
fc_GCATGATAGCGACTTT-1	fc_larvae
fc_GCATGATCACTTGGGC-1	fc_larvae
fc_GCATGATCAGACAATA-1	fc_larvae
fc_GCATGATGTAGTCTTG-1	fc_larvae
fc_GCATGATGTTTCGGCG-1	fc_larvae
fc_GCATGATTCGACGATT-1	fc_larvae
fc_GCATTAGAGCCGATAG-1	fc_larvae
fc_GCATTAGAGTCATACC-1	fc_larvae
fc_GCATTAGCAGAGGCAT-1	fc_larvae
fc_GCATTAGCAGCGAACA-1	fc_larvae
fc_GCATTAGCATGCACTA-1	fc_larvae
fc_GCATTAGGTCGTCTCT-1	fc_larvae
fc_GCATTAGGTCGTTGGC-1	fc_larvae
fc_GCATTAGGTTGTAGCT-1	fc_larvae
fc_GCATTAGTCAAGAGTA-1	fc_larvae
fc_GCATTAGTCGGTGAAG-1	fc_larvae
fc_GCCAACGAGAGGGTGG-1	fc_larvae
fc_GCCAACGAGATGGGCT-1	fc_larvae
fc_GCCAACGAGTAATCCC-1	fc_larvae
fc_GCCAACGCACTCCCTA-1	fc_larvae
fc_GCCAACGCAGATCACT-1	fc_larvae
fc_GCCAGCAAGCGCCCAT-1	fc_larvae
fc_GCCAGCAGTACTAACC-1	fc_larvae
fc_GCCAGCAGTAGACGGT-1	fc_larvae
fc_GCCAGCAGTTGAAGTA-1	fc_larvae
fc_GCCAGCATCCAACCGG-1	fc_larvae
fc_GCCAGCATCCCGAACG-1	fc_larvae
fc_GCCAGCATCTCCATAT-1	fc_larvae
fc_GCCAGGTAGATCCCGC-1	fc_larvae
fc_GCCAGGTCAAGGCAAC-1	fc_larvae
fc_GCCAGGTCATCTAACG-1	fc_larvae
fc_GCCAGGTGTGTTTCTT-1	fc_larvae
fc_GCCAGTGCACCCGTAG-1	fc_larvae
fc_GCCAGTGTCACTCTTA-1	fc_larvae
fc_GCCATGGCACCGGCTA-1	fc_larvae
fc_GCCATGGCATCTATCT-1	fc_larvae
fc_GCCATTCAGAACTGAT-1	fc_larvae
fc_GCCATTCAGACATACA-1	fc_larvae
fc_GCCATTCAGTACAGCG-1	fc_larvae
fc_GCCATTCTCCGTGTGG-1	fc_larvae
fc_GCCATTCTCTCAATCT-1	fc_larvae
fc_GCCCAGAAGGAGGCAG-1	fc_larvae
fc_GCCCAGAAGGTCCGAA-1	fc_larvae
fc_GCCCAGACAAACGGCA-1	fc_larvae
fc_GCCCAGACACTAACGT-1	fc_larvae
fc_GCCCAGACAGTTAGAA-1	fc_larvae
fc_GCCCAGAGTACGACAG-1	fc_larvae
fc_GCCCAGAGTATGGTAA-1	fc_larvae
fc_GCCCAGAGTGGAAATT-1	fc_larvae
fc_GCCCAGAGTGTCCGGT-1	fc_larvae
fc_GCCCAGAGTTACGTAC-1	fc_larvae
fc_GCCCAGAGTTGCCAAT-1	fc_larvae
fc_GCCCAGATCAAGTCGT-1	fc_larvae
fc_GCCCAGATCACTTTGT-1	fc_larvae
fc_GCCCAGATCGCAACAT-1	fc_larvae
fc_GCCCAGATCTCAACGA-1	fc_larvae
fc_GCCCGAAAGCTAAATG-1	fc_larvae
fc_GCCCGAACAAAGGGCT-1	fc_larvae
fc_GCCCGAACACCGTACG-1	fc_larvae
fc_GCCCGAACAGAGTTCT-1	fc_larvae
fc_GCCCGAACAGCGAGTA-1	fc_larvae
fc_GCCCGAACAGCTTCCT-1	fc_larvae
fc_GCCCGAAGTGATAGAT-1	fc_larvae
fc_GCCCGAATCATCGCAA-1	fc_larvae
fc_GCCCGAATCTATCGTT-1	fc_larvae
fc_GCCCGAATCTTCGTGC-1	fc_larvae
fc_GCCGATGCAGAGATTA-1	fc_larvae
fc_GCCGATGCAGAGCTAG-1	fc_larvae
fc_GCCGATGCAGCTTTCC-1	fc_larvae
fc_GCCGATGGTCACCGCA-1	fc_larvae
fc_GCCGTGAAGCTCTGTA-1	fc_larvae
fc_GCCGTGACACAAATGA-1	fc_larvae
fc_GCCGTGACACAGCCAC-1	fc_larvae
fc_GCCGTGACACTCCACT-1	fc_larvae
fc_GCCGTGACAGTACTAC-1	fc_larvae
fc_GCCGTGACATGTGTCA-1	fc_larvae
fc_GCCGTGAGTAGGTTTC-1	fc_larvae
fc_GCCGTGAGTGGACCTC-1	fc_larvae
fc_GCCGTGAGTGTAGTGG-1	fc_larvae
fc_GCCTGTTAGTATGAGT-1	fc_larvae
fc_GCCTGTTAGTTTGGCT-1	fc_larvae
fc_GCCTGTTCAGTGGTGA-1	fc_larvae
fc_GCCTGTTTCCCTCGTA-1	fc_larvae
fc_GCCTGTTTCCTCATAT-1	fc_larvae
fc_GCCTGTTTCCTGTAAG-1	fc_larvae
fc_GCCTGTTTCTCGGTCT-1	fc_larvae
fc_GCGAGAAAGATTACCC-1	fc_larvae
fc_GCGAGAACAAGAGTAT-1	fc_larvae
fc_GCGAGAACACTCCACT-1	fc_larvae
fc_GCGAGAACAGTATGAA-1	fc_larvae
fc_GCGAGAACATCATCTT-1	fc_larvae
fc_GCGAGAAGTACGCGTC-1	fc_larvae
fc_GCGAGAAGTCAAGCCC-1	fc_larvae
fc_GCGAGAAGTGAGTAAT-1	fc_larvae
fc_GCGAGAATCCCTCTAG-1	fc_larvae
fc_GCGAGAATCGTTCATT-1	fc_larvae
fc_GCGAGAATCTAGCAAC-1	fc_larvae
fc_GCGATCGAGCTGACTT-1	fc_larvae
fc_GCGATCGAGTGCTAGG-1	fc_larvae
fc_GCGATCGCAAATCAGA-1	fc_larvae
fc_GCGATCGGTGACACAG-1	fc_larvae
fc_GCGATCGTCGAACCAT-1	fc_larvae
fc_GCGATCGTCGAACTCA-1	fc_larvae
fc_GCGGAAAAGATTGATG-1	fc_larvae
fc_GCGGAAAAGCGTGTTT-1	fc_larvae
fc_GCGGAAACAAGCTGCC-1	fc_larvae
fc_GCGGAAACACTACAGT-1	fc_larvae
fc_GCGGAAAGTCCGGATC-1	fc_larvae
fc_GCGGAAAGTTCGGCTG-1	fc_larvae
fc_GCGGAAATCATGTCAG-1	fc_larvae
fc_GCGGATCAGACCAACG-1	fc_larvae
fc_GCGTGCAAGGGTCACA-1	fc_larvae
fc_GCGTGCAAGTATCCTG-1	fc_larvae
fc_GCGTGCACACCTGTCT-1	fc_larvae
fc_GCGTGCAGTACTAACC-1	fc_larvae
fc_GCGTGCAGTTACGTAC-1	fc_larvae
fc_GCGTGCATCCTGCCAT-1	fc_larvae
fc_GCGTGCATCGAACACT-1	fc_larvae
fc_GCGTTTCAGCGCACAA-1	fc_larvae
fc_GCGTTTCAGCGGACAT-1	fc_larvae
fc_GCGTTTCAGCTTACGT-1	fc_larvae
fc_GCGTTTCAGGACCCAA-1	fc_larvae
fc_GCGTTTCAGGTACTGG-1	fc_larvae
fc_GCGTTTCCACGCTGCA-1	fc_larvae
fc_GCGTTTCCACTTCAGA-1	fc_larvae
fc_GCGTTTCCATTGGATC-1	fc_larvae
fc_GCTACAAAGAGCATAT-1	fc_larvae
fc_GCTACAAAGCAACCAG-1	fc_larvae
fc_GCTACAACAACCCTCT-1	fc_larvae
fc_GCTACAATCATTGCCC-1	fc_larvae
fc_GCTACCTAGATTGCGG-1	fc_larvae
fc_GCTACCTCAATCCTAG-1	fc_larvae
fc_GCTACCTCACTACCCT-1	fc_larvae
fc_GCTACCTCAGCACAGA-1	fc_larvae
fc_GCTACCTGTAGATTGA-1	fc_larvae
fc_GCTACCTGTCGATTCA-1	fc_larvae
fc_GCTACCTGTCTTCTAT-1	fc_larvae
fc_GCTACCTGTGCCTGAC-1	fc_larvae
fc_GCTACCTTCCATGAGT-1	fc_larvae
fc_GCTACCTTCCGTGTCT-1	fc_larvae
fc_GCTCAAAAGAGCTGCA-1	fc_larvae
fc_GCTCAAACAGAAGTTA-1	fc_larvae
fc_GCTCAAATCAGCAATC-1	fc_larvae
fc_GCTCAAATCCGCGGAT-1	fc_larvae
fc_GCTCAAATCCTACCAC-1	fc_larvae
fc_GCTGAATGTATATGGA-1	fc_larvae
fc_GCTGAATGTGCTTCAA-1	fc_larvae
fc_GCTGAATTCCCAAGTA-1	fc_larvae
fc_GCTGAATTCCTCTAAT-1	fc_larvae
fc_GCTGCAGAGCGATGGT-1	fc_larvae
fc_GCTGCAGCACATGACT-1	fc_larvae
fc_GCTGCAGCAGTATGAA-1	fc_larvae
fc_GCTGCAGGTAAGGCCA-1	fc_larvae
fc_GCTGCAGGTAGTTAGA-1	fc_larvae
fc_GCTGCAGGTCATTGCA-1	fc_larvae
fc_GCTGGGTAGTCCCGAC-1	fc_larvae
fc_GCTGGGTCATCAGTCA-1	fc_larvae
fc_GCTTCACAGGACATCG-1	fc_larvae
fc_GCTTCACCACGGCTAC-1	fc_larvae
fc_GCTTCACCAGCTATTG-1	fc_larvae
fc_GCTTCACCATCAACCA-1	fc_larvae
fc_GCTTCACCATCACCAA-1	fc_larvae
fc_GCTTCACCATCCTAAG-1	fc_larvae
fc_GCTTCACGTGAAAGTT-1	fc_larvae
fc_GCTTCACTCCATAGGT-1	fc_larvae
fc_GCTTCACTCGACACTA-1	fc_larvae
fc_GCTTCACTCTAGCAAC-1	fc_larvae
fc_GCTTCACTCTTGCGCT-1	fc_larvae
fc_GCTTGGGAGAGGTCAC-1	fc_larvae
fc_GCTTGGGGTTCGTTCC-1	fc_larvae
fc_GCTTGGGTCGTCAAAC-1	fc_larvae
fc_GCTTGGGTCTGCGATA-1	fc_larvae
fc_GCTTTCGAGTGAATAC-1	fc_larvae
fc_GCTTTCGGTAATACCC-1	fc_larvae
fc_GCTTTCGGTCAACCTA-1	fc_larvae
fc_GCTTTCGGTTGAGAGC-1	fc_larvae
fc_GCTTTCGTCAACTACG-1	fc_larvae
fc_GGAACCCAGGGTTGCA-1	fc_larvae
fc_GGAACCCCAGCCCACA-1	fc_larvae
fc_GGAACCCCATAAGCAA-1	fc_larvae
fc_GGAACCCGTTAAGGAT-1	fc_larvae
fc_GGAACCCTCGGAATTC-1	fc_larvae
fc_GGAAGTGAGGATGTTA-1	fc_larvae
fc_GGAAGTGCATGCCGCA-1	fc_larvae
fc_GGAAGTGTCAAAGGAT-1	fc_larvae
fc_GGAAGTGTCATCTATC-1	fc_larvae
fc_GGAAGTGTCGTCAAAC-1	fc_larvae
fc_GGAAGTGTCTGGCCGA-1	fc_larvae
fc_GGAATCTAGAAGCCTG-1	fc_larvae
fc_GGAATCTAGCCTGACC-1	fc_larvae
fc_GGAATCTAGCTAATGA-1	fc_larvae
fc_GGAATCTAGTATGAGT-1	fc_larvae
fc_GGAATCTAGTTCATCG-1	fc_larvae
fc_GGAATCTGTACGGTTT-1	fc_larvae
fc_GGAATCTGTACGTACT-1	fc_larvae
fc_GGAATCTGTCTCGGGT-1	fc_larvae
fc_GGAATCTGTGATAGAT-1	fc_larvae
fc_GGAATCTGTGTTACTG-1	fc_larvae
fc_GGAATCTGTTGCTGAT-1	fc_larvae
fc_GGAATCTTCTAGAGCT-1	fc_larvae
fc_GGAATCTTCTTCACAT-1	fc_larvae
fc_GGAATGGAGGCCACCT-1	fc_larvae
fc_GGAATGGAGTCAACAA-1	fc_larvae
fc_GGAATGGCATGGAACG-1	fc_larvae
fc_GGAATGGGTATATGGA-1	fc_larvae
fc_GGAATGGTCACCATGA-1	fc_larvae
fc_GGACGTCCAAAGGATT-1	fc_larvae
fc_GGACGTCCACCAATTG-1	fc_larvae
fc_GGACGTCCACGGTAGA-1	fc_larvae
fc_GGACGTCGTCACAGTT-1	fc_larvae
fc_GGACGTCGTGATTGGG-1	fc_larvae
fc_GGACGTCTCACAGTGT-1	fc_larvae
fc_GGACGTCTCGCCTTGT-1	fc_larvae
fc_GGACGTCTCGGCTGTG-1	fc_larvae
fc_GGACGTCTCTGGAGAG-1	fc_larvae
fc_GGAGAACAGAGGATGA-1	fc_larvae
fc_GGAGAACCAACTTGGT-1	fc_larvae
fc_GGAGAACCACAGACGA-1	fc_larvae
fc_GGAGAACCACTTCCTG-1	fc_larvae
fc_GGAGAACCATCCTTGC-1	fc_larvae
fc_GGAGAACTCAACTGGT-1	fc_larvae
fc_GGAGAACTCGAGATAA-1	fc_larvae
fc_GGAGAACTCTGTCCGT-1	fc_larvae
fc_GGAGAACTCTGTCTCG-1	fc_larvae
fc_GGAGATGAGTTCAACC-1	fc_larvae
fc_GGAGATGCAATGACCT-1	fc_larvae
fc_GGAGATGGTCGAGCAA-1	fc_larvae
fc_GGAGATGGTGATCGTT-1	fc_larvae
fc_GGAGATGTCCCATAGA-1	fc_larvae
fc_GGAGCAAAGAAGCCTG-1	fc_larvae
fc_GGAGCAACATAGGAGC-1	fc_larvae
fc_GGAGCAAGTCGGAAAC-1	fc_larvae
fc_GGAGCAATCCTGTAGA-1	fc_larvae
fc_GGAGGATAGTCGGCCT-1	fc_larvae
fc_GGAGGATAGTGATCGG-1	fc_larvae
fc_GGAGGATCACAATGTC-1	fc_larvae
fc_GGAGGATCATGTGCCG-1	fc_larvae
fc_GGAGGATGTCGATTCA-1	fc_larvae
fc_GGAGGATTCGACCTAA-1	fc_larvae
fc_GGAGGATTCTGGCTGG-1	fc_larvae
fc_GGAGGTACAATTCTCT-1	fc_larvae
fc_GGAGGTACAGTTAAAG-1	fc_larvae
fc_GGAGGTAGTCCTCCTA-1	fc_larvae
fc_GGAGGTAGTTGCTCGG-1	fc_larvae
fc_GGAGGTATCCCTCTCC-1	fc_larvae
fc_GGAGGTATCTTCACGC-1	fc_larvae
fc_GGATCTAAGCACACCC-1	fc_larvae
fc_GGATCTACAATTGCAC-1	fc_larvae
fc_GGATCTAGTAGAATAC-1	fc_larvae
fc_GGATCTAGTCTGTCCT-1	fc_larvae
fc_GGATCTAGTTTACCTT-1	fc_larvae
fc_GGATCTATCTCTTCAA-1	fc_larvae
fc_GGATGTTAGAGCAGAA-1	fc_larvae
fc_GGATGTTAGATACTGA-1	fc_larvae
fc_GGATGTTTCGGTAGGA-1	fc_larvae
fc_GGATGTTTCTCCGTGT-1	fc_larvae
fc_GGATGTTTCTGTCCGT-1	fc_larvae
fc_GGCACGTAGACGCCCT-1	fc_larvae
fc_GGCACGTAGATTCGAA-1	fc_larvae
fc_GGCACGTAGCTCATAC-1	fc_larvae
fc_GGCACGTAGGCACCAA-1	fc_larvae
fc_GGCACGTAGTGCTCAT-1	fc_larvae
fc_GGCACGTAGTTCATGC-1	fc_larvae
fc_GGCACGTGTCTTGCTC-1	fc_larvae
fc_GGCACGTGTGATGTAA-1	fc_larvae
fc_GGCACGTGTGCCCTTT-1	fc_larvae
fc_GGCAGTCAGAGCACTG-1	fc_larvae
fc_GGCAGTCAGCGTGAGT-1	fc_larvae
fc_GGCAGTCAGCTTCATG-1	fc_larvae
fc_GGCAGTCCAGGGATAC-1	fc_larvae
fc_GGCAGTCGTAACGATA-1	fc_larvae
fc_GGCAGTCGTCATATGC-1	fc_larvae
fc_GGCAGTCGTCGGCTAC-1	fc_larvae
fc_GGCAGTCTCCTTCTGG-1	fc_larvae
fc_GGCAGTCTCGCCAGTG-1	fc_larvae
fc_GGCGTCAAGAGTTGCG-1	fc_larvae
fc_GGCGTCAAGCGTGCCT-1	fc_larvae
fc_GGCGTCACAGACCCGT-1	fc_larvae
fc_GGCGTCACATTAAGCC-1	fc_larvae
fc_GGCGTCAGTGACCTGC-1	fc_larvae
fc_GGCGTCAGTTAGGGTG-1	fc_larvae
fc_GGCGTCAGTTCATCTT-1	fc_larvae
fc_GGCGTCATCACTGAAC-1	fc_larvae
fc_GGCGTCATCCCTTCCC-1	fc_larvae
fc_GGCTGTGAGGGTACGT-1	fc_larvae
fc_GGCTGTGAGTTCTCTT-1	fc_larvae
fc_GGCTGTGTCCTCACTG-1	fc_larvae
fc_GGCTTGGAGAATTCAG-1	fc_larvae
fc_GGCTTGGAGGCCTTGC-1	fc_larvae
fc_GGCTTGGAGTCACTCA-1	fc_larvae
fc_GGCTTGGAGTGGATTA-1	fc_larvae
fc_GGCTTGGCAGCTAACT-1	fc_larvae
fc_GGCTTGGCATGACTGT-1	fc_larvae
fc_GGCTTGGGTGGAGAAA-1	fc_larvae
fc_GGCTTGGGTTGGGCCT-1	fc_larvae
fc_GGCTTGGTCCGTCCTA-1	fc_larvae
fc_GGCTTGGTCTTAGCTT-1	fc_larvae
fc_GGCTTTCAGAGAACCC-1	fc_larvae
fc_GGCTTTCGTAATGCGG-1	fc_larvae
fc_GGCTTTCTCGCGTGCA-1	fc_larvae
fc_GGGAAGTAGGAAACGA-1	fc_larvae
fc_GGGAAGTGTCTCCCTA-1	fc_larvae
fc_GGGAAGTTCCCAAGTA-1	fc_larvae
fc_GGGAAGTTCTCTTCAA-1	fc_larvae
fc_GGGACAACAAAGTGTA-1	fc_larvae
fc_GGGACAACACCGGAAA-1	fc_larvae
fc_GGGACCTAGAGAGCGG-1	fc_larvae
fc_GGGACCTAGTGAGTTA-1	fc_larvae
fc_GGGACCTAGTGGACTG-1	fc_larvae
fc_GGGACCTCACAAGCTT-1	fc_larvae
fc_GGGACCTGTCGTATTG-1	fc_larvae
fc_GGGACCTGTCGTCATA-1	fc_larvae
fc_GGGACTCAGAGTAACT-1	fc_larvae
fc_GGGACTCCACCTGAAT-1	fc_larvae
fc_GGGAGATCAGAAATTG-1	fc_larvae
fc_GGGAGATTCCAAATGC-1	fc_larvae
fc_GGGAGTACAACCCGCA-1	fc_larvae
fc_GGGAGTACAGCAATTC-1	fc_larvae
fc_GGGAGTAGTCTTTCTA-1	fc_larvae
fc_GGGAGTAGTGTTAAAG-1	fc_larvae
fc_GGGAGTATCCTACGGG-1	fc_larvae
fc_GGGATCCCACTTCTCG-1	fc_larvae
fc_GGGATCCCATCGGATT-1	fc_larvae
fc_GGGATCCGTCGATTTG-1	fc_larvae
fc_GGGATCCTCAACTGAC-1	fc_larvae
fc_GGGATCCTCCAGCTCT-1	fc_larvae
fc_GGGATCCTCCCAGGAC-1	fc_larvae
fc_GGGATGAAGTAAGCAT-1	fc_larvae
fc_GGGATGAAGTCACTCA-1	fc_larvae
fc_GGGATGACAATAAGGT-1	fc_larvae
fc_GGGATGACAGAATGTA-1	fc_larvae
fc_GGGATGAGTGGTAACG-1	fc_larvae
fc_GGGATGATCGGAACTT-1	fc_larvae
fc_GGGATGATCGTTCTGC-1	fc_larvae
fc_GGGCCATAGGTTATAG-1	fc_larvae
fc_GGGCCATCAAATACAG-1	fc_larvae
fc_GGGCCATTCTGTGCTC-1	fc_larvae
fc_GGGCGTTAGCGAATGC-1	fc_larvae
fc_GGGCGTTTCACCCTGT-1	fc_larvae
fc_GGGCGTTTCGTTTACT-1	fc_larvae
fc_GGGCGTTTCTGAATGC-1	fc_larvae
fc_GGGCTACAGGCATGCA-1	fc_larvae
fc_GGGCTACAGTATTGCC-1	fc_larvae
fc_GGGCTACCAAAGGGTC-1	fc_larvae
fc_GGGCTACCACAACATC-1	fc_larvae
fc_GGGCTACCAGTAGAGC-1	fc_larvae
fc_GGGCTACCAGTTGTCA-1	fc_larvae
fc_GGGCTACGTAGGAGTC-1	fc_larvae
fc_GGGCTACGTATAATGG-1	fc_larvae
fc_GGGCTACGTCACGCTG-1	fc_larvae
fc_GGGCTACGTGAGTTTC-1	fc_larvae
fc_GGGCTACTCGCAGTTA-1	fc_larvae
fc_GGGCTCAAGACAGTCG-1	fc_larvae
fc_GGGCTCAAGGTCCCTG-1	fc_larvae
fc_GGGCTCACACATATGC-1	fc_larvae
fc_GGGCTCACACTCTAGA-1	fc_larvae
fc_GGGCTCAGTACCTATG-1	fc_larvae
fc_GGGCTCAGTAGCGTTT-1	fc_larvae
fc_GGGCTCAGTGACAACG-1	fc_larvae
fc_GGGCTCAGTGGCTACC-1	fc_larvae
fc_GGGTAGAAGACCTGGA-1	fc_larvae
fc_GGGTAGAAGTTGGAGC-1	fc_larvae
fc_GGGTAGACAGTTACCA-1	fc_larvae
fc_GGGTAGAGTAAGTTAG-1	fc_larvae
fc_GGGTAGAGTACAATAG-1	fc_larvae
fc_GGGTAGATCCAGGACC-1	fc_larvae
fc_GGGTATTAGTCGTCTA-1	fc_larvae
fc_GGGTATTCAAGTCATC-1	fc_larvae
fc_GGGTATTCAATAGGGC-1	fc_larvae
fc_GGGTATTGTGTACATC-1	fc_larvae
fc_GGGTCACAGTAGTCAA-1	fc_larvae
fc_GGGTCACCAAGCGCTC-1	fc_larvae
fc_GGGTCACCAGGCACAA-1	fc_larvae
fc_GGGTCACTCAAGTGTC-1	fc_larvae
fc_GGGTCACTCACACCGG-1	fc_larvae
fc_GGGTCACTCATTGCGA-1	fc_larvae
fc_GGGTCACTCCACAGGC-1	fc_larvae
fc_GGGTCTGAGAGTCAAT-1	fc_larvae
fc_GGGTCTGCAAAGCACG-1	fc_larvae
fc_GGGTCTGCAGACTCTA-1	fc_larvae
fc_GGGTCTGCAGTTCACA-1	fc_larvae
fc_GGGTGAACATCCGAGC-1	fc_larvae
fc_GGGTGAAGTGGGAGAG-1	fc_larvae
fc_GGGTGTCAGTCGAATA-1	fc_larvae
fc_GGGTGTCCAAGGTTGG-1	fc_larvae
fc_GGGTGTCCACGGCTAC-1	fc_larvae
fc_GGGTGTCCAGGACGAT-1	fc_larvae
fc_GGGTGTCCAGTCAGCC-1	fc_larvae
fc_GGGTGTCTCAAATGCC-1	fc_larvae
fc_GGGTGTCTCGAAGCAG-1	fc_larvae
fc_GGGTTATAGCGTTACT-1	fc_larvae
fc_GGGTTATGTCCCACGA-1	fc_larvae
fc_GGGTTATGTGCTAGCC-1	fc_larvae
fc_GGGTTATGTGTCTCCT-1	fc_larvae
fc_GGGTTATTCCTGTAAG-1	fc_larvae
fc_GGGTTATTCGCTGACG-1	fc_larvae
fc_GGGTTTAAGGCTAAAT-1	fc_larvae
fc_GGGTTTAAGGTAAAGG-1	fc_larvae
fc_GGGTTTACAACACACT-1	fc_larvae
fc_GGGTTTACAAGTGGGT-1	fc_larvae
fc_GGGTTTACAGCAGGAT-1	fc_larvae
fc_GGGTTTACATTATGCG-1	fc_larvae
fc_GGGTTTAGTAGATGTA-1	fc_larvae
fc_GGGTTTAGTCCACTCT-1	fc_larvae
fc_GGGTTTATCTTGATTC-1	fc_larvae
fc_GGTAACTAGGCACCAA-1	fc_larvae
fc_GGTAACTAGGGCTGAT-1	fc_larvae
fc_GGTAACTCAACTCATG-1	fc_larvae
fc_GGTAACTCAGGTTCAT-1	fc_larvae
fc_GGTAACTCATGGAATA-1	fc_larvae
fc_GGTAACTGTGCCCGTA-1	fc_larvae
fc_GGTAACTTCACCTCGT-1	fc_larvae
fc_GGTAATCAGCCTGCCA-1	fc_larvae
fc_GGTAATCCAGACAAAT-1	fc_larvae
fc_GGTAATCTCGCGTCGA-1	fc_larvae
fc_GGTAGAGAGTCTTGGT-1	fc_larvae
fc_GGTAGAGCAGGGATAC-1	fc_larvae
fc_GGTAGAGGTTCCAGGC-1	fc_larvae
fc_GGTAGAGTCGAGATGG-1	fc_larvae
fc_GGTAGAGTCGTCTCAC-1	fc_larvae
fc_GGTAGAGTCTTGTGCC-1	fc_larvae
fc_GGTCACGAGCACAAAT-1	fc_larvae
fc_GGTCACGGTCTACGTA-1	fc_larvae
fc_GGTCACGTCCATCGTC-1	fc_larvae
fc_GGTCTGGAGACGAGCT-1	fc_larvae
fc_GGTCTGGAGACTAGAT-1	fc_larvae
fc_GGTCTGGAGAGGACTC-1	fc_larvae
fc_GGTCTGGAGGCCATAG-1	fc_larvae
fc_GGTCTGGCAGGCTACC-1	fc_larvae
fc_GGTCTGGGTACTAAGA-1	fc_larvae
fc_GGTGAAGCACTGGATT-1	fc_larvae
fc_GGTGAAGTCAACCGAT-1	fc_larvae
fc_GGTGAAGTCAAGCCCG-1	fc_larvae
fc_GGTGATTAGCTTGTTG-1	fc_larvae
fc_GGTGATTTCGCCGAGT-1	fc_larvae
fc_GGTGATTTCTTGTGCC-1	fc_larvae
fc_GGTGGCTAGGCCCACT-1	fc_larvae
fc_GGTGGCTCAAGTATAG-1	fc_larvae
fc_GGTGGCTTCCGCATAA-1	fc_larvae
fc_GGTGTCGAGGCCTGCT-1	fc_larvae
fc_GGTGTCGAGGCGCTTC-1	fc_larvae
fc_GGTGTCGGTGAATTAG-1	fc_larvae
fc_GGTGTTAAGTTTGAGA-1	fc_larvae
fc_GGTGTTACAAAGGCTG-1	fc_larvae
fc_GGTGTTACAAGGCTTT-1	fc_larvae
fc_GGTGTTACAGGTTTAC-1	fc_larvae
fc_GGTGTTAGTTTGGGAG-1	fc_larvae
fc_GGTGTTATCCGGACTG-1	fc_larvae
fc_GGTTAACAGCCTAACT-1	fc_larvae
fc_GGTTAACCACTCCTGT-1	fc_larvae
fc_GGTTAACGTGTCTTAG-1	fc_larvae
fc_GGTTAACGTTTATGCG-1	fc_larvae
fc_GGTTAACTCGCCGATG-1	fc_larvae
fc_GGTTAACTCGTCGATA-1	fc_larvae
fc_GGTTCTCCACCAGTAT-1	fc_larvae
fc_GGTTCTCCACGTGTGC-1	fc_larvae
fc_GGTTCTCGTATAATGG-1	fc_larvae
fc_GGTTCTCGTCAGGTGA-1	fc_larvae
fc_GGTTCTCTCTCCATAT-1	fc_larvae
fc_GGTTGTAAGCAGTCTT-1	fc_larvae
fc_GGTTGTAAGTCTGCAT-1	fc_larvae
fc_GGTTGTAAGTTCTACG-1	fc_larvae
fc_GGTTGTACAAGCGATG-1	fc_larvae
fc_GGTTGTACAGGTCTCG-1	fc_larvae
fc_GGTTGTACATTAAGCC-1	fc_larvae
fc_GGTTGTAGTTTCCATT-1	fc_larvae
fc_GGTTGTATCATAGGCT-1	fc_larvae
fc_GTAACACAGCATCAAA-1	fc_larvae
fc_GTAACACCAAATGAAC-1	fc_larvae
fc_GTAACACTCTCATGCC-1	fc_larvae
fc_GTAACCAAGGCTGAAC-1	fc_larvae
fc_GTAACCACATAATCGC-1	fc_larvae
fc_GTAACCAGTTCAAGTC-1	fc_larvae
fc_GTAACCATCGTCGACG-1	fc_larvae
fc_GTAAGTCAGGTCACCC-1	fc_larvae
fc_GTAAGTCCAAGGTTGG-1	fc_larvae
fc_GTAAGTCGTCACCGCA-1	fc_larvae
fc_GTAAGTCTCCCTTCCC-1	fc_larvae
fc_GTAAGTCTCGTAGAGG-1	fc_larvae
fc_GTAATCGAGCCATTTG-1	fc_larvae
fc_GTAATCGCAAATCCCA-1	fc_larvae
fc_GTAATCGCAAGTCCCG-1	fc_larvae
fc_GTAATCGCAGGTATGG-1	fc_larvae
fc_GTAATCGGTCACCTTC-1	fc_larvae
fc_GTAATCGGTTGGGAAC-1	fc_larvae
fc_GTAATCGTCGGAGTGA-1	fc_larvae
fc_GTAATGCCAGACAAGC-1	fc_larvae
fc_GTAATGCTCCCTGTTG-1	fc_larvae
fc_GTACAACAGAAGAGCA-1	fc_larvae
fc_GTACAACAGGGTTAAT-1	fc_larvae
fc_GTACAACCAAGAATAC-1	fc_larvae
fc_GTACAACCATCCGGTG-1	fc_larvae
fc_GTACAACGTGTTAAAG-1	fc_larvae
fc_GTACAACTCAGTCACA-1	fc_larvae
fc_GTACAACTCAGTGTGT-1	fc_larvae
fc_GTACAACTCGTTTACT-1	fc_larvae
fc_GTACAGTAGACGGTTG-1	fc_larvae
fc_GTACAGTCAGACGATG-1	fc_larvae
fc_GTACAGTCATACACCA-1	fc_larvae
fc_GTACAGTGTCCTGGTG-1	fc_larvae
fc_GTACAGTTCAAGCCGC-1	fc_larvae
fc_GTACAGTTCAGACCCG-1	fc_larvae
fc_GTACAGTTCCTTGACC-1	fc_larvae
fc_GTACAGTTCGCACGGT-1	fc_larvae
fc_GTACAGTTCTACGCAA-1	fc_larvae
fc_GTAGAAAAGACAGCGT-1	fc_larvae
fc_GTAGAAATCCACTTCG-1	fc_larvae
fc_GTAGAAATCTCGGTCT-1	fc_larvae
fc_GTAGAGGAGGCATCAG-1	fc_larvae
fc_GTAGAGGCACAGGATG-1	fc_larvae
fc_GTAGAGGTCACCATAG-1	fc_larvae
fc_GTAGAGGTCCACAGGC-1	fc_larvae
fc_GTAGAGGTCGGTGCAC-1	fc_larvae
fc_GTAGATCCAAAGGCTG-1	fc_larvae
fc_GTAGATCCAACCGACC-1	fc_larvae
fc_GTAGATCCATCTATCT-1	fc_larvae
fc_GTAGATCCATGTTCGA-1	fc_larvae
fc_GTAGATCGTTCAGTAC-1	fc_larvae
fc_GTAGATCGTTGCGAAG-1	fc_larvae
fc_GTAGATCTCCATTGCC-1	fc_larvae
fc_GTAGATCTCCTACGGG-1	fc_larvae
fc_GTAGATCTCGCTGTTC-1	fc_larvae
fc_GTAGATCTCTAACGCA-1	fc_larvae
fc_GTAGATCTCTCTGGTC-1	fc_larvae
fc_GTAGATCTCTGTGTGA-1	fc_larvae
fc_GTAGCTAAGACCAGAC-1	fc_larvae
fc_GTAGCTAAGCAAGGAA-1	fc_larvae
fc_GTAGCTAAGCGTCGAA-1	fc_larvae
fc_GTAGCTAAGTCGCTAT-1	fc_larvae
fc_GTAGCTACAACGACAG-1	fc_larvae
fc_GTAGCTAGTTATGGTC-1	fc_larvae
fc_GTAGCTATCTCTAGGA-1	fc_larvae
fc_GTAGGAGCAACAAAGT-1	fc_larvae
fc_GTAGGAGCATAGACTC-1	fc_larvae
fc_GTAGGAGGTACCCACG-1	fc_larvae
fc_GTAGGAGGTGTACATC-1	fc_larvae
fc_GTAGGAGGTTTCTATC-1	fc_larvae
fc_GTAGGAGTCAAGCTTG-1	fc_larvae
fc_GTAGGAGTCCGTACGG-1	fc_larvae
fc_GTAGGAGTCCTTCTAA-1	fc_larvae
fc_GTAGGAGTCGGTAAGG-1	fc_larvae
fc_GTAGGTTAGCCATATC-1	fc_larvae
fc_GTAGGTTAGTAAGGGA-1	fc_larvae
fc_GTAGGTTCACTCACTC-1	fc_larvae
fc_GTAGGTTGTACTCCCT-1	fc_larvae
fc_GTAGGTTTCTCTCCGA-1	fc_larvae
fc_GTAGTACAGAATTGTG-1	fc_larvae
fc_GTAGTACAGAGGTGCT-1	fc_larvae
fc_GTAGTACCAAGGCCTC-1	fc_larvae
fc_GTAGTACCAATTGTGC-1	fc_larvae
fc_GTAGTACGTGGCAACA-1	fc_larvae
fc_GTAGTACTCCGGGACT-1	fc_larvae
fc_GTAGTACTCTACTCAT-1	fc_larvae
fc_GTATTGGCATGATAGA-1	fc_larvae
fc_GTATTGGGTAAGTCAA-1	fc_larvae
fc_GTATTGGGTCACCGCA-1	fc_larvae
fc_GTATTGGGTTACCTGA-1	fc_larvae
fc_GTATTGGTCAGAGTGG-1	fc_larvae
fc_GTATTGGTCGCTGACG-1	fc_larvae
fc_GTATTTCGTATCGCTA-1	fc_larvae
fc_GTATTTCGTGTGTGGA-1	fc_larvae
fc_GTATTTCTCCTAGCTC-1	fc_larvae
fc_GTATTTCTCTTGGAAC-1	fc_larvae
fc_GTCAAACAGCAAATGT-1	fc_larvae
fc_GTCAAACAGCGACTAG-1	fc_larvae
fc_GTCAAACCAAATACAG-1	fc_larvae
fc_GTCAAACCAAGAGTAT-1	fc_larvae
fc_GTCAAACCATACAGAA-1	fc_larvae
fc_GTCAAACGTAGCTCGC-1	fc_larvae
fc_GTCAAACGTTAGGCCC-1	fc_larvae
fc_GTCAAACTCGCAATGT-1	fc_larvae
fc_GTCAAACTCTATCCAT-1	fc_larvae
fc_GTCAAACTCTCGAACA-1	fc_larvae
fc_GTCAAGTAGACGCATG-1	fc_larvae
fc_GTCAAGTCACAGCTTA-1	fc_larvae
fc_GTCAAGTGTGAATTAG-1	fc_larvae
fc_GTCACGGAGAAACTAC-1	fc_larvae
fc_GTCACGGCAAACTCGT-1	fc_larvae
fc_GTCACGGCACCGCTAG-1	fc_larvae
fc_GTCACGGCACGCTGAC-1	fc_larvae
fc_GTCACGGGTCATATGC-1	fc_larvae
fc_GTCACGGTCCTCACCA-1	fc_larvae
fc_GTCACGGTCGCTTTAT-1	fc_larvae
fc_GTCACTCAGCTGACAG-1	fc_larvae
fc_GTCACTCAGGACTGGT-1	fc_larvae
fc_GTCACTCCACTGTTCC-1	fc_larvae
fc_GTCACTCCAGGCCTGT-1	fc_larvae
fc_GTCACTCGTACCTTCC-1	fc_larvae
fc_GTCACTCGTCGCACAC-1	fc_larvae
fc_GTCACTCTCACCCATC-1	fc_larvae
fc_GTCACTCTCAGATGCT-1	fc_larvae
fc_GTCACTCTCGAAGCAG-1	fc_larvae
fc_GTCAGCGAGAGCCGTA-1	fc_larvae
fc_GTCAGCGCAGACCCGT-1	fc_larvae
fc_GTCAGCGCAGGCTATT-1	fc_larvae
fc_GTCAGCGGTCACGACC-1	fc_larvae
fc_GTCATCCAGTATGAGT-1	fc_larvae
fc_GTCATCCCAGAGTTGG-1	fc_larvae
fc_GTCATGACAATCGCGC-1	fc_larvae
fc_GTCATGACACAAGTTC-1	fc_larvae
fc_GTCATGAGTACCGGAA-1	fc_larvae
fc_GTCATGATCACTGTCC-1	fc_larvae
fc_GTCATTTAGCCGGATA-1	fc_larvae
fc_GTCATTTCAAGGCAAC-1	fc_larvae
fc_GTCATTTGTCATACCA-1	fc_larvae
fc_GTCATTTGTGTGTGTT-1	fc_larvae
fc_GTCATTTTCATGCCCT-1	fc_larvae
fc_GTCATTTTCTTCGGTC-1	fc_larvae
fc_GTCCACTAGGTGCGAT-1	fc_larvae
fc_GTCCACTCAAAGTATG-1	fc_larvae
fc_GTCCACTCAGAGTCAG-1	fc_larvae
fc_GTCCACTCATCTGCGG-1	fc_larvae
fc_GTCCACTGTAGCTGCC-1	fc_larvae
fc_GTCCACTGTCCTCCAT-1	fc_larvae
fc_GTCCACTGTGCCTTTC-1	fc_larvae
fc_GTCCCATAGCTAATCC-1	fc_larvae
fc_GTCCCATAGTGCAAAT-1	fc_larvae
fc_GTCCCATCAGAGCCCT-1	fc_larvae
fc_GTCCCATCATCATTTC-1	fc_larvae
fc_GTCCCATGTGGCATCC-1	fc_larvae
fc_GTCCCATGTGTCATCA-1	fc_larvae
fc_GTCCTCAAGTAAAGCT-1	fc_larvae
fc_GTCCTCAAGTAGACAT-1	fc_larvae
fc_GTCCTCATCAGTCCGG-1	fc_larvae
fc_GTCCTCATCATTTGGG-1	fc_larvae
fc_GTCGAATAGATTTGCC-1	fc_larvae
fc_GTCGAATCAAAGAGTT-1	fc_larvae
fc_GTCGAATGTATCGTTG-1	fc_larvae
fc_GTCGAATGTATTGGCT-1	fc_larvae
fc_GTCGAATGTCTACACA-1	fc_larvae
fc_GTCGAATGTTCGGTAT-1	fc_larvae
fc_GTCGAATTCGATGCTA-1	fc_larvae
fc_GTCGCGAAGTGGTGAC-1	fc_larvae
fc_GTCGCGAGTACTGCGC-1	fc_larvae
fc_GTCGTAAAGATTGGGC-1	fc_larvae
fc_GTCGTAAAGTTTGTCG-1	fc_larvae
fc_GTCGTAACACTACCCT-1	fc_larvae
fc_GTCGTTCCAACCGTGC-1	fc_larvae
fc_GTCGTTCGTCGTTGCG-1	fc_larvae
fc_GTCGTTCTCAGTCCGG-1	fc_larvae
fc_GTCTACCAGGGTGAGG-1	fc_larvae
fc_GTCTACCGTGTCTTGA-1	fc_larvae
fc_GTCTACCGTTGGGTAG-1	fc_larvae
fc_GTCTAGAAGCCTCTTC-1	fc_larvae
fc_GTCTAGAAGTTCCGGC-1	fc_larvae
fc_GTCTAGACAGGGTTGA-1	fc_larvae
fc_GTCTAGACATTAAAGG-1	fc_larvae
fc_GTCTAGATCACCGGGT-1	fc_larvae
fc_GTCTAGATCCGTGTGG-1	fc_larvae
fc_GTCTAGATCGTAGTCA-1	fc_larvae
fc_GTCTCACCAATGACCT-1	fc_larvae
fc_GTCTCACCACGCCACA-1	fc_larvae
fc_GTCTCACCACTATCGA-1	fc_larvae
fc_GTCTCACCATCCCACT-1	fc_larvae
fc_GTCTCACTCTCTGCTG-1	fc_larvae
fc_GTCTCACTCTTCTAAC-1	fc_larvae
fc_GTCTGTCAGGCATGGT-1	fc_larvae
fc_GTCTGTCCAAATCGTC-1	fc_larvae
fc_GTCTGTCCACGCCACA-1	fc_larvae
fc_GTCTGTCCAGAGTGTG-1	fc_larvae
fc_GTCTTTACACCCTTGT-1	fc_larvae
fc_GTCTTTAGTTACACAC-1	fc_larvae
fc_GTCTTTAGTTACTCAG-1	fc_larvae
fc_GTCTTTATCCATAAGC-1	fc_larvae
fc_GTGACGCCACCGGAAA-1	fc_larvae
fc_GTGACGCCATCGTGGC-1	fc_larvae
fc_GTGACGCTCAGAGCAG-1	fc_larvae
fc_GTGACGCTCATCACCC-1	fc_larvae
fc_GTGAGCCAGCACTCTA-1	fc_larvae
fc_GTGAGCCAGGTCATAA-1	fc_larvae
fc_GTGAGCCCAATGTCAC-1	fc_larvae
fc_GTGAGCCTCAATGCAC-1	fc_larvae
fc_GTGAGCCTCCGTTTCG-1	fc_larvae
fc_GTGAGGAAGAATAGTC-1	fc_larvae
fc_GTGAGGAAGTAGAATC-1	fc_larvae
fc_GTGAGGACAAATCCCA-1	fc_larvae
fc_GTGAGGACAACACAAA-1	fc_larvae
fc_GTGAGGAGTAGTCTGT-1	fc_larvae
fc_GTGAGGATCAACGTGT-1	fc_larvae
fc_GTGAGGATCAAGCCAT-1	fc_larvae
fc_GTGAGGATCCTTTGAT-1	fc_larvae
fc_GTGAGGATCGGAGTAG-1	fc_larvae
fc_GTGAGTTAGACGGAAA-1	fc_larvae
fc_GTGAGTTAGCAGGCAT-1	fc_larvae
fc_GTGAGTTAGGATCACG-1	fc_larvae
fc_GTGAGTTAGTAGGCCA-1	fc_larvae
fc_GTGAGTTCAATACGAA-1	fc_larvae
fc_GTGAGTTCAGGTGTTT-1	fc_larvae
fc_GTGAGTTGTTCACCGG-1	fc_larvae
fc_GTGAGTTTCCCTTGTG-1	fc_larvae
fc_GTGAGTTTCGATTTCT-1	fc_larvae
fc_GTGATGTGTAGGCAAC-1	fc_larvae
fc_GTGATGTTCAGGACAG-1	fc_larvae
fc_GTGCACGCATCTTAGG-1	fc_larvae
fc_GTGCACGTCACGAACT-1	fc_larvae
fc_GTGCACGTCTATCGGA-1	fc_larvae
fc_GTGCACGTCTCTAAGG-1	fc_larvae
fc_GTGCAGCAGAAACTCA-1	fc_larvae
fc_GTGCAGCCACGGTGAA-1	fc_larvae
fc_GTGCAGCGTATGAAGT-1	fc_larvae
fc_GTGCAGCTCATGGTAC-1	fc_larvae
fc_GTGCGTGAGTAGGGTC-1	fc_larvae
fc_GTGCGTGCAAGGATGC-1	fc_larvae
fc_GTGCGTGCATACACCA-1	fc_larvae
fc_GTGCTGGAGTCGAATA-1	fc_larvae
fc_GTGCTGGTCCAATCCC-1	fc_larvae
fc_GTGCTGGTCGCCAGTG-1	fc_larvae
fc_GTGCTTCGTGCGTGCT-1	fc_larvae
fc_GTGGAAGAGACTAAGT-1	fc_larvae
fc_GTGGAAGAGGCACAAC-1	fc_larvae
fc_GTGGAAGAGTAGGGTC-1	fc_larvae
fc_GTGGAAGCAGCTAACT-1	fc_larvae
fc_GTGGAAGCAGTCTACA-1	fc_larvae
fc_GTGGAAGGTACCATAC-1	fc_larvae
fc_GTGGAAGGTAGCCAGA-1	fc_larvae
fc_GTGGAAGGTCCGGACT-1	fc_larvae
fc_GTGGAAGGTGATGTAA-1	fc_larvae
fc_GTGGAAGGTTGCGTAT-1	fc_larvae
fc_GTGGAAGTCACTAGCA-1	fc_larvae
fc_GTGGAAGTCCATACTT-1	fc_larvae
fc_GTGGAAGTCGGAATGG-1	fc_larvae
fc_GTGGAGAAGTCGTTAC-1	fc_larvae
fc_GTGGAGAGTCAAAGCG-1	fc_larvae
fc_GTGGAGAGTCTCTCCA-1	fc_larvae
fc_GTGGAGATCTTGGGCG-1	fc_larvae
fc_GTGGCGTCAACAGCCC-1	fc_larvae
fc_GTGGCGTCACATATGC-1	fc_larvae
fc_GTGGCGTGTGCAGGAT-1	fc_larvae
fc_GTGGCGTTCAAGGACG-1	fc_larvae
fc_GTGGCGTTCGGCGATC-1	fc_larvae
fc_GTGGGAAAGCACTCAT-1	fc_larvae
fc_GTGGGAAAGTAGAATC-1	fc_larvae
fc_GTGGGAAAGTATGTAG-1	fc_larvae
fc_GTGGGAACAATTGAGA-1	fc_larvae
fc_GTGGGAACACATACTG-1	fc_larvae
fc_GTGGGAACAGTAGGAC-1	fc_larvae
fc_GTGGGAACAGTCAACT-1	fc_larvae
fc_GTGGGAAGTCCTGGTG-1	fc_larvae
fc_GTGGGAAGTTTGCAGT-1	fc_larvae
fc_GTGGGAATCCGTACGG-1	fc_larvae
fc_GTGGGAATCTAGGAAA-1	fc_larvae
fc_GTGGTTAAGCTGGCTC-1	fc_larvae
fc_GTGGTTACAATTCACG-1	fc_larvae
fc_GTGGTTAGTGTATACC-1	fc_larvae
fc_GTGGTTATCGTTGCCT-1	fc_larvae
fc_GTGTAACAGCACTCAT-1	fc_larvae
fc_GTGTAACTCATCGGGC-1	fc_larvae
fc_GTGTAACTCTGGAAGG-1	fc_larvae
fc_GTGTCCTCACGTACAT-1	fc_larvae
fc_GTGTCCTGTGGAAATT-1	fc_larvae
fc_GTGTCCTGTTCAAAGA-1	fc_larvae
fc_GTGTCCTGTTCCACGG-1	fc_larvae
fc_GTGTCCTTCTTACTGT-1	fc_larvae
fc_GTGTGATAGGTCCAGA-1	fc_larvae
fc_GTGTGATCAACCAGAG-1	fc_larvae
fc_GTGTGATTCAGCGTCG-1	fc_larvae
fc_GTGTGGCAGCAATAGT-1	fc_larvae
fc_GTGTGGCAGCTGGCCT-1	fc_larvae
fc_GTGTGGCGTATCTCGA-1	fc_larvae
fc_GTGTGGCGTTGTTGTG-1	fc_larvae
fc_GTGTGGCTCACCTGTC-1	fc_larvae
fc_GTGTGGCTCGTTCCCA-1	fc_larvae
fc_GTGTTAGAGGAATTAC-1	fc_larvae
fc_GTGTTAGAGGCATTTC-1	fc_larvae
fc_GTGTTAGAGTCTCTGA-1	fc_larvae
fc_GTGTTAGCAGCGGTTC-1	fc_larvae
fc_GTGTTAGGTGACACGA-1	fc_larvae
fc_GTGTTAGTCAAACGAA-1	fc_larvae
fc_GTGTTAGTCAAATGCC-1	fc_larvae
fc_GTGTTCCAGACAGCTG-1	fc_larvae
fc_GTGTTCCAGCGACTGA-1	fc_larvae
fc_GTGTTCCCACCTCTAC-1	fc_larvae
fc_GTGTTCCGTCGAAGCA-1	fc_larvae
fc_GTGTTCCGTTCCTAAG-1	fc_larvae
fc_GTGTTCCTCACCCTCA-1	fc_larvae
fc_GTGTTCCTCCAAACCA-1	fc_larvae
fc_GTGTTCCTCTCTGACC-1	fc_larvae
fc_GTTACAGCAACACACT-1	fc_larvae
fc_GTTACAGCACAGCATT-1	fc_larvae
fc_GTTACAGTCACTGGTA-1	fc_larvae
fc_GTTACCCAGATTCGAA-1	fc_larvae
fc_GTTACCCTCTAGATCG-1	fc_larvae
fc_GTTACCCTCTTGCGCT-1	fc_larvae
fc_GTTACGAAGGTATCTC-1	fc_larvae
fc_GTTACGACAAGTGCAG-1	fc_larvae
fc_GTTACGACAGATGCGA-1	fc_larvae
fc_GTTACGACAGTCTCTC-1	fc_larvae
fc_GTTACGATCACCCTCA-1	fc_larvae
fc_GTTAGACAGTGGAATT-1	fc_larvae
fc_GTTAGACCACGTTGGC-1	fc_larvae
fc_GTTAGACTCAGGAGAC-1	fc_larvae
fc_GTTAGTGAGAATAGTC-1	fc_larvae
fc_GTTAGTGAGCGGTATG-1	fc_larvae
fc_GTTAGTGAGGAGTCTG-1	fc_larvae
fc_GTTAGTGCACATGAAA-1	fc_larvae
fc_GTTAGTGCATAGGCGA-1	fc_larvae
fc_GTTATGGGTCACGCTG-1	fc_larvae
fc_GTTATGGGTTATGTCG-1	fc_larvae
fc_GTTATGGGTTTAGAGA-1	fc_larvae
fc_GTTATGGTCCGGTAAT-1	fc_larvae
fc_GTTATGGTCGTCGGGT-1	fc_larvae
fc_GTTCATTAGATGGGCT-1	fc_larvae
fc_GTTCATTAGTCAATCC-1	fc_larvae
fc_GTTCATTCAAATCCCA-1	fc_larvae
fc_GTTCATTCAGAGGCAT-1	fc_larvae
fc_GTTCATTGTGGTTTGT-1	fc_larvae
fc_GTTCATTGTTCTCGCT-1	fc_larvae
fc_GTTCATTTCGCACGAC-1	fc_larvae
fc_GTTCATTTCGTCTACC-1	fc_larvae
fc_GTTCCGTAGATTGATG-1	fc_larvae
fc_GTTCCGTAGCGCATCC-1	fc_larvae
fc_GTTCCGTAGCTTACGT-1	fc_larvae
fc_GTTCCGTAGGTAGGCT-1	fc_larvae
fc_GTTCCGTTCATGCCGG-1	fc_larvae
fc_GTTCCGTTCTGCCCTA-1	fc_larvae
fc_GTTCGCTAGCATACTC-1	fc_larvae
fc_GTTCGCTAGTGCAGGT-1	fc_larvae
fc_GTTCGCTCAAGTGATA-1	fc_larvae
fc_GTTCGCTGTGATTGGG-1	fc_larvae
fc_GTTCGCTTCGGAATTC-1	fc_larvae
fc_GTTCGCTTCTGGCTGG-1	fc_larvae
fc_GTTCTATAGAGATCGC-1	fc_larvae
fc_GTTCTATGTGACCGAA-1	fc_larvae
fc_GTTCTATTCGACGTCG-1	fc_larvae
fc_GTTCTATTCTCGTGAA-1	fc_larvae
fc_GTTGAACAGATCCCGC-1	fc_larvae
fc_GTTGAACAGCGCCATC-1	fc_larvae
fc_GTTGAACAGTGGTCAG-1	fc_larvae
fc_GTTGAACGTCTTCTAT-1	fc_larvae
fc_GTTGAACGTGAGGAAA-1	fc_larvae
fc_GTTGAACTCCGGACGT-1	fc_larvae
fc_GTTGCGGAGAAACTAC-1	fc_larvae
fc_GTTGCGGAGCCATTGT-1	fc_larvae
fc_GTTGCGGCACTTCATT-1	fc_larvae
fc_GTTGCGGGTCCCGCAA-1	fc_larvae
fc_GTTGCGGGTCCTCATC-1	fc_larvae
fc_GTTGCGGGTCGCTTGG-1	fc_larvae
fc_GTTGCGGTCCAAGCCG-1	fc_larvae
fc_GTTGCTCAGGACTGGT-1	fc_larvae
fc_GTTGCTCGTAGACTGG-1	fc_larvae
fc_GTTGCTCGTTGATCGT-1	fc_larvae
fc_GTTGCTCTCACCGCTT-1	fc_larvae
fc_GTTGCTCTCACTCTTA-1	fc_larvae
fc_GTTGCTCTCCTACCGT-1	fc_larvae
fc_GTTGCTCTCTATACGG-1	fc_larvae
fc_GTTGTAGCACCAGCGT-1	fc_larvae
fc_GTTGTAGCATATCTGG-1	fc_larvae
fc_GTTGTAGGTATCGTAC-1	fc_larvae
fc_GTTGTAGTCCACAAGT-1	fc_larvae
fc_GTTGTCCAGACAACAT-1	fc_larvae
fc_GTTGTCCAGATAACAC-1	fc_larvae
fc_GTTGTCCGTCAAACGG-1	fc_larvae
fc_GTTGTCCGTCACATTG-1	fc_larvae
fc_GTTGTCCTCAAGAAAC-1	fc_larvae
fc_GTTGTGACACAAATGA-1	fc_larvae
fc_GTTGTGACACAGGATG-1	fc_larvae
fc_GTTGTGAGTACCTGTA-1	fc_larvae
fc_GTTGTGAGTATGCAAA-1	fc_larvae
fc_GTTGTGAGTCAAACGG-1	fc_larvae
fc_GTTGTGAGTTGCCTAA-1	fc_larvae
fc_GTTTACTAGGTAGCAC-1	fc_larvae
fc_GTTTACTCATATAGCC-1	fc_larvae
fc_GTTTACTTCCGTGTGG-1	fc_larvae
fc_GTTTACTTCGACATAC-1	fc_larvae
fc_GTTTGGACACCGTGGT-1	fc_larvae
fc_GTTTGGACATAACTCG-1	fc_larvae
fc_GTTTGGAGTACGTAGG-1	fc_larvae
fc_GTTTGGATCACCTCAC-1	fc_larvae
fc_GTTTGGATCGTGGACC-1	fc_larvae
fc_TAACACGAGATCGACG-1	fc_larvae
fc_TAACACGCACTTGGGC-1	fc_larvae
fc_TAACACGGTCAAGCCC-1	fc_larvae
fc_TAACACGGTCGAGCAA-1	fc_larvae
fc_TAACACGGTGAGAGGG-1	fc_larvae
fc_TAACACGGTTCTTGTT-1	fc_larvae
fc_TAACACGTCGGTAAGG-1	fc_larvae
fc_TAACCAGAGATGATTG-1	fc_larvae
fc_TAACCAGAGCAGGTCA-1	fc_larvae
fc_TAACCAGCACATGACT-1	fc_larvae
fc_TAACCAGCAGCGTGAA-1	fc_larvae
fc_TAACCAGGTGACCGTC-1	fc_larvae
fc_TAACCAGGTGTAAACA-1	fc_larvae
fc_TAACGACAGAAGGTAG-1	fc_larvae
fc_TAACGACAGGCGAACT-1	fc_larvae
fc_TAACGACAGTGTTGAA-1	fc_larvae
fc_TAACGACGTGGACCAA-1	fc_larvae
fc_TAACGACGTTGAATCC-1	fc_larvae
fc_TAACGACTCACTCACC-1	fc_larvae
fc_TAACGACTCGTAGGAG-1	fc_larvae
fc_TAACGACTCGTCGATA-1	fc_larvae
fc_TAACGACTCGTGCATA-1	fc_larvae
fc_TAACTTCAGACCAAGC-1	fc_larvae
fc_TAACTTCAGTGCACAG-1	fc_larvae
fc_TAACTTCCACGTCTCT-1	fc_larvae
fc_TAACTTCTCTGGTGCG-1	fc_larvae
fc_TAAGCACAGCACTAAA-1	fc_larvae
fc_TAAGCACCACGTAGAG-1	fc_larvae
fc_TAAGCACGTCGGAACA-1	fc_larvae
fc_TAAGCCACAAAGGGCT-1	fc_larvae
fc_TAAGCCATCAGACCCG-1	fc_larvae
fc_TAAGCCATCTGCGGAC-1	fc_larvae
fc_TAAGCGTAGGTCGCCT-1	fc_larvae
fc_TAAGCGTCAGAGTGTG-1	fc_larvae
fc_TAAGCGTTCATTTCGT-1	fc_larvae
fc_TAAGCGTTCGCTCTCA-1	fc_larvae
fc_TAAGCGTTCTAGCCAA-1	fc_larvae
fc_TAAGTCGAGAGTAACT-1	fc_larvae
fc_TAAGTCGAGTGGAATT-1	fc_larvae
fc_TAAGTCGCATATTCGG-1	fc_larvae
fc_TAAGTCGGTGCTTCAA-1	fc_larvae
fc_TAAGTCGTCCTCCACA-1	fc_larvae
fc_TAATCTCCATTCTCCG-1	fc_larvae
fc_TAATCTCGTCGAGATG-1	fc_larvae
fc_TAATCTCGTTACACTG-1	fc_larvae
fc_TAATCTCTCACACGAT-1	fc_larvae
fc_TAATCTCTCCACAAGT-1	fc_larvae
fc_TAATCTCTCCCTATTA-1	fc_larvae
fc_TAATTCCAGACGTCCC-1	fc_larvae
fc_TAATTCCAGCGGATCA-1	fc_larvae
fc_TAATTCCAGCTGCCTG-1	fc_larvae
fc_TAATTCCCATAGATGA-1	fc_larvae
fc_TAATTCCGTATTCTCT-1	fc_larvae
fc_TAATTCCGTCTTACTT-1	fc_larvae
fc_TAATTCCTCGCCACTT-1	fc_larvae
fc_TACAACGAGGTATAGT-1	fc_larvae
fc_TACAACGAGGTCCGAA-1	fc_larvae
fc_TACAACGCAACGTAAA-1	fc_larvae
fc_TACAACGGTAGTGCGA-1	fc_larvae
fc_TACAACGGTCCTACAA-1	fc_larvae
fc_TACAACGGTGGTTCTA-1	fc_larvae
fc_TACAACGGTTCAAACC-1	fc_larvae
fc_TACACCCAGATTAGTG-1	fc_larvae
fc_TACACCCAGGAGGGTG-1	fc_larvae
fc_TACACCCCAAAGGGCT-1	fc_larvae
fc_TACACCCCAAGGTCAG-1	fc_larvae
fc_TACACCCCACGTGAGA-1	fc_larvae
fc_TACACCCCAGGCAATG-1	fc_larvae
fc_TACACCCCATCTAGAC-1	fc_larvae
fc_TACACCCGTAGACTGG-1	fc_larvae
fc_TACACCCGTCGATTTG-1	fc_larvae
fc_TACACCCGTGCTGATT-1	fc_larvae
fc_TACACCCGTTGCTTGA-1	fc_larvae
fc_TACACCCTCAATCCAG-1	fc_larvae
fc_TACAGGTAGAATCGCG-1	fc_larvae
fc_TACAGGTAGGGAGTTC-1	fc_larvae
fc_TACAGGTAGTTAACGA-1	fc_larvae
fc_TACAGGTCACCCAAGC-1	fc_larvae
fc_TACAGGTTCGATACAC-1	fc_larvae
fc_TACATTCAGCATCAAA-1	fc_larvae
fc_TACATTCAGGGAGTGG-1	fc_larvae
fc_TACATTCAGTTCGCAT-1	fc_larvae
fc_TACATTCCACGTGAGA-1	fc_larvae
fc_TACATTCGTTGCCTAA-1	fc_larvae
fc_TACATTCTCCTAGAGT-1	fc_larvae
fc_TACATTCTCGATGCTA-1	fc_larvae
fc_TACATTCTCGCATGAT-1	fc_larvae
fc_TACCCACAGAGATCGC-1	fc_larvae
fc_TACCCACAGTCGAATA-1	fc_larvae
fc_TACCCACCACCGGAAA-1	fc_larvae
fc_TACCCACTCAACCGAT-1	fc_larvae
fc_TACCCACTCGCGTGCA-1	fc_larvae
fc_TACCCACTCGTTTACT-1	fc_larvae
fc_TACCCGTAGGGATGTC-1	fc_larvae
fc_TACCCGTCACACCTAA-1	fc_larvae
fc_TACCCGTGTGAGCAGT-1	fc_larvae
fc_TACCCGTTCAGGCGAA-1	fc_larvae
fc_TACCGAAGTAGAGCTG-1	fc_larvae
fc_TACCGAAGTTTCCATT-1	fc_larvae
fc_TACCGAAGTTTCGCTC-1	fc_larvae
fc_TACCGAATCTGGCCTT-1	fc_larvae
fc_TACCGGGAGAAGCCAC-1	fc_larvae
fc_TACCGGGAGCGATCGA-1	fc_larvae
fc_TACCGGGAGTAAATGC-1	fc_larvae
fc_TACCGGGGTCGTATTG-1	fc_larvae
fc_TACCGGGTCAGGCGAA-1	fc_larvae
fc_TACCTCGCAGCGTTGC-1	fc_larvae
fc_TACCTCGCATGTTCAG-1	fc_larvae
fc_TACCTCGCATTATGCG-1	fc_larvae
fc_TACCTCGGTCTTCGAA-1	fc_larvae
fc_TACCTCGTCTAACGGT-1	fc_larvae
fc_TACCTCGTCTGCCCTA-1	fc_larvae
fc_TACCTGCCAAGCGCAA-1	fc_larvae
fc_TACCTGCCACTGGATT-1	fc_larvae
fc_TACCTGCGTGACCGTC-1	fc_larvae
fc_TACCTGCGTTAATGAG-1	fc_larvae
fc_TACCTGCGTTGTCCCT-1	fc_larvae
fc_TACCTGCTCTTCTCAA-1	fc_larvae
fc_TACGCTCAGAGAGGTA-1	fc_larvae
fc_TACGCTCCAGAAGTGC-1	fc_larvae
fc_TACGCTCTCATCACTT-1	fc_larvae
fc_TACGCTCTCGAGCACC-1	fc_larvae
fc_TACGGGCCAAATGGAT-1	fc_larvae
fc_TACGGGCCAGACCTAT-1	fc_larvae
fc_TACGGGCGTAACCCTA-1	fc_larvae
fc_TACGGGCGTAATGTGA-1	fc_larvae
fc_TACGGGCTCATCGTAG-1	fc_larvae
fc_TACGGGCTCCCAGGAC-1	fc_larvae
fc_TACGGGCTCTACCTTA-1	fc_larvae
fc_TACGGTACAAATGCGG-1	fc_larvae
fc_TACGGTACACTTGAAC-1	fc_larvae
fc_TACGGTACAGCAGTAG-1	fc_larvae
fc_TACGGTACATAGACTC-1	fc_larvae
fc_TACGGTACATCATGAC-1	fc_larvae
fc_TACGGTAGTCAAAGAT-1	fc_larvae
fc_TACGGTAGTCAGGTAG-1	fc_larvae
fc_TACGGTAGTCCCGGTA-1	fc_larvae
fc_TACGGTATCAGCACCG-1	fc_larvae
fc_TACGGTATCCACGTAA-1	fc_larvae
fc_TACGTCCAGAGGTTTA-1	fc_larvae
fc_TACGTCCAGGTCCTGC-1	fc_larvae
fc_TACGTCCGTAAGATTG-1	fc_larvae
fc_TACGTCCGTCCGGTCA-1	fc_larvae
fc_TACGTCCGTCTGTTAG-1	fc_larvae
fc_TACGTCCTCAGTCACA-1	fc_larvae
fc_TACTGCCAGGCATGCA-1	fc_larvae
fc_TACTGCCAGTATTAGG-1	fc_larvae
fc_TACTGCCCACAATTCG-1	fc_larvae
fc_TACTGCCGTCTTTATC-1	fc_larvae
fc_TACTGCCTCGTGTTCC-1	fc_larvae
fc_TACTGCCTCTGGTTGA-1	fc_larvae
fc_TACTTACAGTAGGATT-1	fc_larvae
fc_TACTTACCAAAGTATG-1	fc_larvae
fc_TACTTACCAACTGATC-1	fc_larvae
fc_TACTTACCAGCCGGTT-1	fc_larvae
fc_TACTTACCAGTCTACA-1	fc_larvae
fc_TACTTACCAGTCTCTC-1	fc_larvae
fc_TACTTACTCAGTGATC-1	fc_larvae
fc_TACTTCAAGGTTCCGC-1	fc_larvae
fc_TACTTCAAGTATGGCG-1	fc_larvae
fc_TACTTCACAAGTGGAC-1	fc_larvae
fc_TACTTCACAGGCCCTA-1	fc_larvae
fc_TACTTCAGTCAGGCAA-1	fc_larvae
fc_TACTTCATCTCGCTCA-1	fc_larvae
fc_TACTTCATCTCTAGGA-1	fc_larvae
fc_TACTTGTAGGCTTCCG-1	fc_larvae
fc_TACTTGTCATCGGAGA-1	fc_larvae
fc_TACTTGTCATGCAGCC-1	fc_larvae
fc_TACTTGTGTCTTCGAA-1	fc_larvae
fc_TACTTGTTCATCCTGC-1	fc_larvae
fc_TACTTGTTCGACGTCG-1	fc_larvae
fc_TAGACCACAGCTGGTC-1	fc_larvae
fc_TAGACCACAGGATCTT-1	fc_larvae
fc_TAGACCACATTATGCG-1	fc_larvae
fc_TAGACCAGTTATGGTC-1	fc_larvae
fc_TAGACTGAGCATACTC-1	fc_larvae
fc_TAGACTGGTGCAATGG-1	fc_larvae
fc_TAGACTGTCATTATCC-1	fc_larvae
fc_TAGAGTCAGGAGGTTC-1	fc_larvae
fc_TAGAGTCCACAGCTGC-1	fc_larvae
fc_TAGAGTCGTTCTTGCC-1	fc_larvae
fc_TAGAGTCTCCCTCATG-1	fc_larvae
fc_TAGATCGAGAGTGTTA-1	fc_larvae
fc_TAGATCGAGTTGTCAC-1	fc_larvae
fc_TAGATCGCAGTCGTTA-1	fc_larvae
fc_TAGATCGGTTGTCCCT-1	fc_larvae
fc_TAGCACAAGACCATAA-1	fc_larvae
fc_TAGCACAAGCCTGTGC-1	fc_larvae
fc_TAGCACACAAGTATAG-1	fc_larvae
fc_TAGCACACAGCTACAT-1	fc_larvae
fc_TAGCACAGTACACTCA-1	fc_larvae
fc_TAGCACAGTGCTATTG-1	fc_larvae
fc_TAGCACAGTTCTCTAT-1	fc_larvae
fc_TAGCACATCCTTCGAC-1	fc_larvae
fc_TAGGAGGAGGCTTCCG-1	fc_larvae
fc_TAGGAGGAGTCGGCAA-1	fc_larvae
fc_TAGGAGGAGTCTAGAA-1	fc_larvae
fc_TAGGAGGCATACCAGT-1	fc_larvae
fc_TAGGAGGCATCGCTGG-1	fc_larvae
fc_TAGGAGGGTTCTGAGT-1	fc_larvae
fc_TAGGAGGTCAGCTGAT-1	fc_larvae
fc_TAGGAGGTCCCATACC-1	fc_larvae
fc_TAGGAGGTCCGTAATG-1	fc_larvae
fc_TAGGGTTAGTCACAGG-1	fc_larvae
fc_TAGGGTTCATGGGCAA-1	fc_larvae
fc_TAGGGTTTCAATCCAG-1	fc_larvae
fc_TAGGGTTTCAGTGTTG-1	fc_larvae
fc_TAGGGTTTCCTCAGGG-1	fc_larvae
fc_TAGGTACAGACCATAA-1	fc_larvae
fc_TAGGTACAGCCTAGGA-1	fc_larvae
fc_TAGGTACAGTGATAAC-1	fc_larvae
fc_TAGGTACGTAGGCAAC-1	fc_larvae
fc_TAGGTACGTAGTTACC-1	fc_larvae
fc_TAGGTACTCATCACTT-1	fc_larvae
fc_TAGGTACTCCATTCGC-1	fc_larvae
fc_TAGGTTGAGACCAGAC-1	fc_larvae
fc_TAGGTTGCAGTATACC-1	fc_larvae
fc_TAGGTTGGTAACAAGT-1	fc_larvae
fc_TAGGTTGGTTAAACCC-1	fc_larvae
fc_TAGTGCAAGACCCGCT-1	fc_larvae
fc_TAGTGCACACTCTCGT-1	fc_larvae
fc_TAGTGCAGTACGATGG-1	fc_larvae
fc_TAGTGCAGTGCCGAAA-1	fc_larvae
fc_TAGTGCAGTGGCTTAT-1	fc_larvae
fc_TAGTGCAGTTAAAGTG-1	fc_larvae
fc_TAGTGCAGTTGGGAAC-1	fc_larvae
fc_TAGTGCATCTGTGCAA-1	fc_larvae
fc_TATACCTAGCTACGTT-1	fc_larvae
fc_TATACCTAGGTAGTCG-1	fc_larvae
fc_TATACCTCAACAGATA-1	fc_larvae
fc_TATACCTGTGCTTCAA-1	fc_larvae
fc_TATACCTGTTCATCTT-1	fc_larvae
fc_TATACCTTCGCCTTGT-1	fc_larvae
fc_TATACCTTCTCGTCGT-1	fc_larvae
fc_TATACCTTCTGCATGA-1	fc_larvae
fc_TATATCCCACAAGGTG-1	fc_larvae
fc_TATATCCCACACCGAC-1	fc_larvae
fc_TATATCCCATAGATCC-1	fc_larvae
fc_TATATCCGTCTCACGG-1	fc_larvae
fc_TATCAGGAGATGCTGG-1	fc_larvae
fc_TATCAGGAGTTACGAA-1	fc_larvae
fc_TATCAGGAGTTGCCCG-1	fc_larvae
fc_TATCAGGGTACATACC-1	fc_larvae
fc_TATCAGGTCTATCGCC-1	fc_larvae
fc_TATCAGGTCTGCTCTG-1	fc_larvae
fc_TATCAGGTCTTGGATG-1	fc_larvae
fc_TATCCTAAGTCTAGAA-1	fc_larvae
fc_TATCCTACACGTTCGG-1	fc_larvae
fc_TATCCTACAGTATTCG-1	fc_larvae
fc_TATCCTAGTACCTGTA-1	fc_larvae
fc_TATCGCCAGACGCCCT-1	fc_larvae
fc_TATCGCCCAAGAGATT-1	fc_larvae
fc_TATCGCCCACAGACGA-1	fc_larvae
fc_TATCGCCCATAATGAG-1	fc_larvae
fc_TATCGCCTCCCGAGGT-1	fc_larvae
fc_TATCGCCTCCCTATTA-1	fc_larvae
fc_TATCGCCTCCTATTGT-1	fc_larvae
fc_TATCTGTAGAAACCAT-1	fc_larvae
fc_TATCTGTAGTCCCAGC-1	fc_larvae
fc_TATCTGTCACGGTCTG-1	fc_larvae
fc_TATCTGTTCAGGTAAA-1	fc_larvae
fc_TATCTGTTCTCCGAAA-1	fc_larvae
fc_TATCTTGAGCGAGTAC-1	fc_larvae
fc_TATCTTGAGGTCGTCC-1	fc_larvae
fc_TATCTTGCAATACCTG-1	fc_larvae
fc_TATCTTGGTCCGGTGT-1	fc_larvae
fc_TATCTTGTCATGTCTT-1	fc_larvae
fc_TATCTTGTCTACTCAT-1	fc_larvae
fc_TATCTTGTCTGGAGAG-1	fc_larvae
fc_TATGTTCAGTTCCGTA-1	fc_larvae
fc_TATGTTCCAGACACAG-1	fc_larvae
fc_TATGTTCGTTGACTGT-1	fc_larvae
fc_TATGTTCTCAAACGAA-1	fc_larvae
fc_TATGTTCTCATCGGGC-1	fc_larvae
fc_TATGTTCTCCACATAG-1	fc_larvae
fc_TATGTTCTCGACTCCT-1	fc_larvae
fc_TATTCCAAGGAGTACC-1	fc_larvae
fc_TATTCCAAGTATAGGT-1	fc_larvae
fc_TATTCCACAGCACAAG-1	fc_larvae
fc_TATTCCAGTTTCGCTC-1	fc_larvae
fc_TATTCCATCAAGAGTA-1	fc_larvae
fc_TATTCCATCACCTCGT-1	fc_larvae
fc_TATTGCTAGAGCCATG-1	fc_larvae
fc_TATTGCTAGTTACGGG-1	fc_larvae
fc_TATTGCTCACCCGTAG-1	fc_larvae
fc_TATTGCTCATTAGGAA-1	fc_larvae
fc_TATTGCTGTAGGGAGG-1	fc_larvae
fc_TATTGCTGTTCGTAAC-1	fc_larvae
fc_TATTGCTTCGCTAATG-1	fc_larvae
fc_TATTGCTTCGTGCACG-1	fc_larvae
fc_TATTGGGAGAGCAGCT-1	fc_larvae
fc_TATTGGGTCTACTCAT-1	fc_larvae
fc_TATTTCGAGACCAGCA-1	fc_larvae
fc_TATTTCGAGCAACAGC-1	fc_larvae
fc_TATTTCGAGCCTGAAG-1	fc_larvae
fc_TATTTCGCACTACCCT-1	fc_larvae
fc_TATTTCGGTAGGAGTC-1	fc_larvae
fc_TATTTCGTCAACTGAC-1	fc_larvae
fc_TATTTCGTCCACCTCA-1	fc_larvae
fc_TCAAGACAGACCAACG-1	fc_larvae
fc_TCAAGACAGACCAGAC-1	fc_larvae
fc_TCAAGACAGCGCCATC-1	fc_larvae
fc_TCAAGACGTCGCATGC-1	fc_larvae
fc_TCAAGACGTGCCCAGT-1	fc_larvae
fc_TCAAGACGTGTCCATA-1	fc_larvae
fc_TCAAGACTCAACGAGG-1	fc_larvae
fc_TCAAGCAAGGAACTAT-1	fc_larvae
fc_TCAAGCACAGACCGCT-1	fc_larvae
fc_TCAAGCACAGCATCTA-1	fc_larvae
fc_TCAAGCACAGGCAATG-1	fc_larvae
fc_TCAAGCACATGTGCTA-1	fc_larvae
fc_TCAAGCAGTGAATAAC-1	fc_larvae
fc_TCAAGCATCGACGTCG-1	fc_larvae
fc_TCAAGTGAGAAGCGAA-1	fc_larvae
fc_TCAAGTGAGCAGGCTA-1	fc_larvae
fc_TCAAGTGAGCCTCAGC-1	fc_larvae
fc_TCAAGTGCATCGGCCA-1	fc_larvae
fc_TCAAGTGCATGCTGCG-1	fc_larvae
fc_TCAAGTGCATTGTCGA-1	fc_larvae
fc_TCAAGTGTCTTGCAGA-1	fc_larvae
fc_TCAATCTAGAATAGTC-1	fc_larvae
fc_TCAATCTCACAGCATT-1	fc_larvae
fc_TCAATCTTCGACGACC-1	fc_larvae
fc_TCAATTCAGCTGACTT-1	fc_larvae
fc_TCAATTCAGGTTCACT-1	fc_larvae
fc_TCAATTCCAAGTTGGG-1	fc_larvae
fc_TCAATTCCAGAGGCTA-1	fc_larvae
fc_TCAATTCCATCATCTT-1	fc_larvae
fc_TCAATTCGTCAGACGA-1	fc_larvae
fc_TCAATTCGTCCAGAAG-1	fc_larvae
fc_TCAATTCGTGCATTAC-1	fc_larvae
fc_TCAATTCGTTGTACGT-1	fc_larvae
fc_TCAATTCTCGTTCATT-1	fc_larvae
fc_TCACAAGAGTCTACCA-1	fc_larvae
fc_TCACAAGCAGAGGTAC-1	fc_larvae
fc_TCACAAGGTTTACACG-1	fc_larvae
fc_TCACACCAGTAGGTTA-1	fc_larvae
fc_TCACACCAGTGCGCTC-1	fc_larvae
fc_TCACACCCAAGTACCT-1	fc_larvae
fc_TCACACCCACCTCTAC-1	fc_larvae
fc_TCACACCCAGTTAGAA-1	fc_larvae
fc_TCACACCGTTGTACGT-1	fc_larvae
fc_TCACACCGTTTACACG-1	fc_larvae
fc_TCACACCTCGATGCAT-1	fc_larvae
fc_TCACACCTCGTCCTTG-1	fc_larvae
fc_TCACATTAGACCAGCA-1	fc_larvae
fc_TCACATTAGATTGTGA-1	fc_larvae
fc_TCACATTCAAGTATCC-1	fc_larvae
fc_TCACATTTCAAGCCTA-1	fc_larvae
fc_TCACATTTCAGGACGA-1	fc_larvae
fc_TCACATTTCGCTATTT-1	fc_larvae
fc_TCACGCTAGATTTGCC-1	fc_larvae
fc_TCACGCTCACTAGAGG-1	fc_larvae
fc_TCACGGGAGCGAACTG-1	fc_larvae
fc_TCACGGGGTGCCTGAC-1	fc_larvae
fc_TCACTATGTTCATCGA-1	fc_larvae
fc_TCACTATGTTCTAAGC-1	fc_larvae
fc_TCACTCGAGACGACTG-1	fc_larvae
fc_TCACTCGAGTTTAGGA-1	fc_larvae
fc_TCACTCGCAAAGGCTG-1	fc_larvae
fc_TCACTCGCAATAGGGC-1	fc_larvae
fc_TCACTCGCAGCACAAG-1	fc_larvae
fc_TCACTCGTCCGTCCTA-1	fc_larvae
fc_TCACTCGTCGTACCTC-1	fc_larvae
fc_TCAGCAAAGGATTCAA-1	fc_larvae
fc_TCAGCAAAGGTTATAG-1	fc_larvae
fc_TCAGCAAAGTCTGGAG-1	fc_larvae
fc_TCAGCAACACCAGTAT-1	fc_larvae
fc_TCAGCAAGTATACCCA-1	fc_larvae
fc_TCAGCCTAGAGAGGGC-1	fc_larvae
fc_TCAGCCTCAAGCACCC-1	fc_larvae
fc_TCAGCCTCATAGATGA-1	fc_larvae
fc_TCAGCCTTCAGACCTA-1	fc_larvae
fc_TCAGCCTTCATCGGGC-1	fc_larvae
fc_TCAGCCTTCCGTGTGG-1	fc_larvae
fc_TCAGCCTTCTGAGAGG-1	fc_larvae
fc_TCAGGGCAGACGACGT-1	fc_larvae
fc_TCAGGGCCAACGCCCA-1	fc_larvae
fc_TCAGGGCCACATATCG-1	fc_larvae
fc_TCAGGGCCATAGGTAA-1	fc_larvae
fc_TCAGGGCCATGTTCAG-1	fc_larvae
fc_TCAGGGCTCGATGCTA-1	fc_larvae
fc_TCAGGGCTCGCTGCGA-1	fc_larvae
fc_TCAGGGCTCTACCCAC-1	fc_larvae
fc_TCAGGGCTCTGTTGGA-1	fc_larvae
fc_TCAGGTAAGGCGAACT-1	fc_larvae
fc_TCAGGTAAGTTGTCAC-1	fc_larvae
fc_TCAGGTACAACTCGAT-1	fc_larvae
fc_TCAGGTAGTACTGGGA-1	fc_larvae
fc_TCAGGTAGTCAAATCC-1	fc_larvae
fc_TCAGGTATCACTCACC-1	fc_larvae
fc_TCAGGTATCTTCCACG-1	fc_larvae
fc_TCAGTCCAGACATCCT-1	fc_larvae
fc_TCAGTCCAGCCGGAAT-1	fc_larvae
fc_TCAGTCCGTTTGCAGT-1	fc_larvae
fc_TCAGTCCTCATAGACC-1	fc_larvae
fc_TCAGTCCTCTCTCGCA-1	fc_larvae
fc_TCAGTGAGTAGATTAG-1	fc_larvae
fc_TCAGTGAGTGATTGGG-1	fc_larvae
fc_TCAGTGAGTGTCCACG-1	fc_larvae
fc_TCAGTGATCCCTCTTT-1	fc_larvae
fc_TCAGTTTAGAACTGAT-1	fc_larvae
fc_TCAGTTTAGCGCAATG-1	fc_larvae
fc_TCAGTTTAGGACGGAG-1	fc_larvae
fc_TCAGTTTCACTCCTTG-1	fc_larvae
fc_TCAGTTTGTCGCGGTT-1	fc_larvae
fc_TCAGTTTTCCTCTTTC-1	fc_larvae
fc_TCAGTTTTCGTGCTCT-1	fc_larvae
fc_TCATACTCAAGGAGTC-1	fc_larvae
fc_TCATACTGTCTAGGCC-1	fc_larvae
fc_TCATACTGTGCACGCT-1	fc_larvae
fc_TCATACTGTTTCCAAG-1	fc_larvae
fc_TCATACTTCCACTTTA-1	fc_larvae
fc_TCATACTTCCGGACGT-1	fc_larvae
fc_TCATATCAGGGTAGCT-1	fc_larvae
fc_TCATATCAGGTAGACC-1	fc_larvae
fc_TCATATCAGTGATAAC-1	fc_larvae
fc_TCATATCAGTTACGAA-1	fc_larvae
fc_TCATATCCAAAGCGTG-1	fc_larvae
fc_TCATATCCAAATGGTA-1	fc_larvae
fc_TCATATCTCCAAGGGA-1	fc_larvae
fc_TCATATCTCTGAGAGG-1	fc_larvae
fc_TCATCATAGCCACTCG-1	fc_larvae
fc_TCATCATGTTATAGAG-1	fc_larvae
fc_TCATCATTCAAACTGC-1	fc_larvae
fc_TCATCATTCAACCTCC-1	fc_larvae
fc_TCATCATTCACGTCCT-1	fc_larvae
fc_TCATCATTCGAGATAA-1	fc_larvae
fc_TCATCATTCGTAACAC-1	fc_larvae
fc_TCATCATTCGTCACCT-1	fc_larvae
fc_TCATCCGGTGCTATTG-1	fc_larvae
fc_TCATCCGTCCACCTCA-1	fc_larvae
fc_TCATGAGCACCTGTCT-1	fc_larvae
fc_TCATGAGCACTCAAGT-1	fc_larvae
fc_TCATGAGGTAGCCAGA-1	fc_larvae
fc_TCATGCCAGGAAAGGT-1	fc_larvae
fc_TCATGCCAGGTTGGAC-1	fc_larvae
fc_TCATGCCCAAAGCTAA-1	fc_larvae
fc_TCATGCCTCAGGACGA-1	fc_larvae
fc_TCATGCCTCGGTCGAC-1	fc_larvae
fc_TCATGGAGTCTACAGT-1	fc_larvae
fc_TCATGGAGTGCAGGAT-1	fc_larvae
fc_TCATGGATCAGTGTGT-1	fc_larvae
fc_TCATGGATCATTGTGG-1	fc_larvae
fc_TCATGTTAGGAAACGA-1	fc_larvae
fc_TCATGTTAGGGACTGT-1	fc_larvae
fc_TCATGTTAGTCCGTCG-1	fc_larvae
fc_TCATGTTCAACACAAA-1	fc_larvae
fc_TCATGTTGTTCTTGTT-1	fc_larvae
fc_TCATGTTTCGTGGCTG-1	fc_larvae
fc_TCATTACAGAGAATCT-1	fc_larvae
fc_TCATTACAGCCTCATA-1	fc_larvae
fc_TCATTACAGGAGAGGC-1	fc_larvae
fc_TCATTACAGTGCTACT-1	fc_larvae
fc_TCATTACCATCCAATG-1	fc_larvae
fc_TCATTACGTATGCTTG-1	fc_larvae
fc_TCATTACTCCACCCTA-1	fc_larvae
fc_TCATTCAAGAGAATCT-1	fc_larvae
fc_TCATTCAAGCCACCGT-1	fc_larvae
fc_TCATTCAAGTAAGACT-1	fc_larvae
fc_TCATTCATCCACGTCT-1	fc_larvae
fc_TCATTGTAGCAGCCCT-1	fc_larvae
fc_TCATTGTCAAGGTCTT-1	fc_larvae
fc_TCATTGTCACACCGAC-1	fc_larvae
fc_TCATTGTGTCAATCTG-1	fc_larvae
fc_TCATTTGAGACAACAT-1	fc_larvae
fc_TCATTTGAGCCTGAAG-1	fc_larvae
fc_TCATTTGAGGCCTTGC-1	fc_larvae
fc_TCATTTGCAAGAATAC-1	fc_larvae
fc_TCATTTGCAATGAACA-1	fc_larvae
fc_TCATTTGCACAAACGG-1	fc_larvae
fc_TCCACCAAGCCGTCGT-1	fc_larvae
fc_TCCACCAAGGTGAGAA-1	fc_larvae
fc_TCCACCAAGGTTGGAC-1	fc_larvae
fc_TCCACCACACCCAAGC-1	fc_larvae
fc_TCCACCACACCGTCTT-1	fc_larvae
fc_TCCACCACAGCTGTCG-1	fc_larvae
fc_TCCACCAGTCAATGGG-1	fc_larvae
fc_TCCACGTAGTACTGGG-1	fc_larvae
fc_TCCACGTCACATAGCT-1	fc_larvae
fc_TCCACGTCAGGATCTT-1	fc_larvae
fc_TCCACGTGTCACTTCC-1	fc_larvae
fc_TCCACGTGTTGGAGGT-1	fc_larvae
fc_TCCACGTGTTTCCAAG-1	fc_larvae
fc_TCCAGAACAAGACCGA-1	fc_larvae
fc_TCCAGAACATGGGTTT-1	fc_larvae
fc_TCCAGAATCTGGCCGA-1	fc_larvae
fc_TCCATCGAGAAACTAC-1	fc_larvae
fc_TCCATCGAGAATACAC-1	fc_larvae
fc_TCCATCGCAAAGGCTG-1	fc_larvae
fc_TCCATCGCACACCTGG-1	fc_larvae
fc_TCCATCGCACGTTGGC-1	fc_larvae
fc_TCCATCGCAGACCAAG-1	fc_larvae
fc_TCCATCGCAGGTGAGT-1	fc_larvae
fc_TCCATCGCATTACTCT-1	fc_larvae
fc_TCCATCGTCATGCCGG-1	fc_larvae
fc_TCCATCGTCCTTATAC-1	fc_larvae
fc_TCCATGCAGAACGTGC-1	fc_larvae
fc_TCCATGCAGACTCTTG-1	fc_larvae
fc_TCCATGCAGTTGCGCC-1	fc_larvae
fc_TCCATGCCATGAAGCG-1	fc_larvae
fc_TCCATGCGTATTCTCT-1	fc_larvae
fc_TCCATGCGTCAACCTA-1	fc_larvae
fc_TCCATGCGTGCCTGCA-1	fc_larvae
fc_TCCATGCGTTAAGAAC-1	fc_larvae
fc_TCCCACAAGAGGATCC-1	fc_larvae
fc_TCCCACAAGCAGTACG-1	fc_larvae
fc_TCCCACACACACGTGC-1	fc_larvae
fc_TCCCACAGTCATAACC-1	fc_larvae
fc_TCCCACATCCGCAAAT-1	fc_larvae
fc_TCCCAGTAGGCTCTCG-1	fc_larvae
fc_TCCCAGTGTCCACGCA-1	fc_larvae
fc_TCCCAGTGTCGCAACC-1	fc_larvae
fc_TCCCAGTTCAAGTAAG-1	fc_larvae
fc_TCCCAGTTCCAATGCA-1	fc_larvae
fc_TCCCAGTTCGTTCGCT-1	fc_larvae
fc_TCCCAGTTCTTCCAGC-1	fc_larvae
fc_TCCCATGCAGCTGGTC-1	fc_larvae
fc_TCCCATGGTCTAGGCC-1	fc_larvae
fc_TCCCATGTCTACCAGA-1	fc_larvae
fc_TCCGAAACAACTTGCA-1	fc_larvae
fc_TCCGAAACACATACGT-1	fc_larvae
fc_TCCGAAACAGCGTTTA-1	fc_larvae
fc_TCCGAAAGTACCCACG-1	fc_larvae
fc_TCCGAAATCACGACTA-1	fc_larvae
fc_TCCGAAATCACTGTCC-1	fc_larvae
fc_TCCGAAATCCACTGAA-1	fc_larvae
fc_TCCGATCAGAAAGCGA-1	fc_larvae
fc_TCCGATCGTATGCTAC-1	fc_larvae
fc_TCCGATCGTCGATTAC-1	fc_larvae
fc_TCCGGGAAGCCGAATG-1	fc_larvae
fc_TCCGGGAAGGTAGGCT-1	fc_larvae
fc_TCCGGGAGTTCATCGA-1	fc_larvae
fc_TCCGGGAGTTCTCCTG-1	fc_larvae
fc_TCCGGGATCACCATAG-1	fc_larvae
fc_TCCGGGATCATGAAAG-1	fc_larvae
fc_TCCGGGATCGAGATGG-1	fc_larvae
fc_TCCGTGTCAGTTCCAA-1	fc_larvae
fc_TCCGTGTGTACTTGTG-1	fc_larvae
fc_TCCGTGTGTATACGGG-1	fc_larvae
fc_TCCTAATAGTGTAGAT-1	fc_larvae
fc_TCCTAATCACAATCTG-1	fc_larvae
fc_TCCTAATCACTCCGAG-1	fc_larvae
fc_TCCTAATGTACCGGAA-1	fc_larvae
fc_TCCTAATGTCACCTTC-1	fc_larvae
fc_TCCTAATGTCTGTGAT-1	fc_larvae
fc_TCCTAATGTTGTAAAG-1	fc_larvae
fc_TCCTAATTCGTAACAC-1	fc_larvae
fc_TCCTCCCAGACGTCCC-1	fc_larvae
fc_TCCTCGAAGATTGAGT-1	fc_larvae
fc_TCCTCGAAGCTTAAGA-1	fc_larvae
fc_TCCTCGAAGGTCGAGT-1	fc_larvae
fc_TCCTCGACAACGTATC-1	fc_larvae
fc_TCCTCGACAACTTCTT-1	fc_larvae
fc_TCCTCGACACAAACGG-1	fc_larvae
fc_TCCTCGACACCCTGAG-1	fc_larvae
fc_TCCTCGACATGACTGT-1	fc_larvae
fc_TCCTCGAGTACACTCA-1	fc_larvae
fc_TCCTCGATCAGCGGAA-1	fc_larvae
fc_TCCTCGATCGACCATA-1	fc_larvae
fc_TCCTCTTAGCTGGCCT-1	fc_larvae
fc_TCCTCTTAGTTTCGAC-1	fc_larvae
fc_TCCTCTTCAAGCGCTC-1	fc_larvae
fc_TCCTCTTCATCATCCC-1	fc_larvae
fc_TCCTCTTGTTCAGGTT-1	fc_larvae
fc_TCCTGCAAGGCGTTGA-1	fc_larvae
fc_TCCTGCAAGGTCATAA-1	fc_larvae
fc_TCCTGCAAGGTGAGAA-1	fc_larvae
fc_TCCTGCAAGGTGCTGA-1	fc_larvae
fc_TCCTGCATCAAATGCC-1	fc_larvae
fc_TCCTTCTAGCCTGTGC-1	fc_larvae
fc_TCCTTCTCAGCGTACC-1	fc_larvae
fc_TCCTTCTGTACAGAAT-1	fc_larvae
fc_TCCTTCTGTCCGGTCA-1	fc_larvae
fc_TCCTTCTGTCGCCTAG-1	fc_larvae
fc_TCCTTCTGTCTGTGAT-1	fc_larvae
fc_TCCTTTCCAGGGAATC-1	fc_larvae
fc_TCCTTTCCAGTAACGG-1	fc_larvae
fc_TCCTTTCGTGTGTCCG-1	fc_larvae
fc_TCCTTTCGTTTACGAC-1	fc_larvae
fc_TCCTTTCTCATGCAGT-1	fc_larvae
fc_TCCTTTCTCTATTGTC-1	fc_larvae
fc_TCGAACAAGGCCTGCT-1	fc_larvae
fc_TCGAACAAGGGTAATT-1	fc_larvae
fc_TCGAACAAGTATGTAG-1	fc_larvae
fc_TCGAACAGTAAGGAGA-1	fc_larvae
fc_TCGAACATCACTGATG-1	fc_larvae
fc_TCGAAGTCACAGTCGC-1	fc_larvae
fc_TCGAAGTGTGCTTATG-1	fc_larvae
fc_TCGAAGTTCCTCTCTT-1	fc_larvae
fc_TCGACCTAGATTTGCC-1	fc_larvae
fc_TCGACCTAGCGATGAC-1	fc_larvae
fc_TCGACCTAGTATCCTG-1	fc_larvae
fc_TCGACCTCATCCGGTG-1	fc_larvae
fc_TCGACCTCATCCTTGC-1	fc_larvae
fc_TCGACCTTCGCGAAGA-1	fc_larvae
fc_TCGACCTTCTCCTGTG-1	fc_larvae
fc_TCGACGGCACTAGAGG-1	fc_larvae
fc_TCGACGGCAGAGTCAG-1	fc_larvae
fc_TCGACGGCATTAAGCC-1	fc_larvae
fc_TCGACGGTCGCTGTCT-1	fc_larvae
fc_TCGACGGTCTACTGCC-1	fc_larvae
fc_TCGATTTAGCGTTACT-1	fc_larvae
fc_TCGATTTCACTTCTCG-1	fc_larvae
fc_TCGATTTCACTTGACA-1	fc_larvae
fc_TCGATTTGTCACAGTT-1	fc_larvae
fc_TCGATTTTCACCTCGT-1	fc_larvae
fc_TCGCACTCAATAGTCC-1	fc_larvae
fc_TCGCACTCATCTTAGG-1	fc_larvae
fc_TCGCACTGTAGTCGTT-1	fc_larvae
fc_TCGCACTTCACTTCTA-1	fc_larvae
fc_TCGCACTTCGATGCAT-1	fc_larvae
fc_TCGCAGGAGATCACCT-1	fc_larvae
fc_TCGCAGGCAAGTATCC-1	fc_larvae
fc_TCGCAGGCAGTCGGTC-1	fc_larvae
fc_TCGCAGGTCCAACCGG-1	fc_larvae
fc_TCGCAGGTCGATAACC-1	fc_larvae
fc_TCGCTCAAGGAATGTT-1	fc_larvae
fc_TCGCTCACACAGAGCA-1	fc_larvae
fc_TCGCTCATCGCTTGCT-1	fc_larvae
fc_TCGCTCATCGGAATGG-1	fc_larvae
fc_TCGCTTGAGACGCCCT-1	fc_larvae
fc_TCGCTTGAGACTACGG-1	fc_larvae
fc_TCGCTTGAGGATACGC-1	fc_larvae
fc_TCGCTTGCAACGTATC-1	fc_larvae
fc_TCGCTTGCAAGTGTCT-1	fc_larvae
fc_TCGCTTGCAGGTCAGA-1	fc_larvae
fc_TCGCTTGGTTCTCGCT-1	fc_larvae
fc_TCGCTTGTCATTTCCA-1	fc_larvae
fc_TCGCTTGTCTTCCCGA-1	fc_larvae
fc_TCGCTTGTCTTCGATT-1	fc_larvae
fc_TCGGATAAGGTTTGAA-1	fc_larvae
fc_TCGGATACAAACCATC-1	fc_larvae
fc_TCGGATACAACCACGC-1	fc_larvae
fc_TCGGATACATAACAGA-1	fc_larvae
fc_TCGGATAGTCACCACG-1	fc_larvae
fc_TCGGATAGTCATCGCG-1	fc_larvae
fc_TCGGATATCCATAGAC-1	fc_larvae
fc_TCGGATATCCGTGTCT-1	fc_larvae
fc_TCGGATATCGTTCGCT-1	fc_larvae
fc_TCGGGACAGACCAAAT-1	fc_larvae
fc_TCGGGACCATGCCGCA-1	fc_larvae
fc_TCGGGACGTGGATCAG-1	fc_larvae
fc_TCGGGACTCCATAGAC-1	fc_larvae
fc_TCGGGACTCCGAGATT-1	fc_larvae
fc_TCGGGACTCTTGGATG-1	fc_larvae
fc_TCGGGCAAGAATTGTG-1	fc_larvae
fc_TCGGGCACACACCTTC-1	fc_larvae
fc_TCGGGCACATTGGGAG-1	fc_larvae
fc_TCGGGCAGTACATACC-1	fc_larvae
fc_TCGGGCATCCGCCTAT-1	fc_larvae
fc_TCGGGTGAGTGATAAC-1	fc_larvae
fc_TCGGGTGCATGAAAGT-1	fc_larvae
fc_TCGGGTGCATGTGCCG-1	fc_larvae
fc_TCGGGTGTCCATCACC-1	fc_larvae
fc_TCGGGTGTCGTGGCTG-1	fc_larvae
fc_TCGGTCTAGCCGATAG-1	fc_larvae
fc_TCGGTCTAGGATTTAG-1	fc_larvae
fc_TCGGTCTCACACCGCA-1	fc_larvae
fc_TCGGTCTCAGACGATG-1	fc_larvae
fc_TCGGTCTCATCGGAGA-1	fc_larvae
fc_TCGGTCTGTTAGGACG-1	fc_larvae
fc_TCGTAGAAGGTCCTGC-1	fc_larvae
fc_TCGTAGAAGTTCTACG-1	fc_larvae
fc_TCGTAGACATAGGTAA-1	fc_larvae
fc_TCGTAGACATCATCTT-1	fc_larvae
fc_TCGTAGAGTTCGGTCG-1	fc_larvae
fc_TCGTAGAGTTCTCGTC-1	fc_larvae
fc_TCGTAGATCAAAGGTA-1	fc_larvae
fc_TCGTAGATCAGCAATC-1	fc_larvae
fc_TCGTAGATCAGGGTAG-1	fc_larvae
fc_TCGTCCAAGTGGCGAT-1	fc_larvae
fc_TCGTCCAGTATCGCAT-1	fc_larvae
fc_TCGTCCAGTCTAGGCC-1	fc_larvae
fc_TCGTCCAGTTTGGAAA-1	fc_larvae
fc_TCGTCCATCTAGCATG-1	fc_larvae
fc_TCGTGCTCATTCACAG-1	fc_larvae
fc_TCGTGCTTCATTTACC-1	fc_larvae
fc_TCGTGGGCAGGAATAT-1	fc_larvae
fc_TCGTGGGCATGACACT-1	fc_larvae
fc_TCGTGGGCATGCAGCC-1	fc_larvae
fc_TCGTGGGGTGAGACCA-1	fc_larvae
fc_TCTAACTAGTTAGTAG-1	fc_larvae
fc_TCTAACTTCGACGATT-1	fc_larvae
fc_TCTAACTTCTTTCCGG-1	fc_larvae
fc_TCTACATAGTCACGAG-1	fc_larvae
fc_TCTACATAGTTCATCG-1	fc_larvae
fc_TCTACATAGTTTAGGA-1	fc_larvae
fc_TCTACATCACCCTGAG-1	fc_larvae
fc_TCTACATCACGTACAT-1	fc_larvae
fc_TCTACATGTCCATCTC-1	fc_larvae
fc_TCTACATGTGGTCTGC-1	fc_larvae
fc_TCTACATTCACGATAC-1	fc_larvae
fc_TCTACCGCATCGTTCC-1	fc_larvae
fc_TCTACCGGTGGTCTAT-1	fc_larvae
fc_TCTACCGGTGTTCCAA-1	fc_larvae
fc_TCTACCGGTTACCCTC-1	fc_larvae
fc_TCTACCGGTTGATCGT-1	fc_larvae
fc_TCTACCGTCACCTTAT-1	fc_larvae
fc_TCTACCGTCTGCTGAA-1	fc_larvae
fc_TCTATACAGCTTAGTC-1	fc_larvae
fc_TCTATACCACGACGCT-1	fc_larvae
fc_TCTATACGTCGCACGT-1	fc_larvae
fc_TCTATCAAGCCTTGAT-1	fc_larvae
fc_TCTATCAAGTCATTGC-1	fc_larvae
fc_TCTATCACACCTCTAC-1	fc_larvae
fc_TCTATCACATACAGCT-1	fc_larvae
fc_TCTATCAGTACAATAG-1	fc_larvae
fc_TCTATCAGTCTAACGT-1	fc_larvae
fc_TCTATCATCCCGATCT-1	fc_larvae
fc_TCTATCATCGTAACTG-1	fc_larvae
fc_TCTATCATCTTTGCAT-1	fc_larvae
fc_TCTCACGAGAGATGCC-1	fc_larvae
fc_TCTCACGAGAGTGTGC-1	fc_larvae
fc_TCTCACGAGCGGGTAT-1	fc_larvae
fc_TCTCACGAGCTCATAC-1	fc_larvae
fc_TCTCACGAGTTGAAGT-1	fc_larvae
fc_TCTCACGCAGATCCAT-1	fc_larvae
fc_TCTCACGTCACGATAC-1	fc_larvae
fc_TCTCACGTCCCATTCG-1	fc_larvae
fc_TCTCAGCAGACGGTTG-1	fc_larvae
fc_TCTCAGCAGTGTGTTC-1	fc_larvae
fc_TCTCAGCCATTGTAGC-1	fc_larvae
fc_TCTCAGCTCAATCCGA-1	fc_larvae
fc_TCTCAGCTCTGCACCT-1	fc_larvae
fc_TCTCAGCTCTTTGCTA-1	fc_larvae
fc_TCTCCGAAGACACACG-1	fc_larvae
fc_TCTCCGACAACAGTGG-1	fc_larvae
fc_TCTCCGACACTACACA-1	fc_larvae
fc_TCTCCGACACTGTCCT-1	fc_larvae
fc_TCTCCGACAGAGTCAG-1	fc_larvae
fc_TCTCCGAGTACGGCAA-1	fc_larvae
fc_TCTCCGAGTCTACTGA-1	fc_larvae
fc_TCTCCGATCAAGCCAT-1	fc_larvae
fc_TCTCCGATCTCGGCTT-1	fc_larvae
fc_TCTCTGGCAAGAGATT-1	fc_larvae
fc_TCTCTGGCATCACAGT-1	fc_larvae
fc_TCTCTGGTCAAGAGTA-1	fc_larvae
fc_TCTCTGGTCGACCATA-1	fc_larvae
fc_TCTGCCAAGGACACTG-1	fc_larvae
fc_TCTGCCAAGTAGAGTT-1	fc_larvae
fc_TCTGCCACAGACAAAT-1	fc_larvae
fc_TCTGCCACATACCACA-1	fc_larvae
fc_TCTGCCACATTCATCT-1	fc_larvae
fc_TCTGCCATCCTTATCA-1	fc_larvae
fc_TCTGGCTAGAGGTCAC-1	fc_larvae
fc_TCTGGCTAGATCGGTG-1	fc_larvae
fc_TCTGGCTAGCTCCCTT-1	fc_larvae
fc_TCTGGCTTCTGCACCT-1	fc_larvae
fc_TCTGGCTTCTGGTGGC-1	fc_larvae
fc_TCTGTCGAGCAAGGAA-1	fc_larvae
fc_TCTGTCGAGCACACCC-1	fc_larvae
fc_TCTGTCGAGTTCCATG-1	fc_larvae
fc_TCTGTCGCACCAGTAT-1	fc_larvae
fc_TCTGTCGCATCTCGTC-1	fc_larvae
fc_TCTGTCGGTCAGGTAG-1	fc_larvae
fc_TCTGTCGGTCATCGCG-1	fc_larvae
fc_TCTGTCGTCCCTCGTA-1	fc_larvae
fc_TCTGTCGTCTACCAGA-1	fc_larvae
fc_TCTTAGTAGAGCATCG-1	fc_larvae
fc_TCTTAGTAGCACTTTG-1	fc_larvae
fc_TCTTAGTAGCGCATCC-1	fc_larvae
fc_TCTTAGTCAGACATCT-1	fc_larvae
fc_TCTTAGTCATGGGTTT-1	fc_larvae
fc_TCTTAGTTCATGTCAG-1	fc_larvae
fc_TCTTCCTCATTCACAG-1	fc_larvae
fc_TCTTCCTGTATTCCTT-1	fc_larvae
fc_TCTTCCTGTCGACTTA-1	fc_larvae
fc_TCTTCCTGTGATTCAC-1	fc_larvae
fc_TCTTCCTGTGCATTAC-1	fc_larvae
fc_TCTTCCTGTGCGTTTA-1	fc_larvae
fc_TCTTCCTGTTACGGAG-1	fc_larvae
fc_TCTTCCTGTTGAAGTA-1	fc_larvae
fc_TCTTGCGAGGCCGCTT-1	fc_larvae
fc_TCTTGCGCATGGCTAT-1	fc_larvae
fc_TCTTGCGCATGTCTAG-1	fc_larvae
fc_TCTTGCGTCCCAGTGG-1	fc_larvae
fc_TCTTGCGTCCGGCAGT-1	fc_larvae
fc_TCTTGCGTCTACGGGC-1	fc_larvae
fc_TCTTTGAAGATGGCAC-1	fc_larvae
fc_TCTTTGAAGTTGCGCC-1	fc_larvae
fc_TCTTTGACATAGTCAC-1	fc_larvae
fc_TCTTTGATCATAGCAC-1	fc_larvae
fc_TCTTTGATCGTTCGCT-1	fc_larvae
fc_TGAACGTCATGCACTA-1	fc_larvae
fc_TGAATCGAGCACTAAA-1	fc_larvae
fc_TGAATCGAGGTAACTA-1	fc_larvae
fc_TGAATCGCAATTGCTG-1	fc_larvae
fc_TGAATCGCACCACTGG-1	fc_larvae
fc_TGAATCGCACCTTCCA-1	fc_larvae
fc_TGAATCGCACGCTGTG-1	fc_larvae
fc_TGAATCGGTTCCGGTG-1	fc_larvae
fc_TGAATCGTCAAGAATG-1	fc_larvae
fc_TGAATCGTCATCTGTT-1	fc_larvae
fc_TGAATCGTCTATCGTT-1	fc_larvae
fc_TGAATGCAGAGTTGAT-1	fc_larvae
fc_TGAATGCCATAGTCAC-1	fc_larvae
fc_TGACAGTAGGAAACGA-1	fc_larvae
fc_TGACAGTAGGGATCGT-1	fc_larvae
fc_TGACAGTAGTAAGAGG-1	fc_larvae
fc_TGACAGTGTAGAGATT-1	fc_larvae
fc_TGACAGTGTTTGTGGT-1	fc_larvae
fc_TGACAGTTCAAGTCGT-1	fc_larvae
fc_TGACCCTCAACTGGTT-1	fc_larvae
fc_TGACCCTTCCCGATCT-1	fc_larvae
fc_TGACCCTTCGTCGCTT-1	fc_larvae
fc_TGACGCGAGCCGGATA-1	fc_larvae
fc_TGACGCGCACTACACA-1	fc_larvae
fc_TGACGCGCAGTCGGAA-1	fc_larvae
fc_TGACTCCAGACCCTTA-1	fc_larvae
fc_TGACTCCAGCACTCGC-1	fc_larvae
fc_TGACTCCAGCGTCAAG-1	fc_larvae
fc_TGACTCCAGCTTTCCC-1	fc_larvae
fc_TGACTCCAGGAATGTT-1	fc_larvae
fc_TGACTCCCACTGAGTT-1	fc_larvae
fc_TGACTCCGTCCGACGT-1	fc_larvae
fc_TGACTCCGTGGCTTAT-1	fc_larvae
fc_TGACTCCTCTTCTTCC-1	fc_larvae
fc_TGAGACTAGAAGCCAC-1	fc_larvae
fc_TGAGACTAGCGTTCCG-1	fc_larvae
fc_TGAGACTAGTATCTGC-1	fc_larvae
fc_TGAGACTCAAAGCGTG-1	fc_larvae
fc_TGAGACTCAAGAATGT-1	fc_larvae
fc_TGAGACTCATCGCTGG-1	fc_larvae
fc_TGAGACTTCCAATGCA-1	fc_larvae
fc_TGAGACTTCCATCCGT-1	fc_larvae
fc_TGAGCATAGCGCTGAA-1	fc_larvae
fc_TGAGCATAGGGTTAAT-1	fc_larvae
fc_TGAGCATCACCGTGCA-1	fc_larvae
fc_TGAGCGCAGGACAGCT-1	fc_larvae
fc_TGAGCGCCAGCCGTTG-1	fc_larvae
fc_TGAGCGCGTAATGCGG-1	fc_larvae
fc_TGAGCGCTCAGGACAG-1	fc_larvae
fc_TGAGCGCTCGAGTCTA-1	fc_larvae
fc_TGAGCGCTCTCGGTCT-1	fc_larvae
fc_TGAGGAGAGGATAATC-1	fc_larvae
fc_TGAGGAGAGTAGTGCG-1	fc_larvae
fc_TGAGGAGAGTTGGAGC-1	fc_larvae
fc_TGAGGAGCAGAGTAAT-1	fc_larvae
fc_TGAGGAGCAGGCACTC-1	fc_larvae
fc_TGAGGGACATACCATG-1	fc_larvae
fc_TGAGGGAGTCGCGTCA-1	fc_larvae
fc_TGAGGTTAGCGTACAG-1	fc_larvae
fc_TGAGGTTAGTAGGATT-1	fc_larvae
fc_TGAGTCAAGCTGTTCA-1	fc_larvae
fc_TGAGTCAGTAATGCGG-1	fc_larvae
fc_TGAGTCAGTACTCCGG-1	fc_larvae
fc_TGAGTCATCAGAATAG-1	fc_larvae
fc_TGAGTCATCCACCTGT-1	fc_larvae
fc_TGAGTCATCGTTACCC-1	fc_larvae
fc_TGATCAGAGGCTTAAA-1	fc_larvae
fc_TGATCAGGTTCGGTAT-1	fc_larvae
fc_TGATCTTAGCATAGGC-1	fc_larvae
fc_TGATCTTAGGAAGTGA-1	fc_larvae
fc_TGATCTTGTATGCTTG-1	fc_larvae
fc_TGATCTTGTCCGGTGT-1	fc_larvae
fc_TGATCTTGTCGTGTTA-1	fc_larvae
fc_TGATCTTTCTTTACAC-1	fc_larvae
fc_TGATCTTTCTTTCCGG-1	fc_larvae
fc_TGATGCAAGGCATTTC-1	fc_larvae
fc_TGATGCAGTTACCCTC-1	fc_larvae
fc_TGATGCAGTTGGACCC-1	fc_larvae
fc_TGATGCATCGGCTGTG-1	fc_larvae
fc_TGATGGTAGAGTACCG-1	fc_larvae
fc_TGATGGTCACGCTTAA-1	fc_larvae
fc_TGATGGTTCTAACGCA-1	fc_larvae
fc_TGATGGTTCTGTACAG-1	fc_larvae
fc_TGATTCTAGAGCATAT-1	fc_larvae
fc_TGATTCTCACATAACC-1	fc_larvae
fc_TGATTCTCAGTAACAA-1	fc_larvae
fc_TGATTCTGTCCACAGC-1	fc_larvae
fc_TGATTCTGTTCAATCG-1	fc_larvae
fc_TGATTCTTCGGAACTT-1	fc_larvae
fc_TGATTTCAGCCATCCG-1	fc_larvae
fc_TGATTTCCAGCAGTAG-1	fc_larvae
fc_TGATTTCGTATCGCGC-1	fc_larvae
fc_TGCACGGAGACGGATC-1	fc_larvae
fc_TGCACGGAGTTGGACG-1	fc_larvae
fc_TGCACGGGTTGGGAAC-1	fc_larvae
fc_TGCAGATAGCATGCGA-1	fc_larvae
fc_TGCAGATCAGAGTTCT-1	fc_larvae
fc_TGCAGATTCAAGCTTG-1	fc_larvae
fc_TGCAGATTCGTGACTA-1	fc_larvae
fc_TGCAGGCAGTAGTCAA-1	fc_larvae
fc_TGCAGGCAGTCAATCC-1	fc_larvae
fc_TGCAGGCTCGTAGCCG-1	fc_larvae
fc_TGCAGTACAGAACTTC-1	fc_larvae
fc_TGCAGTATCGTCGGGT-1	fc_larvae
fc_TGCATCCCAGAGCCCT-1	fc_larvae
fc_TGCATCCCAGAGGCTA-1	fc_larvae
fc_TGCATCCGTCATATGC-1	fc_larvae
fc_TGCATGAAGCGCTGCT-1	fc_larvae
fc_TGCATGACAACACACT-1	fc_larvae
fc_TGCATGACACGATTCA-1	fc_larvae
fc_TGCATGACAGTGCCTG-1	fc_larvae
fc_TGCATGAGTATAGGGC-1	fc_larvae
fc_TGCATGAGTTAAACCC-1	fc_larvae
fc_TGCATGAGTTCCCACT-1	fc_larvae
fc_TGCCGAGAGGAACGAA-1	fc_larvae
fc_TGCCGAGAGGATACCG-1	fc_larvae
fc_TGCCGAGCAACTACGT-1	fc_larvae
fc_TGCCGAGCATATGCGT-1	fc_larvae
fc_TGCCGAGGTACAAACA-1	fc_larvae
fc_TGCCGAGTCCCAAGCG-1	fc_larvae
fc_TGCCGAGTCGCCACTT-1	fc_larvae
fc_TGCCGAGTCGGCTGTG-1	fc_larvae
fc_TGCGATAGTGCACAAG-1	fc_larvae
fc_TGCGATATCCACAAGT-1	fc_larvae
fc_TGCGGCAAGGTCATAA-1	fc_larvae
fc_TGCGGCACAATAGTCC-1	fc_larvae
fc_TGCGGCACACAGCATT-1	fc_larvae
fc_TGCGGCATCCACACCT-1	fc_larvae
fc_TGCGGGTAGAGAACCC-1	fc_larvae
fc_TGCGGGTAGATCACTC-1	fc_larvae
fc_TGCGGGTAGGTGTGAC-1	fc_larvae
fc_TGCGGGTCAAGTCGTT-1	fc_larvae
fc_TGCGGGTGTGCTTCAA-1	fc_larvae
fc_TGCGGGTTCAAGGTGG-1	fc_larvae
fc_TGCGGGTTCGGATAAA-1	fc_larvae
fc_TGCGGGTTCTCATTTG-1	fc_larvae
fc_TGCGGGTTCTGGGCCA-1	fc_larvae
fc_TGCTCCAAGGCCCGTT-1	fc_larvae
fc_TGCTCCACAAGTCGTT-1	fc_larvae
fc_TGCTCCACACACCTTC-1	fc_larvae
fc_TGCTCCACAGCTGAGA-1	fc_larvae
fc_TGCTCCAGTAGACGTG-1	fc_larvae
fc_TGCTCCATCCGCTAGG-1	fc_larvae
fc_TGCTCCATCTTCCAGC-1	fc_larvae
fc_TGCTCGTAGGCCTAAG-1	fc_larvae
fc_TGCTGAAAGCCAGTAG-1	fc_larvae
fc_TGCTGAAAGGGACACT-1	fc_larvae
fc_TGCTGAAAGGTTGGAC-1	fc_larvae
fc_TGCTGAACAATGTGGG-1	fc_larvae
fc_TGCTGAAGTAACCCTA-1	fc_larvae
fc_TGCTGAAGTTGCTCCT-1	fc_larvae
fc_TGCTGAATCTCTTAAC-1	fc_larvae
fc_TGCTGAATCTTAGCAG-1	fc_larvae
fc_TGCTTCGAGAGAGCCT-1	fc_larvae
fc_TGCTTCGAGCGTTACT-1	fc_larvae
fc_TGCTTCGAGCTCCCTT-1	fc_larvae
fc_TGCTTCGCAATTCTTC-1	fc_larvae
fc_TGCTTCGCACATTACG-1	fc_larvae
fc_TGCTTCGCACCAGTTA-1	fc_larvae
fc_TGCTTCGGTAGTCACT-1	fc_larvae
fc_TGCTTCGGTATCGAGG-1	fc_larvae
fc_TGCTTGCAGCATTTGC-1	fc_larvae
fc_TGGAACTAGCCGAATG-1	fc_larvae
fc_TGGAACTCACCTGCTT-1	fc_larvae
fc_TGGAACTGTGGTAACG-1	fc_larvae
fc_TGGAACTTCCATAGGT-1	fc_larvae
fc_TGGAGAGAGACTTCGT-1	fc_larvae
fc_TGGAGAGCATGGAACG-1	fc_larvae
fc_TGGAGAGGTGACTCGC-1	fc_larvae
fc_TGGAGGAAGGGACTGT-1	fc_larvae
fc_TGGAGGATCATTTGGG-1	fc_larvae
fc_TGGATCAAGAAACTAC-1	fc_larvae
fc_TGGATCAAGGAGTACC-1	fc_larvae
fc_TGGATCAGTGTGACCC-1	fc_larvae
fc_TGGATGTAGTTCACTG-1	fc_larvae
fc_TGGATGTCAGGACTAG-1	fc_larvae
fc_TGGATGTGTCCGTACG-1	fc_larvae
fc_TGGATGTGTGCAATGG-1	fc_larvae
fc_TGGATGTGTTGTGTAC-1	fc_larvae
fc_TGGCGTGAGACGACGT-1	fc_larvae
fc_TGGCGTGAGGTAGGCT-1	fc_larvae
fc_TGGCGTGCAAGGGCAT-1	fc_larvae
fc_TGGCGTGCAATCGCGC-1	fc_larvae
fc_TGGCGTGGTCCAGAAG-1	fc_larvae
fc_TGGCGTGGTGAGAACC-1	fc_larvae
fc_TGGGAAGAGCACCGTC-1	fc_larvae
fc_TGGGAAGCAACGATCT-1	fc_larvae
fc_TGGGAAGTCATCACCC-1	fc_larvae
fc_TGGGAGAAGCGTTCCG-1	fc_larvae
fc_TGGGAGAAGGTTCAGG-1	fc_larvae
fc_TGGGAGACAGATACCT-1	fc_larvae
fc_TGGGATTAGCACCCAC-1	fc_larvae
fc_TGGGATTCATACTTTC-1	fc_larvae
fc_TGGGATTCATATGAAG-1	fc_larvae
fc_TGGGATTGTTACCGTA-1	fc_larvae
fc_TGGGATTTCTTCGGTC-1	fc_larvae
fc_TGGGCGTCAACACGTT-1	fc_larvae
fc_TGGGCGTCAGAAATCA-1	fc_larvae
fc_TGGGCGTGTGACTGAG-1	fc_larvae
fc_TGGGCGTTCACGGAGA-1	fc_larvae
fc_TGGGCGTTCTGTCTCG-1	fc_larvae
fc_TGGGCTGAGATCGGTG-1	fc_larvae
fc_TGGGCTGCACCAGTAT-1	fc_larvae
fc_TGGGCTGTCATCTGTT-1	fc_larvae
fc_TGGGTTAAGCGTATAA-1	fc_larvae
fc_TGGGTTAAGTGGATTA-1	fc_larvae
fc_TGGGTTACAACCCTAA-1	fc_larvae
fc_TGGGTTACAATCCTTT-1	fc_larvae
fc_TGGGTTAGTCGAGATG-1	fc_larvae
fc_TGGGTTATCATGCCAA-1	fc_larvae
fc_TGGTACACACACCGCA-1	fc_larvae
fc_TGGTACACACTCACTC-1	fc_larvae
fc_TGGTACAGTGGTAACG-1	fc_larvae
fc_TGGTACATCAACTCTT-1	fc_larvae
fc_TGGTACATCCTTATCA-1	fc_larvae
fc_TGGTAGTAGAATCGCG-1	fc_larvae
fc_TGGTAGTCAAAGGGTC-1	fc_larvae
fc_TGGTAGTCAGCTCTGG-1	fc_larvae
fc_TGGTAGTCATCATTGG-1	fc_larvae
fc_TGGTAGTGTAACCCTA-1	fc_larvae
fc_TGGTAGTGTCGAGATG-1	fc_larvae
fc_TGGTAGTGTCTTGTCC-1	fc_larvae
fc_TGGTGATAGTATTCCG-1	fc_larvae
fc_TGGTGATCAAAGGCAC-1	fc_larvae
fc_TGGTGATCAACTCCCT-1	fc_larvae
fc_TGGTGATCATATCTGG-1	fc_larvae
fc_TGGTGATGTCTAGGTT-1	fc_larvae
fc_TGGTGATTCGATCCCT-1	fc_larvae
fc_TGGTTAGAGAAGTCAT-1	fc_larvae
fc_TGGTTAGAGAGCACTG-1	fc_larvae
fc_TGGTTAGGTAATCAAG-1	fc_larvae
fc_TGGTTAGGTGGTATGG-1	fc_larvae
fc_TGGTTAGTCGAACGCC-1	fc_larvae
fc_TGGTTAGTCGAACTCA-1	fc_larvae
fc_TGGTTAGTCGAGTCTA-1	fc_larvae
fc_TGGTTAGTCGGCTGTG-1	fc_larvae
fc_TGTAACGTCAGAGTGG-1	fc_larvae
fc_TGTAACGTCCAATGCA-1	fc_larvae
fc_TGTAAGCAGCCTCGTG-1	fc_larvae
fc_TGTAAGCCAAAGGAGA-1	fc_larvae
fc_TGTAAGCCAGTCGCAC-1	fc_larvae
fc_TGTAAGCCATCCAATG-1	fc_larvae
fc_TGTAAGCGTGTGTTTG-1	fc_larvae
fc_TGTAAGCTCGAGCCTG-1	fc_larvae
fc_TGTACAGAGCTTCATG-1	fc_larvae
fc_TGTACAGAGGGCGAGA-1	fc_larvae
fc_TGTACAGAGTAGTCCT-1	fc_larvae
fc_TGTACAGCAGCAGTGA-1	fc_larvae
fc_TGTACAGGTAGCGTCC-1	fc_larvae
fc_TGTACAGGTCATCCCT-1	fc_larvae
fc_TGTACAGGTGTTATCG-1	fc_larvae
fc_TGTACAGGTTGGGTAG-1	fc_larvae
fc_TGTACAGTCATGCGGC-1	fc_larvae
fc_TGTACAGTCGCACGGT-1	fc_larvae
fc_TGTACAGTCTGGTTGA-1	fc_larvae
fc_TGTAGACCATTGCCTC-1	fc_larvae
fc_TGTAGACGTCCTGAAT-1	fc_larvae
fc_TGTAGACTCACGGTCG-1	fc_larvae
fc_TGTAGACTCCTGGGTG-1	fc_larvae
fc_TGTAGACTCTCGGCTT-1	fc_larvae
fc_TGTCAGAGTACCACGC-1	fc_larvae
fc_TGTCAGATCCCTCATG-1	fc_larvae
fc_TGTCCACCAGACGCTC-1	fc_larvae
fc_TGTCCACCAGAGAATT-1	fc_larvae
fc_TGTCCACCATAATGAG-1	fc_larvae
fc_TGTCCACCATACAGGG-1	fc_larvae
fc_TGTCCACCATGGCCCA-1	fc_larvae
fc_TGTCCACCATGGCGCT-1	fc_larvae
fc_TGTCCACGTCATGGCC-1	fc_larvae
fc_TGTCCACGTCCCTAAA-1	fc_larvae
fc_TGTCCCAAGTAACGAT-1	fc_larvae
fc_TGTCCCAAGTTGGCTT-1	fc_larvae
fc_TGTCCCACAGATCCTA-1	fc_larvae
fc_TGTCCCATCACCTGTC-1	fc_larvae
fc_TGTCCTGCAACCTATG-1	fc_larvae
fc_TGTCCTGCATCTCCCA-1	fc_larvae
fc_TGTCCTGGTCAAGCCC-1	fc_larvae
fc_TGTCCTGGTCCGAAGA-1	fc_larvae
fc_TGTCCTGGTGTGACCC-1	fc_larvae
fc_TGTCCTGGTTGGTGTT-1	fc_larvae
fc_TGTCCTGTCACTGATG-1	fc_larvae
fc_TGTGAGTAGAGTGTGC-1	fc_larvae
fc_TGTGAGTAGGACTTCT-1	fc_larvae
fc_TGTGAGTCAATCCAGT-1	fc_larvae
fc_TGTGAGTGTCGATTCA-1	fc_larvae
fc_TGTGAGTGTCTCAAGT-1	fc_larvae
fc_TGTGAGTGTTTCTATC-1	fc_larvae
fc_TGTGAGTTCGGCTGTG-1	fc_larvae
fc_TGTGATGCACATTGTG-1	fc_larvae
fc_TGTGATGCACTTCATT-1	fc_larvae
fc_TGTGATGGTGGCTTAT-1	fc_larvae
fc_TGTGATGGTTACACAC-1	fc_larvae
fc_TGTGCGGCACATAGCT-1	fc_larvae
fc_TGTGCGGCACTTGGGC-1	fc_larvae
fc_TGTGCGGCAGCGAACA-1	fc_larvae
fc_TGTGCGGTCGACCCAG-1	fc_larvae
fc_TGTGGCGAGCGAAACC-1	fc_larvae
fc_TGTGGCGCAAGACTGG-1	fc_larvae
fc_TGTGGCGCAGCTACCG-1	fc_larvae
fc_TGTGGCGGTCAGTCTA-1	fc_larvae
fc_TGTGTGAAGTATGCAA-1	fc_larvae
fc_TGTGTGAGTACACGCC-1	fc_larvae
fc_TGTGTGAGTCTCACAA-1	fc_larvae
fc_TGTGTGAGTGCCCTTT-1	fc_larvae
fc_TGTGTGAGTTTCAGAC-1	fc_larvae
fc_TGTGTGATCCAGCACG-1	fc_larvae
fc_TGTTACTAGGGAGGCA-1	fc_larvae
fc_TGTTACTAGGTCCAGA-1	fc_larvae
fc_TGTTACTAGTTTCGGT-1	fc_larvae
fc_TGTTACTCAGCGGATA-1	fc_larvae
fc_TGTTACTGTAACATCC-1	fc_larvae
fc_TGTTACTTCAGCGCAC-1	fc_larvae
fc_TGTTCATCAACAAAGT-1	fc_larvae
fc_TGTTCATCAACCACAT-1	fc_larvae
fc_TGTTCATCAGGACATG-1	fc_larvae
fc_TGTTCATGTCCTTAAG-1	fc_larvae
fc_TGTTCATGTCTTTATC-1	fc_larvae
fc_TGTTCATTCACGATAC-1	fc_larvae
fc_TGTTCATTCCTGTTAT-1	fc_larvae
fc_TGTTCCGTCCTAAGTG-1	fc_larvae
fc_TGTTCCGTCGAGTGAG-1	fc_larvae
fc_TGTTCTAAGAAGTCCG-1	fc_larvae
fc_TGTTCTACAAATTGGA-1	fc_larvae
fc_TGTTCTACAATGGCAG-1	fc_larvae
fc_TGTTCTACACTTTATC-1	fc_larvae
fc_TGTTCTACATGACGTT-1	fc_larvae
fc_TGTTCTACATTAGGCT-1	fc_larvae
fc_TGTTCTAGTCTTGCGG-1	fc_larvae
fc_TGTTCTATCCGTGTCT-1	fc_larvae
fc_TGTTGAGAGTACCCTA-1	fc_larvae
fc_TGTTGAGTCCATGAGT-1	fc_larvae
fc_TGTTGGAAGTAGGATT-1	fc_larvae
fc_TGTTGGACACACCTTC-1	fc_larvae
fc_TGTTGGAGTAAGGCTG-1	fc_larvae
fc_TGTTGGATCCGTATAG-1	fc_larvae
fc_TGTTTGTAGCCTCATA-1	fc_larvae
fc_TGTTTGTAGCGCTGAA-1	fc_larvae
fc_TGTTTGTCACTACCGG-1	fc_larvae
fc_TGTTTGTCAGCTATAC-1	fc_larvae
fc_TGTTTGTCAGTACTAC-1	fc_larvae
fc_TGTTTGTCAGTGTGGA-1	fc_larvae
fc_TGTTTGTGTCAGGCAA-1	fc_larvae
fc_TGTTTGTGTGGACAGT-1	fc_larvae
fc_TGTTTGTGTGTCCATA-1	fc_larvae
fc_TGTTTGTTCCCGAGGT-1	fc_larvae
fc_TTAATCCAGGAGGGTG-1	fc_larvae
fc_TTAATCCAGTCAGCGA-1	fc_larvae
fc_TTAATCCCAACAACAA-1	fc_larvae
fc_TTAATCCCACATTGTG-1	fc_larvae
fc_TTAATCCCACTCCGGA-1	fc_larvae
fc_TTAATCCCAGAACTCT-1	fc_larvae
fc_TTAATCCCAGGACGAT-1	fc_larvae
fc_TTAATCCGTGCGGCTT-1	fc_larvae
fc_TTAATCCTCGACCTAA-1	fc_larvae
fc_TTAATCCTCTGCTCTG-1	fc_larvae
fc_TTACAGGAGAAACCCG-1	fc_larvae
fc_TTACAGGAGGCTTAGG-1	fc_larvae
fc_TTACAGGGTAGGACCA-1	fc_larvae
fc_TTACAGGGTGGACTGA-1	fc_larvae
fc_TTACAGGGTTCTTGTT-1	fc_larvae
fc_TTACCATAGGTTATAG-1	fc_larvae
fc_TTACCATAGTCCCGAC-1	fc_larvae
fc_TTACCATTCCAAACCA-1	fc_larvae
fc_TTACCATTCGACATAC-1	fc_larvae
fc_TTACCATTCGACCACG-1	fc_larvae
fc_TTACCATTCTACCCAC-1	fc_larvae
fc_TTACCATTCTTAGCCC-1	fc_larvae
fc_TTACCGCAGCTCGAAG-1	fc_larvae
fc_TTACCGCAGGTTAAAC-1	fc_larvae
fc_TTACCGCCAAACTAGA-1	fc_larvae
fc_TTACCGCCACAAGTTC-1	fc_larvae
fc_TTACCGCCACCAGTTA-1	fc_larvae
fc_TTACCGCCACGATAGG-1	fc_larvae
fc_TTACCGCCAGACCGCT-1	fc_larvae
fc_TTACCGCCATCTGGGC-1	fc_larvae
fc_TTACCGCTCCCAGGAC-1	fc_larvae
fc_TTACGCCAGACTAAGT-1	fc_larvae
fc_TTACGCCAGACTGAGC-1	fc_larvae
fc_TTACGCCAGCTTCATG-1	fc_larvae
fc_TTACGCCCAGTCTTCC-1	fc_larvae
fc_TTACGCCGTGTTTGCA-1	fc_larvae
fc_TTACGCCTCCTTATAC-1	fc_larvae
fc_TTACGCCTCGTCAACA-1	fc_larvae
fc_TTACGTTCAGAGAAAG-1	fc_larvae
fc_TTACGTTGTAGGTACG-1	fc_larvae
fc_TTACTGTAGATGCAGC-1	fc_larvae
fc_TTACTGTAGGATTCAA-1	fc_larvae
fc_TTACTGTCAACCACAT-1	fc_larvae
fc_TTACTGTCATATGCGT-1	fc_larvae
fc_TTACTGTGTGCTCTCT-1	fc_larvae
fc_TTACTGTTCCGACAGC-1	fc_larvae
fc_TTACTGTTCGGTCGGT-1	fc_larvae
fc_TTACTGTTCTTGGAAC-1	fc_larvae
fc_TTAGGCAAGAGCCGTA-1	fc_larvae
fc_TTAGGCAAGAGTAACT-1	fc_larvae
fc_TTAGGCAAGTTTCAGC-1	fc_larvae
fc_TTAGGCACAATGAAAC-1	fc_larvae
fc_TTAGGCACAGATCCAT-1	fc_larvae
fc_TTAGGCACATTCTCCG-1	fc_larvae
fc_TTAGGCAGTAAGGCTG-1	fc_larvae
fc_TTAGGCAGTCGACTGC-1	fc_larvae
fc_TTAGGCAGTGCGCTCA-1	fc_larvae
fc_TTAGGCAGTGTACAGG-1	fc_larvae
fc_TTAGGCATCATTTACC-1	fc_larvae
fc_TTAGGCATCCTCTCGA-1	fc_larvae
fc_TTAGGCATCGAGTCTA-1	fc_larvae
fc_TTAGGGTAGAAGCGAA-1	fc_larvae
fc_TTAGGGTAGCGCACAA-1	fc_larvae
fc_TTAGGGTCAAATACAG-1	fc_larvae
fc_TTAGGGTGTACCTGTA-1	fc_larvae
fc_TTAGGGTGTCCTGGTG-1	fc_larvae
fc_TTAGGGTGTCTTCAAG-1	fc_larvae
fc_TTAGTCTAGTACTGTC-1	fc_larvae
fc_TTAGTCTCAAATGGAT-1	fc_larvae
fc_TTAGTCTCACAGAAGC-1	fc_larvae
fc_TTAGTCTGTACCGGAA-1	fc_larvae
fc_TTATTGCCACAGCGCT-1	fc_larvae
fc_TTATTGCGTTTCGTTT-1	fc_larvae
fc_TTATTGCTCGACATCA-1	fc_larvae
fc_TTCAATCCAGGCACTC-1	fc_larvae
fc_TTCACCGAGCAGGGAG-1	fc_larvae
fc_TTCACCGAGCCACCGT-1	fc_larvae
fc_TTCACCGAGTATTGCC-1	fc_larvae
fc_TTCACCGGTACCGCGT-1	fc_larvae
fc_TTCACCGGTCCACGCA-1	fc_larvae
fc_TTCACCGGTGTCCGTG-1	fc_larvae
fc_TTCACCGTCCAAATGC-1	fc_larvae
fc_TTCACGCAGAGATGCC-1	fc_larvae
fc_TTCACGCAGGGATCGT-1	fc_larvae
fc_TTCACGCGTCTACAGT-1	fc_larvae
fc_TTCACGCTCATTTCCA-1	fc_larvae
fc_TTCACGCTCGTCGCTT-1	fc_larvae
fc_TTCACGCTCTGGCCAG-1	fc_larvae
fc_TTCAGGACATTACTCT-1	fc_larvae
fc_TTCAGGATCAAGCCTA-1	fc_larvae
fc_TTCAGGATCATCCCGT-1	fc_larvae
fc_TTCAGGATCCCGTGTT-1	fc_larvae
fc_TTCAGGATCCGTGCGA-1	fc_larvae
fc_TTCAGGATCGGCTGGT-1	fc_larvae
fc_TTCATGTAGATGCCGA-1	fc_larvae
fc_TTCATGTCAGTAACGG-1	fc_larvae
fc_TTCATGTGTGTACAGG-1	fc_larvae
fc_TTCATGTTCGGAAACG-1	fc_larvae
fc_TTCATTGAGCAACCAG-1	fc_larvae
fc_TTCATTGCAGCTACCG-1	fc_larvae
fc_TTCATTGCATAACTCG-1	fc_larvae
fc_TTCATTGGTCGGAACA-1	fc_larvae
fc_TTCATTGGTTAGGGAC-1	fc_larvae
fc_TTCATTGTCTTCACGC-1	fc_larvae
fc_TTCCAATAGCTGGCTC-1	fc_larvae
fc_TTCCAATCAAGCTACT-1	fc_larvae
fc_TTCCAATCAGGGCTTC-1	fc_larvae
fc_TTCCAATTCCACCCTA-1	fc_larvae
fc_TTCCACGAGCAAATCA-1	fc_larvae
fc_TTCCACGCACTGCATA-1	fc_larvae
fc_TTCCACGGTCAAATCC-1	fc_larvae
fc_TTCCGGTAGAAGCTCG-1	fc_larvae
fc_TTCCGGTCAAAGGATT-1	fc_larvae
fc_TTCCGGTCACGTAGAG-1	fc_larvae
fc_TTCCGGTCATCGCCTT-1	fc_larvae
fc_TTCCGGTCATGACAGG-1	fc_larvae
fc_TTCCGGTGTACAAACA-1	fc_larvae
fc_TTCCGGTGTGATGGCA-1	fc_larvae
fc_TTCCGGTTCAAACCTG-1	fc_larvae
fc_TTCCGGTTCTGCCCTA-1	fc_larvae
fc_TTCCGTGAGCTCCGAC-1	fc_larvae
fc_TTCCGTGAGGGCCTCT-1	fc_larvae
fc_TTCCGTGAGGTCCCTG-1	fc_larvae
fc_TTCCGTGCATATAGCC-1	fc_larvae
fc_TTCCGTGGTGCGTCGT-1	fc_larvae
fc_TTCCTAAAGCACACCC-1	fc_larvae
fc_TTCCTAACAAGAATAC-1	fc_larvae
fc_TTCCTAACACAAAGTA-1	fc_larvae
fc_TTCCTCTCAGCCTTCT-1	fc_larvae
fc_TTCCTCTCAGCGACAA-1	fc_larvae
fc_TTCCTCTCAGTGGGTA-1	fc_larvae
fc_TTCCTCTGTACTGAGG-1	fc_larvae
fc_TTCCTCTTCGTCAACA-1	fc_larvae
fc_TTCCTCTTCTACACTT-1	fc_larvae
fc_TTCCTTCCATGTTCAG-1	fc_larvae
fc_TTCCTTCTCCTAGCTC-1	fc_larvae
fc_TTCGATTAGTAGAATC-1	fc_larvae
fc_TTCGATTCAAGAATAC-1	fc_larvae
fc_TTCGATTCAGAAATTG-1	fc_larvae
fc_TTCGATTCAGCCGGTT-1	fc_larvae
fc_TTCGATTGTCATCGCG-1	fc_larvae
fc_TTCGATTGTGCCTATA-1	fc_larvae
fc_TTCGATTGTTTCCAAG-1	fc_larvae
fc_TTCGATTTCTTCCTAA-1	fc_larvae
fc_TTCGCTGAGAGGTATT-1	fc_larvae
fc_TTCGCTGAGATTTGCC-1	fc_larvae
fc_TTCGCTGAGCTGCCTG-1	fc_larvae
fc_TTCGCTGAGTAAAGCT-1	fc_larvae
fc_TTCGCTGAGTATGAGT-1	fc_larvae
fc_TTCGCTGAGTGTAGAT-1	fc_larvae
fc_TTCGCTGTCAACTGAC-1	fc_larvae
fc_TTCGCTGTCTCCTGCA-1	fc_larvae
fc_TTCGGTCAGATTGTGA-1	fc_larvae
fc_TTCGGTCGTACAGTCT-1	fc_larvae
fc_TTCGGTCGTTTGCAGT-1	fc_larvae
fc_TTCGGTCTCGGCACTG-1	fc_larvae
fc_TTCGGTCTCTCTGCCA-1	fc_larvae
fc_TTCTAACAGACCAGAC-1	fc_larvae
fc_TTCTAACCAATGTGGG-1	fc_larvae
fc_TTCTAACCAGCAGATG-1	fc_larvae
fc_TTCTAACTCATCACTT-1	fc_larvae
fc_TTCTAACTCCCGAGAC-1	fc_larvae
fc_TTCTAGTCAGGTGTGA-1	fc_larvae
fc_TTCTAGTTCGAGGCAA-1	fc_larvae
fc_TTCTAGTTCGAGTCTA-1	fc_larvae
fc_TTCTCTCCATGGCCCA-1	fc_larvae
fc_TTCTCTCGTAACGATA-1	fc_larvae
fc_TTCTCTCGTAAGATAC-1	fc_larvae
fc_TTCTCTCGTTTCACTT-1	fc_larvae
fc_TTCTGTAAGACATAAC-1	fc_larvae
fc_TTCTGTAAGAGCGACT-1	fc_larvae
fc_TTCTGTAAGGGATCGT-1	fc_larvae
fc_TTCTGTACACCTGAAT-1	fc_larvae
fc_TTCTGTACAGACTGCC-1	fc_larvae
fc_TTCTGTATCGCGTGCA-1	fc_larvae
fc_TTCTGTATCGGATACT-1	fc_larvae
fc_TTCTTCCCAATGGCAG-1	fc_larvae
fc_TTCTTCCCACAATCTG-1	fc_larvae
fc_TTCTTCCCATAAGCAA-1	fc_larvae
fc_TTCTTCCTCATGTCAG-1	fc_larvae
fc_TTCTTCCTCGATGGAG-1	fc_larvae
fc_TTCTTCCTCGCGTGCA-1	fc_larvae
fc_TTCTTGAAGCTGACAG-1	fc_larvae
fc_TTCTTGAAGGTCATAA-1	fc_larvae
fc_TTCTTGAAGTTAGAAC-1	fc_larvae
fc_TTCTTGACACAATCTG-1	fc_larvae
fc_TTCTTGACATCGAACT-1	fc_larvae
fc_TTCTTGACATGACGTT-1	fc_larvae
fc_TTCTTGAGTTGGAGAC-1	fc_larvae
fc_TTCTTGATCACCATCC-1	fc_larvae
fc_TTGAACGAGGCTTAAA-1	fc_larvae
fc_TTGAACGAGTCACTAC-1	fc_larvae
fc_TTGAACGCAAATTGGA-1	fc_larvae
fc_TTGAACGCACTGGACC-1	fc_larvae
fc_TTGAACGGTAAGCGGT-1	fc_larvae
fc_TTGAACGGTCACATTG-1	fc_larvae
fc_TTGAACGTCCATTTGT-1	fc_larvae
fc_TTGAACGTCCGCTGTT-1	fc_larvae
fc_TTGACCCAGAAATTCG-1	fc_larvae
fc_TTGACCCAGACATCCT-1	fc_larvae
fc_TTGACCCAGCGTGTCC-1	fc_larvae
fc_TTGACCCCAGCCTACG-1	fc_larvae
fc_TTGACCCCAGCTATAC-1	fc_larvae
fc_TTGACCCCATCGATAC-1	fc_larvae
fc_TTGACCCCATGACTGT-1	fc_larvae
fc_TTGAGTGCACCTCTGT-1	fc_larvae
fc_TTGAGTGCAGGCGAAT-1	fc_larvae
fc_TTGAGTGCATTAAGCC-1	fc_larvae
fc_TTGAGTGGTGAAGCGT-1	fc_larvae
fc_TTGAGTGGTGAGTTGG-1	fc_larvae
fc_TTGAGTGTCCGTCCTA-1	fc_larvae
fc_TTGAGTGTCGAGAATA-1	fc_larvae
fc_TTGATGGAGTAAGAGG-1	fc_larvae
fc_TTGATGGCACACACGC-1	fc_larvae
fc_TTGATGGCACGTCGGT-1	fc_larvae
fc_TTGATGGCATTCAGGT-1	fc_larvae
fc_TTGATGGGTGTGTCCG-1	fc_larvae
fc_TTGATGGGTTCTCCCA-1	fc_larvae
fc_TTGATGGTCATGTCAG-1	fc_larvae
fc_TTGATGGTCCTACACC-1	fc_larvae
fc_TTGATGGTCGGTCGAC-1	fc_larvae
fc_TTGATGGTCTAAGCGT-1	fc_larvae
fc_TTGCATTAGTCAATCC-1	fc_larvae
fc_TTGCATTAGTTACGAA-1	fc_larvae
fc_TTGCATTCACCAGTTA-1	fc_larvae
fc_TTGCATTCACTAACCA-1	fc_larvae
fc_TTGCATTCACTTTATC-1	fc_larvae
fc_TTGCATTGTTCTTCAT-1	fc_larvae
fc_TTGCATTTCCGTGGGT-1	fc_larvae
fc_TTGCCTGAGAAGTCTA-1	fc_larvae
fc_TTGCCTGCACACCGCA-1	fc_larvae
fc_TTGCCTGGTACCCGCA-1	fc_larvae
fc_TTGCCTGGTATACGGG-1	fc_larvae
fc_TTGCCTGGTGTTTGCA-1	fc_larvae
fc_TTGCCTGGTTGTTGAC-1	fc_larvae
fc_TTGCCTGTCGTCTACC-1	fc_larvae
fc_TTGCCTGTCTCGTGAA-1	fc_larvae
fc_TTGCGTCGTAACAGTA-1	fc_larvae
fc_TTGCGTCTCCGCGGAT-1	fc_larvae
fc_TTGCGTCTCGGTCACG-1	fc_larvae
fc_TTGCTGCAGCCTTCTC-1	fc_larvae
fc_TTGCTGCAGCGAGAAA-1	fc_larvae
fc_TTGCTGCAGTTCCAGT-1	fc_larvae
fc_TTGCTGCGTCCCGTGA-1	fc_larvae
fc_TTGCTGCGTTACACAC-1	fc_larvae
fc_TTGGATGAGGACACTG-1	fc_larvae
fc_TTGGATGTCGCCAGTG-1	fc_larvae
fc_TTGGGATAGCGAACTG-1	fc_larvae
fc_TTGGGATAGGATTTCC-1	fc_larvae
fc_TTGGGATAGTCTAACC-1	fc_larvae
fc_TTGGGATCACAATTCG-1	fc_larvae
fc_TTGGGATCATCGTCCT-1	fc_larvae
fc_TTGGGATGTACTGACT-1	fc_larvae
fc_TTGGGATTCGAAGAAT-1	fc_larvae
fc_TTGGGCGAGACATACA-1	fc_larvae
fc_TTGGGCGCACAACATC-1	fc_larvae
fc_TTGGGCGCAGGGATAC-1	fc_larvae
fc_TTGGGCGTCACCTTAT-1	fc_larvae
fc_TTGGGTAAGAGGTGCT-1	fc_larvae
fc_TTGGGTAAGATACATG-1	fc_larvae
fc_TTGGGTAAGGAACGCT-1	fc_larvae
fc_TTGGGTACAAGAGTAT-1	fc_larvae
fc_TTGGGTAGTTTCTTAC-1	fc_larvae
fc_TTGGGTATCACCTCAC-1	fc_larvae
fc_TTGGTTTAGGACCCAA-1	fc_larvae
fc_TTGGTTTCAACGACAG-1	fc_larvae
fc_TTGGTTTCAGCATACT-1	fc_larvae
fc_TTGGTTTCAGCTACAT-1	fc_larvae
fc_TTGGTTTGTCGTACAT-1	fc_larvae
fc_TTGGTTTGTGGCTCTG-1	fc_larvae
fc_TTGGTTTGTTGAGTCT-1	fc_larvae
fc_TTGTGGAAGCGATGAC-1	fc_larvae
fc_TTGTGGACAAGCGAGT-1	fc_larvae
fc_TTGTGGAGTAGATCCT-1	fc_larvae
fc_TTGTGGAGTCCGGTGT-1	fc_larvae
fc_TTGTGGAGTTTATGCG-1	fc_larvae
fc_TTGTGGATCTTGGTCC-1	fc_larvae
fc_TTGTGTTAGTATGGCG-1	fc_larvae
fc_TTGTGTTCAAAGGGTC-1	fc_larvae
fc_TTGTGTTCAACCTAAC-1	fc_larvae
fc_TTGTGTTCAGTCAGAG-1	fc_larvae
fc_TTGTGTTCATCGTTCC-1	fc_larvae
fc_TTGTGTTCATGAAGGC-1	fc_larvae
fc_TTGTGTTCATTGACTG-1	fc_larvae
fc_TTGTGTTGTCAGCTTA-1	fc_larvae
fc_TTGTGTTTCCTGGGAC-1	fc_larvae
fc_TTGTTCAAGCCATCCG-1	fc_larvae
fc_TTGTTCACAACCGGAA-1	fc_larvae
fc_TTGTTCAGTTGTACGT-1	fc_larvae
fc_TTGTTCATCAGCGTCG-1	fc_larvae
fc_TTGTTCATCGGTCTAA-1	fc_larvae
fc_TTGTTGTGTGAATGTA-1	fc_larvae
fc_TTGTTTGAGCAAGCCA-1	fc_larvae
fc_TTGTTTGCACGGCTAC-1	fc_larvae
fc_TTGTTTGCACTAAACC-1	fc_larvae
fc_TTGTTTGGTCAACCTA-1	fc_larvae
fc_TTGTTTGTCCATCGTC-1	fc_larvae
fc_TTGTTTGTCCTACACC-1	fc_larvae
fc_TTGTTTGTCGGTATGT-1	fc_larvae
fc_TTGTTTGTCTCCGATC-1	fc_larvae
fc_TTTACCAAGTAAGAGG-1	fc_larvae
fc_TTTACCACATTCAGCA-1	fc_larvae
fc_TTTACCATCGAGCTGC-1	fc_larvae
fc_TTTACCATCTACCACC-1	fc_larvae
fc_TTTACGTCAGGGCTTC-1	fc_larvae
fc_TTTACGTGTGGGTCAA-1	fc_larvae
fc_TTTACTGAGACTCATC-1	fc_larvae
fc_TTTACTGAGCATATGA-1	fc_larvae
fc_TTTACTGAGGAAAGAC-1	fc_larvae
fc_TTTACTGAGTAGACCG-1	fc_larvae
fc_TTTACTGCAACCCTCT-1	fc_larvae
fc_TTTACTGCAGCAGAAC-1	fc_larvae
fc_TTTACTGTCATCGGGC-1	fc_larvae
fc_TTTACTGTCCAGCAAT-1	fc_larvae
fc_TTTAGTCAGATAGGGA-1	fc_larvae
fc_TTTAGTCAGCGAGTAC-1	fc_larvae
fc_TTTAGTCCACGAAAGC-1	fc_larvae
fc_TTTAGTCGTCATCAGT-1	fc_larvae
fc_TTTAGTCGTTGCCTAA-1	fc_larvae
fc_TTTATGCCACCACATA-1	fc_larvae
fc_TTTATGCGTAGCCAGA-1	fc_larvae
fc_TTTATGCGTCAGGTAG-1	fc_larvae
fc_TTTATGCGTGGCCCAT-1	fc_larvae
fc_TTTATGCGTTACACTG-1	fc_larvae
fc_TTTATGCGTTAGGGAC-1	fc_larvae
fc_TTTCACAAGTACGTCT-1	fc_larvae
fc_TTTCACAAGTGCAAAT-1	fc_larvae
fc_TTTCACAGTACCACGC-1	fc_larvae
fc_TTTCACATCAGTGTCA-1	fc_larvae
fc_TTTCAGTAGCACCGTC-1	fc_larvae
fc_TTTCAGTAGTGGGAAA-1	fc_larvae
fc_TTTCAGTGTGGATACG-1	fc_larvae
fc_TTTCAGTTCGCAGTGC-1	fc_larvae
fc_TTTCATGAGTGCCTCG-1	fc_larvae
fc_TTTCATGAGTTGTACC-1	fc_larvae
fc_TTTCATGGTCAGATTC-1	fc_larvae
fc_TTTCATGGTCCACAGC-1	fc_larvae
fc_TTTCATGTCCCGTTGT-1	fc_larvae
fc_TTTCCTCAGTTATGGA-1	fc_larvae
fc_TTTCCTCCAGAACTCT-1	fc_larvae
fc_TTTCCTCCATTAGGCT-1	fc_larvae
fc_TTTCCTCGTCATCCCT-1	fc_larvae
fc_TTTCCTCGTCTGCAAT-1	fc_larvae
fc_TTTCCTCTCCATCCGT-1	fc_larvae
fc_TTTCCTCTCTCTCGCA-1	fc_larvae
fc_TTTCGATAGCAACAAT-1	fc_larvae
fc_TTTCGATAGCAACTTC-1	fc_larvae
fc_TTTCGATAGGAGAGTA-1	fc_larvae
fc_TTTCGATAGGATTCCT-1	fc_larvae
fc_TTTCGATCAATAGTCC-1	fc_larvae
fc_TTTCGATCACTAGGTT-1	fc_larvae
fc_TTTCGATCAGGCAATG-1	fc_larvae
fc_TTTCGATCAGGCATTT-1	fc_larvae
fc_TTTCGATGTACATTGC-1	fc_larvae
fc_TTTCGATGTCTACACA-1	fc_larvae
fc_TTTCGATGTGAACTAA-1	fc_larvae
fc_TTTGACTAGCACTAAA-1	fc_larvae
fc_TTTGACTAGCTCTGTA-1	fc_larvae
fc_TTTGACTCAACAGCCC-1	fc_larvae
fc_TTTGACTCACGGATCC-1	fc_larvae
fc_TTTGACTCAGAACTCT-1	fc_larvae
fc_TTTGACTGTGAACCGA-1	fc_larvae
fc_TTTGACTGTGGTCCCA-1	fc_larvae
fc_TTTGACTGTTAGAAGT-1	fc_larvae
fc_TTTGACTTCGACGACC-1	fc_larvae
fc_TTTGATCAGAACTCCT-1	fc_larvae
fc_TTTGATCAGCGATCGA-1	fc_larvae
fc_TTTGATCAGGAATGTT-1	fc_larvae
fc_TTTGATCAGGAGACCT-1	fc_larvae
fc_TTTGATCAGTCAATCC-1	fc_larvae
fc_TTTGATCCAGCAGTCC-1	fc_larvae
fc_TTTGATCGTACGACTT-1	fc_larvae
fc_TTTGGAGAGCCTGGAA-1	fc_larvae
fc_TTTGGAGCATTCTCTA-1	fc_larvae
fc_TTTGGAGGTATTCTCT-1	fc_larvae
fc_TTTGGAGTCCAAATGC-1	fc_larvae
fc_TTTGGAGTCGTCAGAT-1	fc_larvae
fc_TTTGGTTAGAGAAGGT-1	fc_larvae
fc_TTTGGTTAGGACTGGT-1	fc_larvae
fc_TTTGGTTAGTTGCGAG-1	fc_larvae
fc_TTTGGTTGTGTAGCAG-1	fc_larvae
fc_TTTGTTGAGAAACTGT-1	fc_larvae
fc_TTTGTTGAGAGGGTAA-1	fc_larvae
fc_TTTGTTGAGCAGTCTT-1	fc_larvae
fc_TTTGTTGAGGGATCGT-1	fc_larvae
fc_TTTGTTGCATTGCTGA-1	fc_larvae
fc_TTTGTTGGTAGCGCCT-1	fc_larvae
fc_TTTGTTGGTATGTCCA-1	fc_larvae
fc_TTTGTTGTCTATGTGG-1	fc_larvae
