barcode	cluster
nc_AAACCCAAGAAGAACG-1	epithelia.cuticle.Osi14_12
nc_AAACCCAAGCTGCCTG-1	epithelia.cuticle.Osi16_2
nc_AAACCCAAGGTATCTC-1	trachea_15
nc_AAACCCAAGTGCCTCG-1	epithelia.cuticle.cp.rigid_7
nc_AAACCCAAGTGGATAT-1	epithelia.tendon_5
nc_AAACCCACAAGTGCTT-1	epithelia.olfactory.support_9
nc_AAACCCACAGCTACTA-1	epithelia.cuticle.cp.soft_3
nc_AAACCCACATAGATGA-1	epithelia.tendon_5
nc_AAACCCACATGACTAC-1	glia1_8
nc_AAACCCAGTCCGTACG-1	muscle.rbm24_0
nc_AAACCCATCAGGAACG-1	muscle.rbm24_0
nc_AAACCCATCTAGTCAG-1	muscle.rbm24_0
nc_AAACCCATCTTCCACG-1	epithelia.cuticle.cp.soft_3
nc_AAACGAAAGCGAATGC-1	epithelia.cuticle.Osi18_6
nc_AAACGAAAGTAAATGC-1	epithelia.olfactory.support_9
nc_AAACGAACACTCATAG-1	trachea_15
nc_AAACGAACATCGTCCT-1	muscle.rbm24_0
nc_AAACGAACATTCTGTT-1	epithelia.cuticle.Osi17_4
nc_AAACGAAGTACGATCT-1	fat.body_10
nc_AAACGAAGTAGGGTAC-1	fat.body_10
nc_AAACGAAGTCCGTACG-1	epithelia.cuticle.cp.rigid_7
nc_AAACGAAGTCGATGCC-1	epithelia.cuticle.cp.other_1
nc_AAACGAATCAGCTAGT-1	epithelia.cuticle.cp.soft_3
nc_AAACGAATCTACGGTA-1	epithelia.olfactory.support_9
nc_AAACGAATCTTCGGAA-1	muscle.rbm24_0
nc_AAACGCTAGGTACTGG-1	muscle.rbm24_0
nc_AAACGCTCAAAGGGTC-1	epithelia.cuticle.cp.other_1
nc_AAACGCTCAACAAGAT-1	epithelia.cuticle.cp.other_1
nc_AAACGCTCAGCAGACA-1	epithelia.cuticle.Osi16_2
nc_AAACGCTGTATTTCGG-1	epithelia.olfactory.support_9
nc_AAACGCTGTCTTACAG-1	epithelia.cuticle.Osi16_2
nc_AAACGCTGTTCTCAGA-1	epithelia.olfactory.support_9
nc_AAACGCTTCGAAGGAC-1	muscle.rbm24_0
nc_AAACGCTTCTCGTTTA-1	muscle.rbm24_0
nc_AAAGAACCACAACATC-1	epithelia.cuticle.cp.soft_3
nc_AAAGAACCACACGCCA-1	glia2_18
nc_AAAGAACCACCAGGTC-1	muscle.rbm24_0
nc_AAAGAACGTTTCGGCG-1	epithelia.cuticle.cp.other_1
nc_AAAGAACTCACGATAC-1	epithelia.cuticle.Osi17_4
nc_AAAGAACTCATTTGGG-1	epithelia.cuticle.Osi17_4
nc_AAAGAACTCCATCACC-1	epithelia.cuticle.Osi18_6
nc_AAAGAACTCCATCTGC-1	epithelia.cuticle.Osi17_4
nc_AAAGAACTCCCGAGAC-1	epithelia.cuticle.cp.other_1
nc_AAAGAACTCTTCTAAC-1	muscle.rbm24_0
nc_AAAGGATAGAACAGGA-1	gland.corpora-allata_22
nc_AAAGGATAGAGCCCAA-1	epithelia.cuticle.cp.other_1
nc_AAAGGATAGAGTGAAG-1	muscle.rbm24_0
nc_AAAGGATAGGTCACCC-1	epithelia.tendon_5
nc_AAAGGATAGGTCTACT-1	epithelia.tendon_5
nc_AAAGGATCAATTTCGG-1	epithelia.cuticle.cp.other_1
nc_AAAGGATCAGTTAGAA-1	epithelia.cuticle.Osi16_2
nc_AAAGGATGTAGCCCTG-1	muscle.rbm24_0
nc_AAAGGATTCAAACCTG-1	epithelia.olfactory.support_9
nc_AAAGGATTCTGAGTCA-1	fat.body_10
nc_AAAGGATTCTTTCGAT-1	epithelia.olfactory.support_9
nc_AAAGGGCAGAGTGTGC-1	epithelia.cuticle.Osi16_2
nc_AAAGGGCCAGGGTTGA-1	epithelia.cuticle.cp.soft_3
nc_AAAGGGCCATCTATCT-1	epithelia.cuticle.Osi16_2
nc_AAAGGGCGTAACGGTG-1	epithelia.cuticle.Osi18_6
nc_AAAGGGCGTGGCTGCT-1	muscle.rbm24_0
nc_AAAGGGCTCACGTAGT-1	muscle.rbm24_0
nc_AAAGGTAAGACCACGA-1	glia1_8
nc_AAAGGTAAGAGGTCGT-1	muscle.rbm24_0
nc_AAAGGTAAGATTGACA-1	epithelia.cuticle.cp.other_1
nc_AAAGGTAAGGATTTCC-1	muscle.rbm24_0
nc_AAAGGTAAGTTACGGG-1	epithelia.tendon_5
nc_AAAGGTACAAAGCTCT-1	muscle.rbm24_0
nc_AAAGGTACAACATACC-1	epithelia.cuticle.Osi16_2
nc_AAAGGTACAGCAGTCC-1	epithelia.cuticle.cp.other_1
nc_AAAGGTAGTAGACGGT-1	epithelia.cuticle.cp.other_1
nc_AAAGGTAGTGATTCAC-1	epithelia.cuticle.Osi16_2
nc_AAAGGTAGTGTCTTGA-1	epithelia.cuticle.Osi18_6
nc_AAAGGTAGTGTGCTTA-1	epithelia.cuticle.cp.soft_3
nc_AAAGGTAGTTTGCAGT-1	epithelia.cuticle.Osi16_2
nc_AAAGGTATCATTCGGA-1	epithelia.cuticle.cp.rigid_7
nc_AAAGGTATCGAAGCCC-1	epithelia.tendon_5
nc_AAAGGTATCTAGAGCT-1	muscle.rbm24_0
nc_AAAGGTATCTGAGTCA-1	glia1_8
nc_AAAGTCCAGCATCAGG-1	muscle.rbm24_0
nc_AAAGTCCAGTTGCATC-1	epithelia.cuticle.Osi17_4
nc_AAAGTCCCACGACCTG-1	epithelia.cuticle.Osi17_4
nc_AAAGTCCGTGAGATAT-1	epithelia.tendon_5
nc_AAAGTCCTCAGCTCTC-1	muscle.rbm24_0
nc_AAAGTCCTCCGCTAGG-1	muscle.rbm24_0
nc_AAAGTCCTCCGTAGTA-1	muscle.rbm24_0
nc_AAAGTCCTCCTTCTTC-1	epithelia.cuticle.cp.other_1
nc_AAAGTCCTCGGAGCAA-1	epithelia.cuticle.cp.soft_3
nc_AAAGTCCTCGGCAGTC-1	muscle.rbm24_0
nc_AAAGTCCTCGTTTACT-1	epithelia.cuticle.cp.other_1
nc_AAAGTCCTCTTAGCTT-1	epithelia.cuticle.cp.other_1
nc_AAAGTGAAGCATAGGC-1	muscle.rbm24_0
nc_AAAGTGAAGCGACTAG-1	neuron.cholinergic_11
nc_AAAGTGAAGCTGCCTG-1	epithelia.olfactory.support_9
nc_AAAGTGAAGGCCACTC-1	epithelia.olfactory.support_9
nc_AAAGTGACAACGGCCT-1	epithelia.cuticle.cp.soft_3
nc_AAAGTGACACACCGCA-1	muscle.rbm24_0
nc_AAAGTGACAGGCCCTA-1	neuroglioblast.ol_14
nc_AAAGTGACAGTCAACT-1	muscle.rbm24_0
nc_AAAGTGACAGTTACCA-1	muscle.rbm24_0
nc_AAAGTGAGTACGATGG-1	epithelia.cuticle.Osi17_4
nc_AAAGTGAGTGGCTTAT-1	muscle.rbm24_0
nc_AAAGTGAGTTCGAACT-1	epithelia.tendon_5
nc_AAAGTGATCCGGCAAC-1	epithelia.cuticle.cp.soft_3
nc_AAAGTGATCCTGGTCT-1	epithelia.cuticle.Osi18_6
nc_AAAGTGATCGGCCTTT-1	epithelia.cuticle.cp.other_1
nc_AAATGGACAATAGGAT-1	muscle.rbm24_0
nc_AAATGGACAATAGTCC-1	muscle.rbm24_0
nc_AAATGGACACCCTGAG-1	muscle.rbm24_0
nc_AAATGGACACTAGTAC-1	epithelia.cuticle.cp.soft_3
nc_AAATGGACATCGGTTA-1	epithelia.cuticle.Osi17_4
nc_AAATGGACATGTGGCC-1	neuron.cholinergic_11
nc_AAATGGACATTGCTTT-1	muscle.rbm24_0
nc_AAATGGAGTACCGTCG-1	muscle.rbm24_0
nc_AAATGGAGTCCTCATC-1	epithelia.tendon_5
nc_AAATGGAGTCTCCTGT-1	epithelia.olfactory.support_9
nc_AAATGGATCAAATAGG-1	neuron.cholinergic_11
nc_AAATGGATCACTGGGC-1	epithelia.tendon_5
nc_AAATGGATCCTTCAGC-1	epithelia.cuticle.cp.other_1
nc_AAATGGATCGACCAAT-1	epithelia.cuticle.cp.other_1
nc_AAATGGATCGCCTAGG-1	epithelia.cuticle.Osi16_2
nc_AAATGGATCGCTTAAG-1	trachea_15
nc_AACAAAGAGACGGATC-1	epithelia.cuticle.Osi16_2
nc_AACAAAGAGACTGGGT-1	epithelia.cuticle.Osi17_4
nc_AACAAAGAGAGGGTCT-1	epithelia.cuticle.Osi14_12
nc_AACAAAGAGATACTGA-1	epithelia.cuticle.Osi18_6
nc_AACAAAGAGTACAGCG-1	epithelia.cuticle.cp.soft_3
nc_AACAAAGCACAAGCAG-1	epithelia.cuticle.Osi18_6
nc_AACAAAGCACCGCTAG-1	muscle.rbm24_0
nc_AACAAAGCATTAAAGG-1	epithelia.cuticle.Osi16_2
nc_AACAAAGGTCACGTGC-1	epithelia.cuticle.cp.other_1
nc_AACAAAGGTGCGTTTA-1	epithelia.cuticle.Osi17_4
nc_AACAAAGGTTACCCAA-1	muscle.rbm24_0
nc_AACAAAGTCTTGCAGA-1	epithelia.tendon_5
nc_AACAACCAGCATTTCG-1	trachea_15
nc_AACAACCAGTTCTACG-1	trachea_15
nc_AACAACCCACGCAGTC-1	epithelia.cuticle.Osi16_2
nc_AACAACCCAGAACGCA-1	epithelia.cuticle.cp.soft_3
nc_AACAACCGTATGATCC-1	epithelia.cuticle.cp.soft_3
nc_AACAACCGTGCCTACG-1	muscle.rbm24_0
nc_AACAACCGTGGCTGAA-1	epithelia.cuticle.Osi14_12
nc_AACAACCGTGTTAAAG-1	epithelia.cuticle.cp.rigid_7
nc_AACAACCTCGACCTAA-1	fat.body_10
nc_AACAACCTCGTCCATC-1	epithelia.cuticle.Osi14_12
nc_AACAACCTCGTGCACG-1	glia1_8
nc_AACAAGAAGGAAGTCC-1	epithelia.cuticle.Osi16_2
nc_AACAAGACACATTCTT-1	epithelia.cuticle.Osi16_2
nc_AACAAGAGTCCAAAGG-1	secretory-ECM_21
nc_AACAAGATCATCTGTT-1	epithelia.tendon_5
nc_AACAAGATCTAGCCAA-1	epithelia.cuticle.cp.soft_3
nc_AACACACAGGTTCACT-1	epithelia.tendon_5
nc_AACACACAGTGGACTG-1	epithelia.olfactory.support_9
nc_AACACACCAAGGTACG-1	epithelia.cuticle.cp.soft_3
nc_AACACACCAGTTGTTG-1	epithelia.cuticle.cp.other_1
nc_AACACACGTGGATCAG-1	epithelia.cuticle.Osi14_12
nc_AACACACGTTCACCGG-1	epithelia.cuticle.Osi17_4
nc_AACACACGTTTCAGAC-1	muscle.rbm24_0
nc_AACACACGTTTGAACC-1	muscle.rbm24_0
nc_AACACACTCCACGTAA-1	epithelia.cuticle.cp.other_1
nc_AACACACTCCTCAGGG-1	epithelia.cuticle.cp.soft_3
nc_AACACACTCCTGGGTG-1	muscle.rbm24_0
nc_AACACACTCTCATGCC-1	epithelia.cuticle.cp.rigid_7
nc_AACAGGGAGAGCATTA-1	muscle.rbm24_0
nc_AACAGGGAGGCGTTGA-1	epithelia.cuticle.cp.other_1
nc_AACAGGGCAATAGAGT-1	muscle.rbm24_0
nc_AACAGGGGTACGAGCA-1	epithelia.cuticle.cp.soft_3
nc_AACAGGGGTGCCCTTT-1	epithelia.cuticle.Osi18_6
nc_AACAGGGGTTCTCGCT-1	epithelia.cuticle.cp.soft_3
nc_AACAGGGGTTGGAGGT-1	epithelia.cuticle.Osi18_6
nc_AACAGGGTCACCGACG-1	epithelia.cuticle.cp.soft_3
nc_AACAGGGTCACTTATC-1	neuron.cholinergic_11
nc_AACCAACGTCGATTCA-1	epithelia.cuticle.Osi16_2
nc_AACCAACGTCGTGATT-1	fat.body_10
nc_AACCAACGTGACAACG-1	epithelia.cuticle.Osi14_12
nc_AACCAACGTGCGAACA-1	epithelia.cuticle.Osi16_2
nc_AACCAACGTGCTCTTC-1	muscle.tup_19
nc_AACCAACTCACCATCC-1	epithelia.cuticle.cp.other_1
nc_AACCAACTCCACTGGG-1	epithelia.cuticle.Osi17_4
nc_AACCAACTCCCAGGCA-1	muscle.rbm24_0
nc_AACCAACTCCCATAAG-1	hemocyte_16
nc_AACCAACTCTGTACAG-1	neuroglioblast.castor_17
nc_AACCACAAGTTTGAGA-1	epithelia.cuticle.Osi14_12
nc_AACCACACACACCGAC-1	epithelia.cuticle.cp.other_1
nc_AACCACACACAGCTGC-1	epithelia.cuticle.cp.soft_3
nc_AACCACACAGGACTTT-1	epithelia.tendon_5
nc_AACCACAGTACTGCCG-1	neuron.cholinergic_11
nc_AACCACAGTCACTTCC-1	fat.body_10
nc_AACCACATCAATCTTC-1	epithelia.cuticle.Osi18_6
nc_AACCACATCACGGTCG-1	muscle.rbm24_0
nc_AACCACATCATGTCAG-1	muscle.rbm24_0
nc_AACCACATCCGCGATG-1	muscle.rbm24_0
nc_AACCACATCTCTTCAA-1	epithelia.cuticle.Osi18_6
nc_AACCATGAGAGAGCCT-1	epithelia.cuticle.cp.soft_3
nc_AACCATGAGCCGTAAG-1	epithelia.cuticle.cp.other_1
nc_AACCATGAGCGCCTAC-1	epithelia.cuticle.Osi18_6
nc_AACCATGAGGCAATGC-1	epithelia.cuticle.cp.other_1
nc_AACCATGAGTCTAACC-1	epithelia.cuticle.cp.other_1
nc_AACCATGAGTCTGCGC-1	muscle.rbm24_0
nc_AACCATGCATCCCACT-1	epithelia.cuticle.cp.rigid_7
nc_AACCATGCATTCCTCG-1	trachea_15
nc_AACCATGCATTCGATG-1	epithelia.cuticle.cp.soft_3
nc_AACCATGGTACAAGTA-1	muscle.rbm24_0
nc_AACCATGTCTGATTCT-1	epithelia.tendon_5
nc_AACCCAACAGCGGTCT-1	muscle.rbm24_0
nc_AACCCAACAGCGTACC-1	epithelia.olfactory.support_9
nc_AACCCAAGTGCGTGCT-1	neuroglioblast.ol_14
nc_AACCCAAGTGCTATTG-1	muscle.rbm24_0
nc_AACCCAATCACGATAC-1	epithelia.cuticle.Osi16_2
nc_AACCCAATCAGAGCGA-1	epithelia.cuticle.Osi17_4
nc_AACCCAATCGGAAACG-1	epithelia.cuticle.cp.soft_3
nc_AACCCAATCTACAGGT-1	muscle.tup_19
nc_AACCCAATCTGGTGGC-1	muscle.tup_19
nc_AACCTGAAGCATGAAT-1	epithelia.cuticle.cp.other_1
nc_AACCTGAGTATCCCTC-1	muscle.rbm24_0
nc_AACCTGAGTGACAACG-1	muscle.rbm24_0
nc_AACCTGATCTATTCGT-1	muscle.rbm24_0
nc_AACCTTTAGCCAGACA-1	muscle.rbm24_0
nc_AACCTTTAGGGAGGAC-1	epithelia.cuticle.cp.other_1
nc_AACCTTTAGTGCTCGC-1	epithelia.cuticle.Osi14_12
nc_AACCTTTCACTTCAGA-1	epithelia.cuticle.Osi17_4
nc_AACCTTTCAGACCTGC-1	epithelia.cuticle.Osi17_4
nc_AACCTTTCAGCCCAGT-1	epithelia.tendon_5
nc_AACCTTTCATCCCACT-1	muscle.rbm24_0
nc_AACCTTTGTACCGTCG-1	fat.body_10
nc_AACCTTTTCAAGGCTT-1	epithelia.cuticle.Osi16_2
nc_AACCTTTTCACTCTTA-1	epithelia.cuticle.cp.other_1
nc_AACCTTTTCGGTGCAC-1	epithelia.cuticle.cp.other_1
nc_AACCTTTTCTAGGCCG-1	epithelia.tendon_5
nc_AACCTTTTCTGCTTTA-1	epithelia.cuticle.cp.soft_3
nc_AACGAAAAGCACCGAA-1	epithelia.cuticle.Osi16_2
nc_AACGAAAAGCATTTCG-1	muscle.rbm24_0
nc_AACGAAAAGCGCTTCG-1	epithelia.cuticle.Osi17_4
nc_AACGAAAAGCTGGCCT-1	epithelia.cuticle.Osi18_6
nc_AACGAAACACCGAATT-1	muscle.rbm24_0
nc_AACGAAACAGAGCCCT-1	muscle.rbm24_0
nc_AACGAAACAGCAGTGA-1	epithelia.cuticle.cp.soft_3
nc_AACGAAAGTCTGTAGT-1	muscle.rbm24_0
nc_AACGAAATCAGCTGTA-1	epithelia.cuticle.Osi16_2
nc_AACGAAATCGTGCGAC-1	neuroglioblast.ol_14
nc_AACGGGAAGGTCTACT-1	epithelia.cuticle.Osi17_4
nc_AACGGGAAGTATCTGC-1	epithelia.cuticle.Osi16_2
nc_AACGGGAAGTCATCCA-1	muscle.rbm24_0
nc_AACGGGAAGTGAACAT-1	muscle.rbm24_0
nc_AACGGGAGTTGGATCT-1	trachea_15
nc_AACGGGAGTTGTTGTG-1	epithelia.cuticle.Osi14_12
nc_AACGGGATCAGCATTG-1	epithelia.cuticle.biosynthesis_13
nc_AACGGGATCGCTACGG-1	epithelia.cuticle.cp.soft_3
nc_AACGGGATCTGCAGCG-1	neuron.cholinergic_11
nc_AACGTCAAGACATAGT-1	glia1_8
nc_AACGTCAAGAGCCTGA-1	muscle.rbm24_0
nc_AACGTCACAAAGGTTA-1	neuron.chol.ciliated_20
nc_AACGTCACACCAGCTG-1	muscle.rbm24_0
nc_AACGTCACAGTCGCTG-1	epithelia.cuticle.cp.other_1
nc_AACGTCACATATGGCT-1	hemocyte_16
nc_AACGTCACATTGTCGA-1	epithelia.cuticle.Osi16_2
nc_AACGTCAGTCTACGTA-1	epithelia.tendon_5
nc_AACGTCAGTTGTTTGG-1	neuron.cholinergic_11
nc_AACGTCATCACTCACC-1	epithelia.tendon_5
nc_AACGTCATCCACTTTA-1	epithelia.cuticle.cp.soft_3
nc_AACGTCATCCAGTGTA-1	neuroglioblast.castor_17
nc_AACTTCTAGGGATGTC-1	fat.body_10
nc_AACTTCTCAACCTATG-1	muscle.rbm24_0
nc_AACTTCTCACGGCACT-1	neuron.cholinergic_11
nc_AACTTCTCACTAGGTT-1	epithelia.olfactory.support_9
nc_AACTTCTCAGATTAAG-1	epithelia.cuticle.cp.soft_3
nc_AACTTCTCATCAGTCA-1	muscle.rbm24_0
nc_AACTTCTCATGTGCCG-1	epithelia.cuticle.cp.soft_3
nc_AACTTCTGTGGTCTGC-1	epithelia.cuticle.cp.other_1
nc_AACTTCTGTTCCCAAA-1	neuron.cholinergic_11
nc_AACTTCTTCAGGTAAA-1	epithelia.cuticle.cp.rigid_7
nc_AACTTCTTCCTGGTCT-1	muscle.rbm24_0
nc_AAGAACAAGAGTGGCT-1	epithelia.cuticle.cp.other_1
nc_AAGAACAAGGAATTAC-1	epithelia.cuticle.cp.soft_3
nc_AAGAACAAGGCCACTC-1	epithelia.cuticle.Osi17_4
nc_AAGAACAAGGTTAAAC-1	epithelia.cuticle.cp.other_1
nc_AAGAACACAATCCTAG-1	glia1_8
nc_AAGAACACAATTGAGA-1	epithelia.cuticle.Osi17_4
nc_AAGAACACAGCTGGTC-1	epithelia.cuticle.Osi16_2
nc_AAGAACACAGTCGAGA-1	epithelia.cuticle.Osi16_2
nc_AAGAACAGTGCTATTG-1	epithelia.cuticle.cp.soft_3
nc_AAGAACAGTTCTCTAT-1	epithelia.cuticle.cp.soft_3
nc_AAGAACATCACATACG-1	epithelia.cuticle.cp.other_1
nc_AAGAACATCTAGCATG-1	epithelia.cuticle.Osi16_2
nc_AAGACAAAGCCTCTTC-1	muscle.rbm24_0
nc_AAGACAAAGGTAAACT-1	epithelia.cuticle.Osi18_6
nc_AAGACAAAGGTCACTT-1	epithelia.cuticle.cp.other_1
nc_AAGACAAAGTACTCGT-1	epithelia.cuticle.cp.soft_3
nc_AAGACAAAGTCCGTCG-1	epithelia.tendon_5
nc_AAGACAACAACCCTAA-1	epithelia.cuticle.cp.other_1
nc_AAGACAACACATATGC-1	muscle.rbm24_0
nc_AAGACAACACCAGTTA-1	epithelia.cuticle.Osi18_6
nc_AAGACAACAGCACGAA-1	fat.body_10
nc_AAGACAACAGGAACCA-1	epithelia.cuticle.Osi16_2
nc_AAGACAACAGGCATTT-1	muscle.rbm24_0
nc_AAGACAAGTAATTAGG-1	glia1_8
nc_AAGACAAGTAGCTTTG-1	muscle.rbm24_0
nc_AAGACAAGTATTTCCT-1	neuron.cholinergic_11
nc_AAGACAAGTGCGGCTT-1	epithelia.cuticle.Osi14_12
nc_AAGACAAGTGGGAGAG-1	muscle.rbm24_0
nc_AAGACAAGTGTAGCAG-1	neuron.cholinergic_11
nc_AAGACAATCATAGAGA-1	epithelia.cuticle.Osi16_2
nc_AAGACAATCATTGCCC-1	muscle.rbm24_0
nc_AAGACAATCCACAGCG-1	muscle.rbm24_0
nc_AAGACAATCCGTTGAA-1	epithelia.olfactory.support_9
nc_AAGACAATCGGTCTGG-1	epithelia.cuticle.Osi16_2
nc_AAGACTCAGAAGGCTC-1	epithelia.cuticle.cp.soft_3
nc_AAGACTCAGATGGCAC-1	muscle.rbm24_0
nc_AAGACTCAGCCTGACC-1	epithelia.cuticle.cp.other_1
nc_AAGACTCAGGTTCTAC-1	muscle.rbm24_0
nc_AAGACTCCACCACATA-1	epithelia.cuticle.Osi14_12
nc_AAGACTCCATCTTTCA-1	epithelia.cuticle.biosynthesis_13
nc_AAGACTCGTATCGAGG-1	muscle.rbm24_0
nc_AAGACTCGTCGACGCT-1	epithelia.cuticle.cp.rigid_7
nc_AAGACTCGTGTTAAAG-1	epithelia.cuticle.cp.other_1
nc_AAGACTCGTGTTGATC-1	glia1_8
nc_AAGATAGAGCACTCGC-1	neuron.cholinergic_11
nc_AAGATAGCAGCACAAG-1	muscle.rbm24_0
nc_AAGATAGGTAAGCAAT-1	gland.corpora-allata_22
nc_AAGATAGTCGTCTAAG-1	epithelia.olfactory.support_9
nc_AAGCATCCAAGTGTCT-1	epithelia.olfactory.support_9
nc_AAGCATCCAGACAAGC-1	epithelia.cuticle.cp.rigid_7
nc_AAGCATCCAGTAACCT-1	epithelia.cuticle.Osi17_4
nc_AAGCATCGTTACGATC-1	muscle.rbm24_0
nc_AAGCCATAGAGTGACC-1	epithelia.cuticle.cp.other_1
nc_AAGCCATAGCATCAAA-1	epithelia.cuticle.Osi16_2
nc_AAGCCATAGCGGTATG-1	epithelia.cuticle.Osi17_4
nc_AAGCCATAGGAGAATG-1	epithelia.olfactory.support_9
nc_AAGCCATAGGATACAT-1	epithelia.cuticle.cp.soft_3
nc_AAGCCATAGTATAACG-1	epithelia.cuticle.Osi16_2
nc_AAGCCATAGTGGTTCT-1	epithelia.tendon_5
nc_AAGCCATCAACAAAGT-1	glia1_8
nc_AAGCCATCAATACGAA-1	epithelia.cuticle.cp.other_1
nc_AAGCCATCAGTGCCTG-1	epithelia.cuticle.cp.soft_3
nc_AAGCCATGTCCACTTC-1	epithelia.olfactory.support_9
nc_AAGCCATTCGCCAACG-1	epithelia.cuticle.Osi16_2
nc_AAGCCATTCTTCTGTA-1	epithelia.cuticle.cp.soft_3
nc_AAGCGAGAGAACAAGG-1	epithelia.cuticle.Osi16_2
nc_AAGCGAGAGCATTGTC-1	epithelia.cuticle.cp.other_1
nc_AAGCGAGAGGCCTTGC-1	muscle.tup_19
nc_AAGCGAGCACCTGCGA-1	epithelia.tendon_5
nc_AAGCGAGCACTAACGT-1	muscle.rbm24_0
nc_AAGCGAGCAGAAATCA-1	epithelia.tendon_5
nc_AAGCGAGCATTGAGGG-1	epithelia.cuticle.Osi16_2
nc_AAGCGAGGTAGTAAGT-1	epithelia.cuticle.Osi18_6
nc_AAGCGAGGTTTCCCAC-1	hemocyte_16
nc_AAGCGAGTCATGCATG-1	epithelia.cuticle.Osi14_12
nc_AAGCGAGTCCAGCACG-1	muscle.rbm24_0
nc_AAGCGAGTCCCTCTTT-1	epithelia.cuticle.cp.other_1
nc_AAGCGAGTCGTTCAGA-1	epithelia.cuticle.cp.other_1
nc_AAGCGTTAGATAGTCA-1	epithelia.cuticle.Osi16_2
nc_AAGCGTTAGCATCCCG-1	muscle.rbm24_0
nc_AAGCGTTAGGCGAAGG-1	hemocyte_16
nc_AAGCGTTCAAGGTCAG-1	epithelia.olfactory.support_9
nc_AAGCGTTCACGCGTCA-1	epithelia.cuticle.cp.soft_3
nc_AAGCGTTCATCCGTTC-1	epithelia.cuticle.Osi16_2
nc_AAGCGTTGTAGACACG-1	epithelia.cuticle.cp.soft_3
nc_AAGCGTTGTATAGGAT-1	fat.body_10
nc_AAGCGTTGTATGAGGC-1	epithelia.olfactory.support_9
nc_AAGCGTTTCCTTCTTC-1	muscle.rbm24_0
nc_AAGCGTTTCGGCCCAA-1	epithelia.cuticle.Osi16_2
nc_AAGGAATCAACGATTC-1	muscle.rbm24_0
nc_AAGGAATCAATAGGAT-1	epithelia.cuticle.biosynthesis_13
nc_AAGGAATCACTTGAAC-1	muscle.rbm24_0
nc_AAGGAATCATGTAACC-1	muscle.rbm24_0
nc_AAGGAATGTCCGGCAT-1	epithelia.cuticle.cp.soft_3
nc_AAGGAATTCCACGTAA-1	epithelia.cuticle.cp.soft_3
nc_AAGGAATTCGGCTGAC-1	neuroglioblast.ol_14
nc_AAGGTAAAGACATAAC-1	muscle.rbm24_0
nc_AAGGTAAAGAGGCCAT-1	epithelia.cuticle.Osi16_2
nc_AAGGTAAAGGCGTCCT-1	glia1_8
nc_AAGGTAAAGTCACTAC-1	muscle.rbm24_0
nc_AAGGTAACAACCGTGC-1	epithelia.cuticle.Osi18_6
nc_AAGGTAACAGCTGTTA-1	epithelia.cuticle.cp.soft_3
nc_AAGGTAACATATCGGT-1	epithelia.cuticle.Osi16_2
nc_AAGGTAACATGGTACT-1	epithelia.cuticle.cp.soft_3
nc_AAGGTAAGTCCTGAAT-1	glia2_18
nc_AAGGTAAGTTCCCAAA-1	epithelia.cuticle.cp.soft_3
nc_AAGGTAAGTTGAATCC-1	trachea_15
nc_AAGGTAATCAAGTCGT-1	epithelia.cuticle.Osi16_2
nc_AAGGTAATCTTCTCAA-1	epithelia.cuticle.cp.other_1
nc_AAGTACCCAGCAGATG-1	epithelia.tendon_5
nc_AAGTACCGTGTTCATG-1	epithelia.olfactory.support_9
nc_AAGTACCTCGAGAACG-1	epithelia.olfactory.support_9
nc_AAGTCGTAGACTCATC-1	epithelia.cuticle.Osi18_6
nc_AAGTCGTAGCGATGAC-1	glia1_8
nc_AAGTCGTAGTAAGACT-1	muscle.rbm24_0
nc_AAGTCGTCAATGAACA-1	epithelia.tendon_5
nc_AAGTCGTCACGGCGTT-1	epithelia.cuticle.cp.soft_3
nc_AAGTCGTCAGACACCC-1	epithelia.tendon_5
nc_AAGTCGTCATGAGATA-1	trachea_15
nc_AAGTCGTCATGGGATG-1	epithelia.olfactory.support_9
nc_AAGTCGTGTGTTATCG-1	muscle.rbm24_0
nc_AAGTCGTTCATCTACT-1	muscle.rbm24_0
nc_AAGTCGTTCGAGTGAG-1	epithelia.olfactory.support_9
nc_AAGTCGTTCTAGCCTC-1	epithelia.cuticle.Osi16_2
nc_AAGTGAAAGAAGGCTC-1	neuron.cholinergic_11
nc_AAGTGAAAGACTTCAC-1	glia2_18
nc_AAGTGAAAGATGCTTC-1	epithelia.cuticle.Osi16_2
nc_AAGTGAAAGCCTGGAA-1	epithelia.cuticle.Osi16_2
nc_AAGTGAACAGATTAAG-1	fat.body_10
nc_AAGTGAACAGCCGTCA-1	muscle.rbm24_0
nc_AAGTGAACATAGGTTC-1	epithelia.cuticle.Osi16_2
nc_AAGTGAACATTCAGGT-1	epithelia.cuticle.cp.soft_3
nc_AAGTGAAGTACAGGTG-1	muscle.rbm24_0
nc_AAGTGAATCGCGTAGC-1	muscle.rbm24_0
nc_AAGTGAATCGGAGTGA-1	epithelia.cuticle.Osi16_2
nc_AAGTTCGAGCTCTTCC-1	epithelia.olfactory.support_9
nc_AAGTTCGAGGATAATC-1	neuron.cholinergic_11
nc_AAGTTCGAGTATTGCC-1	epithelia.cuticle.cp.soft_3
nc_AAGTTCGCAAAGAGTT-1	muscle.rbm24_0
nc_AAGTTCGCACCTGAAT-1	muscle.rbm24_0
nc_AAGTTCGCAGCGTAGA-1	neuroglioblast.ol_14
nc_AAGTTCGCAGGTCAGA-1	epithelia.tendon_5
nc_AAGTTCGGTACGAGCA-1	epithelia.cuticle.Osi14_12
nc_AAGTTCGGTCGAGATG-1	muscle.rbm24_0
nc_AAGTTCGGTGGAATGC-1	epithelia.cuticle.cp.rigid_7
nc_AATAGAGAGAATACAC-1	epithelia.cuticle.Osi17_4
nc_AATAGAGAGACAGCGT-1	glia1_8
nc_AATAGAGAGGACATCG-1	epithelia.cuticle.cp.soft_3
nc_AATAGAGAGGCACAAC-1	glia2_18
nc_AATAGAGAGTATCTGC-1	epithelia.cuticle.Osi17_4
nc_AATAGAGCAGGTGTGA-1	neuron.cholinergic_11
nc_AATAGAGTCAATCCGA-1	epithelia.tendon_5
nc_AATAGAGTCCAGCAAT-1	hemocyte_16
nc_AATAGAGTCCTACCGT-1	epithelia.cuticle.cp.soft_3
nc_AATAGAGTCCTGCCAT-1	epithelia.cuticle.Osi16_2
nc_AATCACGAGCCGCACT-1	muscle.tup_19
nc_AATCACGAGCGGGTAT-1	epithelia.cuticle.Osi17_4
nc_AATCACGAGGACGCTA-1	muscle.rbm24_0
nc_AATCACGAGTTGCATC-1	epithelia.cuticle.cp.other_1
nc_AATCACGCAAAGCTCT-1	muscle.rbm24_0
nc_AATCACGCAAATGATG-1	muscle.rbm24_0
nc_AATCACGCACAGTGTT-1	muscle.rbm24_0
nc_AATCACGCACATGGTT-1	epithelia.cuticle.cp.soft_3
nc_AATCACGCACCACTGG-1	muscle.rbm24_0
nc_AATCACGCACCTTCGT-1	epithelia.olfactory.support_9
nc_AATCACGGTTATCTGG-1	epithelia.cuticle.cp.rigid_7
nc_AATCACGTCGTAATGC-1	epithelia.cuticle.cp.soft_3
nc_AATCGACAGCTGTACT-1	fat.body_10
nc_AATCGACCACAGAAGC-1	muscle.rbm24_0
nc_AATCGACCAGGTTCGC-1	muscle.rbm24_0
nc_AATCGACCAGGTTTAC-1	muscle.rbm24_0
nc_AATCGACCATGTTTGG-1	muscle.rbm24_0
nc_AATCGACGTACGAGTG-1	epithelia.cuticle.cp.other_1
nc_AATCGACGTGCATGTT-1	glia1_8
nc_AATCGACTCAATCGGT-1	muscle.rbm24_0
nc_AATCGACTCCAACCAA-1	muscle.rbm24_0
nc_AATCGACTCGCTCATC-1	muscle.rbm24_0
nc_AATCGACTCTAGCCTC-1	muscle.rbm24_0
nc_AATCGACTCTATGCCC-1	muscle.rbm24_0
nc_AATCGACTCTGAGGCC-1	epithelia.olfactory.support_9
nc_AATCGTGAGCCGATAG-1	epithelia.tendon_5
nc_AATCGTGAGGGCAGAG-1	epithelia.cuticle.cp.soft_3
nc_AATCGTGCAAGGTCAG-1	epithelia.olfactory.support_9
nc_AATCGTGCAGTAACGG-1	epithelia.cuticle.Osi18_6
nc_AATCGTGGTAGGATAT-1	muscle.rbm24_0
nc_AATCGTGTCACGATAC-1	muscle.rbm24_0
nc_AATCGTGTCATCGACA-1	epithelia.cuticle.cp.soft_3
nc_AATCGTGTCCGATGTA-1	epithelia.cuticle.Osi18_6
nc_AATGAAGAGAGAGCCT-1	epithelia.cuticle.Osi18_6
nc_AATGAAGAGGCCGCTT-1	epithelia.cuticle.cp.soft_3
nc_AATGAAGAGTGCACTT-1	epithelia.cuticle.Osi16_2
nc_AATGAAGCAAACACCT-1	epithelia.tendon_5
nc_AATGAAGCAAGCGAGT-1	muscle.rbm24_0
nc_AATGAAGCAAGGGTCA-1	muscle.rbm24_0
nc_AATGAAGCACGATTCA-1	epithelia.cuticle.cp.soft_3
nc_AATGAAGGTAGTATAG-1	muscle.rbm24_0
nc_AATGAAGGTCAAACGG-1	epithelia.cuticle.Osi16_2
nc_AATGAAGGTCATTGCA-1	epithelia.cuticle.Osi17_4
nc_AATGAAGTCCCTCGTA-1	epithelia.cuticle.Osi16_2
nc_AATGAAGTCGAGTACT-1	epithelia.cuticle.cp.soft_3
nc_AATGACCAGGAAACGA-1	epithelia.cuticle.Osi14_12
nc_AATGACCAGTGATCGG-1	muscle.rbm24_0
nc_AATGACCCAATGGCAG-1	epithelia.cuticle.Osi16_2
nc_AATGACCCAATTGTGC-1	epithelia.cuticle.Osi17_4
nc_AATGACCCATATGAAG-1	muscle.rbm24_0
nc_AATGACCCATCTTTCA-1	trachea_15
nc_AATGACCGTACTAGCT-1	muscle.rbm24_0
nc_AATGACCGTCACTTAG-1	epithelia.cuticle.Osi17_4
nc_AATGACCGTGAGCGAT-1	epithelia.cuticle.cp.other_1
nc_AATGACCGTGATATAG-1	muscle.rbm24_0
nc_AATGACCGTTCTTAGG-1	epithelia.cuticle.Osi14_12
nc_AATGACCTCACCATGA-1	epithelia.cuticle.Osi18_6
nc_AATGACCTCCGCAAAT-1	muscle.rbm24_0
nc_AATGACCTCGAAACAA-1	muscle.rbm24_0
nc_AATGCCAAGCACCCAC-1	glia1_8
nc_AATGCCAAGGTCATCT-1	epithelia.cuticle.cp.other_1
nc_AATGCCAAGTAGGGTC-1	epithelia.cuticle.Osi17_4
nc_AATGCCAAGTGCCTCG-1	muscle.rbm24_0
nc_AATGCCACACTGCATA-1	epithelia.cuticle.Osi17_4
nc_AATGCCACATCCCACT-1	epithelia.cuticle.cp.soft_3
nc_AATGCCAGTATTCCTT-1	neuroglioblast.ol_14
nc_AATGCCAGTCTGGTTA-1	epithelia.olfactory.support_9
nc_AATGCCAGTTCTCGTC-1	epithelia.cuticle.Osi17_4
nc_AATGCCATCATCGCCT-1	epithelia.cuticle.cp.soft_3
nc_AATGCCATCCATCGTC-1	epithelia.cuticle.Osi16_2
nc_AATGCCATCCGATGCG-1	epithelia.tendon_5
nc_AATGGAAAGACCTCCG-1	epithelia.cuticle.cp.rigid_7
nc_AATGGAAAGCGAGTCA-1	glia1_8
nc_AATGGAAAGCTCGGCT-1	fat.body_10
nc_AATGGAAAGGAGAGGC-1	epithelia.cuticle.Osi17_4
nc_AATGGAAAGGTACAGC-1	epithelia.cuticle.Osi14_12
nc_AATGGAACAAATTGGA-1	neuroglioblast.ol_14
nc_AATGGAACAAGATCCT-1	epithelia.cuticle.cp.other_1
nc_AATGGAACAGGATCTT-1	epithelia.cuticle.cp.other_1
nc_AATGGAATCCGATGCG-1	epithelia.cuticle.Osi18_6
nc_AATGGAATCGTAACCA-1	epithelia.cuticle.cp.other_1
nc_AATGGCTAGAAGCCAC-1	muscle.rbm24_0
nc_AATGGCTAGAGGACTC-1	epithelia.cuticle.Osi17_4
nc_AATGGCTAGTTCTCTT-1	muscle.rbm24_0
nc_AATGGCTCAGGTTTAC-1	epithelia.olfactory.support_9
nc_AATGGCTGTAAGTTGA-1	epithelia.cuticle.cp.other_1
nc_AATGGCTGTAGTCACT-1	trachea_15
nc_AATGGCTGTCATCGGC-1	muscle.rbm24_0
nc_AATGGCTGTGTTCGAT-1	epithelia.cuticle.cp.other_1
nc_AATGGCTTCCCAACTC-1	epithelia.cuticle.cp.other_1
nc_AATGGCTTCCGATCTC-1	epithelia.cuticle.cp.soft_3
nc_AATGGCTTCGCCGATG-1	muscle.rbm24_0
nc_AATGGCTTCGTCGATA-1	neuron.chol.ciliated_20
nc_AATGGCTTCTCACCCA-1	epithelia.cuticle.Osi17_4
nc_AATGGCTTCTCTCGAC-1	muscle.rbm24_0
nc_AATTCCTAGCACTGGA-1	trachea_15
nc_AATTCCTAGCGACTTT-1	muscle.rbm24_0
nc_AATTCCTAGCTACGTT-1	hemocyte_16
nc_AATTCCTAGGCGAACT-1	epithelia.cuticle.Osi16_2
nc_AATTCCTAGGTGCATG-1	epithelia.cuticle.Osi18_6
nc_AATTCCTAGTCACTCA-1	muscle.rbm24_0
nc_AATTCCTAGTGCCTCG-1	epithelia.tendon_5
nc_AATTCCTCACGGAAGT-1	epithelia.cuticle.cp.soft_3
nc_AATTCCTGTAAGGCTG-1	epithelia.cuticle.cp.soft_3
nc_AATTCCTGTACGTGAG-1	epithelia.cuticle.cp.rigid_7
nc_AATTCCTGTACTCAAC-1	muscle.rbm24_0
nc_AATTCCTGTAGCGATG-1	muscle.rbm24_0
nc_AATTCCTGTATAATGG-1	muscle.rbm24_0
nc_AATTCCTGTATGAGGC-1	epithelia.cuticle.Osi16_2
nc_AATTCCTGTGGAACAC-1	epithelia.cuticle.Osi18_6
nc_AATTCCTGTGGACCAA-1	epithelia.cuticle.cp.soft_3
nc_AATTCCTGTGGTCTAT-1	epithelia.cuticle.biosynthesis_13
nc_AATTCCTTCGCAGTGC-1	muscle.rbm24_0
nc_AATTTCCAGAAACCCG-1	epithelia.cuticle.Osi14_12
nc_AATTTCCAGACTCATC-1	muscle.tup_19
nc_AATTTCCAGTACGTCT-1	epithelia.cuticle.cp.soft_3
nc_AATTTCCAGTCGCGAA-1	muscle.rbm24_0
nc_AATTTCCCACGACTAT-1	epithelia.cuticle.cp.other_1
nc_AATTTCCCACGTTCGG-1	neuron.cholinergic_11
nc_AATTTCCCACTACACA-1	muscle.rbm24_0
nc_AATTTCCCAGTTACCA-1	neuron.cholinergic_11
nc_AATTTCCCATCCAACA-1	epithelia.olfactory.support_9
nc_AATTTCCCATCTCATT-1	trachea_15
nc_AATTTCCGTACAAGCG-1	epithelia.cuticle.Osi16_2
nc_AATTTCCTCATGGTAC-1	neuroglioblast.ol_14
nc_AATTTCCTCCGTGTGG-1	epithelia.tendon_5
nc_AATTTCCTCCTTACCG-1	muscle.rbm24_0
nc_AATTTCCTCGGTTAGT-1	epithelia.olfactory.support_9
nc_AATTTCCTCTTGATTC-1	muscle.rbm24_0
nc_ACAAAGAAGGTATAGT-1	epithelia.cuticle.Osi16_2
nc_ACAAAGAAGTCACGAG-1	epithelia.cuticle.cp.other_1
nc_ACAAAGACACATACGT-1	muscle.rbm24_0
nc_ACAAAGACACTACCCT-1	epithelia.cuticle.Osi18_6
nc_ACAAAGACAGAGAATT-1	epithelia.olfactory.support_9
nc_ACAAAGAGTAAGGCCA-1	neuroglioblast.castor_17
nc_ACAAAGAGTCGATTTG-1	epithelia.cuticle.cp.soft_3
nc_ACAAAGAGTCGCGTCA-1	epithelia.cuticle.Osi17_4
nc_ACAAAGAGTGATACTC-1	hemocyte_16
nc_ACAAAGAGTTACACTG-1	epithelia.cuticle.Osi16_2
nc_ACAAAGATCCAACACA-1	epithelia.cuticle.cp.other_1
nc_ACAAAGATCCGTCCTA-1	epithelia.cuticle.cp.soft_3
nc_ACAACCAAGAAAGCGA-1	epithelia.tendon_5
nc_ACAACCAAGACGCTCC-1	epithelia.cuticle.biosynthesis_13
nc_ACAACCAAGAGTCGAC-1	epithelia.tendon_5
nc_ACAACCAAGCAGCCCT-1	muscle.rbm24_0
nc_ACAACCAGTACCTATG-1	gland.corpora-allata_22
nc_ACAACCAGTACTCGTA-1	fat.body_10
nc_ACAACCAGTCCACAGC-1	epithelia.tendon_5
nc_ACAACCAGTCGCGGTT-1	muscle.rbm24_0
nc_ACAACCAGTGATACCT-1	muscle.rbm24_0
nc_ACAACCAGTTTACTGG-1	epithelia.cuticle.Osi16_2
nc_ACAACCATCATCCTGC-1	muscle.rbm24_0
nc_ACAACCATCCACAGGC-1	epithelia.cuticle.cp.soft_3
nc_ACAACCATCTCGCTTG-1	epithelia.cuticle.Osi17_4
nc_ACAAGCTAGCCTGTGC-1	epithelia.cuticle.Osi14_12
nc_ACAAGCTAGGAACATT-1	epithelia.cuticle.cp.soft_3
nc_ACAAGCTAGTCTTCGA-1	epithelia.cuticle.Osi17_4
nc_ACAAGCTAGTGGCAGT-1	epithelia.olfactory.support_9
nc_ACAAGCTCAAGGTCGA-1	epithelia.cuticle.Osi16_2
nc_ACAAGCTCACCAGCCA-1	muscle.rbm24_0
nc_ACAAGCTCACCTCGTT-1	trachea_15
nc_ACAAGCTCAGACATCT-1	epithelia.cuticle.Osi17_4
nc_ACAAGCTCAGCAGTAG-1	epithelia.cuticle.cp.rigid_7
nc_ACAAGCTGTAGTCGTT-1	muscle.rbm24_0
nc_ACAAGCTGTCTTCGAA-1	epithelia.tendon_5
nc_ACAAGCTGTGTCTAAC-1	epithelia.cuticle.cp.soft_3
nc_ACAAGCTGTTACTCAG-1	epithelia.cuticle.Osi17_4
nc_ACAAGCTTCACCCTGT-1	epithelia.cuticle.cp.soft_3
nc_ACAAGCTTCCATTTCA-1	neuron.cholinergic_11
nc_ACAAGCTTCGGAAACG-1	epithelia.cuticle.cp.rigid_7
nc_ACAAGCTTCGGTTAGT-1	epithelia.cuticle.Osi16_2
nc_ACACAGTCACGGCACT-1	muscle.rbm24_0
nc_ACACAGTCAGTCGCAC-1	muscle.rbm24_0
nc_ACACAGTGTAACAAGT-1	epithelia.cuticle.Osi14_12
nc_ACACAGTGTCGTTGGC-1	epithelia.tendon_5
nc_ACACAGTGTTGGTACT-1	muscle.rbm24_0
nc_ACACAGTTCCCATAAG-1	epithelia.cuticle.cp.other_1
nc_ACACCAACAATGCAAA-1	trachea_15
nc_ACACCAACACGGCACT-1	epithelia.cuticle.Osi16_2
nc_ACACCAACAGAACTCT-1	muscle.rbm24_0
nc_ACACCAACAGAATTCC-1	trachea_15
nc_ACACCAACAGGTCAAG-1	epithelia.olfactory.support_9
nc_ACACCAACATACCGTA-1	muscle.rbm24_0
nc_ACACCAACATCCGTTC-1	trachea_15
nc_ACACCAACATGACAGG-1	neuron.cholinergic_11
nc_ACACCAAGTAGAGTTA-1	epithelia.cuticle.Osi16_2
nc_ACACCAAGTATCGGTT-1	epithelia.cuticle.Osi16_2
nc_ACACCAAGTCATCCCT-1	neuron.cholinergic_11
nc_ACACCAAGTGTTACAC-1	epithelia.cuticle.Osi14_12
nc_ACACCAAGTTCGATTG-1	epithelia.cuticle.cp.other_1
nc_ACACGCGAGACTCATC-1	neuroglioblast.castor_17
nc_ACACGCGAGATACAGT-1	muscle.rbm24_0
nc_ACACGCGAGATTGCGG-1	muscle.rbm24_0
nc_ACACGCGAGGCAGCTA-1	neuron.cholinergic_11
nc_ACACGCGCACTTCAGA-1	epithelia.cuticle.cp.other_1
nc_ACACGCGCAGTTAGAA-1	epithelia.cuticle.Osi16_2
nc_ACACGCGCAGTTGTCA-1	epithelia.cuticle.Osi18_6
nc_ACACGCGCATCCAATG-1	epithelia.cuticle.Osi18_6
nc_ACACGCGGTAAGATCA-1	epithelia.olfactory.support_9
nc_ACACGCGGTCACTTAG-1	epithelia.cuticle.cp.soft_3
nc_ACACGCGGTTGGTACT-1	epithelia.cuticle.cp.soft_3
nc_ACACGCGTCCGGTAGC-1	fat.body_10
nc_ACACGCGTCGAACACT-1	epithelia.cuticle.cp.soft_3
nc_ACACTGACACCGCTAG-1	muscle.rbm24_0
nc_ACACTGACATCGAACT-1	muscle.rbm24_0
nc_ACACTGAGTCCACTTC-1	epithelia.cuticle.cp.other_1
nc_ACACTGAGTCTAATCG-1	epithelia.cuticle.cp.rigid_7
nc_ACACTGATCATGAGGG-1	hemocyte_16
nc_ACACTGATCCGTCAAA-1	muscle.rbm24_0
nc_ACACTGATCGACATTG-1	epithelia.cuticle.Osi18_6
nc_ACACTGATCGCATTAG-1	epithelia.cuticle.cp.soft_3
nc_ACACTGATCTACGGGC-1	muscle.rbm24_0
nc_ACAGAAAAGATCGCCC-1	muscle.rbm24_0
nc_ACAGAAAAGCTCGGCT-1	epithelia.olfactory.support_9
nc_ACAGAAAAGGCGATAC-1	muscle.rbm24_0
nc_ACAGAAAAGTCTGGTT-1	epithelia.cuticle.cp.soft_3
nc_ACAGAAAAGTTGGACG-1	epithelia.cuticle.cp.other_1
nc_ACAGAAACACAGTGAG-1	epithelia.cuticle.cp.soft_3
nc_ACAGAAATCACTGATG-1	epithelia.cuticle.Osi18_6
nc_ACAGAAATCTACGGGC-1	trachea_15
nc_ACAGCCGCACGCGTCA-1	epithelia.cuticle.Osi18_6
nc_ACAGCCGCAGCATACT-1	muscle.rbm24_0
nc_ACAGCCGCATCCCACT-1	neuron.cholinergic_11
nc_ACAGCCGCATGCAGCC-1	epithelia.cuticle.Osi16_2
nc_ACAGCCGCATGGGCAA-1	epithelia.cuticle.Osi16_2
nc_ACAGCCGCATGGTACT-1	epithelia.cuticle.cp.other_1
nc_ACAGCCGGTCTAGATC-1	epithelia.cuticle.Osi16_2
nc_ACAGCCGGTTAAGAAC-1	hemocyte_16
nc_ACAGCCGTCACCCATC-1	epithelia.cuticle.Osi14_12
nc_ACAGCCGTCAGGAGAC-1	epithelia.cuticle.cp.other_1
nc_ACAGCCGTCGAGCACC-1	muscle.rbm24_0
nc_ACAGCCGTCGATGGAG-1	epithelia.cuticle.cp.other_1
nc_ACAGGGAAGGTTAGTA-1	epithelia.cuticle.Osi16_2
nc_ACAGGGAAGTCCTGCG-1	fat.body_10
nc_ACAGGGAAGTGCCCGT-1	epithelia.cuticle.cp.other_1
nc_ACAGGGACAACTGAAA-1	epithelia.cuticle.cp.soft_3
nc_ACAGGGACACCCTGTT-1	epithelia.cuticle.Osi17_4
nc_ACAGGGACACCTGTCT-1	epithelia.cuticle.Osi16_2
nc_ACAGGGACAGCAAGAC-1	muscle.tup_19
nc_ACAGGGACAGGTGTGA-1	epithelia.cuticle.cp.soft_3
nc_ACAGGGACAGTATTCG-1	epithelia.olfactory.support_9
nc_ACAGGGAGTACATTGC-1	epithelia.cuticle.cp.soft_3
nc_ACAGGGAGTCTAACTG-1	neuron.cholinergic_11
nc_ACAGGGAGTGGCTAGA-1	epithelia.tendon_5
nc_ACAGGGATCACATACG-1	epithelia.tendon_5
nc_ACAGGGATCATGGAGG-1	muscle.rbm24_0
nc_ACAGGGATCGCGTGCA-1	epithelia.cuticle.Osi17_4
nc_ACAGGGATCTAGTTCT-1	epithelia.cuticle.Osi18_6
nc_ACATCCCAGATAACGT-1	glia1_8
nc_ACATCCCAGCTCCACG-1	muscle.rbm24_0
nc_ACATCCCCAACTCGAT-1	hemocyte_16
nc_ACATCCCCAATGTTGC-1	glia2_18
nc_ACATCCCCACACCTGG-1	epithelia.cuticle.Osi17_4
nc_ACATCCCCACATCATG-1	epithelia.tendon_5
nc_ACATCCCGTCATCCCT-1	epithelia.cuticle.cp.rigid_7
nc_ACATCCCGTTATTCCT-1	muscle.rbm24_0
nc_ACATCCCGTTCCCAAA-1	epithelia.cuticle.Osi16_2
nc_ACATCCCTCAAGGTGG-1	glia1_8
nc_ACATCCCTCATGCCGG-1	epithelia.olfactory.support_9
nc_ACATCCCTCCTTCACG-1	epithelia.cuticle.Osi17_4
nc_ACATCCCTCTCGGCTT-1	epithelia.cuticle.cp.other_1
nc_ACATCGAAGAAGGGAT-1	epithelia.cuticle.cp.other_1
nc_ACATCGAAGACGTCGA-1	fat.body_10
nc_ACATCGACAAGAGATT-1	muscle.rbm24_0
nc_ACATCGACAATACGAA-1	muscle.rbm24_0
nc_ACATCGACATCGTGCG-1	epithelia.cuticle.Osi16_2
nc_ACATCGACATCTTCGC-1	epithelia.cuticle.cp.soft_3
nc_ACATCGACATGGCTGC-1	neuroglioblast.castor_17
nc_ACATCGAGTACGATCT-1	epithelia.olfactory.support_9
nc_ACATCGAGTAGACAAT-1	epithelia.tendon_5
nc_ACATCGAGTATGCTAC-1	epithelia.cuticle.Osi16_2
nc_ACATCGAGTGTACAGG-1	epithelia.cuticle.Osi17_4
nc_ACATCGATCAACCTCC-1	epithelia.cuticle.Osi17_4
nc_ACATCGATCACCTCAC-1	epithelia.cuticle.cp.soft_3
nc_ACATCGATCAGCGCAC-1	muscle.rbm24_0
nc_ACATCGATCAGGTGTT-1	neuroglioblast.castor_17
nc_ACATCGATCCCAGCGA-1	neuron.cholinergic_11
nc_ACATCGATCCTACCGT-1	epithelia.cuticle.cp.other_1
nc_ACATCGATCTCAAAGC-1	muscle.rbm24_0
nc_ACATCGATCTCCCATG-1	epithelia.cuticle.cp.other_1
nc_ACATCGATCTTTGGAG-1	epithelia.cuticle.Osi17_4
nc_ACATGCAAGAAACTCA-1	muscle.rbm24_0
nc_ACATGCAAGAGCATCG-1	fat.body_10
nc_ACATGCAAGAGGGTGG-1	glia2_18
nc_ACATGCAAGTCATACC-1	epithelia.cuticle.Osi16_2
nc_ACATGCAAGTCGTTAC-1	epithelia.cuticle.Osi16_2
nc_ACATGCACAACACAAA-1	muscle.rbm24_0
nc_ACATGCACACATTGTG-1	epithelia.cuticle.cp.other_1
nc_ACATGCACACGTTCGG-1	glia2_18
nc_ACATGCACACTATCGA-1	epithelia.cuticle.cp.other_1
nc_ACATGCACAGTTCTAG-1	muscle.rbm24_0
nc_ACATGCACATGAGATA-1	trachea_15
nc_ACATGCAGTGCAACGA-1	epithelia.olfactory.support_9
nc_ACATGCATCCCGTTCA-1	muscle.rbm24_0
nc_ACATGCATCCTCACTG-1	epithelia.cuticle.Osi14_12
nc_ACATGCATCCTCGCAT-1	muscle.rbm24_0
nc_ACATGCATCTGAGATC-1	muscle.rbm24_0
nc_ACATGCATCTGGTGCG-1	epithelia.cuticle.Osi16_2
nc_ACATTTCAGATAACGT-1	epithelia.cuticle.cp.soft_3
nc_ACATTTCAGCCGCACT-1	epithelia.tendon_5
nc_ACATTTCAGCTGCCTG-1	epithelia.cuticle.Osi18_6
nc_ACATTTCCAGCAGACA-1	muscle.rbm24_0
nc_ACATTTCGTCTGTCCT-1	epithelia.cuticle.Osi16_2
nc_ACATTTCTCAACTTTC-1	epithelia.cuticle.Osi18_6
nc_ACATTTCTCACGGACC-1	muscle.rbm24_0
nc_ACATTTCTCTATTTCG-1	epithelia.cuticle.Osi18_6
nc_ACATTTCTCTGGACTA-1	epithelia.cuticle.cp.other_1
nc_ACATTTCTCTGTGCGG-1	glia1_8
nc_ACCAAACAGAATGTTG-1	epithelia.cuticle.Osi16_2
nc_ACCAAACAGATTGAGT-1	epithelia.cuticle.Osi18_6
nc_ACCAAACAGCGACTTT-1	muscle.rbm24_0
nc_ACCAAACAGGATATAC-1	epithelia.cuticle.cp.other_1
nc_ACCAAACAGGCATCGA-1	neuroglioblast.castor_17
nc_ACCAAACAGTCGCCCA-1	muscle.rbm24_0
nc_ACCAAACGTAACCCTA-1	epithelia.olfactory.support_9
nc_ACCAAACGTATGTCTG-1	muscle.rbm24_0
nc_ACCAAACGTGGCATCC-1	epithelia.cuticle.Osi17_4
nc_ACCAAACTCGTTAGAC-1	muscle.rbm24_0
nc_ACCAAACTCTCTGCCA-1	epithelia.cuticle.cp.other_1
nc_ACCAAACTCTGTCCCA-1	muscle.rbm24_0
nc_ACCAACAGTTCAAGGG-1	muscle.rbm24_0
nc_ACCAACAGTTTGAACC-1	epithelia.olfactory.support_9
nc_ACCAACATCACAAGGG-1	epithelia.tendon_5
nc_ACCAACATCAGTCAGT-1	fat.body_10
nc_ACCACAAAGAGTATAC-1	muscle.rbm24_0
nc_ACCACAACAAATACAG-1	epithelia.olfactory.support_9
nc_ACCACAACACCTGCGA-1	muscle.rbm24_0
nc_ACCACAACATGCAGCC-1	epithelia.cuticle.cp.soft_3
nc_ACCACAAGTCGTGATT-1	gland.corpora-allata_22
nc_ACCACAAGTCTGTGTA-1	muscle.rbm24_0
nc_ACCACAAGTGCCTATA-1	epithelia.cuticle.biosynthesis_13
nc_ACCACAAGTGTCCTAA-1	epithelia.cuticle.Osi16_2
nc_ACCACAATCATCCTGC-1	epithelia.cuticle.cp.soft_3
nc_ACCATTTAGCAACAGC-1	epithelia.olfactory.support_9
nc_ACCATTTAGTCAAGCG-1	epithelia.tendon_5
nc_ACCATTTAGTGATTCC-1	neuroglioblast.castor_17
nc_ACCATTTAGTTGGACG-1	fat.body_10
nc_ACCATTTCAAATCGTC-1	epithelia.cuticle.cp.soft_3
nc_ACCATTTCAACAGTGG-1	epithelia.cuticle.Osi17_4
nc_ACCATTTGTAAGATTG-1	epithelia.olfactory.support_9
nc_ACCATTTGTGAGCAGT-1	hemocyte_16
nc_ACCATTTGTTGGATCT-1	epithelia.cuticle.biosynthesis_13
nc_ACCCAAAAGACATATG-1	muscle.rbm24_0
nc_ACCCAAAAGGAGTACC-1	epithelia.cuticle.cp.rigid_7
nc_ACCCAAAAGGCATCGA-1	glia2_18
nc_ACCCAAAAGGTAAGAG-1	epithelia.cuticle.cp.soft_3
nc_ACCCAAACAACCCTCT-1	epithelia.cuticle.cp.other_1
nc_ACCCAAACACCGTGAC-1	trachea_15
nc_ACCCAAACAGCTCATA-1	epithelia.cuticle.cp.soft_3
nc_ACCCAAACAGGTCCGT-1	muscle.rbm24_0
nc_ACCCAAACAGTCTACA-1	epithelia.cuticle.Osi17_4
nc_ACCCAAAGTCCTGGGT-1	muscle.rbm24_0
nc_ACCCAAATCACCTCGT-1	glia1_8
nc_ACCCAAATCCACGTCT-1	glia1_8
nc_ACCCTCAAGAGCCGAT-1	epithelia.cuticle.cp.other_1
nc_ACCCTCAAGTACAACA-1	epithelia.cuticle.Osi16_2
nc_ACCCTCAAGTCTAGAA-1	epithelia.cuticle.Osi17_4
nc_ACCCTCACAACCGATT-1	epithelia.olfactory.support_9
nc_ACCCTCACAAGTCATC-1	neuron.cholinergic_11
nc_ACCCTCACACATAACC-1	muscle.rbm24_0
nc_ACCCTCACAGAATTCC-1	muscle.rbm24_0
nc_ACCCTCACAGCCGGTT-1	epithelia.olfactory.support_9
nc_ACCCTCACAGCGCTTG-1	glia2_18
nc_ACCCTCACATACCATG-1	muscle.rbm24_0
nc_ACCCTCACATGTGGCC-1	epithelia.cuticle.cp.soft_3
nc_ACCCTCAGTAGGCTCC-1	trachea_15
nc_ACCCTCAGTATGGAGC-1	muscle.rbm24_0
nc_ACCCTCAGTTACCTGA-1	muscle.rbm24_0
nc_ACCCTCAGTTTGACAC-1	trachea_15
nc_ACCCTCATCATTACTC-1	epithelia.cuticle.Osi16_2
nc_ACCCTCATCCTTCTGG-1	muscle.rbm24_0
nc_ACCCTTGAGGTGCTGA-1	muscle.rbm24_0
nc_ACCCTTGCACCGCTAG-1	epithelia.cuticle.cp.soft_3
nc_ACCCTTGCAGGACTAG-1	glia2_18
nc_ACCCTTGCAGGGAGAG-1	epithelia.cuticle.cp.other_1
nc_ACCCTTGGTGACACGA-1	glia1_8
nc_ACCCTTGGTTTAGACC-1	glia1_8
nc_ACCCTTGTCACTCTTA-1	muscle.rbm24_0
nc_ACCCTTGTCCGAAGGA-1	epithelia.olfactory.support_9
nc_ACCGTTCCACAATCTG-1	epithelia.cuticle.cp.other_1
nc_ACCGTTCGTAGGACTG-1	epithelia.cuticle.cp.soft_3
nc_ACCGTTCGTATTTCCT-1	epithelia.cuticle.cp.soft_3
nc_ACCGTTCGTGCCGTAC-1	fat.body_10
nc_ACCGTTCGTTCGGTCG-1	epithelia.cuticle.cp.rigid_7
nc_ACCGTTCGTTGGATCT-1	trachea_15
nc_ACCGTTCTCAGCTGTA-1	epithelia.cuticle.Osi16_2
nc_ACCGTTCTCAGTCATG-1	neuron.cholinergic_11
nc_ACCGTTCTCAGTGATC-1	muscle.rbm24_0
nc_ACCGTTCTCATTTCCA-1	epithelia.cuticle.Osi17_4
nc_ACCTACCAGACGCATG-1	epithelia.cuticle.Osi16_2
nc_ACCTACCAGGCAGGGA-1	epithelia.olfactory.support_9
nc_ACCTACCAGGGAGTGG-1	epithelia.cuticle.cp.other_1
nc_ACCTACCAGTCAGAGC-1	epithelia.cuticle.Osi16_2
nc_ACCTACCGTGGACAGT-1	muscle.tup_19
nc_ACCTACCTCGTGGCTG-1	epithelia.cuticle.Osi14_12
nc_ACCTGAAAGCACTCCG-1	muscle.rbm24_0
nc_ACCTGAAAGCTGACTT-1	epithelia.cuticle.cp.soft_3
nc_ACCTGAAAGGGCCAAT-1	epithelia.cuticle.cp.soft_3
nc_ACCTGAAAGTCCGTCG-1	epithelia.olfactory.support_9
nc_ACCTGAACAAATTGGA-1	epithelia.cuticle.biosynthesis_13
nc_ACCTGAACATGCACTA-1	epithelia.cuticle.Osi17_4
nc_ACCTGAAGTCACAATC-1	neuroglioblast.ol_14
nc_ACCTGAATCGACCCAG-1	muscle.rbm24_0
nc_ACCTGAATCTCCATAT-1	epithelia.olfactory.support_9
nc_ACCTGTCAGAGAGCAA-1	muscle.rbm24_0
nc_ACCTGTCAGTACTGTC-1	neuron.cholinergic_11
nc_ACCTGTCAGTGGTCAG-1	epithelia.cuticle.cp.other_1
nc_ACCTGTCCAAGTTCCA-1	muscle.rbm24_0
nc_ACCTGTCCAGAGTTCT-1	neuroglioblast.ol_14
nc_ACCTGTCCATAACTCG-1	muscle.rbm24_0
nc_ACCTGTCGTAACCCGC-1	trachea_15
nc_ACCTGTCGTGTTCCTC-1	epithelia.cuticle.cp.other_1
nc_ACCTGTCGTTGCATCA-1	epithelia.cuticle.Osi17_4
nc_ACCTGTCTCTTACACT-1	muscle.rbm24_0
nc_ACGATCAAGCGCCATC-1	glia2_18
nc_ACGATCAAGTAACAGT-1	fat.body_10
nc_ACGATCAAGTGTAGAT-1	epithelia.tendon_5
nc_ACGATCACAGGCCTGT-1	muscle.rbm24_0
nc_ACGATCAGTAACTAAG-1	epithelia.cuticle.Osi16_2
nc_ACGATCAGTTCTAACG-1	muscle.tup_19
nc_ACGATCATCATCGGGC-1	epithelia.cuticle.Osi17_4
nc_ACGATCATCATCTATC-1	epithelia.cuticle.cp.other_1
nc_ACGATCATCATGCCCT-1	epithelia.cuticle.Osi17_4
nc_ACGATCATCCACAGCG-1	epithelia.cuticle.Osi16_2
nc_ACGATCATCGACACTA-1	muscle.tup_19
nc_ACGATCATCTACGGTA-1	epithelia.cuticle.Osi17_4
nc_ACGATGTAGAGCAGAA-1	epithelia.cuticle.cp.other_1
nc_ACGATGTAGAGTATAC-1	glia2_18
nc_ACGATGTAGGTTCTAC-1	muscle.rbm24_0
nc_ACGATGTCACAGTCGC-1	muscle.rbm24_0
nc_ACGATGTCACCCTAAA-1	muscle.rbm24_0
nc_ACGATGTCACTAGGTT-1	epithelia.cuticle.cp.other_1
nc_ACGATGTCACTTGAAC-1	muscle.rbm24_0
nc_ACGATGTCATCGGATT-1	epithelia.cuticle.biosynthesis_13
nc_ACGATGTGTCCAAGAG-1	muscle.rbm24_0
nc_ACGATGTTCACGATAC-1	neuroglioblast.castor_17
nc_ACGATGTTCCCGATCT-1	epithelia.cuticle.cp.rigid_7
nc_ACGATGTTCCCGTGAG-1	epithelia.cuticle.Osi16_2
nc_ACGATGTTCGCGTCGA-1	muscle.rbm24_0
nc_ACGATGTTCGTAGCCG-1	epithelia.cuticle.Osi16_2
nc_ACGCACGAGCAAGTCG-1	epithelia.cuticle.cp.other_1
nc_ACGCACGAGGCACTAG-1	muscle.rbm24_0
nc_ACGCACGCAACGTAAA-1	muscle.rbm24_0
nc_ACGCACGCATGTTCAG-1	muscle.rbm24_0
nc_ACGCACGGTCCGCAGT-1	epithelia.tendon_5
nc_ACGCACGGTCTTCTAT-1	neuron.cholinergic_11
nc_ACGCACGGTTAGAAGT-1	glia1_8
nc_ACGCACGTCGTACCTC-1	epithelia.cuticle.Osi16_2
nc_ACGCACGTCTGGTGCG-1	epithelia.cuticle.Osi17_4
nc_ACGGAAGAGACGGTCA-1	neuroglioblast.castor_17
nc_ACGGAAGAGCACTAGG-1	glia2_18
nc_ACGGAAGCAAATGGCG-1	muscle.rbm24_0
nc_ACGGAAGGTCGGATTT-1	epithelia.cuticle.cp.other_1
nc_ACGGAAGTCTAGTGTG-1	muscle.rbm24_0
nc_ACGGGTCAGAATTCAG-1	trachea_15
nc_ACGGGTCAGACTTCAC-1	hemocyte_16
nc_ACGGGTCAGTATGGAT-1	glia2_18
nc_ACGGGTCAGTGATAGT-1	glia1_8
nc_ACGGGTCCAAGTATAG-1	epithelia.cuticle.cp.soft_3
nc_ACGGGTCCAATCGCCG-1	trachea_15
nc_ACGGGTCGTAAGAACT-1	epithelia.cuticle.Osi17_4
nc_ACGGGTCGTGGTTTGT-1	epithelia.cuticle.cp.other_1
nc_ACGGGTCTCAGATTGC-1	epithelia.olfactory.support_9
nc_ACGGGTCTCGGCACTG-1	glia1_8
nc_ACGGGTCTCGGTTGTA-1	muscle.rbm24_0
nc_ACGGGTCTCTGGTTGA-1	epithelia.cuticle.Osi16_2
nc_ACGGTCGAGAAGGGAT-1	epithelia.cuticle.Osi16_2
nc_ACGGTCGAGACCGTTT-1	epithelia.cuticle.Osi18_6
nc_ACGGTCGAGGATATGT-1	neuron.cholinergic_11
nc_ACGGTCGAGGTGGCTA-1	neuron.cholinergic_11
nc_ACGGTCGAGTAAGACT-1	muscle.rbm24_0
nc_ACGGTCGAGTGATAGT-1	epithelia.cuticle.Osi16_2
nc_ACGGTCGCAACGACTT-1	epithelia.cuticle.Osi16_2
nc_ACGGTCGCAGGTTACT-1	epithelia.cuticle.Osi16_2
nc_ACGGTCGGTACAAAGT-1	epithelia.cuticle.cp.rigid_7
nc_ACGGTCGGTACACGTT-1	neuron.cholinergic_11
nc_ACGGTCGGTGTTAAAG-1	epithelia.tendon_5
nc_ACGGTCGTCCAGTGTA-1	epithelia.cuticle.cp.soft_3
nc_ACGGTCGTCCTGTTGC-1	epithelia.cuticle.Osi16_2
nc_ACGGTCGTCGCATGAT-1	epithelia.cuticle.cp.other_1
nc_ACGGTCGTCGGTCTAA-1	epithelia.cuticle.cp.other_1
nc_ACGGTTAAGATGCCGA-1	trachea_15
nc_ACGGTTACAAATGGCG-1	muscle.rbm24_0
nc_ACGGTTATCGACCATA-1	epithelia.cuticle.Osi16_2
nc_ACGGTTATCGGCTGAC-1	epithelia.cuticle.cp.other_1
nc_ACGGTTATCGTAACCA-1	epithelia.cuticle.cp.soft_3
nc_ACGGTTATCTATCCAT-1	epithelia.cuticle.Osi18_6
nc_ACGGTTATCTATTCGT-1	epithelia.cuticle.Osi16_2
nc_ACGGTTATCTCAAAGC-1	muscle.rbm24_0
nc_ACGTAACAGAGTCAGC-1	epithelia.cuticle.Osi16_2
nc_ACGTAACAGCTACTGT-1	muscle.rbm24_0
nc_ACGTAACAGCTCCGAC-1	epithelia.cuticle.cp.rigid_7
nc_ACGTAACAGTGATAGT-1	epithelia.cuticle.cp.rigid_7
nc_ACGTAACCAAACTCTG-1	epithelia.cuticle.Osi16_2
nc_ACGTAACCAAAGGATT-1	epithelia.olfactory.support_9
nc_ACGTAACCAACCAATC-1	epithelia.cuticle.cp.rigid_7
nc_ACGTAACCAATAGGAT-1	epithelia.tendon_5
nc_ACGTAACCATGAAAGT-1	epithelia.cuticle.Osi18_6
nc_ACGTAACGTGCTTCAA-1	epithelia.cuticle.Osi16_2
nc_ACGTAACGTTCTTAGG-1	muscle.rbm24_0
nc_ACGTAACTCCTGGCTT-1	muscle.rbm24_0
nc_ACGTACAAGGAATCGC-1	epithelia.cuticle.cp.rigid_7
nc_ACGTACAAGGGCTGAT-1	epithelia.cuticle.Osi16_2
nc_ACGTACAAGTTCATCG-1	epithelia.cuticle.Osi18_6
nc_ACGTACACACAAATAG-1	gland.corpora-allata_22
nc_ACGTACACAGTCGCAC-1	muscle.tup_19
nc_ACGTACAGTATACCCA-1	glia1_8
nc_ACGTACAGTCTAGTGT-1	epithelia.cuticle.cp.other_1
nc_ACGTACATCGCTTTAT-1	epithelia.cuticle.biosynthesis_13
nc_ACGTACATCGGTAAGG-1	epithelia.cuticle.Osi14_12
nc_ACGTACATCTGACCCT-1	epithelia.cuticle.cp.other_1
nc_ACGTACATCTTTCCAA-1	epithelia.cuticle.cp.other_1
nc_ACGTAGTAGAGCAACC-1	trachea_15
nc_ACGTAGTAGCGAGAAA-1	epithelia.cuticle.cp.soft_3
nc_ACGTAGTAGGAAGTAG-1	epithelia.cuticle.cp.soft_3
nc_ACGTAGTAGTATTCCG-1	muscle.rbm24_0
nc_ACGTAGTAGTCGTTAC-1	epithelia.cuticle.Osi18_6
nc_ACGTAGTAGTTTGCTG-1	epithelia.tendon_5
nc_ACGTAGTCAGCGATTT-1	epithelia.cuticle.cp.other_1
nc_ACGTAGTGTCAGTCGC-1	neuron.cholinergic_11
nc_ACGTAGTGTTACTCAG-1	epithelia.cuticle.cp.other_1
nc_ACGTAGTGTTAGGCCC-1	epithelia.cuticle.cp.other_1
nc_ACGTAGTTCTGAATCG-1	epithelia.olfactory.support_9
nc_ACGTCCTAGAAAGTCT-1	epithelia.cuticle.Osi16_2
nc_ACGTCCTAGAATTGCA-1	neuron.cholinergic_11
nc_ACGTCCTAGACATAAC-1	neuroglioblast.ol_14
nc_ACGTCCTCAGGTTCGC-1	epithelia.cuticle.cp.other_1
nc_ACGTCCTCATGAGTAA-1	epithelia.olfactory.support_9
nc_ACGTCCTGTGAGTAGC-1	epithelia.cuticle.cp.soft_3
nc_ACGTCCTTCCTAAACG-1	epithelia.tendon_5
nc_ACGTTCCAGACTGGGT-1	muscle.rbm24_0
nc_ACGTTCCAGCGATGCA-1	epithelia.cuticle.cp.other_1
nc_ACGTTCCAGCTGACAG-1	epithelia.cuticle.Osi14_12
nc_ACGTTCCAGGCAGCTA-1	gland.corpora-allata_22
nc_ACGTTCCAGGTCCCTG-1	hemocyte_16
nc_ACGTTCCAGTGTTGAA-1	glia1_8
nc_ACGTTCCCAATTGCCA-1	trachea_15
nc_ACGTTCCCAGTAGTGG-1	epithelia.tendon_5
nc_ACGTTCCGTACAATAG-1	epithelia.cuticle.cp.soft_3
nc_ACGTTCCGTCATCGCG-1	muscle.rbm24_0
nc_ACTACGAAGATGACAT-1	epithelia.cuticle.Osi17_4
nc_ACTACGAAGTACGTCT-1	epithelia.cuticle.Osi16_2
nc_ACTACGAAGTGATAGT-1	muscle.rbm24_0
nc_ACTACGAAGTGCAAAT-1	muscle.rbm24_0
nc_ACTACGACACACAGCC-1	epithelia.tendon_5
nc_ACTACGACACTGGAAG-1	glia2_18
nc_ACTACGACAGAGACTG-1	epithelia.cuticle.cp.soft_3
nc_ACTACGACAGCATACT-1	epithelia.cuticle.Osi16_2
nc_ACTACGAGTGTATACC-1	neuroglioblast.castor_17
nc_ACTACGATCAGTGTCA-1	epithelia.cuticle.Osi17_4
nc_ACTACGATCATCGGGC-1	epithelia.cuticle.Osi16_2
nc_ACTACGATCGAGATAA-1	fat.body_10
nc_ACTACGATCTAGGCAT-1	epithelia.cuticle.Osi16_2
nc_ACTATCTAGAGCCGTA-1	epithelia.cuticle.cp.other_1
nc_ACTATCTAGGACTATA-1	epithelia.cuticle.Osi18_6
nc_ACTATCTAGGCGACAT-1	epithelia.cuticle.Osi18_6
nc_ACTATCTAGTTGGACG-1	epithelia.cuticle.Osi16_2
nc_ACTATCTGTATGTCCA-1	epithelia.cuticle.cp.other_1
nc_ACTATCTGTCCTTAAG-1	epithelia.cuticle.Osi16_2
nc_ACTATCTGTTTGGAAA-1	epithelia.cuticle.Osi18_6
nc_ACTATCTTCCGATGCG-1	epithelia.cuticle.cp.other_1
nc_ACTATCTTCGACGACC-1	epithelia.cuticle.cp.soft_3
nc_ACTATCTTCGAGTCTA-1	muscle.rbm24_0
nc_ACTATCTTCGTCTAAG-1	epithelia.cuticle.Osi18_6
nc_ACTATCTTCTAGCCAA-1	muscle.rbm24_0
nc_ACTATCTTCTGTCAGA-1	epithelia.cuticle.Osi16_2
nc_ACTATGGAGCAGCAGT-1	epithelia.cuticle.Osi16_2
nc_ACTATGGAGGGTAATT-1	muscle.rbm24_0
nc_ACTATGGCAAACCATC-1	epithelia.tendon_5
nc_ACTATGGCAAATGGCG-1	epithelia.cuticle.cp.rigid_7
nc_ACTATGGCATCCTTCG-1	epithelia.tendon_5
nc_ACTATGGGTCAACCTA-1	epithelia.cuticle.Osi16_2
nc_ACTATGGGTCGGTGTC-1	epithelia.tendon_5
nc_ACTATGGGTTACCGTA-1	muscle.rbm24_0
nc_ACTATGGTCTAAGGAA-1	muscle.rbm24_0
nc_ACTATTCAGAGCCATG-1	epithelia.tendon_5
nc_ACTATTCAGATGGCGT-1	muscle.rbm24_0
nc_ACTATTCAGGAGGGTG-1	epithelia.cuticle.Osi17_4
nc_ACTATTCAGGCCGCTT-1	epithelia.olfactory.support_9
nc_ACTATTCAGGTAACTA-1	epithelia.cuticle.cp.other_1
nc_ACTATTCAGTGAATAC-1	epithelia.cuticle.Osi16_2
nc_ACTATTCAGTTCCAGT-1	epithelia.cuticle.cp.rigid_7
nc_ACTATTCCAATAGTGA-1	muscle.rbm24_0
nc_ACTATTCCAATCGTCA-1	muscle.rbm24_0
nc_ACTATTCCAATTTCTC-1	epithelia.olfactory.support_9
nc_ACTATTCCACGACAAG-1	epithelia.cuticle.Osi14_12
nc_ACTATTCCATCCGATA-1	epithelia.cuticle.Osi17_4
nc_ACTATTCGTACAGAAT-1	epithelia.cuticle.Osi14_12
nc_ACTATTCGTATCCCAA-1	epithelia.cuticle.Osi17_4
nc_ACTATTCGTCGAGATG-1	epithelia.cuticle.Osi16_2
nc_ACTATTCGTCGTAATC-1	epithelia.cuticle.Osi14_12
nc_ACTATTCGTGGGAGAG-1	epithelia.olfactory.support_9
nc_ACTATTCTCAACTGGT-1	muscle.rbm24_0
nc_ACTATTCTCGCAGTGC-1	epithelia.cuticle.Osi17_4
nc_ACTATTCTCGCTGCGA-1	epithelia.cuticle.cp.soft_3
nc_ACTATTCTCGGCCCAA-1	glia1_8
nc_ACTATTCTCTTAGTTC-1	muscle.rbm24_0
nc_ACTCCCAAGAAATGGG-1	epithelia.cuticle.Osi16_2
nc_ACTCCCAAGGCTAACG-1	epithelia.cuticle.cp.rigid_7
nc_ACTCCCACAAAGACGC-1	epithelia.cuticle.Osi14_12
nc_ACTCCCACAATCGAAA-1	epithelia.cuticle.Osi17_4
nc_ACTCCCACAGTGGCTC-1	epithelia.cuticle.Osi16_2
nc_ACTCCCAGTCTTACAG-1	epithelia.olfactory.support_9
nc_ACTCCCATCCCTGTTG-1	muscle.rbm24_0
nc_ACTCCCATCGCCGATG-1	epithelia.cuticle.Osi16_2
nc_ACTCCCATCTGTCGCT-1	epithelia.cuticle.Osi16_2
nc_ACTCTCGCATGTGACT-1	epithelia.cuticle.cp.other_1
nc_ACTCTCGGTCGTGGAA-1	epithelia.cuticle.cp.soft_3
nc_ACTCTCGGTGCATGTT-1	trachea_15
nc_ACTCTCGTCACAATGC-1	muscle.rbm24_0
nc_ACTCTCGTCATTTACC-1	epithelia.cuticle.Osi16_2
nc_ACTCTCGTCCCATACC-1	muscle.rbm24_0
nc_ACTCTCGTCCGTGGGT-1	muscle.rbm24_0
nc_ACTCTCGTCTCTGGTC-1	epithelia.cuticle.Osi17_4
nc_ACTGATGAGCATGAAT-1	epithelia.cuticle.cp.soft_3
nc_ACTGATGAGCTGAAGC-1	muscle.tup_19
nc_ACTGATGAGCTGACCC-1	muscle.tup_19
nc_ACTGATGAGGTGCGAT-1	muscle.rbm24_0
nc_ACTGATGAGTCTAGCT-1	muscle.rbm24_0
nc_ACTGATGAGTGCCTCG-1	glia2_18
nc_ACTGATGCAAGCTGCC-1	muscle.rbm24_0
nc_ACTGATGCAATAGTGA-1	epithelia.cuticle.cp.other_1
nc_ACTGATGCACTCCCTA-1	muscle.rbm24_0
nc_ACTGATGCAGGTTCAT-1	epithelia.cuticle.cp.other_1
nc_ACTGATGCATAATGAG-1	epithelia.cuticle.cp.other_1
nc_ACTGATGGTGCCCACA-1	epithelia.cuticle.Osi16_2
nc_ACTGATGTCCACTAGA-1	epithelia.cuticle.cp.other_1
nc_ACTGATGTCGCATGAT-1	neuroglioblast.castor_17
nc_ACTGCAAAGCCTATTG-1	epithelia.cuticle.Osi17_4
nc_ACTGCAAAGCGTCTGC-1	neuroglioblast.ol_14
nc_ACTGCAACAGCGATTT-1	epithelia.cuticle.Osi17_4
nc_ACTGCAACAGTAGGAC-1	muscle.rbm24_0
nc_ACTGCAACAGTGTGGA-1	fat.body_10
nc_ACTGCAATCACCATAG-1	fat.body_10
nc_ACTGCAATCCTGGGAC-1	epithelia.cuticle.Osi16_2
nc_ACTGTCCAGATCGGTG-1	epithelia.cuticle.cp.soft_3
nc_ACTGTCCCAATTAGGA-1	trachea_15
nc_ACTGTCCCAGGCTTGC-1	epithelia.cuticle.cp.rigid_7
nc_ACTGTCCCATGGAATA-1	epithelia.cuticle.cp.soft_3
nc_ACTGTCCCATGTTTGG-1	epithelia.cuticle.cp.soft_3
nc_ACTGTCCGTATAGGAT-1	muscle.rbm24_0
nc_ACTGTCCGTCACTACA-1	muscle.rbm24_0
nc_ACTGTCCTCCACGTCT-1	epithelia.cuticle.Osi16_2
nc_ACTGTCCTCGGCATAT-1	epithelia.cuticle.cp.rigid_7
nc_ACTGTCCTCTACGCAA-1	neuroglioblast.castor_17
nc_ACTGTGAAGCGCGTTC-1	epithelia.cuticle.Osi17_4
nc_ACTGTGAAGTAAGAGG-1	muscle.rbm24_0
nc_ACTGTGACATCGGCCA-1	epithelia.cuticle.Osi16_2
nc_ACTGTGACATGGATCT-1	epithelia.cuticle.cp.other_1
nc_ACTGTGAGTCTGTGCG-1	epithelia.olfactory.support_9
nc_ACTGTGAGTGGTCCCA-1	muscle.rbm24_0
nc_ACTGTGAGTTCCCACT-1	muscle.rbm24_0
nc_ACTGTGATCCACACAA-1	muscle.rbm24_0
nc_ACTGTGATCCCTTGTG-1	epithelia.tendon_5
nc_ACTGTGATCGCTCTCA-1	epithelia.cuticle.Osi18_6
nc_ACTGTGATCTGCATGA-1	muscle.rbm24_0
nc_ACTTAGGAGCGATTCT-1	trachea_15
nc_ACTTAGGAGGTTTACC-1	muscle.rbm24_0
nc_ACTTAGGAGTGGCAGT-1	epithelia.cuticle.cp.other_1
nc_ACTTAGGCACGGCACT-1	epithelia.cuticle.Osi16_2
nc_ACTTAGGGTTCGTAAC-1	muscle.rbm24_0
nc_ACTTAGGTCCTGTAAG-1	epithelia.cuticle.cp.other_1
nc_ACTTATCAGCAGTAAT-1	muscle.rbm24_0
nc_ACTTATCAGTTTAGGA-1	epithelia.cuticle.Osi17_4
nc_ACTTATCCAAGAGTTA-1	muscle.rbm24_0
nc_ACTTATCCATCCGGTG-1	glia1_8
nc_ACTTATCCATTGACTG-1	epithelia.cuticle.Osi17_4
nc_ACTTATCGTCGAACAG-1	glia1_8
nc_ACTTATCTCAAGCCTA-1	muscle.rbm24_0
nc_ACTTATCTCACCTCGT-1	epithelia.cuticle.cp.soft_3
nc_ACTTATCTCCCAGGAC-1	epithelia.cuticle.cp.soft_3
nc_ACTTATCTCCGAAGGA-1	muscle.rbm24_0
nc_ACTTATCTCGAATGCT-1	epithelia.cuticle.cp.soft_3
nc_ACTTATCTCGCTGCGA-1	muscle.rbm24_0
nc_ACTTATCTCGCTTAAG-1	epithelia.cuticle.cp.rigid_7
nc_ACTTATCTCTGGCCGA-1	muscle.rbm24_0
nc_ACTTCCGAGCGTGTCC-1	trachea_15
nc_ACTTCCGAGCTAAGTA-1	fat.body_10
nc_ACTTCCGAGTCATCCA-1	muscle.rbm24_0
nc_ACTTCCGGTCTTTCTA-1	epithelia.cuticle.cp.rigid_7
nc_ACTTCCGGTGAATTGA-1	epithelia.cuticle.Osi16_2
nc_ACTTCCGGTGCCCACA-1	muscle.rbm24_0
nc_ACTTCCGGTTAATGAG-1	epithelia.cuticle.Osi17_4
nc_ACTTCCGGTTGTGCAT-1	muscle.rbm24_0
nc_ACTTCCGTCCAGTACA-1	muscle.rbm24_0
nc_ACTTCCGTCCGTACGG-1	epithelia.cuticle.Osi17_4
nc_ACTTCCGTCGTAGTGT-1	epithelia.cuticle.Osi16_2
nc_ACTTCCGTCGTCACCT-1	muscle.rbm24_0
nc_ACTTCGCAGCACACAG-1	epithelia.cuticle.cp.soft_3
nc_ACTTCGCAGTACCCTA-1	epithelia.cuticle.Osi16_2
nc_ACTTCGCCACATACTG-1	epithelia.olfactory.support_9
nc_ACTTCGCCACTTGGGC-1	epithelia.cuticle.cp.other_1
nc_ACTTCGCTCAAGAATG-1	epithelia.cuticle.cp.soft_3
nc_ACTTCGCTCCATTGCC-1	epithelia.cuticle.Osi14_12
nc_ACTTCGCTCGCCGAGT-1	epithelia.olfactory.support_9
nc_ACTTCGCTCTCAGGCG-1	epithelia.cuticle.Osi17_4
nc_ACTTTCAAGATGCGAC-1	glia1_8
nc_ACTTTCAAGCCTCGTG-1	muscle.rbm24_0
nc_ACTTTCACAATCAGCT-1	epithelia.cuticle.cp.other_1
nc_ACTTTCACAGAGAAAG-1	secretory-ECM_21
nc_ACTTTCACAGATTCGT-1	epithelia.cuticle.Osi16_2
nc_ACTTTCAGTACCCAGC-1	epithelia.cuticle.Osi17_4
nc_ACTTTCAGTCTACAAC-1	epithelia.cuticle.cp.soft_3
nc_ACTTTCAGTGTAACGG-1	epithelia.cuticle.Osi14_12
nc_ACTTTCAGTTCTTGTT-1	epithelia.cuticle.cp.soft_3
nc_ACTTTCATCATACAGC-1	epithelia.olfactory.support_9
nc_ACTTTGTAGAAAGCGA-1	epithelia.cuticle.Osi16_2
nc_ACTTTGTAGAATCCCT-1	epithelia.cuticle.Osi16_2
nc_ACTTTGTAGACCGTTT-1	epithelia.cuticle.Osi16_2
nc_ACTTTGTAGCGATGAC-1	epithelia.cuticle.cp.other_1
nc_ACTTTGTAGCTACAAA-1	epithelia.cuticle.Osi18_6
nc_ACTTTGTCAGACACAG-1	trachea_15
nc_ACTTTGTCAGCGTACC-1	epithelia.tendon_5
nc_ACTTTGTCAGGAATCG-1	epithelia.cuticle.Osi17_4
nc_ACTTTGTCAGTAGAAT-1	epithelia.olfactory.support_9
nc_ACTTTGTGTCAACCAT-1	epithelia.cuticle.cp.soft_3
nc_ACTTTGTGTCGCACGT-1	muscle.rbm24_0
nc_ACTTTGTGTGTCCATA-1	epithelia.cuticle.cp.other_1
nc_ACTTTGTGTGTGGTCC-1	epithelia.cuticle.Osi14_12
nc_ACTTTGTGTTTACGTG-1	muscle.rbm24_0
nc_ACTTTGTTCATCCTAT-1	epithelia.cuticle.Osi16_2
nc_ACTTTGTTCCTCTCTT-1	neuroglioblast.castor_17
nc_AGAAATGAGACACACG-1	muscle.rbm24_0
nc_AGAAATGAGCCTTGAT-1	glia1_8
nc_AGAAATGAGCTGGCTC-1	muscle.rbm24_0
nc_AGAAATGAGGGTTGCA-1	muscle.rbm24_0
nc_AGAAATGAGTCGCTAT-1	epithelia.cuticle.Osi16_2
nc_AGAAATGAGTTGCGCC-1	epithelia.cuticle.Osi16_2
nc_AGAAATGCAATGAGCG-1	muscle.rbm24_0
nc_AGAAATGCAGCGAACA-1	muscle.rbm24_0
nc_AGAAATGCATTGTAGC-1	muscle.rbm24_0
nc_AGAAATGGTAACTGCT-1	muscle.rbm24_0
nc_AGAAATGTCGCCCAGA-1	epithelia.cuticle.Osi18_6
nc_AGAAATGTCGTCGACG-1	fat.body_10
nc_AGAACAAAGAGCAGAA-1	epithelia.cuticle.Osi16_2
nc_AGAACAAAGCGTCGAA-1	epithelia.cuticle.cp.other_1
nc_AGAACAAAGGTACCTT-1	neuron.cholinergic_11
nc_AGAACAACAAAGGCGT-1	epithelia.cuticle.Osi18_6
nc_AGAACAACACCCGTAG-1	epithelia.cuticle.cp.soft_3
nc_AGAACAACACGGCTAC-1	epithelia.tendon_5
nc_AGAACAACAGTCAGCC-1	epithelia.cuticle.Osi18_6
nc_AGAACAACATGTTCAG-1	epithelia.cuticle.cp.soft_3
nc_AGAACAAGTGCGTTTA-1	fat.body_10
nc_AGAACAATCACCGCTT-1	epithelia.olfactory.support_9
nc_AGAACAATCCGTGCGA-1	neuroglioblast.castor_17
nc_AGAACAATCGAAGAAT-1	glia1_8
nc_AGAACAATCGGTTCAA-1	epithelia.cuticle.Osi18_6
nc_AGAACCTAGCATGGGT-1	epithelia.cuticle.cp.other_1
nc_AGAACCTAGGATGCGT-1	epithelia.cuticle.Osi16_2
nc_AGAACCTAGTAGACAT-1	epithelia.cuticle.cp.other_1
nc_AGAACCTCACGTGTGC-1	neuron.cholinergic_11
nc_AGAACCTCAGGAATCG-1	trachea_15
nc_AGAACCTCATTGACTG-1	muscle.rbm24_0
nc_AGAACCTGTAAGTAGT-1	trachea_15
nc_AGAACCTGTACACGCC-1	muscle.rbm24_0
nc_AGAACCTGTAGATTAG-1	epithelia.cuticle.Osi16_2
nc_AGAACCTGTAGTCTGT-1	epithelia.cuticle.Osi16_2
nc_AGAACCTGTGGCACTC-1	epithelia.olfactory.support_9
nc_AGAACCTTCCCATACC-1	neuroglioblast.castor_17
nc_AGAACCTTCCCTCATG-1	epithelia.cuticle.Osi16_2
nc_AGAAGCGAGCAGGCTA-1	epithelia.olfactory.support_9
nc_AGAAGCGAGCCTCTCT-1	epithelia.cuticle.Osi17_4
nc_AGAAGCGAGCTGCCTG-1	glia1_8
nc_AGAAGCGAGTGGCCTC-1	epithelia.olfactory.support_9
nc_AGAAGCGCAACTGCCG-1	epithelia.cuticle.Osi16_2
nc_AGAAGCGCAATGAAAC-1	glia1_8
nc_AGAAGCGCAGCTACTA-1	epithelia.cuticle.Osi17_4
nc_AGAAGCGGTCTGATCA-1	epithelia.cuticle.Osi17_4
nc_AGAAGCGGTGAATAAC-1	epithelia.cuticle.Osi17_4
nc_AGAAGCGGTTAAACCC-1	epithelia.olfactory.support_9
nc_AGAAGCGTCCGTGGCA-1	muscle.rbm24_0
nc_AGAAGCGTCTAAGAAG-1	muscle.rbm24_0
nc_AGAAGTAAGCAATAAC-1	muscle.rbm24_0
nc_AGAAGTAAGCCTATCA-1	muscle.rbm24_0
nc_AGAAGTAAGCGAGTAC-1	muscle.rbm24_0
nc_AGAAGTAAGGAACGCT-1	muscle.rbm24_0
nc_AGAAGTAAGGTTACCT-1	epithelia.cuticle.Osi16_2
nc_AGAAGTAAGTCCGTCG-1	epithelia.cuticle.Osi16_2
nc_AGAAGTACAAAGGGTC-1	epithelia.tendon_5
nc_AGAAGTACAACACACT-1	epithelia.tendon_5
nc_AGAAGTACAACCGTAT-1	neuroglioblast.ol_14
nc_AGAAGTACAACGGTAG-1	epithelia.tendon_5
nc_AGAAGTACAAGAAACT-1	epithelia.cuticle.Osi16_2
nc_AGAAGTACAAGCTCTA-1	muscle.rbm24_0
nc_AGAAGTACACACGGTC-1	epithelia.cuticle.Osi17_4
nc_AGAAGTACAGGATGAC-1	epithelia.cuticle.Osi17_4
nc_AGAAGTACATCAGTCA-1	epithelia.cuticle.Osi16_2
nc_AGAAGTATCACTGAAC-1	muscle.rbm24_0
nc_AGAAGTATCAGCTCTC-1	epithelia.cuticle.cp.other_1
nc_AGAAGTATCGGATTAC-1	muscle.rbm24_0
nc_AGAAGTATCTCAGGCG-1	neuron.cholinergic_11
nc_AGAAGTATCTGTAACG-1	epithelia.cuticle.cp.soft_3
nc_AGAAGTATCTTGAACG-1	epithelia.cuticle.Osi14_12
nc_AGACAAAAGCTGGCCT-1	epithelia.cuticle.cp.soft_3
nc_AGACAAAAGGTTGGTG-1	epithelia.cuticle.cp.soft_3
nc_AGACAAACAGCTCCTT-1	muscle.rbm24_0
nc_AGACAAACAGTATACC-1	epithelia.cuticle.Osi16_2
nc_AGACAAACAGTTAGGG-1	epithelia.cuticle.Osi16_2
nc_AGACAAACATCGAAGG-1	muscle.rbm24_0
nc_AGACAAACATTATGCG-1	muscle.rbm24_0
nc_AGACAAAGTACCTAAC-1	fat.body_10
nc_AGACAAAGTGTAGTGG-1	neuroglioblast.castor_17
nc_AGACAAATCGACCCAG-1	epithelia.cuticle.Osi16_2
nc_AGACAAATCGGAAACG-1	epithelia.olfactory.support_9
nc_AGACAAATCTACCACC-1	epithelia.cuticle.Osi16_2
nc_AGACAAATCTGCCCTA-1	epithelia.tendon_5
nc_AGACACTAGACCCGCT-1	muscle.rbm24_0
nc_AGACACTAGAGCTTTC-1	muscle.rbm24_0
nc_AGACACTAGATCCAAA-1	neuroglioblast.ol_14
nc_AGACACTAGTCCCGGT-1	epithelia.cuticle.Osi17_4
nc_AGACACTCACCTGCTT-1	epithelia.cuticle.Osi16_2
nc_AGACACTCAGACGATG-1	fat.body_10
nc_AGACACTCAGCAATTC-1	muscle.rbm24_0
nc_AGACACTCAGTGCGCT-1	muscle.rbm24_0
nc_AGACACTGTCACGTGC-1	epithelia.cuticle.Osi17_4
nc_AGACACTGTCAGTCCG-1	muscle.rbm24_0
nc_AGACACTGTGACGCCT-1	epithelia.cuticle.cp.other_1
nc_AGACACTTCATAAGGA-1	fat.body_10
nc_AGACAGGAGGGATCTG-1	epithelia.cuticle.Osi16_2
nc_AGACAGGCAACCACGC-1	muscle.rbm24_0
nc_AGACAGGCACACAGCC-1	muscle.rbm24_0
nc_AGACAGGCATCTTCGC-1	neuroglioblast.ol_14
nc_AGACAGGGTGATTCAC-1	muscle.rbm24_0
nc_AGACAGGGTTGCCTAA-1	epithelia.cuticle.cp.other_1
nc_AGACAGGTCAACGAGG-1	fat.body_10
nc_AGACAGGTCCGGCTTT-1	epithelia.cuticle.Osi16_2
nc_AGACAGGTCTAGCCAA-1	epithelia.cuticle.cp.other_1
nc_AGACAGGTCTTACGTT-1	muscle.rbm24_0
nc_AGACCATAGCTCCATA-1	epithelia.cuticle.cp.other_1
nc_AGACCATCACTTGACA-1	muscle.rbm24_0
nc_AGACCATGTCTCGGGT-1	muscle.rbm24_0
nc_AGACCCGCAACCGATT-1	muscle.rbm24_0
nc_AGACCCGCACCCTAGG-1	neuroglioblast.ol_14
nc_AGACCCGGTCGCGTTG-1	epithelia.cuticle.cp.soft_3
nc_AGACCCGGTCGTCAGC-1	glia1_8
nc_AGACCCGGTGCGGTAA-1	epithelia.cuticle.Osi17_4
nc_AGACCCGTCCAACCGG-1	epithelia.cuticle.Osi14_12
nc_AGACCCGTCTATTGTC-1	trachea_15
nc_AGACCCGTCTTGGGCG-1	epithelia.tendon_5
nc_AGACTCAAGTGGACTG-1	muscle.rbm24_0
nc_AGACTCAAGTTGCTCA-1	muscle.rbm24_0
nc_AGACTCACAAGAGGCT-1	epithelia.cuticle.cp.other_1
nc_AGACTCACAGCTTCGG-1	epithelia.cuticle.Osi17_4
nc_AGACTCAGTTCGTACA-1	epithelia.cuticle.cp.other_1
nc_AGACTCATCATCTCTA-1	epithelia.cuticle.cp.soft_3
nc_AGACTCATCCCTTGTG-1	hemocyte_16
nc_AGACTCATCCTCTAAT-1	epithelia.cuticle.cp.other_1
nc_AGACTCATCGCTCATC-1	epithelia.cuticle.cp.soft_3
nc_AGACTCATCTCAAAGC-1	neuron.cholinergic_11
nc_AGACTCATCTTCTTCC-1	epithelia.cuticle.cp.other_1
nc_AGAGAATAGAGTGGCT-1	epithelia.olfactory.support_9
nc_AGAGAATAGCTAAACA-1	epithelia.tendon_5
nc_AGAGAATAGGGAACAA-1	epithelia.cuticle.cp.soft_3
nc_AGAGAATCACTAACGT-1	epithelia.tendon_5
nc_AGAGAATGTCGACGCT-1	muscle.rbm24_0
nc_AGAGAATTCGAGCCAC-1	muscle.rbm24_0
nc_AGAGAATTCGTCGCTT-1	muscle.rbm24_0
nc_AGAGAATTCTCTAAGG-1	muscle.rbm24_0
nc_AGAGAGCAGGCTATCT-1	muscle.rbm24_0
nc_AGAGAGCAGGTACATA-1	glia2_18
nc_AGAGAGCCAGGCTCTG-1	muscle.rbm24_0
nc_AGAGAGCCATCACCAA-1	muscle.rbm24_0
nc_AGAGAGCCATTGTCGA-1	epithelia.cuticle.Osi16_2
nc_AGAGAGCGTACAGTCT-1	neuroglioblast.ol_14
nc_AGAGAGCGTAGATTAG-1	epithelia.cuticle.cp.other_1
nc_AGAGAGCGTCCCGTGA-1	muscle.rbm24_0
nc_AGAGAGCTCCAGCCTT-1	epithelia.cuticle.cp.other_1
nc_AGAGAGCTCGGCTTCT-1	epithelia.cuticle.cp.other_1
nc_AGAGCAGAGCCAGAGT-1	hemocyte_16
nc_AGAGCAGAGCCGGATA-1	muscle.rbm24_0
nc_AGAGCAGAGGCACCAA-1	epithelia.cuticle.cp.other_1
nc_AGAGCAGAGGTCGAGT-1	epithelia.cuticle.Osi17_4
nc_AGAGCAGCAGTCGAGA-1	epithelia.cuticle.cp.other_1
nc_AGAGCAGCATAGTCAC-1	epithelia.cuticle.cp.soft_3
nc_AGAGCAGGTACTCGAT-1	epithelia.cuticle.Osi17_4
nc_AGAGCAGGTACTTCCC-1	muscle.rbm24_0
nc_AGAGCAGGTATCGAAA-1	epithelia.cuticle.Osi16_2
nc_AGAGCAGGTATGTCAC-1	epithelia.tendon_5
nc_AGAGCAGGTTATCCAG-1	epithelia.cuticle.cp.other_1
nc_AGAGCAGGTTGCGGAA-1	epithelia.cuticle.Osi17_4
nc_AGAGCAGGTTTACACG-1	neuroglioblast.castor_17
nc_AGAGCAGTCTTCGGAA-1	epithelia.cuticle.cp.other_1
nc_AGAGCCCAGCTGACTT-1	muscle.rbm24_0
nc_AGAGCCCAGGGATCAC-1	epithelia.olfactory.support_9
nc_AGAGCCCAGTTTGAGA-1	epithelia.cuticle.cp.soft_3
nc_AGAGCCCCAATTAGGA-1	epithelia.cuticle.cp.other_1
nc_AGAGCCCCAGCACCCA-1	epithelia.cuticle.Osi16_2
nc_AGAGCCCCAGGTTTAC-1	epithelia.cuticle.cp.rigid_7
nc_AGAGCCCCATCAGTCA-1	neuron.cholinergic_11
nc_AGAGCCCCATCCGGTG-1	muscle.rbm24_0
nc_AGAGCCCGTACGATGG-1	epithelia.cuticle.Osi16_2
nc_AGAGCCCGTGAGTTTC-1	epithelia.cuticle.Osi17_4
nc_AGAGCCCTCCCTCTAG-1	epithelia.cuticle.cp.soft_3
nc_AGATAGAAGCCTCACG-1	neuron.cholinergic_11
nc_AGATAGAAGCCTGAAG-1	epithelia.cuticle.cp.other_1
nc_AGATAGAAGGAACTAT-1	epithelia.cuticle.Osi16_2
nc_AGATAGAAGGCAGTCA-1	gland.corpora-allata_22
nc_AGATAGAAGGCGTCCT-1	epithelia.cuticle.Osi16_2
nc_AGATAGAAGTATAACG-1	fat.body_10
nc_AGATAGAAGTTCTACG-1	epithelia.cuticle.cp.soft_3
nc_AGATAGACAAGCGCAA-1	epithelia.tendon_5
nc_AGATAGACAATGAAAC-1	neuroglioblast.ol_14
nc_AGATAGACAGCCCAGT-1	epithelia.cuticle.Osi16_2
nc_AGATAGACAGTATACC-1	muscle.rbm24_0
nc_AGATAGACATCATCTT-1	epithelia.cuticle.Osi17_4
nc_AGATAGAGTGAATGTA-1	epithelia.cuticle.cp.soft_3
nc_AGATAGAGTGAGATAT-1	muscle.rbm24_0
nc_AGATAGAGTGCTCTCT-1	epithelia.tendon_5
nc_AGATAGAGTTCAAACC-1	epithelia.cuticle.Osi18_6
nc_AGATAGATCACACCCT-1	muscle.rbm24_0
nc_AGATAGATCACGAACT-1	epithelia.cuticle.cp.other_1
nc_AGATAGATCCAGCACG-1	epithelia.cuticle.cp.soft_3
nc_AGATAGATCTAAGCGT-1	epithelia.tendon_5
nc_AGATAGATCTTGAGCA-1	epithelia.cuticle.Osi18_6
nc_AGATCCAAGAAGCGGG-1	epithelia.cuticle.cp.other_1
nc_AGATCCAAGAAGCTGC-1	fat.body_10
nc_AGATCCAAGAATCTAG-1	epithelia.cuticle.cp.other_1
nc_AGATCCAAGCGCCATC-1	epithelia.tendon_5
nc_AGATCCAAGGACAGTC-1	muscle.rbm24_0
nc_AGATCCAAGGATGCGT-1	muscle.rbm24_0
nc_AGATCCAAGGATTACA-1	muscle.rbm24_0
nc_AGATCCACAAATACAG-1	epithelia.cuticle.Osi14_12
nc_AGATCCACAACGAGGT-1	trachea_15
nc_AGATCCACAAGTGCAG-1	trachea_15
nc_AGATCCACACGTCTCT-1	neuroglioblast.castor_17
nc_AGATCCACAGTAGATA-1	epithelia.cuticle.cp.other_1
nc_AGATCCAGTAGTCCTA-1	muscle.rbm24_0
nc_AGATCCAGTCACTCAA-1	epithelia.cuticle.Osi16_2
nc_AGATCCAGTCGAATGG-1	epithelia.cuticle.cp.other_1
nc_AGATCCAGTCGGAAAC-1	epithelia.cuticle.Osi17_4
nc_AGATCCAGTGCATGTT-1	epithelia.cuticle.cp.soft_3
nc_AGATCCAGTGTAAATG-1	glia1_8
nc_AGATCCATCCTTCACG-1	epithelia.cuticle.Osi18_6
nc_AGATCCATCGGTCGAC-1	epithelia.cuticle.Osi16_2
nc_AGATCCATCTATCGTT-1	neuroglioblast.ol_14
nc_AGATCGTAGACCAGCA-1	epithelia.cuticle.Osi14_12
nc_AGATCGTAGCGTCTGC-1	epithelia.cuticle.cp.soft_3
nc_AGATCGTAGGGAGTTC-1	epithelia.cuticle.cp.soft_3
nc_AGATCGTAGTGGTTGG-1	muscle.rbm24_0
nc_AGATCGTAGTGTTCAC-1	epithelia.olfactory.support_9
nc_AGATCGTCAAGACCGA-1	epithelia.cuticle.cp.rigid_7
nc_AGATCGTCAGATTCGT-1	muscle.rbm24_0
nc_AGATCGTTCCATCGTC-1	muscle.rbm24_0
nc_AGATCGTTCGACCAAT-1	muscle.rbm24_0
nc_AGATCGTTCGCGGTAC-1	epithelia.cuticle.cp.soft_3
nc_AGATCGTTCTCGAGTA-1	epithelia.tendon_5
nc_AGATCGTTCTGCGTCT-1	epithelia.cuticle.cp.other_1
nc_AGATGAAAGCGCCTTG-1	epithelia.cuticle.biosynthesis_13
nc_AGATGAACAAGCAGGT-1	epithelia.cuticle.cp.soft_3
nc_AGATGAACACAGCCTG-1	muscle.rbm24_0
nc_AGATGAACAGACCAAG-1	muscle.rbm24_0
nc_AGATGAACATAATCGC-1	epithelia.cuticle.cp.other_1
nc_AGATGAAGTGACAACG-1	muscle.rbm24_0
nc_AGATGAAGTGACCGTC-1	fat.body_10
nc_AGATGAAGTGGACTGA-1	epithelia.cuticle.Osi17_4
nc_AGATGAAGTGTCTTGA-1	epithelia.cuticle.Osi18_6
nc_AGATGAAGTTATTCCT-1	fat.body_10
nc_AGATGAAGTTTGCCGG-1	epithelia.cuticle.Osi17_4
nc_AGATGAATCCATTTGT-1	epithelia.tendon_5
nc_AGATGAATCGGCTCTT-1	epithelia.cuticle.cp.rigid_7
nc_AGATGAATCTTCGATT-1	epithelia.cuticle.Osi17_4
nc_AGATGCTAGAACTGAT-1	muscle.rbm24_0
nc_AGATGCTAGAGAGTTT-1	epithelia.cuticle.cp.soft_3
nc_AGATGCTAGCGCAATG-1	neuroglioblast.ol_14
nc_AGATGCTAGGATCACG-1	muscle.rbm24_0
nc_AGATGCTAGGCACTAG-1	epithelia.tendon_5
nc_AGATGCTAGGTCCCGT-1	epithelia.cuticle.Osi17_4
nc_AGATGCTCAAGCGAAC-1	muscle.rbm24_0
nc_AGATGCTCAGGACATG-1	muscle.rbm24_0
nc_AGATGCTGTAAGTAGT-1	epithelia.cuticle.cp.soft_3
nc_AGATGCTGTCATGCAT-1	muscle.rbm24_0
nc_AGATGCTGTGCCCAGT-1	epithelia.cuticle.cp.soft_3
nc_AGATGCTGTGTCCACG-1	epithelia.cuticle.cp.other_1
nc_AGATGCTGTTCTGACA-1	muscle.rbm24_0
nc_AGATGCTGTTGTGTAC-1	fat.body_10
nc_AGATGCTTCGAAGGAC-1	neuroglioblast.castor_17
nc_AGCATCAAGAGGTTTA-1	epithelia.cuticle.cp.other_1
nc_AGCATCAAGGCCTAAG-1	muscle.rbm24_0
nc_AGCATCAAGTATGACA-1	muscle.rbm24_0
nc_AGCATCAAGTGCACCC-1	epithelia.cuticle.Osi14_12
nc_AGCATCACACACCTAA-1	epithelia.cuticle.Osi16_2
nc_AGCATCACACTAGAGG-1	epithelia.cuticle.Osi16_2
nc_AGCATCACAGGCCTGT-1	muscle.tup_19
nc_AGCATCACATTCACAG-1	epithelia.cuticle.Osi16_2
nc_AGCATCAGTACGATTC-1	neuron.cholinergic_11
nc_AGCATCAGTATCGATC-1	fat.body_10
nc_AGCATCAGTGCCGGTT-1	muscle.rbm24_0
nc_AGCATCATCAAACCCA-1	fat.body_10
nc_AGCATCATCCGTGTGG-1	epithelia.cuticle.cp.soft_3
nc_AGCATCATCCGTTTCG-1	epithelia.cuticle.Osi18_6
nc_AGCATCATCGAATGCT-1	epithelia.cuticle.Osi17_4
nc_AGCATCATCTATTCGT-1	epithelia.cuticle.cp.other_1
nc_AGCCAATAGCCTTTCC-1	epithelia.tendon_5
nc_AGCCAATAGTACTGTC-1	muscle.rbm24_0
nc_AGCCAATAGTTGCATC-1	epithelia.cuticle.cp.soft_3
nc_AGCCAATCACCGTACG-1	trachea_15
nc_AGCCAATCAGGAATAT-1	epithelia.cuticle.cp.other_1
nc_AGCCAATGTCGCATTA-1	muscle.rbm24_0
nc_AGCCAATTCACTTTGT-1	trachea_15
nc_AGCCAATTCCGTGTAA-1	trachea_15
nc_AGCCAATTCGGCCTTT-1	epithelia.cuticle.Osi16_2
nc_AGCCACGAGTAGGAAG-1	epithelia.cuticle.biosynthesis_13
nc_AGCCACGCAAGCACCC-1	epithelia.cuticle.cp.other_1
nc_AGCCACGCAATGCAAA-1	glia1_8
nc_AGCCACGGTGGTCAAG-1	epithelia.cuticle.cp.other_1
nc_AGCCACGTCAAGTGTC-1	epithelia.cuticle.cp.other_1
nc_AGCCACGTCATTGCCC-1	epithelia.cuticle.Osi17_4
nc_AGCCACGTCCACACCT-1	epithelia.tendon_5
nc_AGCCACGTCTCTGACC-1	gland.corpora-allata_22
nc_AGCCAGCAGTCGGCCT-1	epithelia.cuticle.biosynthesis_13
nc_AGCCAGCAGTGTAGTA-1	epithelia.cuticle.Osi18_6
nc_AGCCAGCCACAAGCAG-1	fat.body_10
nc_AGCCAGCCACCAGCCA-1	fat.body_10
nc_AGCCAGCCACTGTCCT-1	epithelia.cuticle.cp.other_1
nc_AGCCAGCCAGACACCC-1	muscle.rbm24_0
nc_AGCCAGCCATGTCAGT-1	epithelia.tendon_5
nc_AGCCAGCGTATAGGGC-1	muscle.rbm24_0
nc_AGCCAGCGTCATTGCA-1	epithelia.cuticle.Osi14_12
nc_AGCCAGCGTCTTGCTC-1	muscle.tup_19
nc_AGCCAGCGTTCAATCG-1	neuroglioblast.castor_17
nc_AGCCAGCTCAACACCA-1	epithelia.cuticle.Osi14_12
nc_AGCCAGCTCGAACCAT-1	epithelia.cuticle.Osi14_12
nc_AGCCAGCTCTGAGTCA-1	epithelia.cuticle.Osi17_4
nc_AGCGATTAGAAGCGAA-1	epithelia.cuticle.cp.other_1
nc_AGCGATTAGAGAGTGA-1	epithelia.cuticle.cp.rigid_7
nc_AGCGATTAGTACGAGC-1	fat.body_10
nc_AGCGATTCAAGGACAC-1	epithelia.cuticle.Osi17_4
nc_AGCGATTCACTCTCGT-1	epithelia.cuticle.Osi16_2
nc_AGCGATTGTAGACGTG-1	trachea_15
nc_AGCGATTGTTGGGAAC-1	epithelia.cuticle.cp.other_1
nc_AGCGATTTCCTGGCTT-1	epithelia.olfactory.support_9
nc_AGCGATTTCGGTTGTA-1	muscle.rbm24_0
nc_AGCGATTTCGTTCTGC-1	epithelia.cuticle.Osi16_2
nc_AGCGCCACAACACGTT-1	epithelia.cuticle.cp.other_1
nc_AGCGCCACACGCACCA-1	epithelia.cuticle.Osi16_2
nc_AGCGCCAGTATGTCAC-1	epithelia.cuticle.cp.soft_3
nc_AGCGCCAGTCCTGTTC-1	epithelia.cuticle.Osi16_2
nc_AGCGCCATCAGCATTG-1	epithelia.cuticle.Osi16_2
nc_AGCGCCATCATTGAGC-1	trachea_15
nc_AGCGCTGAGTGTTCCA-1	epithelia.cuticle.cp.other_1
nc_AGCGCTGCAAACGAGC-1	epithelia.cuticle.Osi17_4
nc_AGCGCTGCAGCGTGAA-1	epithelia.cuticle.Osi14_12
nc_AGCGCTGCAGGGACTA-1	epithelia.cuticle.cp.other_1
nc_AGCGCTGGTCCTGTTC-1	epithelia.cuticle.Osi17_4
nc_AGCGCTGGTGGCACTC-1	epithelia.tendon_5
nc_AGCGCTGGTGGTCCCA-1	epithelia.cuticle.cp.other_1
nc_AGCGCTGGTTCTTAGG-1	epithelia.cuticle.cp.rigid_7
nc_AGCGCTGGTTGCATAC-1	muscle.rbm24_0
nc_AGCGCTGTCACGAGGA-1	muscle.rbm24_0
nc_AGCGCTGTCCCTTTGG-1	epithelia.cuticle.cp.other_1
nc_AGCGCTGTCCTAGCGG-1	muscle.rbm24_0
nc_AGCGCTGTCGTTAGTG-1	epithelia.cuticle.cp.other_1
nc_AGCGCTGTCTGGCTGG-1	trachea_15
nc_AGCGTATAGAGCAGTC-1	epithelia.cuticle.Osi17_4
nc_AGCGTATAGAGCTGCA-1	muscle.rbm24_0
nc_AGCGTATCAAAGTGTA-1	muscle.rbm24_0
nc_AGCGTATCAAATGATG-1	neuron.cholinergic_11
nc_AGCGTATCAACGACTT-1	epithelia.cuticle.cp.other_1
nc_AGCGTATCAAGTTTGC-1	neuron.cholinergic_11
nc_AGCGTATCACGGTAGA-1	epithelia.cuticle.Osi16_2
nc_AGCGTATTCAGACTGT-1	epithelia.tendon_5
nc_AGCGTATTCATTTGCT-1	epithelia.cuticle.Osi14_12
nc_AGCGTATTCGCAGATT-1	epithelia.cuticle.cp.soft_3
nc_AGCGTCGCAAAGTATG-1	muscle.rbm24_0
nc_AGCGTCGCAACTGGTT-1	fat.body_10
nc_AGCGTCGCACCGCTGA-1	epithelia.cuticle.cp.other_1
nc_AGCGTCGGTACCCGCA-1	epithelia.cuticle.cp.soft_3
nc_AGCGTCGGTCTAACGT-1	epithelia.cuticle.Osi16_2
nc_AGCTACAAGAAACTGT-1	muscle.rbm24_0
nc_AGCTACAAGCATGAAT-1	epithelia.olfactory.support_9
nc_AGCTACAAGGTCGTAG-1	epithelia.cuticle.Osi18_6
nc_AGCTACACAACGATTC-1	epithelia.cuticle.Osi16_2
nc_AGCTACACACATTCGA-1	epithelia.cuticle.Osi16_2
nc_AGCTACAGTAGCGTAG-1	epithelia.cuticle.Osi16_2
nc_AGCTACAGTATACGGG-1	epithelia.tendon_5
nc_AGCTACAGTATGCTTG-1	epithelia.cuticle.cp.other_1
nc_AGCTACAGTCACTCGG-1	epithelia.olfactory.support_9
nc_AGCTACAGTCTCACGG-1	muscle.rbm24_0
nc_AGCTACATCGTAGAGG-1	muscle.tup_19
nc_AGCTACATCTAGTCAG-1	muscle.rbm24_0
nc_AGCTCAAAGAAGCCTG-1	epithelia.olfactory.support_9
nc_AGCTCAAAGAGCAGAA-1	neuron.cholinergic_11
nc_AGCTCAAAGGTTATAG-1	epithelia.cuticle.cp.other_1
nc_AGCTCAAAGTACCGGA-1	muscle.rbm24_0
nc_AGCTCAACACGCGCAT-1	epithelia.cuticle.cp.rigid_7
nc_AGCTCAACAGTCGTTA-1	hemocyte_16
nc_AGCTCAAGTATTCTCT-1	epithelia.tendon_5
nc_AGCTCAATCCGATAGT-1	epithelia.cuticle.cp.other_1
nc_AGCTCAATCCGTGGCA-1	epithelia.olfactory.support_9
nc_AGCTCAATCGACCTAA-1	epithelia.cuticle.cp.other_1
nc_AGCTCAATCGATTTCT-1	epithelia.cuticle.Osi16_2
nc_AGCTCAATCTTGGGCG-1	epithelia.cuticle.Osi16_2
nc_AGCTTCCAGACAACAT-1	muscle.rbm24_0
nc_AGCTTCCAGCCTTTCC-1	epithelia.cuticle.Osi18_6
nc_AGCTTCCAGGAAGTAG-1	epithelia.cuticle.Osi14_12
nc_AGCTTCCAGTATGACA-1	fat.body_10
nc_AGCTTCCCACCCAATA-1	muscle.rbm24_0
nc_AGCTTCCCAGTCGTTA-1	epithelia.cuticle.Osi16_2
nc_AGCTTCCGTCAAAGAT-1	epithelia.tendon_5
nc_AGCTTCCTCACCATCC-1	muscle.rbm24_0
nc_AGCTTCCTCCACCCTA-1	epithelia.olfactory.support_9
nc_AGCTTCCTCTAAGCGT-1	epithelia.cuticle.cp.soft_3
nc_AGGAAATAGGTTCTTG-1	epithelia.cuticle.cp.soft_3
nc_AGGAAATAGTAACAGT-1	muscle.rbm24_0
nc_AGGAAATCACTGTCGG-1	muscle.rbm24_0
nc_AGGAAATCATCAGTGT-1	epithelia.cuticle.cp.soft_3
nc_AGGAAATCATGCTGCG-1	muscle.rbm24_0
nc_AGGAAATCATTAAGCC-1	muscle.rbm24_0
nc_AGGAAATGTAAGCTCT-1	epithelia.cuticle.Osi16_2
nc_AGGAAATGTACTGGGA-1	neuroglioblast.castor_17
nc_AGGAAATGTATCAGGG-1	epithelia.cuticle.cp.soft_3
nc_AGGAAATGTGGGCTTC-1	muscle.rbm24_0
nc_AGGAAATGTTACACAC-1	neuroglioblast.ol_14
nc_AGGAAATTCACTGCTC-1	epithelia.cuticle.cp.other_1
nc_AGGAAATTCCACACCT-1	epithelia.cuticle.Osi16_2
nc_AGGAATAAGACATATG-1	muscle.rbm24_0
nc_AGGAATAAGACCGTTT-1	muscle.rbm24_0
nc_AGGAATAAGAGTTGCG-1	muscle.rbm24_0
nc_AGGAATAAGGTGCTTT-1	epithelia.cuticle.cp.other_1
nc_AGGAATACAACTACGT-1	muscle.tup_19
nc_AGGAATACACGCAAAG-1	epithelia.cuticle.cp.rigid_7
nc_AGGAATACAGACTGCC-1	epithelia.cuticle.cp.rigid_7
nc_AGGAATACAGCTGGTC-1	neuroglioblast.ol_14
nc_AGGAATAGTACTCGCG-1	epithelia.cuticle.Osi14_12
nc_AGGAATAGTAGGACCA-1	epithelia.cuticle.Osi14_12
nc_AGGAATAGTATGCGTT-1	epithelia.cuticle.cp.soft_3
nc_AGGAATAGTGGTACAG-1	muscle.rbm24_0
nc_AGGAATAGTGTCATCA-1	epithelia.cuticle.Osi18_6
nc_AGGAATAGTGTTGACT-1	epithelia.cuticle.cp.other_1
nc_AGGAATATCAGACTGT-1	epithelia.cuticle.Osi14_12
nc_AGGAATATCCACTTTA-1	muscle.rbm24_0
nc_AGGAATATCCTTGACC-1	epithelia.cuticle.cp.rigid_7
nc_AGGAATATCGCTCATC-1	epithelia.cuticle.biosynthesis_13
nc_AGGACGAAGCAGCAGT-1	muscle.rbm24_0
nc_AGGACGAAGCCGATCC-1	muscle.rbm24_0
nc_AGGACGAAGCTGTTCA-1	fat.body_10
nc_AGGACGAAGTAAGCAT-1	muscle.rbm24_0
nc_AGGACGAGTCTCTCCA-1	epithelia.olfactory.support_9
nc_AGGACGAGTTCAAGTC-1	muscle.rbm24_0
nc_AGGACTTCACCTCAGG-1	epithelia.olfactory.support_9
nc_AGGACTTCACCTGATA-1	muscle.rbm24_0
nc_AGGACTTCACTAGAGG-1	epithelia.cuticle.cp.other_1
nc_AGGACTTCACTTCTCG-1	secretory-ECM_21
nc_AGGACTTCAGTTTCAG-1	neuroglioblast.castor_17
nc_AGGACTTGTGGCGTAA-1	epithelia.cuticle.cp.soft_3
nc_AGGACTTTCCAGTGCG-1	epithelia.olfactory.support_9
nc_AGGACTTTCCGTGGCA-1	muscle.rbm24_0
nc_AGGAGGTAGACGCAGT-1	muscle.rbm24_0
nc_AGGAGGTAGCACTCAT-1	epithelia.tendon_5
nc_AGGAGGTCAACTTGCA-1	epithelia.cuticle.cp.soft_3
nc_AGGAGGTGTATGTCCA-1	epithelia.olfactory.support_9
nc_AGGAGGTTCCACGAAT-1	muscle.rbm24_0
nc_AGGAGGTTCGCAGTCG-1	epithelia.cuticle.cp.rigid_7
nc_AGGAGGTTCTTCGTAT-1	epithelia.cuticle.Osi17_4
nc_AGGATAAAGCGCCCAT-1	epithelia.cuticle.cp.soft_3
nc_AGGATAAAGTGGTTCT-1	neuron.chol.ciliated_20
nc_AGGATAACACAGTACT-1	hemocyte_16
nc_AGGATAACACGTATAC-1	hemocyte_16
nc_AGGATAACACTAACGT-1	muscle.rbm24_0
nc_AGGATAACACTGCTTC-1	muscle.rbm24_0
nc_AGGATAAGTATACGGG-1	muscle.rbm24_0
nc_AGGATAAGTGTCTTGA-1	epithelia.cuticle.cp.soft_3
nc_AGGATAATCTCGGTCT-1	muscle.rbm24_0
nc_AGGATCTAGCATTTGC-1	epithelia.olfactory.support_9
nc_AGGATCTAGCGATGGT-1	muscle.rbm24_0
nc_AGGATCTAGTCGTCTA-1	muscle.rbm24_0
nc_AGGATCTAGTTCACTG-1	epithelia.cuticle.Osi16_2
nc_AGGATCTAGTTTGAGA-1	epithelia.cuticle.Osi18_6
nc_AGGATCTCAACAGAGC-1	muscle.rbm24_0
nc_AGGATCTCACACCGCA-1	epithelia.cuticle.Osi18_6
nc_AGGATCTCATACCAGT-1	muscle.rbm24_0
nc_AGGATCTGTGAGGAAA-1	epithelia.cuticle.cp.other_1
nc_AGGATCTGTGCCTACG-1	epithelia.cuticle.Osi18_6
nc_AGGATCTGTTGGACCC-1	epithelia.cuticle.Osi16_2
nc_AGGATCTTCAAACCCA-1	epithelia.cuticle.cp.other_1
nc_AGGATCTTCTCAAAGC-1	epithelia.cuticle.biosynthesis_13
nc_AGGCATTAGATGGGCT-1	glia1_8
nc_AGGCATTAGCATGCAG-1	muscle.rbm24_0
nc_AGGCATTAGCTTTCTT-1	epithelia.cuticle.cp.other_1
nc_AGGCATTAGGATGAGA-1	epithelia.cuticle.Osi16_2
nc_AGGCATTAGTTCCATG-1	epithelia.olfactory.support_9
nc_AGGCATTCAATTGCGT-1	epithelia.olfactory.support_9
nc_AGGCATTCACCAATTG-1	glia1_8
nc_AGGCATTCACGCGCTA-1	epithelia.cuticle.Osi16_2
nc_AGGCATTCAGGCTTGC-1	epithelia.cuticle.Osi16_2
nc_AGGCATTCAGTGTACT-1	epithelia.cuticle.cp.soft_3
nc_AGGCATTCATAAGCGG-1	neuroglioblast.castor_17
nc_AGGCATTCATCCGCGA-1	epithelia.cuticle.Osi17_4
nc_AGGCATTTCGTCCTTG-1	muscle.rbm24_0
nc_AGGCATTTCTGTCAGA-1	epithelia.tendon_5
nc_AGGCCACAGGTCGTCC-1	fat.body_10
nc_AGGCCACAGGTTGACG-1	muscle.rbm24_0
nc_AGGCCACCAAATGATG-1	epithelia.cuticle.Osi16_2
nc_AGGCCACCACCAGTTA-1	trachea_15
nc_AGGCCACCAGCATCTA-1	epithelia.cuticle.cp.rigid_7
nc_AGGCCACCAGTAGAAT-1	glia1_8
nc_AGGCCACGTTCGAGCC-1	epithelia.cuticle.cp.other_1
nc_AGGCCACGTTGTATGC-1	muscle.rbm24_0
nc_AGGCCACTCACTGTCC-1	muscle.rbm24_0
nc_AGGCCACTCCTCTAAT-1	epithelia.tendon_5
nc_AGGCCACTCGTCTAAG-1	epithelia.tendon_5
nc_AGGCTGCAGCCGAACA-1	neuron.cholinergic_11
nc_AGGCTGCAGCCTTTCC-1	epithelia.cuticle.cp.rigid_7
nc_AGGCTGCAGCGTATAA-1	muscle.rbm24_0
nc_AGGCTGCCACGTCGTG-1	epithelia.cuticle.cp.other_1
nc_AGGCTGCCATCAGCTA-1	epithelia.tendon_5
nc_AGGCTGCCATGGATCT-1	neuron.cholinergic_11
nc_AGGCTGCCATGTTTGG-1	epithelia.cuticle.cp.rigid_7
nc_AGGCTGCCATTGCTTT-1	epithelia.cuticle.Osi18_6
nc_AGGCTGCGTAGGCAAC-1	trachea_15
nc_AGGCTGCGTCACCGCA-1	epithelia.cuticle.cp.other_1
nc_AGGCTGCGTCAGGTAG-1	epithelia.cuticle.cp.soft_3
nc_AGGCTGCGTGACTCGC-1	epithelia.cuticle.Osi17_4
nc_AGGCTGCGTGGCATCC-1	epithelia.cuticle.cp.soft_3
nc_AGGCTGCGTGTACATC-1	glia2_18
nc_AGGCTGCGTTAGTTCG-1	epithelia.tendon_5
nc_AGGCTGCGTTCGGACC-1	epithelia.cuticle.cp.other_1
nc_AGGCTGCTCACTCGAA-1	epithelia.cuticle.biosynthesis_13
nc_AGGCTGCTCCGTTTCG-1	epithelia.olfactory.support_9
nc_AGGCTGCTCGGCCAAC-1	epithelia.cuticle.cp.other_1
nc_AGGCTGCTCTCCGCAT-1	epithelia.cuticle.cp.other_1
nc_AGGCTGCTCTCTCGAC-1	epithelia.cuticle.cp.other_1
nc_AGGCTGCTCTGAGGCC-1	epithelia.cuticle.cp.other_1
nc_AGGGAGTAGGTGAGAA-1	epithelia.cuticle.cp.rigid_7
nc_AGGGAGTAGTAAGAGG-1	epithelia.tendon_5
nc_AGGGAGTCAAACCGGA-1	epithelia.cuticle.cp.other_1
nc_AGGGAGTCAAGAGTAT-1	epithelia.olfactory.support_9
nc_AGGGAGTCATGAATAG-1	epithelia.cuticle.Osi16_2
nc_AGGGAGTGTCAGACGA-1	epithelia.cuticle.Osi14_12
nc_AGGGAGTGTCCGGATC-1	muscle.rbm24_0
nc_AGGGAGTGTGAGACGT-1	epithelia.cuticle.Osi16_2
nc_AGGGAGTTCACACGAT-1	epithelia.cuticle.cp.rigid_7
nc_AGGGAGTTCCCATTCG-1	neuroglioblast.ol_14
nc_AGGGAGTTCGACATCA-1	muscle.rbm24_0
nc_AGGGAGTTCGCCAGAC-1	muscle.rbm24_0
nc_AGGGAGTTCTATCCAT-1	epithelia.cuticle.Osi14_12
nc_AGGGAGTTCTGGTCAA-1	epithelia.cuticle.Osi16_2
nc_AGGGCCTAGGAAAGAC-1	epithelia.tendon_5
nc_AGGGCCTCAAGGTCGA-1	epithelia.cuticle.cp.rigid_7
nc_AGGGCCTCACAAGGTG-1	epithelia.cuticle.cp.soft_3
nc_AGGGCCTGTATGAAAC-1	muscle.rbm24_0
nc_AGGGCCTGTCACTTCC-1	epithelia.cuticle.Osi17_4
nc_AGGGCCTTCAATCGGT-1	muscle.rbm24_0
nc_AGGGCCTTCACGGTCG-1	muscle.rbm24_0
nc_AGGGCCTTCCACGAAT-1	epithelia.tendon_5
nc_AGGGCCTTCCTATTGT-1	muscle.rbm24_0
nc_AGGGCCTTCTCAATCT-1	muscle.rbm24_0
nc_AGGGCCTTCTCGTCGT-1	glia1_8
nc_AGGGCTCAGCAGCCCT-1	neuroglioblast.castor_17
nc_AGGGCTCCAAGATCCT-1	epithelia.cuticle.Osi16_2
nc_AGGGCTCCAGCTGTCG-1	epithelia.cuticle.biosynthesis_13
nc_AGGGCTCGTAAGATAC-1	epithelia.cuticle.Osi17_4
nc_AGGGCTCGTACTAACC-1	epithelia.cuticle.Osi18_6
nc_AGGGCTCGTAGAGACC-1	epithelia.cuticle.cp.soft_3
nc_AGGGCTCGTCAGGTAG-1	epithelia.cuticle.Osi17_4
nc_AGGGCTCTCAACCTCC-1	epithelia.cuticle.cp.rigid_7
nc_AGGGCTCTCACTGGTA-1	epithelia.cuticle.Osi16_2
nc_AGGGCTCTCAGTCATG-1	neuron.chol.ciliated_20
nc_AGGGCTCTCCCTGTTG-1	epithelia.cuticle.cp.other_1
nc_AGGGCTCTCCTGTTGC-1	epithelia.tendon_5
nc_AGGGCTCTCTAGTTCT-1	hemocyte_16
nc_AGGGCTCTCTCAACGA-1	muscle.rbm24_0
nc_AGGGTCCAGAACGTGC-1	epithelia.cuticle.Osi14_12
nc_AGGGTCCAGACGTCCC-1	epithelia.cuticle.cp.rigid_7
nc_AGGGTCCAGAGAGGTA-1	epithelia.cuticle.Osi17_4
nc_AGGGTCCCAAAGTGTA-1	epithelia.cuticle.cp.other_1
nc_AGGGTCCCAACACAGG-1	neuroglioblast.ol_14
nc_AGGGTCCCAATGACCT-1	neuron.cholinergic_11
nc_AGGGTCCCACCGTGCA-1	muscle.rbm24_0
nc_AGGGTCCCACGCGGTT-1	epithelia.olfactory.support_9
nc_AGGGTCCCACGTTCGG-1	epithelia.cuticle.cp.other_1
nc_AGGGTCCCACTTACAG-1	epithelia.cuticle.cp.other_1
nc_AGGGTCCCAGTTGTCA-1	muscle.rbm24_0
nc_AGGGTCCGTATCGTGT-1	epithelia.cuticle.cp.soft_3
nc_AGGGTCCGTCAAACGG-1	epithelia.olfactory.support_9
nc_AGGGTCCGTTCTCAGA-1	epithelia.cuticle.cp.soft_3
nc_AGGGTCCTCCAATCTT-1	muscle.rbm24_0
nc_AGGGTGAAGTATCCTG-1	epithelia.cuticle.Osi16_2
nc_AGGGTGAAGTATGACA-1	neuroglioblast.ol_14
nc_AGGGTGAAGTGATAGT-1	neuron.cholinergic_11
nc_AGGGTGACAAAGAGTT-1	epithelia.cuticle.cp.other_1
nc_AGGGTGACAACCGACC-1	epithelia.cuticle.cp.other_1
nc_AGGGTGAGTCGGTAAG-1	epithelia.olfactory.support_9
nc_AGGGTGAGTGGTCAAG-1	epithelia.cuticle.biosynthesis_13
nc_AGGGTGAGTTATTCTC-1	epithelia.tendon_5
nc_AGGGTGAGTTGCAAGG-1	muscle.rbm24_0
nc_AGGGTGATCCACCCTA-1	epithelia.cuticle.cp.other_1
nc_AGGGTGATCTTGCAAG-1	muscle.rbm24_0
nc_AGGGTTTAGGCACTCC-1	muscle.rbm24_0
nc_AGGGTTTAGGGCCTCT-1	muscle.rbm24_0
nc_AGGGTTTCATCATGAC-1	epithelia.cuticle.Osi16_2
nc_AGGGTTTGTCGTGGTC-1	glia1_8
nc_AGGGTTTGTTAAGGAT-1	epithelia.cuticle.Osi16_2
nc_AGGGTTTGTTCTTGTT-1	muscle.rbm24_0
nc_AGGGTTTTCAAGGAGC-1	muscle.tup_19
nc_AGGGTTTTCAGCCTTC-1	epithelia.tendon_5
nc_AGGGTTTTCCACGTAA-1	epithelia.olfactory.support_9
nc_AGGGTTTTCTTGGGCG-1	epithelia.olfactory.support_9
nc_AGGTAGGAGCATTGTC-1	muscle.rbm24_0
nc_AGGTAGGAGCTCGGCT-1	epithelia.cuticle.cp.rigid_7
nc_AGGTAGGAGGACAGTC-1	muscle.rbm24_0
nc_AGGTAGGAGGCAGTCA-1	epithelia.cuticle.cp.other_1
nc_AGGTAGGCAACGACTT-1	muscle.rbm24_0
nc_AGGTAGGGTATCTTCT-1	glia2_18
nc_AGGTAGGGTCGAGATG-1	neuroglioblast.castor_17
nc_AGGTAGGGTTCGGACC-1	muscle.rbm24_0
nc_AGGTAGGTCACCGGGT-1	epithelia.olfactory.support_9
nc_AGGTAGGTCAGCACCG-1	muscle.rbm24_0
nc_AGGTAGGTCCGGACGT-1	neuron.cholinergic_11
nc_AGGTAGGTCCGTTGAA-1	epithelia.cuticle.cp.rigid_7
nc_AGGTAGGTCTCCTGAC-1	epithelia.cuticle.Osi18_6
nc_AGGTCATAGGAGCTGT-1	epithelia.cuticle.cp.other_1
nc_AGGTCATAGGTCCAGA-1	muscle.rbm24_0
nc_AGGTCATCAAAGCAAT-1	neuroglioblast.ol_14
nc_AGGTCATCAAGAAATC-1	epithelia.cuticle.cp.soft_3
nc_AGGTCATCAAGTCCAT-1	epithelia.cuticle.Osi16_2
nc_AGGTCATCACGCGTCA-1	epithelia.olfactory.support_9
nc_AGGTCATCACTTACAG-1	epithelia.cuticle.Osi14_12
nc_AGGTCATGTGAGTGAC-1	epithelia.cuticle.Osi17_4
nc_AGGTCATTCATGAAAG-1	glia1_8
nc_AGGTCATTCGAGAATA-1	epithelia.cuticle.Osi16_2
nc_AGGTCTAAGAGAGTTT-1	muscle.rbm24_0
nc_AGGTCTACAGCTCGGT-1	epithelia.cuticle.Osi18_6
nc_AGGTCTACAGTTAGGG-1	epithelia.cuticle.Osi16_2
nc_AGGTCTACATACATCG-1	epithelia.cuticle.cp.soft_3
nc_AGGTCTACATCATCTT-1	fat.body_10
nc_AGGTCTAGTAATGTGA-1	glia1_8
nc_AGGTCTAGTGACAGCA-1	epithelia.cuticle.cp.other_1
nc_AGGTCTAGTTTAGACC-1	muscle.rbm24_0
nc_AGGTCTATCGTGGACC-1	epithelia.cuticle.biosynthesis_13
nc_AGGTCTATCTCGGCTT-1	epithelia.cuticle.Osi17_4
nc_AGGTGTTAGATGCTTC-1	epithelia.cuticle.biosynthesis_13
nc_AGGTGTTAGATTCGCT-1	neuron.cholinergic_11
nc_AGGTGTTAGCCTCGTG-1	epithelia.cuticle.cp.soft_3
nc_AGGTGTTAGGTGCCTC-1	epithelia.cuticle.Osi16_2
nc_AGGTGTTCAGGGACTA-1	epithelia.cuticle.Osi16_2
nc_AGGTGTTGTCCCGGTA-1	muscle.rbm24_0
nc_AGGTGTTGTCTGCATA-1	epithelia.cuticle.cp.other_1
nc_AGGTGTTGTTCAAGGG-1	epithelia.cuticle.Osi18_6
nc_AGGTGTTGTTTAGAGA-1	epithelia.cuticle.cp.soft_3
nc_AGGTGTTTCAGCCCAG-1	epithelia.tendon_5
nc_AGGTGTTTCGAACTCA-1	muscle.rbm24_0
nc_AGGTGTTTCTGCGAGC-1	epithelia.cuticle.Osi16_2
nc_AGGTTACAGAAGGCTC-1	epithelia.cuticle.cp.soft_3
nc_AGGTTACAGACCAAGC-1	epithelia.cuticle.Osi16_2
nc_AGGTTACAGATTCGAA-1	epithelia.tendon_5
nc_AGGTTACCAATACCTG-1	epithelia.cuticle.cp.other_1
nc_AGGTTACGTATTGACC-1	epithelia.cuticle.cp.soft_3
nc_AGGTTACGTGAATAAC-1	epithelia.tendon_5
nc_AGGTTACGTGGACTGA-1	muscle.rbm24_0
nc_AGGTTACTCAAGAATG-1	epithelia.tendon_5
nc_AGGTTACTCCGCATAA-1	hemocyte_16
nc_AGGTTGTAGTATGGCG-1	muscle.rbm24_0
nc_AGGTTGTCAAGCTGCC-1	neuroglioblast.ol_14
nc_AGGTTGTCAATAGGAT-1	fat.body_10
nc_AGGTTGTCACGTTGGC-1	muscle.rbm24_0
nc_AGGTTGTTCGTCGACG-1	epithelia.cuticle.Osi16_2
nc_AGTAACCAGAGCCTGA-1	epithelia.tendon_5
nc_AGTAACCAGTATGCAA-1	epithelia.tendon_5
nc_AGTAACCGTGCACATT-1	epithelia.cuticle.Osi18_6
nc_AGTAACCGTGCGGCTT-1	epithelia.cuticle.cp.soft_3
nc_AGTAACCTCAACCCGG-1	epithelia.tendon_5
nc_AGTAACCTCCAAACCA-1	epithelia.cuticle.Osi16_2
nc_AGTAACCTCCACTGAA-1	epithelia.cuticle.cp.soft_3
nc_AGTAACCTCCCTATTA-1	glia1_8
nc_AGTAACCTCGCAGAGA-1	epithelia.cuticle.Osi17_4
nc_AGTAACCTCGCGGTAC-1	muscle.rbm24_0
nc_AGTAACCTCGCTCTAC-1	glia1_8
nc_AGTAACCTCTGGCCGA-1	muscle.rbm24_0
nc_AGTAACCTCTGTCGTC-1	epithelia.cuticle.cp.other_1
nc_AGTACCAAGAATCGAT-1	muscle.rbm24_0
nc_AGTACCAAGGTACTGG-1	epithelia.cuticle.cp.other_1
nc_AGTACCACACCGTCGA-1	muscle.rbm24_0
nc_AGTACCACAGTTCCAA-1	muscle.rbm24_0
nc_AGTACCAGTTTCACTT-1	trachea_15
nc_AGTACCATCGCCATAA-1	epithelia.olfactory.support_9
nc_AGTACCATCGGTTAGT-1	muscle.rbm24_0
nc_AGTACCATCTATTCGT-1	muscle.rbm24_0
nc_AGTACCATCTATTGTC-1	muscle.rbm24_0
nc_AGTACTGAGCCTAGGA-1	epithelia.cuticle.cp.soft_3
nc_AGTACTGAGGCATTTC-1	epithelia.cuticle.Osi16_2
nc_AGTACTGAGTGGTTAA-1	epithelia.cuticle.cp.other_1
nc_AGTACTGCATCCAACA-1	muscle.rbm24_0
nc_AGTACTGCATGGGTTT-1	epithelia.cuticle.cp.soft_3
nc_AGTACTGCATTGTACG-1	glia1_8
nc_AGTACTGGTACCAGAG-1	muscle.rbm24_0
nc_AGTACTGGTAGATCCT-1	muscle.rbm24_0
nc_AGTACTGGTCATGACT-1	epithelia.cuticle.Osi16_2
nc_AGTACTGGTCCAGTTA-1	epithelia.cuticle.Osi17_4
nc_AGTACTGGTCCATCTC-1	epithelia.cuticle.Osi17_4
nc_AGTACTGTCACTCCGT-1	epithelia.cuticle.Osi17_4
nc_AGTACTGTCTAAGCGT-1	muscle.rbm24_0
nc_AGTACTGTCTATGCCC-1	epithelia.cuticle.cp.other_1
nc_AGTACTGTCTCCTACG-1	muscle.rbm24_0
nc_AGTAGCTAGATGTAGT-1	muscle.rbm24_0
nc_AGTAGCTAGTTGGGAC-1	glia1_8
nc_AGTAGCTCACAGTCAT-1	epithelia.cuticle.cp.other_1
nc_AGTAGCTCACAGTCCG-1	epithelia.olfactory.support_9
nc_AGTAGCTCACCACATA-1	epithelia.cuticle.cp.other_1
nc_AGTAGCTCATCATGAC-1	neuron.cholinergic_11
nc_AGTAGCTGTACGACAG-1	epithelia.cuticle.cp.soft_3
nc_AGTAGCTGTCCAGAAG-1	epithelia.cuticle.cp.other_1
nc_AGTAGCTGTTACGCCG-1	epithelia.cuticle.cp.other_1
nc_AGTAGCTGTTCCTACC-1	muscle.rbm24_0
nc_AGTAGTCAGAGTCAAT-1	epithelia.cuticle.cp.soft_3
nc_AGTAGTCAGGTGATAT-1	epithelia.cuticle.Osi16_2
nc_AGTAGTCCACTCTCGT-1	epithelia.cuticle.cp.soft_3
nc_AGTAGTCTCGCACGAC-1	epithelia.cuticle.cp.other_1
nc_AGTAGTCTCGGACAAG-1	epithelia.cuticle.Osi14_12
nc_AGTAGTCTCTTCCTAA-1	epithelia.cuticle.Osi18_6
nc_AGTCAACAGATCCGAG-1	epithelia.cuticle.cp.soft_3
nc_AGTCAACAGCCGCTTG-1	epithelia.cuticle.Osi17_4
nc_AGTCAACAGGAGTCTG-1	epithelia.cuticle.Osi16_2
nc_AGTCAACAGGGCTAAC-1	muscle.rbm24_0
nc_AGTCAACAGTCGAAGC-1	epithelia.cuticle.Osi16_2
nc_AGTCAACCAATACCCA-1	secretory-ECM_21
nc_AGTCAACCAATCGCCG-1	epithelia.cuticle.cp.rigid_7
nc_AGTCACAAGAGGACTC-1	neuroglioblast.ol_14
nc_AGTCACAAGCTAGTTC-1	epithelia.olfactory.support_9
nc_AGTCACAAGCTATCTG-1	epithelia.tendon_5
nc_AGTCACAAGCTTGTGT-1	epithelia.cuticle.Osi16_2
nc_AGTCACAAGTCAGCGA-1	epithelia.cuticle.Osi16_2
nc_AGTCACAAGTGCCAGA-1	muscle.rbm24_0
nc_AGTCACACACAGCATT-1	epithelia.cuticle.cp.other_1
nc_AGTCACACACCCTGAG-1	epithelia.cuticle.cp.other_1
nc_AGTCACACATGCTGCG-1	muscle.rbm24_0
nc_AGTCACAGTACTCAAC-1	fat.body_10
nc_AGTCACAGTATTGAGA-1	epithelia.cuticle.Osi16_2
nc_AGTCATGAGCTCGTGC-1	epithelia.cuticle.cp.other_1
nc_AGTCATGAGGTAGGCT-1	epithelia.cuticle.Osi16_2
nc_AGTCATGAGGTCCGAA-1	trachea_15
nc_AGTCATGAGTAATCCC-1	epithelia.tendon_5
nc_AGTCATGCAGTGGCTC-1	epithelia.cuticle.cp.other_1
nc_AGTCATGGTACGATGG-1	trachea_15
nc_AGTCATGTCTGTAAGC-1	trachea_15
nc_AGTCTCCAGCAACTCT-1	epithelia.cuticle.cp.other_1
nc_AGTCTCCAGCGCGTTC-1	gland.corpora-allata_22
nc_AGTCTCCCAAGTATCC-1	muscle.rbm24_0
nc_AGTCTCCGTCGAGCTC-1	muscle.rbm24_0
nc_AGTCTCCGTTAGGGTG-1	muscle.rbm24_0
nc_AGTCTCCTCATTTCGT-1	hemocyte_16
nc_AGTCTCCTCCCATTTA-1	epithelia.tendon_5
nc_AGTCTCCTCGGTCGGT-1	epithelia.cuticle.Osi14_12
nc_AGTCTCCTCGTCCTCA-1	muscle.rbm24_0
nc_AGTGACTAGACAGCGT-1	trachea_15
nc_AGTGACTAGAGCTGCA-1	hemocyte_16
nc_AGTGACTAGTGGTTAA-1	epithelia.tendon_5
nc_AGTGACTCACCAGACC-1	epithelia.cuticle.Osi16_2
nc_AGTGACTCAGGTTCCG-1	neuron.cholinergic_11
nc_AGTGACTGTAAGATTG-1	epithelia.cuticle.cp.other_1
nc_AGTGACTGTCCAGCAC-1	glia1_8
nc_AGTGACTGTGATACTC-1	epithelia.cuticle.Osi18_6
nc_AGTGACTGTTCTTGTT-1	epithelia.olfactory.support_9
nc_AGTGACTTCAAGTGTC-1	epithelia.cuticle.cp.other_1
nc_AGTGACTTCATAGACC-1	glia1_8
nc_AGTGACTTCGCCTATC-1	epithelia.cuticle.cp.rigid_7
nc_AGTGACTTCTCAACGA-1	muscle.rbm24_0
nc_AGTGATCAGAACTCCT-1	trachea_15
nc_AGTGATCAGAGCATCG-1	fat.body_10
nc_AGTGATCCAGTTGGTT-1	muscle.rbm24_0
nc_AGTGATCGTCCTCCAT-1	epithelia.cuticle.Osi16_2
nc_AGTGATCGTTAATCGC-1	epithelia.cuticle.cp.rigid_7
nc_AGTGATCTCCTAACAG-1	muscle.rbm24_0
nc_AGTGATCTCGAAGGAC-1	epithelia.cuticle.Osi16_2
nc_AGTGCCGAGGACCCAA-1	muscle.rbm24_0
nc_AGTGCCGAGGATGCGT-1	epithelia.cuticle.Osi16_2
nc_AGTGCCGAGGTTAAAC-1	muscle.rbm24_0
nc_AGTGCCGGTCTTGGTA-1	muscle.rbm24_0
nc_AGTGCCGTCATGCCCT-1	hemocyte_16
nc_AGTGCCGTCGTGGTAT-1	epithelia.tendon_5
nc_AGTGTTGAGCCGATAG-1	muscle.rbm24_0
nc_AGTGTTGAGCCTCTTC-1	epithelia.cuticle.cp.other_1
nc_AGTGTTGAGTGGTCAG-1	fat.body_10
nc_AGTGTTGGTAACACCT-1	epithelia.cuticle.Osi14_12
nc_AGTGTTGGTACAATAG-1	epithelia.tendon_5
nc_AGTGTTGGTAGTACGG-1	epithelia.cuticle.cp.soft_3
nc_AGTGTTGGTCATGACT-1	trachea_15
nc_AGTGTTGTCCTGGGTG-1	epithelia.cuticle.Osi16_2
nc_AGTGTTGTCCTTTGAT-1	epithelia.cuticle.Osi16_2
nc_AGTGTTGTCGGAAGGT-1	muscle.rbm24_0
nc_AGTGTTGTCTAACACG-1	glia1_8
nc_AGTGTTGTCTAACGGT-1	epithelia.cuticle.cp.soft_3
nc_AGTTAGCAGCACTAGG-1	epithelia.tendon_5
nc_AGTTAGCAGTAAACGT-1	epithelia.cuticle.cp.soft_3
nc_AGTTAGCCAAAGAGTT-1	epithelia.cuticle.Osi16_2
nc_AGTTAGCCAACCAGAG-1	fat.body_10
nc_AGTTAGCCACTGTCCT-1	muscle.rbm24_0
nc_AGTTAGCCAGACCTAT-1	muscle.rbm24_0
nc_AGTTAGCCAGGCACAA-1	epithelia.cuticle.cp.rigid_7
nc_AGTTAGCGTAAGGCTG-1	epithelia.cuticle.biosynthesis_13
nc_AGTTAGCGTAGGGTAC-1	neuron.cholinergic_11
nc_AGTTAGCGTTTCGGCG-1	muscle.rbm24_0
nc_AGTTAGCGTTTGAACC-1	epithelia.tendon_5
nc_AGTTAGCTCCTGCCAT-1	epithelia.cuticle.Osi16_2
nc_AGTTAGCTCTAGATCG-1	epithelia.tendon_5
nc_AGTTCCCAGGATACGC-1	muscle.rbm24_0
nc_AGTTCCCAGGATTTAG-1	epithelia.cuticle.Osi17_4
nc_AGTTCCCAGGTCCGAA-1	epithelia.cuticle.cp.other_1
nc_AGTTCCCAGTCTGCGC-1	epithelia.cuticle.cp.rigid_7
nc_AGTTCCCCAAATTGCC-1	glia1_8
nc_AGTTCCCCACCATTCC-1	muscle.rbm24_0
nc_AGTTCCCCACTAACGT-1	trachea_15
nc_AGTTCCCCAGAGATGC-1	muscle.rbm24_0
nc_AGTTCCCCAGCAGTAG-1	epithelia.cuticle.cp.soft_3
nc_AGTTCCCCAGTCAGAG-1	epithelia.cuticle.Osi18_6
nc_AGTTCCCTCCCTGGTT-1	epithelia.tendon_5
nc_AGTTCCCTCCTAAGTG-1	epithelia.cuticle.cp.other_1
nc_AGTTCCCTCGCACGGT-1	epithelia.cuticle.cp.soft_3
nc_AGTTCCCTCGGTTAGT-1	epithelia.cuticle.Osi17_4
nc_AGTTCCCTCTTCGACC-1	epithelia.tendon_5
nc_AGTTCGAAGGAATGTT-1	epithelia.cuticle.Osi16_2
nc_AGTTCGAAGTAGCTCT-1	muscle.rbm24_0
nc_AGTTCGACAAATGCGG-1	epithelia.cuticle.Osi17_4
nc_AGTTCGACACCGTGGT-1	epithelia.cuticle.Osi16_2
nc_AGTTCGACACGCGTCA-1	epithelia.cuticle.Osi17_4
nc_AGTTCGAGTCTTAGTG-1	epithelia.tendon_5
nc_AGTTCGATCTTCGGAA-1	epithelia.cuticle.cp.soft_3
nc_ATACCGAAGATGTTAG-1	glia1_8
nc_ATACCGAAGGCGCTCT-1	muscle.rbm24_0
nc_ATACCGACAACACACT-1	epithelia.cuticle.cp.other_1
nc_ATACCGACAGTTGCGC-1	muscle.rbm24_0
nc_ATACCGACATAGAATG-1	muscle.rbm24_0
nc_ATACCGAGTAACAGTA-1	epithelia.cuticle.Osi16_2
nc_ATACCGAGTTATGACC-1	muscle.rbm24_0
nc_ATACCGAGTTCCACAA-1	muscle.rbm24_0
nc_ATACCGAGTTGTATGC-1	epithelia.cuticle.Osi17_4
nc_ATACCGATCAAAGAAC-1	epithelia.cuticle.Osi16_2
nc_ATACCGATCCCGAGGT-1	epithelia.cuticle.cp.soft_3
nc_ATACCGATCTCCAATT-1	epithelia.cuticle.cp.other_1
nc_ATACCTTAGAGTCAAT-1	muscle.rbm24_0
nc_ATACCTTAGCTTTGTG-1	epithelia.cuticle.biosynthesis_13
nc_ATACCTTAGTTGTCAC-1	muscle.rbm24_0
nc_ATACCTTCAGAACCGA-1	muscle.rbm24_0
nc_ATACCTTCAGGTGTGA-1	muscle.rbm24_0
nc_ATACCTTGTCATCCCT-1	epithelia.cuticle.Osi16_2
nc_ATACCTTGTCTGTGCG-1	epithelia.tendon_5
nc_ATACCTTGTTAGGGTG-1	muscle.rbm24_0
nc_ATACCTTTCGACCCAG-1	muscle.rbm24_0
nc_ATACCTTTCGCTCATC-1	muscle.rbm24_0
nc_ATACCTTTCTCATGGA-1	epithelia.cuticle.Osi14_12
nc_ATACTTCAGACCTGGA-1	epithelia.olfactory.support_9
nc_ATACTTCAGTAATACG-1	epithelia.cuticle.Osi18_6
nc_ATACTTCCACAGAGAC-1	epithelia.cuticle.Osi17_4
nc_ATACTTCCACCAGCGT-1	muscle.rbm24_0
nc_ATACTTCCACTCCTTG-1	epithelia.cuticle.Osi17_4
nc_ATACTTCTCATTCACT-1	epithelia.cuticle.Osi16_2
nc_ATACTTCTCGCTCCTA-1	epithelia.cuticle.Osi17_4
nc_ATACTTCTCGGTGTTA-1	epithelia.cuticle.Osi18_6
nc_ATACTTCTCTCACCCA-1	muscle.rbm24_0
nc_ATACTTCTCTCCTGTG-1	fat.body_10
nc_ATACTTCTCTGGGTCG-1	epithelia.cuticle.Osi14_12
nc_ATAGACCAGACATCCT-1	glia2_18
nc_ATAGACCAGGTTGAGC-1	muscle.rbm24_0
nc_ATAGACCCAACCGGAA-1	trachea_15
nc_ATAGACCCAAGGTACG-1	muscle.rbm24_0
nc_ATAGACCCACGGCACT-1	epithelia.cuticle.cp.other_1
nc_ATAGACCCACTGGATT-1	epithelia.cuticle.cp.other_1
nc_ATAGACCCAGAGGCAT-1	epithelia.cuticle.cp.other_1
nc_ATAGACCGTACTGTTG-1	glia1_8
nc_ATAGACCGTAGACGTG-1	epithelia.cuticle.Osi14_12
nc_ATAGACCGTAGCGTCC-1	epithelia.tendon_5
nc_ATAGACCGTCGAAGCA-1	epithelia.olfactory.support_9
nc_ATAGACCGTGAACGGT-1	epithelia.cuticle.Osi17_4
nc_ATAGACCGTTCCTAGA-1	neuroglioblast.castor_17
nc_ATAGACCTCAACACGT-1	epithelia.cuticle.Osi14_12
nc_ATAGACCTCCCATAAG-1	muscle.rbm24_0
nc_ATAGACCTCGAGTCTA-1	glia1_8
nc_ATAGACCTCGCTTACC-1	muscle.rbm24_0
nc_ATAGACCTCGTTGCCT-1	muscle.rbm24_0
nc_ATAGAGAAGACGTCGA-1	muscle.rbm24_0
nc_ATAGAGAAGCACCGAA-1	epithelia.cuticle.cp.soft_3
nc_ATAGAGAAGCGACAGT-1	epithelia.cuticle.cp.soft_3
nc_ATAGAGAAGGAATCGC-1	epithelia.cuticle.Osi16_2
nc_ATAGAGAAGGAGCAAA-1	epithelia.cuticle.cp.other_1
nc_ATAGAGAAGGGCTGAT-1	epithelia.tendon_5
nc_ATAGAGAAGTAAACAC-1	epithelia.cuticle.cp.other_1
nc_ATAGAGAAGTTAGAAC-1	epithelia.cuticle.Osi14_12
nc_ATAGAGACAACCCGCA-1	muscle.rbm24_0
nc_ATAGAGACAATTGCTG-1	epithelia.tendon_5
nc_ATAGAGACAGGGTTGA-1	epithelia.cuticle.Osi18_6
nc_ATAGAGACAGTAGTGG-1	epithelia.cuticle.Osi17_4
nc_ATAGAGACATACAGAA-1	epithelia.cuticle.cp.soft_3
nc_ATAGAGAGTACACTCA-1	gland.corpora-allata_22
nc_ATAGAGAGTGGATCGA-1	epithelia.cuticle.cp.soft_3
nc_ATAGAGATCACCTTGC-1	muscle.rbm24_0
nc_ATAGAGATCACTGAAC-1	neuroglioblast.ol_14
nc_ATAGAGATCCCGAACG-1	epithelia.olfactory.support_9
nc_ATAGAGATCGACCTAA-1	epithelia.cuticle.Osi16_2
nc_ATAGAGATCTCGTGGG-1	epithelia.cuticle.Osi16_2
nc_ATAGAGATCTCTTGCG-1	neuroglioblast.castor_17
nc_ATAGAGATCTGCTAGA-1	epithelia.tendon_5
nc_ATAGGCTCACAAACGG-1	epithelia.cuticle.cp.soft_3
nc_ATAGGCTCACATTCGA-1	epithelia.cuticle.Osi16_2
nc_ATAGGCTCACTCAAGT-1	muscle.rbm24_0
nc_ATAGGCTCAGGCTTGC-1	muscle.rbm24_0
nc_ATAGGCTCATATACCG-1	neuron.cholinergic_11
nc_ATAGGCTCATCACAGT-1	epithelia.cuticle.cp.other_1
nc_ATAGGCTGTACAGCGA-1	epithelia.cuticle.Osi14_12
nc_ATAGGCTGTGGTAACG-1	muscle.rbm24_0
nc_ATAGGCTTCCATAAGC-1	epithelia.cuticle.Osi16_2
nc_ATAGGCTTCTACCCAC-1	epithelia.cuticle.Osi17_4
nc_ATATCCTAGACCTGGA-1	muscle.rbm24_0
nc_ATATCCTAGATAGCAT-1	epithelia.cuticle.Osi16_2
nc_ATATCCTAGCCAAGGT-1	muscle.rbm24_0
nc_ATATCCTAGTTTCAGC-1	epithelia.cuticle.Osi16_2
nc_ATATCCTCAGCACAGA-1	muscle.rbm24_0
nc_ATATCCTCAGTAACAA-1	epithelia.cuticle.Osi16_2
nc_ATATCCTCAGTCGAGA-1	muscle.rbm24_0
nc_ATATCCTTCGAGAGCA-1	muscle.tup_19
nc_ATATCCTTCGATTGGT-1	trachea_15
nc_ATATCCTTCTCCTGAC-1	epithelia.cuticle.Osi17_4
nc_ATATCCTTCTTACGTT-1	muscle.rbm24_0
nc_ATCACAGAGCGGGTAT-1	muscle.rbm24_0
nc_ATCACAGAGTAACCTC-1	epithelia.cuticle.cp.rigid_7
nc_ATCACAGCACCAGCTG-1	epithelia.cuticle.Osi16_2
nc_ATCACAGCATCGTGGC-1	epithelia.cuticle.cp.other_1
nc_ATCACAGGTAGCTCGC-1	neuroglioblast.ol_14
nc_ATCACAGTCTGCTCTG-1	epithelia.cuticle.Osi16_2
nc_ATCACAGTCTGTGCTC-1	muscle.tup_19
nc_ATCACAGTCTTTGCAT-1	epithelia.cuticle.Osi16_2
nc_ATCACGAAGAGGCGGA-1	epithelia.cuticle.cp.other_1
nc_ATCACGAAGCACTTTG-1	epithelia.tendon_5
nc_ATCACGAAGTGCTAGG-1	epithelia.cuticle.Osi16_2
nc_ATCACGACAAAGGTTA-1	epithelia.tendon_5
nc_ATCACGACACCAACAT-1	muscle.rbm24_0
nc_ATCACGACACTTGGGC-1	epithelia.cuticle.cp.other_1
nc_ATCACGACAGGAATAT-1	epithelia.tendon_5
nc_ATCACGAGTACGACTT-1	epithelia.cuticle.cp.other_1
nc_ATCACGAGTCCGAAAG-1	neuroglioblast.ol_14
nc_ATCACGAGTCGCATTA-1	trachea_15
nc_ATCACGATCAAGGACG-1	glia1_8
nc_ATCACTTAGAAGTGTT-1	epithelia.tendon_5
nc_ATCACTTAGCGCCTAC-1	muscle.rbm24_0
nc_ATCACTTCAGAACGCA-1	muscle.rbm24_0
nc_ATCACTTCAGCAGTAG-1	muscle.rbm24_0
nc_ATCACTTCATACCGTA-1	muscle.rbm24_0
nc_ATCACTTCATGAAAGT-1	epithelia.cuticle.cp.other_1
nc_ATCACTTCATGACTTG-1	epithelia.cuticle.Osi18_6
nc_ATCACTTGTCGCATGC-1	epithelia.cuticle.Osi14_12
nc_ATCACTTGTTCAAACC-1	epithelia.cuticle.biosynthesis_13
nc_ATCACTTGTTTGGGTT-1	epithelia.cuticle.Osi16_2
nc_ATCACTTTCCGCAAAT-1	neuron.cholinergic_11
nc_ATCACTTTCGAGTACT-1	neuroglioblast.ol_14
nc_ATCACTTTCTCGAACA-1	muscle.rbm24_0
nc_ATCACTTTCTGGTGCG-1	muscle.rbm24_0
nc_ATCACTTTCTTTGATC-1	epithelia.cuticle.Osi16_2
nc_ATCAGGTAGATCCCAT-1	epithelia.cuticle.cp.other_1
nc_ATCAGGTAGGCCCACT-1	muscle.rbm24_0
nc_ATCAGGTAGGTCCTGC-1	epithelia.cuticle.Osi17_4
nc_ATCAGGTAGTAAGAGG-1	epithelia.cuticle.Osi17_4
nc_ATCAGGTCAGCGAGTA-1	trachea_15
nc_ATCAGGTTCAAAGGAT-1	epithelia.cuticle.Osi16_2
nc_ATCAGGTTCATGCTAG-1	epithelia.tendon_5
nc_ATCAGGTTCTTGCAGA-1	epithelia.cuticle.cp.soft_3
nc_ATCATTCAGATAACAC-1	epithelia.cuticle.Osi18_6
nc_ATCATTCAGCATTTCG-1	neuron.cholinergic_11
nc_ATCATTCAGCTGAAGC-1	hemocyte_16
nc_ATCATTCAGGGAGTTC-1	epithelia.olfactory.support_9
nc_ATCATTCCAGCAGAAC-1	epithelia.cuticle.Osi16_2
nc_ATCATTCCAGCGACAA-1	muscle.rbm24_0
nc_ATCATTCCAGGTGTTT-1	epithelia.cuticle.Osi14_12
nc_ATCATTCGTAGTACGG-1	epithelia.cuticle.Osi16_2
nc_ATCATTCGTTAACCTG-1	epithelia.cuticle.cp.soft_3
nc_ATCATTCTCCGAGTGC-1	gland.corpora-allata_22
nc_ATCATTCTCCTAGCGG-1	epithelia.cuticle.Osi16_2
nc_ATCATTCTCTGCGGCA-1	muscle.rbm24_0
nc_ATCATTCTCTGGCCGA-1	epithelia.olfactory.support_9
nc_ATCCACCAGGCGTCCT-1	muscle.rbm24_0
nc_ATCCACCAGTAAGGGA-1	epithelia.tendon_5
nc_ATCCACCAGTCAGCCC-1	epithelia.tendon_5
nc_ATCCACCCATCCGAGC-1	muscle.rbm24_0
nc_ATCCACCGTACACTCA-1	fat.body_10
nc_ATCCACCGTAGGTGCA-1	epithelia.cuticle.Osi16_2
nc_ATCCACCGTCACGCTG-1	epithelia.cuticle.cp.other_1
nc_ATCCACCGTCCAAGAG-1	epithelia.cuticle.cp.rigid_7
nc_ATCCACCGTTAAACCC-1	muscle.rbm24_0
nc_ATCCACCGTTGCCTAA-1	epithelia.cuticle.Osi16_2
nc_ATCCACCTCAAGCCCG-1	glia2_18
nc_ATCCACCTCACTGAAC-1	muscle.rbm24_0
nc_ATCCACCTCCTCAGAA-1	epithelia.cuticle.Osi17_4
nc_ATCCACCTCGAGCTGC-1	epithelia.olfactory.support_9
nc_ATCCACCTCTGACCCT-1	epithelia.cuticle.cp.soft_3
nc_ATCCACCTCTGTTCAT-1	epithelia.tendon_5
nc_ATCCATTAGATGCTTC-1	muscle.rbm24_0
nc_ATCCATTAGGATGCGT-1	glia1_8
nc_ATCCATTAGGTATAGT-1	muscle.rbm24_0
nc_ATCCATTAGTATTCCG-1	hemocyte_16
nc_ATCCATTAGTCAGCGA-1	glia1_8
nc_ATCCATTAGTTGCCTA-1	muscle.rbm24_0
nc_ATCCATTCAGCCGTTG-1	epithelia.cuticle.Osi14_12
nc_ATCCATTCAGGTCAAG-1	epithelia.cuticle.biosynthesis_13
nc_ATCCATTGTATTTCGG-1	epithelia.cuticle.cp.other_1
nc_ATCCATTGTTGCTCCT-1	epithelia.cuticle.Osi17_4
nc_ATCCATTTCGTGTCAA-1	epithelia.cuticle.cp.other_1
nc_ATCCCTGAGAAGGGAT-1	muscle.rbm24_0
nc_ATCCCTGAGAGAGCCT-1	epithelia.cuticle.cp.soft_3
nc_ATCCCTGAGATTCGAA-1	epithelia.cuticle.Osi14_12
nc_ATCCCTGAGTCCTACA-1	neuroglioblast.ol_14
nc_ATCCCTGCAAATTGCC-1	muscle.rbm24_0
nc_ATCCCTGGTACTAACC-1	epithelia.cuticle.Osi16_2
nc_ATCCCTGGTCACTCGG-1	epithelia.cuticle.cp.soft_3
nc_ATCCCTGGTGGCGCTT-1	muscle.rbm24_0
nc_ATCCCTGTCCCATGGG-1	muscle.rbm24_0
nc_ATCCCTGTCCCGTTCA-1	trachea_15
nc_ATCCCTGTCTACTCAT-1	epithelia.olfactory.support_9
nc_ATCCGTCAGCATGGGT-1	epithelia.cuticle.cp.rigid_7
nc_ATCCGTCAGGCTTCCG-1	epithelia.cuticle.cp.soft_3
nc_ATCCGTCGTCCACATA-1	epithelia.cuticle.Osi14_12
nc_ATCCGTCTCACACCGG-1	neuroglioblast.castor_17
nc_ATCCGTCTCCTGGGAC-1	epithelia.cuticle.Osi16_2
nc_ATCCGTCTCTCCGAGG-1	trachea_15
nc_ATCCGTCTCTTCCTAA-1	neuroglioblast.castor_17
nc_ATCCTATAGCACTAGG-1	epithelia.cuticle.Osi14_12
nc_ATCCTATAGTCGCCAC-1	muscle.rbm24_0
nc_ATCCTATCACATGACT-1	epithelia.cuticle.cp.other_1
nc_ATCCTATCAGCTCTGG-1	gland.corpora-allata_22
nc_ATCCTATCATGGTGGA-1	neuroglioblast.castor_17
nc_ATCCTATGTACACTCA-1	epithelia.cuticle.Osi17_4
nc_ATCCTATTCATTACCT-1	muscle.rbm24_0
nc_ATCCTATTCCAATGCA-1	epithelia.cuticle.cp.other_1
nc_ATCCTATTCGTAATGC-1	epithelia.cuticle.cp.soft_3
nc_ATCGATGAGCCACTCG-1	epithelia.cuticle.cp.rigid_7
nc_ATCGATGAGGACTAAT-1	epithelia.cuticle.cp.rigid_7
nc_ATCGATGAGGATAATC-1	epithelia.cuticle.cp.other_1
nc_ATCGATGAGTCTGTAC-1	muscle.rbm24_0
nc_ATCGATGCAAGTGATA-1	epithelia.cuticle.cp.other_1
nc_ATCGATGGTCCGTACG-1	epithelia.cuticle.Osi18_6
nc_ATCGATGTCATTGTGG-1	muscle.rbm24_0
nc_ATCGATGTCCTCGATC-1	muscle.rbm24_0
nc_ATCGCCTAGAGCAGAA-1	muscle.rbm24_0
nc_ATCGCCTAGATACCAA-1	epithelia.cuticle.cp.other_1
nc_ATCGCCTAGCAGGCAT-1	neuroglioblast.castor_17
nc_ATCGCCTAGCCGATAG-1	epithelia.cuticle.cp.soft_3
nc_ATCGCCTAGTGCAGGT-1	epithelia.cuticle.cp.other_1
nc_ATCGCCTAGTTGAAGT-1	trachea_15
nc_ATCGCCTCAAAGCTAA-1	muscle.rbm24_0
nc_ATCGCCTCAATAGGGC-1	epithelia.cuticle.Osi14_12
nc_ATCGCCTCATGCAGGA-1	muscle.rbm24_0
nc_ATCGCCTGTCAGACGA-1	epithelia.tendon_5
nc_ATCGCCTGTCGATTTG-1	epithelia.cuticle.Osi16_2
nc_ATCGCCTGTTAGCTAC-1	epithelia.cuticle.cp.soft_3
nc_ATCGCCTTCTAAGAAG-1	muscle.rbm24_0
nc_ATCGCCTTCTCTATAC-1	neuroglioblast.ol_14
nc_ATCGGATAGTCCGTCG-1	hemocyte_16
nc_ATCGGATCACGGTAGA-1	neuron.cholinergic_11
nc_ATCGGATCAGACAAGC-1	epithelia.cuticle.Osi16_2
nc_ATCGGATCATTATGCG-1	muscle.rbm24_0
nc_ATCGGATGTGTCGCTG-1	epithelia.olfactory.support_9
nc_ATCGGATGTTATGACC-1	epithelia.cuticle.cp.rigid_7
nc_ATCGGATGTTTCGTTT-1	epithelia.cuticle.Osi14_12
nc_ATCGGATTCATGGCCG-1	epithelia.cuticle.cp.other_1
nc_ATCGGATTCCAGCCTT-1	muscle.rbm24_0
nc_ATCGGCGAGCATAGGC-1	epithelia.cuticle.cp.soft_3
nc_ATCGGCGAGTTGAAAC-1	epithelia.cuticle.biosynthesis_13
nc_ATCGGCGCAGATTTCG-1	epithelia.tendon_5
nc_ATCGGCGGTCCAAGAG-1	muscle.rbm24_0
nc_ATCGGCGGTCGTTGCG-1	epithelia.cuticle.Osi16_2
nc_ATCGGCGTCCGTATAG-1	muscle.rbm24_0
nc_ATCGGCGTCGTCCTCA-1	muscle.rbm24_0
nc_ATCGTAGAGAATCCCT-1	muscle.rbm24_0
nc_ATCGTAGAGCCGAATG-1	epithelia.cuticle.Osi16_2
nc_ATCGTAGAGGGACCAT-1	epithelia.cuticle.cp.other_1
nc_ATCGTAGAGGTAAACT-1	muscle.rbm24_0
nc_ATCGTAGAGTTCCTGA-1	neuron.cholinergic_11
nc_ATCGTAGGTCGTTCAA-1	muscle.rbm24_0
nc_ATCGTAGGTTCTCTCG-1	epithelia.cuticle.Osi16_2
nc_ATCGTAGGTTGGCCTG-1	trachea_15
nc_ATCGTAGTCAGCCTTC-1	epithelia.cuticle.Osi18_6
nc_ATCGTCCAGACTGGGT-1	epithelia.cuticle.biosynthesis_13
nc_ATCGTCCAGCGGTATG-1	trachea_15
nc_ATCGTCCAGGGTACGT-1	epithelia.tendon_5
nc_ATCGTCCGTTAGGCCC-1	epithelia.cuticle.Osi17_4
nc_ATCGTCCGTTCTCAGA-1	epithelia.cuticle.cp.soft_3
nc_ATCGTCCGTTGGAGAC-1	epithelia.cuticle.Osi18_6
nc_ATCGTCCTCACAAGGG-1	epithelia.cuticle.Osi14_12
nc_ATCGTCCTCCCGTAAA-1	epithelia.cuticle.cp.other_1
nc_ATCGTCCTCGACACCG-1	epithelia.olfactory.support_9
nc_ATCGTGAAGAGTCACG-1	epithelia.cuticle.Osi16_2
nc_ATCGTGAAGCTACTAC-1	epithelia.cuticle.cp.other_1
nc_ATCGTGACATTCGGGC-1	epithelia.cuticle.Osi14_12
nc_ATCGTGAGTAGTCACT-1	trachea_15
nc_ATCGTGAGTCATCAGT-1	epithelia.tendon_5
nc_ATCGTGAGTGTGAGCA-1	epithelia.cuticle.cp.soft_3
nc_ATCGTGATCACCTGGG-1	epithelia.cuticle.cp.other_1
nc_ATCGTGATCCATATGG-1	muscle.rbm24_0
nc_ATCGTGATCGGACCAC-1	epithelia.cuticle.Osi16_2
nc_ATCGTGATCGGTGAAG-1	epithelia.cuticle.cp.soft_3
nc_ATCGTGATCTCCGATC-1	glia1_8
nc_ATCTCTAAGAGTATAC-1	muscle.rbm24_0
nc_ATCTCTAAGATGTTAG-1	epithelia.cuticle.cp.other_1
nc_ATCTCTAAGATTTGCC-1	muscle.rbm24_0
nc_ATCTCTAAGCACTCAT-1	epithelia.cuticle.Osi18_6
nc_ATCTCTAAGGACAGTC-1	epithelia.cuticle.cp.other_1
nc_ATCTCTAAGGATCATA-1	epithelia.cuticle.cp.soft_3
nc_ATCTCTAAGGGATCAC-1	epithelia.cuticle.cp.other_1
nc_ATCTCTAAGTAGGATT-1	epithelia.cuticle.cp.other_1
nc_ATCTCTAAGTTCCAGT-1	epithelia.cuticle.cp.soft_3
nc_ATCTCTACACTTGGGC-1	muscle.rbm24_0
nc_ATCTCTACATTCTTCA-1	epithelia.cuticle.Osi17_4
nc_ATCTCTAGTCAGTCTA-1	epithelia.cuticle.Osi17_4
nc_ATCTTCAAGGAAAGGT-1	epithelia.cuticle.cp.other_1
nc_ATCTTCAAGGTACAAT-1	epithelia.cuticle.Osi16_2
nc_ATCTTCACACGGGTAA-1	hemocyte_16
nc_ATCTTCACATAATGCC-1	muscle.rbm24_0
nc_ATCTTCACATTCGGGC-1	epithelia.cuticle.cp.soft_3
nc_ATCTTCAGTATACGGG-1	epithelia.cuticle.Osi16_2
nc_ATCTTCAGTGGACTGA-1	muscle.rbm24_0
nc_ATCTTCAGTTATCTTC-1	epithelia.cuticle.Osi16_2
nc_ATCTTCAGTTCCGCAG-1	glia1_8
nc_ATCTTCAGTTTATGCG-1	epithelia.cuticle.cp.soft_3
nc_ATGAAAGAGAGTGGCT-1	hemocyte_16
nc_ATGAAAGGTGACACGA-1	muscle.rbm24_0
nc_ATGAAAGGTTTCGTGA-1	epithelia.cuticle.Osi17_4
nc_ATGAAAGTCGGTCACG-1	epithelia.cuticle.cp.soft_3
nc_ATGAAAGTCGTTCAGA-1	epithelia.cuticle.Osi16_2
nc_ATGACCAAGAGCACTG-1	epithelia.cuticle.cp.soft_3
nc_ATGACCAAGCAAGTCG-1	epithelia.cuticle.cp.soft_3
nc_ATGACCAAGCAGTACG-1	epithelia.cuticle.Osi16_2
nc_ATGACCAAGCATCAGG-1	epithelia.cuticle.Osi16_2
nc_ATGACCACAGACTCTA-1	epithelia.cuticle.cp.other_1
nc_ATGACCAGTAGTACGG-1	epithelia.tendon_5
nc_ATGACCAGTCATGACT-1	epithelia.tendon_5
nc_ATGACCAGTCTGTGCG-1	muscle.rbm24_0
nc_ATGACCAGTGTGTTTG-1	epithelia.cuticle.Osi16_2
nc_ATGACCAGTTCTCCTG-1	epithelia.tendon_5
nc_ATGACCAGTTTCGACA-1	muscle.rbm24_0
nc_ATGACCATCACGGGAA-1	epithelia.cuticle.Osi17_4
nc_ATGACCATCCAAGCTA-1	muscle.rbm24_0
nc_ATGACCATCCATGCAA-1	muscle.rbm24_0
nc_ATGACCATCCGTACGG-1	muscle.rbm24_0
nc_ATGACCATCGGAATGG-1	epithelia.tendon_5
nc_ATGAGGGAGAAGCCTG-1	epithelia.cuticle.Osi16_2
nc_ATGAGGGCACCGTCTT-1	glia2_18
nc_ATGAGGGCACTACCGG-1	neuroglioblast.ol_14
nc_ATGAGGGCAGTTGGTT-1	epithelia.tendon_5
nc_ATGAGGGCATCCCACT-1	epithelia.cuticle.cp.other_1
nc_ATGAGGGGTCAACCAT-1	epithelia.cuticle.Osi18_6
nc_ATGAGGGTCACCACAA-1	epithelia.cuticle.Osi16_2
nc_ATGAGGGTCCACGTGG-1	muscle.rbm24_0
nc_ATGAGGGTCTTACCAT-1	gland.corpora-allata_22
nc_ATGAGTCAGCATTGAA-1	epithelia.cuticle.cp.other_1
nc_ATGAGTCAGTCTCCTC-1	epithelia.cuticle.Osi18_6
nc_ATGAGTCCAAGGCAAC-1	epithelia.cuticle.Osi17_4
nc_ATGAGTCCATCTATCT-1	fat.body_10
nc_ATGAGTCGTAGCTGCC-1	epithelia.cuticle.Osi17_4
nc_ATGAGTCGTCGCTTGG-1	epithelia.cuticle.Osi18_6
nc_ATGAGTCGTTAAACAG-1	epithelia.cuticle.cp.rigid_7
nc_ATGAGTCTCTCTCTAA-1	epithelia.cuticle.cp.soft_3
nc_ATGATCGAGACATATG-1	epithelia.cuticle.Osi17_4
nc_ATGATCGAGACCATTC-1	epithelia.cuticle.cp.other_1
nc_ATGATCGAGACCGCCT-1	epithelia.cuticle.Osi16_2
nc_ATGATCGAGATAGCAT-1	muscle.rbm24_0
nc_ATGATCGAGCCGATTT-1	epithelia.cuticle.Osi17_4
nc_ATGATCGAGCGTTAGG-1	muscle.rbm24_0
nc_ATGATCGAGCTGACCC-1	muscle.rbm24_0
nc_ATGATCGAGTAAAGCT-1	muscle.rbm24_0
nc_ATGATCGCAGCTGTGC-1	epithelia.cuticle.biosynthesis_13
nc_ATGATCGCATTCAGCA-1	epithelia.cuticle.Osi18_6
nc_ATGATCGGTCCCTAAA-1	muscle.rbm24_0
nc_ATGATCGGTTGTGTAC-1	epithelia.cuticle.Osi18_6
nc_ATGCATGAGGAGGTTC-1	epithelia.cuticle.cp.soft_3
nc_ATGCATGAGTCAGAGC-1	neuroglioblast.castor_17
nc_ATGCATGCACAAATCC-1	muscle.rbm24_0
nc_ATGCATGCACTTTATC-1	muscle.rbm24_0
nc_ATGCATGCATAATCGC-1	epithelia.cuticle.Osi17_4
nc_ATGCATGGTCCGGCAT-1	epithelia.cuticle.Osi16_2
nc_ATGCATGGTCGCATCG-1	epithelia.cuticle.cp.soft_3
nc_ATGCATGGTCGGAACA-1	epithelia.cuticle.cp.soft_3
nc_ATGCATGGTGGCTGAA-1	epithelia.cuticle.Osi18_6
nc_ATGCATGTCAATGCAC-1	secretory-ECM_21
nc_ATGCATGTCAGGTGTT-1	epithelia.cuticle.cp.rigid_7
nc_ATGCATGTCATCCCGT-1	epithelia.cuticle.Osi16_2
nc_ATGCATGTCATTGAGC-1	epithelia.cuticle.cp.other_1
nc_ATGCATGTCCTACGAA-1	glia1_8
nc_ATGCATGTCTATCACT-1	epithelia.tendon_5
nc_ATGCATGTCTCCTGAC-1	epithelia.cuticle.cp.rigid_7
nc_ATGCCTCAGCGTTCCG-1	glia1_8
nc_ATGCCTCAGCTATCTG-1	muscle.rbm24_0
nc_ATGCCTCAGGAACTAT-1	epithelia.tendon_5
nc_ATGCCTCCACTCTGCT-1	muscle.rbm24_0
nc_ATGCCTCTCATCGCCT-1	epithelia.cuticle.Osi16_2
nc_ATGCCTCTCTGTCGCT-1	epithelia.cuticle.cp.other_1
nc_ATGCGATAGCTGAAGC-1	neuroglioblast.ol_14
nc_ATGCGATAGTCATGGG-1	muscle.rbm24_0
nc_ATGCGATCAACTACGT-1	epithelia.cuticle.cp.soft_3
nc_ATGCGATCAATCTCGA-1	epithelia.cuticle.cp.rigid_7
nc_ATGCGATCATCGTGCG-1	epithelia.cuticle.cp.rigid_7
nc_ATGCGATCATGGCACC-1	fat.body_10
nc_ATGCGATGTAAGGCTG-1	epithelia.tendon_5
nc_ATGCGATGTAAGTAGT-1	muscle.tup_19
nc_ATGCGATGTATCAAGA-1	muscle.rbm24_0
nc_ATGCGATGTCATGCAT-1	muscle.rbm24_0
nc_ATGCGATGTTACCCTC-1	epithelia.cuticle.cp.rigid_7
nc_ATGCGATGTTAGAAAC-1	epithelia.cuticle.Osi17_4
nc_ATGCGATGTTATCTGG-1	gland.corpora-allata_22
nc_ATGCGATGTTCTCAGA-1	epithelia.tendon_5
nc_ATGCGATTCATGTCTT-1	muscle.rbm24_0
nc_ATGCGATTCCCATTCG-1	epithelia.cuticle.cp.other_1
nc_ATGCGATTCGACCCAG-1	epithelia.cuticle.cp.other_1
nc_ATGCGATTCGGCATCG-1	epithelia.cuticle.cp.soft_3
nc_ATGCGATTCGGCTATA-1	muscle.rbm24_0
nc_ATGCGATTCTCGTGAA-1	muscle.rbm24_0
nc_ATGGAGGAGAAACACT-1	epithelia.cuticle.Osi16_2
nc_ATGGAGGAGCAGCCTC-1	epithelia.cuticle.Osi16_2
nc_ATGGAGGAGCCTCAAT-1	trachea_15
nc_ATGGAGGCATAGCACT-1	muscle.rbm24_0
nc_ATGGAGGGTATGAGCG-1	neuron.cholinergic_11
nc_ATGGAGGGTCCATCTC-1	hemocyte_16
nc_ATGGAGGGTTCGTAAC-1	epithelia.cuticle.cp.rigid_7
nc_ATGGAGGTCAAGTAAG-1	epithelia.cuticle.Osi14_12
nc_ATGGAGGTCATGCATG-1	epithelia.cuticle.Osi17_4
nc_ATGGAGGTCCGCGGAT-1	epithelia.tendon_5
nc_ATGGAGGTCTGTGTGA-1	trachea_15
nc_ATGGATCAGAGTCCGA-1	epithelia.tendon_5
nc_ATGGATCAGGATTTGA-1	neuroglioblast.ol_14
nc_ATGGATCCACGAGGTA-1	epithelia.cuticle.Osi17_4
nc_ATGGATCCATGCCGGT-1	epithelia.tendon_5
nc_ATGGATCGTGAACCGA-1	epithelia.cuticle.Osi18_6
nc_ATGGATCGTGGCTTGC-1	muscle.rbm24_0
nc_ATGGATCGTTGATGTC-1	epithelia.cuticle.cp.other_1
nc_ATGGATCTCAGTCAGT-1	epithelia.tendon_5
nc_ATGGATCTCATAGGCT-1	epithelia.cuticle.Osi17_4
nc_ATGGATCTCCAAGGGA-1	epithelia.olfactory.support_9
nc_ATGGATCTCGACCATA-1	epithelia.cuticle.Osi16_2
nc_ATGGATCTCGAGATAA-1	neuroglioblast.castor_17
nc_ATGGATCTCTCGCTTG-1	epithelia.cuticle.cp.soft_3
nc_ATGGATCTCTGGGATT-1	epithelia.cuticle.Osi14_12
nc_ATGGGAGAGATGAAGG-1	epithelia.tendon_5
nc_ATGGGAGAGGCCACCT-1	epithelia.cuticle.Osi18_6
nc_ATGGGAGCATCTCAAG-1	glia1_8
nc_ATGGGAGGTAACGATA-1	epithelia.cuticle.Osi16_2
nc_ATGGGAGGTGCATTTG-1	muscle.rbm24_0
nc_ATGGGAGGTGTTTACG-1	trachea_15
nc_ATGGGAGGTTAACAGA-1	epithelia.cuticle.cp.other_1
nc_ATGGGAGTCGGCATTA-1	epithelia.cuticle.cp.soft_3
nc_ATGGGTTAGATGCTAA-1	trachea_15
nc_ATGGGTTAGGCTATCT-1	muscle.rbm24_0
nc_ATGGGTTAGTAAGAGG-1	muscle.rbm24_0
nc_ATGGGTTCAACACGAG-1	epithelia.cuticle.Osi14_12
nc_ATGGGTTCAAGTATCC-1	glia1_8
nc_ATGGGTTCACTCCGAG-1	epithelia.cuticle.Osi14_12
nc_ATGGGTTCAGAGCTAG-1	fat.body_10
nc_ATGGGTTCATGACAGG-1	epithelia.olfactory.support_9
nc_ATGGGTTGTACGAGCA-1	muscle.rbm24_0
nc_ATGGGTTTCAAAGGAT-1	epithelia.cuticle.cp.other_1
nc_ATGGTTGAGAAACCCG-1	epithelia.cuticle.cp.soft_3
nc_ATGGTTGCAAAGCGTG-1	epithelia.cuticle.Osi16_2
nc_ATGGTTGCAATTGGTC-1	epithelia.olfactory.support_9
nc_ATGGTTGCACCGCTAG-1	muscle.rbm24_0
nc_ATGGTTGCACTGCGAC-1	epithelia.cuticle.cp.other_1
nc_ATGGTTGCAGGGTTGA-1	muscle.rbm24_0
nc_ATGGTTGCATCACAGT-1	epithelia.cuticle.cp.other_1
nc_ATGGTTGCATGGATCT-1	epithelia.cuticle.cp.other_1
nc_ATGGTTGCATGTGGTT-1	epithelia.cuticle.Osi14_12
nc_ATGGTTGGTGGAATGC-1	muscle.rbm24_0
nc_ATGGTTGTCCATCAGA-1	epithelia.cuticle.cp.rigid_7
nc_ATGGTTGTCCCACAGG-1	muscle.rbm24_0
nc_ATGGTTGTCTAAACGC-1	epithelia.cuticle.Osi16_2
nc_ATGGTTGTCTGGCCTT-1	epithelia.cuticle.Osi16_2
nc_ATGTCCCAGCATCTTG-1	muscle.rbm24_0
nc_ATGTCCCAGTGGAAGA-1	muscle.rbm24_0
nc_ATGTCCCCAGAACCGA-1	epithelia.cuticle.cp.soft_3
nc_ATGTCCCCAGCCGTCA-1	epithelia.cuticle.cp.soft_3
nc_ATGTCCCGTGGCGCTT-1	muscle.rbm24_0
nc_ATGTCCCGTTAATCGC-1	gland.corpora-allata_22
nc_ATGTCCCTCGCTGATA-1	epithelia.cuticle.cp.other_1
nc_ATGTCCCTCTGACCCT-1	epithelia.cuticle.cp.other_1
nc_ATGTCTTAGGCGACAT-1	epithelia.cuticle.cp.other_1
nc_ATGTCTTAGTAATTGG-1	epithelia.olfactory.support_9
nc_ATGTCTTAGTCACGCC-1	epithelia.tendon_5
nc_ATGTCTTCATCGAACT-1	epithelia.cuticle.cp.soft_3
nc_ATGTCTTCATGGGCAA-1	epithelia.cuticle.cp.other_1
nc_ATGTCTTGTATACCCA-1	epithelia.cuticle.cp.other_1
nc_ATGTCTTGTCCAGTTA-1	epithelia.cuticle.Osi16_2
nc_ATGTCTTTCCTTCACG-1	glia1_8
nc_ATGTCTTTCGTTCCCA-1	neuroglioblast.ol_14
nc_ATTACCTAGTTACGTC-1	trachea_15
nc_ATTACCTAGTTCCGTA-1	epithelia.cuticle.Osi16_2
nc_ATTACCTCACAGAGAC-1	neuroglioblast.ol_14
nc_ATTACCTCACATATGC-1	epithelia.cuticle.Osi17_4
nc_ATTACCTCAGATCATC-1	epithelia.cuticle.Osi17_4
nc_ATTACCTCAGCTGGTC-1	muscle.rbm24_0
nc_ATTACCTCAGGCGATA-1	epithelia.cuticle.cp.other_1
nc_ATTACCTGTCACGCTG-1	epithelia.cuticle.cp.other_1
nc_ATTACCTGTCGAATGG-1	epithelia.cuticle.Osi16_2
nc_ATTACCTGTGGTCTGC-1	glia1_8
nc_ATTACCTGTTACGGAG-1	epithelia.cuticle.cp.other_1
nc_ATTACTCAGCTGCGAA-1	epithelia.cuticle.Osi17_4
nc_ATTACTCAGGACTATA-1	epithelia.cuticle.biosynthesis_13
nc_ATTACTCCAAGAGGCT-1	epithelia.cuticle.cp.rigid_7
nc_ATTACTCCATAGATGA-1	epithelia.cuticle.cp.other_1
nc_ATTACTCCATCGGTTA-1	epithelia.cuticle.Osi14_12
nc_ATTACTCGTCAAACGG-1	epithelia.cuticle.Osi18_6
nc_ATTACTCGTCTACTGA-1	epithelia.cuticle.cp.other_1
nc_ATTACTCGTGACACGA-1	epithelia.cuticle.Osi16_2
nc_ATTACTCGTTTGAAAG-1	fat.body_10
nc_ATTACTCGTTTGTGGT-1	epithelia.cuticle.cp.soft_3
nc_ATTACTCTCCAAAGGG-1	epithelia.cuticle.cp.rigid_7
nc_ATTACTCTCCAGTACA-1	epithelia.cuticle.cp.soft_3
nc_ATTACTCTCTCGGTAA-1	epithelia.cuticle.cp.other_1
nc_ATTATCCAGAGGCGGA-1	muscle.rbm24_0
nc_ATTATCCAGAGTGTTA-1	epithelia.cuticle.cp.soft_3
nc_ATTATCCAGATAACGT-1	epithelia.olfactory.support_9
nc_ATTATCCAGCCTATTG-1	muscle.rbm24_0
nc_ATTATCCAGGTAAGGA-1	epithelia.cuticle.cp.rigid_7
nc_ATTATCCCAGGGAATC-1	glia1_8
nc_ATTATCCCAGTTACCA-1	glia1_8
nc_ATTATCCCATGGAGAC-1	epithelia.cuticle.cp.soft_3
nc_ATTATCCGTTCAAGTC-1	epithelia.cuticle.Osi14_12
nc_ATTATCCTCAAAGGTA-1	trachea_15
nc_ATTATCCTCCCTTTGG-1	epithelia.cuticle.cp.other_1
nc_ATTATCCTCGTTAGAC-1	epithelia.tendon_5
nc_ATTATCCTCTACGCGG-1	muscle.rbm24_0
nc_ATTATCCTCTTCCGTG-1	epithelia.cuticle.cp.soft_3
nc_ATTCACTAGCACTTTG-1	muscle.rbm24_0
nc_ATTCACTAGGAATTAC-1	epithelia.cuticle.Osi16_2
nc_ATTCACTCAACGTTAC-1	epithelia.cuticle.cp.rigid_7
nc_ATTCACTCACAGCATT-1	neuroglioblast.ol_14
nc_ATTCACTCAGTAGGAC-1	glia1_8
nc_ATTCACTGTAGGTAGC-1	muscle.rbm24_0
nc_ATTCACTGTCCAACGC-1	neuroglioblast.castor_17
nc_ATTCACTTCCACACCT-1	epithelia.cuticle.cp.other_1
nc_ATTCACTTCGCCTTGT-1	muscle.rbm24_0
nc_ATTCAGGAGCAACAAT-1	epithelia.cuticle.Osi16_2
nc_ATTCAGGAGTCCGCGT-1	epithelia.olfactory.support_9
nc_ATTCAGGCAACGGCCT-1	epithelia.cuticle.cp.soft_3
nc_ATTCAGGCAAGCTACT-1	epithelia.cuticle.cp.soft_3
nc_ATTCAGGCAATTCTCT-1	trachea_15
nc_ATTCAGGCACAGTGAG-1	epithelia.cuticle.cp.other_1
nc_ATTCAGGCACCAGCTG-1	epithelia.cuticle.biosynthesis_13
nc_ATTCAGGCAGGAATAT-1	epithelia.cuticle.Osi14_12
nc_ATTCAGGCAGGGACTA-1	neuron.cholinergic_11
nc_ATTCAGGCAGTATTCG-1	muscle.rbm24_0
nc_ATTCAGGCATATTCGG-1	epithelia.cuticle.cp.soft_3
nc_ATTCAGGGTTCAGCGC-1	muscle.rbm24_0
nc_ATTCAGGTCAAGGTGG-1	epithelia.cuticle.cp.other_1
nc_ATTCAGGTCAGCATTG-1	neuron.cholinergic_11
nc_ATTCAGGTCCCTCTAG-1	epithelia.cuticle.Osi14_12
nc_ATTCAGGTCCTTCAGC-1	epithelia.cuticle.cp.other_1
nc_ATTCAGGTCTAGACCA-1	epithelia.cuticle.cp.other_1
nc_ATTCATCAGATTGACA-1	epithelia.cuticle.Osi17_4
nc_ATTCATCAGCATATGA-1	muscle.rbm24_0
nc_ATTCATCAGCGTTGTT-1	muscle.rbm24_0
nc_ATTCATCAGTCTAGCT-1	epithelia.cuticle.Osi16_2
nc_ATTCATCCACCTCTGT-1	muscle.rbm24_0
nc_ATTCATCGTACCCACG-1	epithelia.cuticle.cp.other_1
nc_ATTCATCGTTGGAGGT-1	neuroglioblast.ol_14
nc_ATTCATCTCAACCCGG-1	epithelia.cuticle.Osi16_2
nc_ATTCATCTCAGAGTTC-1	epithelia.cuticle.cp.soft_3
nc_ATTCATCTCCGATAGT-1	muscle.rbm24_0
nc_ATTCCATAGCATGGGT-1	muscle.rbm24_0
nc_ATTCCATAGCGTTCAT-1	muscle.rbm24_0
nc_ATTCCATAGTCGGCCT-1	epithelia.cuticle.Osi16_2
nc_ATTCCATCACCACTGG-1	epithelia.cuticle.cp.soft_3
nc_ATTCCATCAGCCGTTG-1	epithelia.cuticle.Osi16_2
nc_ATTCCATCATGCCGGT-1	glia1_8
nc_ATTCCATCATTCATCT-1	muscle.rbm24_0
nc_ATTCCATGTACAGTAA-1	epithelia.olfactory.support_9
nc_ATTCCATGTCTAATCG-1	neuroglioblast.castor_17
nc_ATTCCATTCCGTGCGA-1	epithelia.cuticle.cp.other_1
nc_ATTCCATTCCTTCTGG-1	muscle.rbm24_0
nc_ATTCCATTCGACTCCT-1	epithelia.cuticle.cp.other_1
nc_ATTCCATTCGGAGCAA-1	muscle.rbm24_0
nc_ATTCCATTCTCCTGAC-1	epithelia.tendon_5
nc_ATTCCCGAGCCGAATG-1	epithelia.tendon_5
nc_ATTCCCGAGCTATCTG-1	epithelia.cuticle.biosynthesis_13
nc_ATTCCCGAGCTGAGTG-1	epithelia.olfactory.support_9
nc_ATTCCCGAGTTGGCGA-1	neuroglioblast.ol_14
nc_ATTCCCGCACTGATTG-1	epithelia.tendon_5
nc_ATTCCCGGTAGAGATT-1	epithelia.cuticle.Osi16_2
nc_ATTCCCGGTGTTCAGT-1	epithelia.cuticle.Osi16_2
nc_ATTCCCGGTTGCCGAC-1	epithelia.cuticle.cp.rigid_7
nc_ATTCCCGTCACCGCTT-1	epithelia.cuticle.cp.rigid_7
nc_ATTCCCGTCATTACTC-1	epithelia.cuticle.cp.other_1
nc_ATTCCCGTCTGCCTGT-1	epithelia.olfactory.support_9
nc_ATTCCTAAGAAACACT-1	neuron.cholinergic_11
nc_ATTCCTAAGACAACAT-1	epithelia.tendon_5
nc_ATTCCTAAGACGCAGT-1	muscle.rbm24_0
nc_ATTCCTAAGCCGATCC-1	epithelia.olfactory.support_9
nc_ATTCCTAAGGTGAGAA-1	muscle.rbm24_0
nc_ATTCCTACAAATCGTC-1	epithelia.cuticle.Osi17_4
nc_ATTCCTACAATGTCAC-1	muscle.rbm24_0
nc_ATTCCTACAGGTGAGT-1	epithelia.cuticle.cp.other_1
nc_ATTCCTACAGTAACGG-1	muscle.rbm24_0
nc_ATTCCTAGTGAGTAAT-1	muscle.rbm24_0
nc_ATTCCTAGTGCCAAGA-1	muscle.rbm24_0
nc_ATTCCTAGTGCTTCAA-1	epithelia.cuticle.cp.soft_3
nc_ATTCCTAGTGGTCCGT-1	muscle.rbm24_0
nc_ATTCCTATCTTGGAAC-1	epithelia.cuticle.cp.other_1
nc_ATTCGTTAGAAGCCTG-1	epithelia.cuticle.cp.other_1
nc_ATTCGTTAGACATACA-1	trachea_15
nc_ATTCGTTAGCAAGCCA-1	epithelia.cuticle.cp.soft_3
nc_ATTCGTTAGGAACATT-1	epithelia.cuticle.cp.other_1
nc_ATTCGTTAGGTGGCTA-1	epithelia.cuticle.cp.rigid_7
nc_ATTCGTTAGTAGGGTC-1	hemocyte_16
nc_ATTCGTTCAGTCAACT-1	epithelia.olfactory.support_9
nc_ATTCGTTCATTGAGCT-1	epithelia.cuticle.cp.other_1
nc_ATTCGTTGTAGTTACC-1	trachea_15
nc_ATTCGTTGTCCGAAAG-1	epithelia.cuticle.cp.other_1
nc_ATTCGTTGTTACCCTC-1	epithelia.cuticle.Osi14_12
nc_ATTCGTTGTTATAGCC-1	muscle.rbm24_0
nc_ATTCGTTTCAAACGTC-1	muscle.rbm24_0
nc_ATTCGTTTCGCCATAA-1	epithelia.cuticle.cp.soft_3
nc_ATTCGTTTCTAAGAAG-1	fat.body_10
nc_ATTCTACAGGTCTACT-1	epithelia.cuticle.Osi16_2
nc_ATTCTACGTACAATAG-1	trachea_15
nc_ATTCTACGTACTCCGG-1	epithelia.cuticle.Osi17_4
nc_ATTCTACGTATGCGGA-1	neuroglioblast.castor_17
nc_ATTCTACGTATTTCGG-1	muscle.rbm24_0
nc_ATTCTACTCACCATGA-1	muscle.rbm24_0
nc_ATTCTACTCACGGTCG-1	epithelia.cuticle.Osi17_4
nc_ATTCTACTCGCACGAC-1	neuron.chol.ciliated_20
nc_ATTCTACTCGGCTTGG-1	muscle.rbm24_0
nc_ATTCTTGAGATACAGT-1	muscle.rbm24_0
nc_ATTCTTGAGTGGACTG-1	epithelia.cuticle.Osi18_6
nc_ATTCTTGCAACCGACC-1	trachea_15
nc_ATTCTTGCAGAAGCGT-1	epithelia.cuticle.Osi16_2
nc_ATTCTTGGTACCTGTA-1	epithelia.cuticle.cp.other_1
nc_ATTCTTGGTAGACTGG-1	fat.body_10
nc_ATTCTTGGTATTAAGG-1	epithelia.cuticle.Osi17_4
nc_ATTCTTGGTCTCGCGA-1	fat.body_10
nc_ATTCTTGGTCTTCTAT-1	muscle.rbm24_0
nc_ATTCTTGGTTTCCCAC-1	epithelia.cuticle.cp.other_1
nc_ATTCTTGTCAAGCCCG-1	epithelia.cuticle.cp.other_1
nc_ATTCTTGTCCAAACCA-1	glia1_8
nc_ATTCTTGTCCAACTGA-1	epithelia.tendon_5
nc_ATTGGGTAGAGCCCAA-1	epithelia.cuticle.cp.soft_3
nc_ATTGGGTAGCTAGCCC-1	epithelia.cuticle.Osi16_2
nc_ATTGGGTAGTGCACTT-1	epithelia.cuticle.cp.other_1
nc_ATTGGGTAGTGCTAGG-1	epithelia.olfactory.support_9
nc_ATTGGGTCAAGAGATT-1	epithelia.olfactory.support_9
nc_ATTGGGTCATCCTTGC-1	epithelia.tendon_5
nc_ATTGGGTGTATAGGGC-1	epithelia.cuticle.cp.soft_3
nc_ATTGGGTGTCGAAGCA-1	muscle.rbm24_0
nc_ATTGGGTGTGCGCTCA-1	epithelia.cuticle.Osi14_12
nc_ATTGGGTTCACCGGTG-1	epithelia.cuticle.cp.rigid_7
nc_ATTGGGTTCAGGACGA-1	epithelia.cuticle.Osi17_4
nc_ATTGGGTTCCTACAAG-1	neuron.cholinergic_11
nc_ATTGTTCAGCCTTTGA-1	neuron.cholinergic_11
nc_ATTGTTCAGGATTTGA-1	muscle.rbm24_0
nc_ATTGTTCCAACACTAC-1	fat.body_10
nc_ATTGTTCCAGGCCTGT-1	epithelia.olfactory.support_9
nc_ATTGTTCCATGACTAC-1	epithelia.cuticle.Osi17_4
nc_ATTGTTCCATTCAGGT-1	muscle.rbm24_0
nc_ATTGTTCGTAGGTGCA-1	muscle.rbm24_0
nc_ATTGTTCGTCCCTGTT-1	trachea_15
nc_ATTGTTCGTGACTCTA-1	epithelia.cuticle.cp.soft_3
nc_ATTGTTCGTGCAAGAC-1	muscle.rbm24_0
nc_ATTGTTCGTGCCTTCT-1	epithelia.cuticle.Osi14_12
nc_ATTGTTCTCAATGCAC-1	epithelia.cuticle.cp.rigid_7
nc_ATTGTTCTCGCTGCGA-1	epithelia.cuticle.cp.other_1
nc_ATTGTTCTCTCATTAC-1	neuroglioblast.ol_14
nc_ATTGTTCTCTGAATGC-1	muscle.rbm24_0
nc_ATTTACCAGCGACTGA-1	epithelia.cuticle.cp.other_1
nc_ATTTACCAGTCCGTCG-1	epithelia.cuticle.cp.other_1
nc_ATTTACCAGTTGCTGT-1	epithelia.olfactory.support_9
nc_ATTTACCCACCAGGTC-1	epithelia.cuticle.Osi18_6
nc_ATTTACCCATAGTCAC-1	muscle.rbm24_0
nc_ATTTACCCATCATTTC-1	epithelia.cuticle.cp.soft_3
nc_ATTTACCGTGGACCAA-1	epithelia.cuticle.cp.other_1
nc_ATTTACCGTTCGGGTC-1	muscle.rbm24_0
nc_ATTTACCTCCCTCATG-1	epithelia.cuticle.cp.rigid_7
nc_ATTTACCTCGATACGT-1	muscle.tup_19
nc_ATTTACCTCTCCTGTG-1	muscle.rbm24_0
nc_ATTTCACCACAACGCC-1	epithelia.cuticle.Osi14_12
nc_ATTTCACCAGAGGTTG-1	muscle.rbm24_0
nc_ATTTCACCATGACCCG-1	epithelia.cuticle.Osi16_2
nc_ATTTCACGTCTCAGGC-1	epithelia.cuticle.Osi16_2
nc_ATTTCACGTGGTTTGT-1	epithelia.tendon_5
nc_ATTTCACTCATACGGT-1	muscle.rbm24_0
nc_ATTTCACTCTGCTTAT-1	trachea_15
nc_ATTTCTGAGCTGTCCG-1	trachea_15
nc_ATTTCTGAGGTACATA-1	epithelia.cuticle.cp.rigid_7
nc_ATTTCTGAGTCGTCTA-1	epithelia.cuticle.Osi18_6
nc_ATTTCTGAGTTCAACC-1	epithelia.cuticle.Osi16_2
nc_ATTTCTGCAGATCCAT-1	epithelia.cuticle.cp.soft_3
nc_ATTTCTGCATTGCCTC-1	neuroglioblast.castor_17
nc_ATTTCTGGTTCGGCCA-1	glia1_8
nc_ATTTCTGTCACAAGGG-1	epithelia.olfactory.support_9
nc_ATTTCTGTCCAGCAAT-1	muscle.rbm24_0
nc_ATTTCTGTCCGTACGG-1	epithelia.cuticle.Osi17_4
nc_ATTTCTGTCTATCGTT-1	muscle.rbm24_0
nc_CAAAGAAAGATACTGA-1	trachea_15
nc_CAAAGAAAGCCTATCA-1	epithelia.cuticle.cp.rigid_7
nc_CAAAGAACAGTGCCTG-1	epithelia.tendon_5
nc_CAAAGAAGTCTACTGA-1	muscle.rbm24_0
nc_CAAAGAAGTCTGTCAA-1	epithelia.tendon_5
nc_CAAAGAAGTGATTAGA-1	neuron.cholinergic_11
nc_CAAAGAAGTGGACTAG-1	muscle.rbm24_0
nc_CAAAGAAGTGGTTTAC-1	muscle.rbm24_0
nc_CAAAGAAGTTGTGTAC-1	trachea_15
nc_CAAAGAATCCCTTTGG-1	hemocyte_16
nc_CAAAGAATCGGCGATC-1	neuroglioblast.castor_17
nc_CAAAGAATCTCTGCCA-1	glia1_8
nc_CAACAACAGATCCTAC-1	neuroglioblast.castor_17
nc_CAACAACAGCTCGACC-1	muscle.rbm24_0
nc_CAACAACAGTGCAAAT-1	epithelia.cuticle.cp.rigid_7
nc_CAACAACCACTGCACG-1	epithelia.tendon_5
nc_CAACAACCATCCGCGA-1	epithelia.cuticle.Osi16_2
nc_CAACAACGTAAGATCA-1	epithelia.cuticle.Osi18_6
nc_CAACAACGTCCCAAAT-1	epithelia.cuticle.cp.soft_3
nc_CAACAACGTCGATTCA-1	epithelia.cuticle.cp.rigid_7
nc_CAACAACGTGGAACAC-1	muscle.rbm24_0
nc_CAACAACGTTTACGTG-1	muscle.rbm24_0
nc_CAACAACTCAAAGGAT-1	epithelia.olfactory.support_9
nc_CAACAGTAGAGAGTTT-1	hemocyte_16
nc_CAACAGTCAACATCGT-1	muscle.rbm24_0
nc_CAACAGTCATCACCAA-1	epithelia.cuticle.Osi17_4
nc_CAACAGTGTAACGCGA-1	epithelia.cuticle.cp.rigid_7
nc_CAACAGTGTAGGAGTC-1	muscle.rbm24_0
nc_CAACAGTGTCTTCCGT-1	muscle.rbm24_0
nc_CAACAGTGTTCAGCTA-1	hemocyte_16
nc_CAACAGTTCGGTCGAC-1	epithelia.cuticle.cp.soft_3
nc_CAACCAAAGCGCGTTC-1	epithelia.cuticle.cp.other_1
nc_CAACCAAAGGCAGGTT-1	epithelia.cuticle.cp.other_1
nc_CAACCAACAGACGATG-1	epithelia.cuticle.Osi17_4
nc_CAACCAACAGATTCGT-1	muscle.rbm24_0
nc_CAACCTCAGAAACCAT-1	epithelia.cuticle.Osi14_12
nc_CAACCTCCAAATACAG-1	muscle.rbm24_0
nc_CAACCTCCACGCGCAT-1	muscle.rbm24_0
nc_CAACCTCGTAGCTGTT-1	hemocyte_16
nc_CAACCTCGTCCAAGAG-1	epithelia.cuticle.Osi16_2
nc_CAACCTCTCATCCTAT-1	muscle.rbm24_0
nc_CAACCTCTCGGAGTGA-1	epithelia.cuticle.Osi16_2
nc_CAACCTCTCGTAATGC-1	glia1_8
nc_CAACCTCTCTCTGCCA-1	epithelia.cuticle.cp.other_1
nc_CAACGATAGAGTCCGA-1	epithelia.cuticle.Osi17_4
nc_CAACGATAGCAAGCCA-1	trachea_15
nc_CAACGATAGGACTATA-1	epithelia.cuticle.cp.other_1
nc_CAACGATCAGAGTTGG-1	epithelia.olfactory.support_9
nc_CAACGATCAGTTAGAA-1	muscle.rbm24_0
nc_CAACGATGTAGCTGAG-1	epithelia.cuticle.cp.other_1
nc_CAACGATGTCTTCAAG-1	trachea_15
nc_CAACGATGTTCCCACT-1	epithelia.tendon_5
nc_CAACGATTCAATCAGC-1	muscle.rbm24_0
nc_CAACGATTCCAAGCTA-1	epithelia.cuticle.cp.soft_3
nc_CAACGGCAGAGAAGGT-1	epithelia.cuticle.cp.soft_3
nc_CAACGGCAGGCACTAG-1	epithelia.tendon_5
nc_CAACGGCAGTGATCGG-1	epithelia.tendon_5
nc_CAACGGCCACCCTTAC-1	epithelia.tendon_5
nc_CAACGGCGTACGCGTC-1	epithelia.cuticle.cp.other_1
nc_CAACGGCGTATCGATC-1	neuron.cholinergic_11
nc_CAACGGCGTCGCCACA-1	epithelia.cuticle.cp.rigid_7
nc_CAACGGCGTGGCGTAA-1	epithelia.cuticle.cp.other_1
nc_CAACGGCTCACTGATG-1	epithelia.tendon_5
nc_CAACGGCTCCACGTAA-1	glia1_8
nc_CAACGGCTCCGCACTT-1	epithelia.cuticle.cp.soft_3
nc_CAAGACTAGCCTTGAT-1	epithelia.olfactory.support_9
nc_CAAGACTAGGTAGGCT-1	muscle.rbm24_0
nc_CAAGACTCATAGACTC-1	epithelia.cuticle.cp.other_1
nc_CAAGACTGTCTGTAGT-1	epithelia.cuticle.cp.other_1
nc_CAAGACTGTGGAACAC-1	glia1_8
nc_CAAGACTTCACTTGGA-1	epithelia.cuticle.Osi17_4
nc_CAAGAGGAGCTTCATG-1	hemocyte_16
nc_CAAGAGGAGCTTGTTG-1	epithelia.cuticle.cp.other_1
nc_CAAGAGGAGGCGAACT-1	epithelia.olfactory.support_9
nc_CAAGAGGAGGCTATCT-1	muscle.rbm24_0
nc_CAAGAGGAGTATAGGT-1	muscle.rbm24_0
nc_CAAGAGGCACGTCGTG-1	trachea_15
nc_CAAGAGGCAGAATTCC-1	glia1_8
nc_CAAGAGGGTGCTGTCG-1	muscle.rbm24_0
nc_CAAGAGGGTGGACTGA-1	glia1_8
nc_CAAGAGGTCATGAGTC-1	epithelia.tendon_5
nc_CAAGAGGTCGCTATTT-1	epithelia.cuticle.cp.soft_3
nc_CAAGAGGTCGTCAGAT-1	epithelia.cuticle.Osi17_4
nc_CAAGAGGTCTCTCTAA-1	epithelia.tendon_5
nc_CAAGCTAAGGGCCTCT-1	muscle.rbm24_0
nc_CAAGCTACAACACAAA-1	neuroglioblast.ol_14
nc_CAAGCTACACTGTTCC-1	epithelia.cuticle.cp.soft_3
nc_CAAGCTACACTTTATC-1	epithelia.cuticle.Osi16_2
nc_CAAGCTAGTCACCACG-1	epithelia.cuticle.Osi16_2
nc_CAAGCTAGTCGCATTA-1	epithelia.olfactory.support_9
nc_CAAGCTAGTGAGGAAA-1	muscle.rbm24_0
nc_CAAGCTAGTTCTATCT-1	epithelia.cuticle.Osi16_2
nc_CAAGCTATCATGTCTT-1	epithelia.cuticle.cp.rigid_7
nc_CAAGCTATCCACTGGG-1	muscle.rbm24_0
nc_CAAGCTATCTGGCCGA-1	hemocyte_16
nc_CAAGGGAAGCACAAAT-1	muscle.rbm24_0
nc_CAAGGGAAGTGGAAAG-1	epithelia.cuticle.Osi14_12
nc_CAAGGGACAGGTACGA-1	epithelia.cuticle.cp.other_1
nc_CAAGGGAGTCTTGAAC-1	muscle.tup_19
nc_CAAGGGATCAGCCTTC-1	muscle.rbm24_0
nc_CAATACGAGAATAGTC-1	muscle.rbm24_0
nc_CAATACGAGAGAGTTT-1	epithelia.cuticle.Osi17_4
nc_CAATACGAGAGCATTA-1	epithelia.tendon_5
nc_CAATACGAGGGTCACA-1	epithelia.cuticle.cp.other_1
nc_CAATACGCACAGGATG-1	epithelia.cuticle.Osi16_2
nc_CAATACGCAGTCACGC-1	muscle.rbm24_0
nc_CAATACGCATCAGCTA-1	epithelia.cuticle.Osi17_4
nc_CAATACGCATGAAGGC-1	epithelia.cuticle.cp.rigid_7
nc_CAATACGGTCACTACA-1	fat.body_10
nc_CAATACGGTCAGTTTG-1	muscle.rbm24_0
nc_CAATACGGTGCATCTA-1	epithelia.tendon_5
nc_CAATACGGTGGCTGAA-1	epithelia.cuticle.Osi14_12
nc_CAATACGGTGTGCTTA-1	neuroglioblast.castor_17
nc_CAATACGGTTCTCGCT-1	epithelia.olfactory.support_9
nc_CAATACGTCAGGACAG-1	epithelia.cuticle.cp.other_1
nc_CAATACGTCCGATCGG-1	epithelia.cuticle.cp.soft_3
nc_CAATACGTCCGATGCG-1	epithelia.tendon_5
nc_CAATACGTCCGTATGA-1	epithelia.tendon_5
nc_CAATACGTCCTAGCTC-1	muscle.rbm24_0
nc_CAATCGAAGAGCCGTA-1	epithelia.olfactory.support_9
nc_CAATCGAAGCTAAGTA-1	epithelia.cuticle.cp.rigid_7
nc_CAATCGAAGGGTAGCT-1	epithelia.cuticle.Osi16_2
nc_CAATCGAAGTATGAGT-1	epithelia.cuticle.cp.other_1
nc_CAATCGAAGTGTGTTC-1	epithelia.olfactory.support_9
nc_CAATCGACAACCACGC-1	muscle.rbm24_0
nc_CAATCGACAACTTCTT-1	epithelia.cuticle.Osi17_4
nc_CAATCGACACTACAGT-1	epithelia.cuticle.cp.other_1
nc_CAATCGACAGTAGGAC-1	muscle.rbm24_0
nc_CAATCGAGTACGCGTC-1	epithelia.cuticle.Osi16_2
nc_CAATCGAGTCCTCATC-1	muscle.rbm24_0
nc_CAATCGAGTCCTTAAG-1	epithelia.cuticle.Osi17_4
nc_CAATCGATCACTCGAA-1	epithelia.olfactory.support_9
nc_CAATCGATCCGAGAAG-1	muscle.tup_19
nc_CAATCGATCCTACACC-1	epithelia.cuticle.cp.soft_3
nc_CAATCGATCGATTGGT-1	muscle.rbm24_0
nc_CAATCGATCGCATTAG-1	muscle.rbm24_0
nc_CAATGACAGTCCCTAA-1	epithelia.cuticle.cp.soft_3
nc_CAATGACCAACCTATG-1	epithelia.cuticle.cp.other_1
nc_CAATGACCACTCCACT-1	muscle.rbm24_0
nc_CAATGACCATCCGTGG-1	muscle.rbm24_0
nc_CAATGACCATGTTACG-1	muscle.rbm24_0
nc_CAATGACGTAACATGA-1	glia1_8
nc_CAATGACGTCGAGTGA-1	epithelia.cuticle.Osi14_12
nc_CAATGACGTCTGCGCA-1	muscle.rbm24_0
nc_CAATGACGTTCAAGTC-1	epithelia.olfactory.support_9
nc_CAATGACTCGCTTTAT-1	epithelia.cuticle.cp.other_1
nc_CAATGACTCTCGTCGT-1	epithelia.tendon_5
nc_CAATGACTCTTTGCTA-1	glia1_8
nc_CAATTTCAGGTGATCG-1	epithelia.cuticle.Osi16_2
nc_CAATTTCAGGTTCACT-1	muscle.rbm24_0
nc_CAATTTCAGTTGAAGT-1	epithelia.cuticle.Osi17_4
nc_CAATTTCCACATTCTT-1	epithelia.cuticle.Osi16_2
nc_CAATTTCCACGACGCT-1	epithelia.cuticle.Osi14_12
nc_CAATTTCGTCCCACGA-1	muscle.rbm24_0
nc_CAATTTCTCAGAATAG-1	neuron.cholinergic_11
nc_CAATTTCTCAGTCTTT-1	epithelia.tendon_5
nc_CAATTTCTCCATGCAA-1	epithelia.cuticle.Osi16_2
nc_CAATTTCTCGGCATTA-1	neuroglioblast.castor_17
nc_CACAACAAGAGGTCGT-1	neuron.cholinergic_11
nc_CACAACAAGAGTGAAG-1	epithelia.cuticle.Osi17_4
nc_CACAACAAGGACATCG-1	epithelia.cuticle.Osi16_2
nc_CACAACAAGGATACCG-1	epithelia.olfactory.support_9
nc_CACAACAAGTGGACTG-1	epithelia.cuticle.Osi16_2
nc_CACAACACACACGGTC-1	epithelia.cuticle.Osi17_4
nc_CACAACACAGCGACAA-1	epithelia.cuticle.Osi17_4
nc_CACAACAGTAGAGGAA-1	muscle.rbm24_0
nc_CACAACAGTATTCTCT-1	epithelia.cuticle.cp.other_1
nc_CACAACATCCTAACAG-1	trachea_15
nc_CACAACATCGGACGTC-1	muscle.rbm24_0
nc_CACAACATCGTTCCCA-1	muscle.rbm24_0
nc_CACACAAAGACCTTTG-1	epithelia.cuticle.cp.rigid_7
nc_CACACAAAGATAACAC-1	epithelia.cuticle.cp.soft_3
nc_CACACAAAGATTAGAC-1	epithelia.cuticle.Osi16_2
nc_CACACAAAGCACTGGA-1	epithelia.cuticle.cp.other_1
nc_CACACAAAGGGCTAAC-1	epithelia.cuticle.cp.other_1
nc_CACACAAAGGTGGGTT-1	fat.body_10
nc_CACACAACACGCGCAT-1	epithelia.cuticle.cp.soft_3
nc_CACACAACACGGTGAA-1	muscle.rbm24_0
nc_CACACAACACTACGGC-1	epithelia.cuticle.Osi16_2
nc_CACACAACAGTGTATC-1	epithelia.tendon_5
nc_CACACAAGTATGACAA-1	epithelia.cuticle.cp.other_1
nc_CACACAAGTTCTATCT-1	epithelia.cuticle.Osi17_4
nc_CACACAATCGTCCTTG-1	muscle.rbm24_0
nc_CACAGATAGAAACTAC-1	fat.body_10
nc_CACAGATAGACGCCAA-1	muscle.rbm24_0
nc_CACAGATAGTTGGCGA-1	epithelia.cuticle.cp.rigid_7
nc_CACAGATCATGTCAGT-1	epithelia.cuticle.Osi17_4
nc_CACAGATCATGTCGTA-1	epithelia.cuticle.Osi17_4
nc_CACAGATGTACGTGAG-1	muscle.rbm24_0
nc_CACAGATGTCGAGCAA-1	epithelia.tendon_5
nc_CACAGATGTCTAGGCC-1	epithelia.cuticle.cp.other_1
nc_CACAGATGTGCTTATG-1	epithelia.cuticle.Osi14_12
nc_CACAGATGTGGAAATT-1	epithelia.cuticle.cp.other_1
nc_CACAGATGTTCCACAA-1	epithelia.cuticle.Osi14_12
nc_CACAGATGTTCCGCTT-1	hemocyte_16
nc_CACAGATTCACCTACC-1	epithelia.cuticle.cp.rigid_7
nc_CACAGATTCAGAGCAG-1	epithelia.tendon_5
nc_CACAGGCAGTGGTTAA-1	neuroglioblast.castor_17
nc_CACAGGCCAAGAAATC-1	epithelia.cuticle.cp.rigid_7
nc_CACAGGCCACTCACTC-1	epithelia.tendon_5
nc_CACAGGCCATCAGCTA-1	epithelia.cuticle.cp.rigid_7
nc_CACAGGCGTAGCGATG-1	fat.body_10
nc_CACAGGCGTCCGGTGT-1	muscle.rbm24_0
nc_CACAGGCTCAAACGTC-1	epithelia.tendon_5
nc_CACAGGCTCACTTGTT-1	muscle.rbm24_0
nc_CACAGGCTCCACATAG-1	epithelia.cuticle.Osi17_4
nc_CACAGGCTCGTGGACC-1	muscle.rbm24_0
nc_CACATGAAGAAACCAT-1	epithelia.tendon_5
nc_CACATGAAGGTACAAT-1	epithelia.cuticle.Osi17_4
nc_CACATGACACAGGATG-1	muscle.rbm24_0
nc_CACATGACACGTGTGC-1	epithelia.tendon_5
nc_CACATGAGTGTCGCTG-1	epithelia.cuticle.Osi16_2
nc_CACATGAGTTGTCATG-1	epithelia.tendon_5
nc_CACATGATCAGGTGTT-1	epithelia.cuticle.cp.soft_3
nc_CACATGATCTATCGGA-1	epithelia.cuticle.cp.other_1
nc_CACATGATCTGTCGTC-1	muscle.rbm24_0
nc_CACCAAAAGAGCAAGA-1	epithelia.cuticle.cp.other_1
nc_CACCAAAAGATTGGGC-1	trachea_15
nc_CACCAAAAGCTGAAGC-1	epithelia.cuticle.Osi18_6
nc_CACCAAACAAGACTGG-1	muscle.rbm24_0
nc_CACCAAACATGTTTGG-1	epithelia.cuticle.Osi16_2
nc_CACCAAAGTACGAGTG-1	epithelia.cuticle.cp.other_1
nc_CACCAAAGTCCTTAAG-1	epithelia.cuticle.cp.soft_3
nc_CACCAAAGTGACAGGT-1	epithelia.cuticle.cp.soft_3
nc_CACCAAATCATCCTAT-1	muscle.rbm24_0
nc_CACCAAATCGTCCTCA-1	epithelia.cuticle.Osi17_4
nc_CACCAAATCTCCCTAG-1	muscle.rbm24_0
nc_CACCAAATCTGCCCTA-1	epithelia.cuticle.Osi18_6
nc_CACCGTTAGAAAGTCT-1	muscle.rbm24_0
nc_CACCGTTAGAGCAGTC-1	neuroglioblast.castor_17
nc_CACCGTTAGCTAAGTA-1	epithelia.olfactory.support_9
nc_CACCGTTAGGACATCG-1	epithelia.cuticle.cp.soft_3
nc_CACCGTTAGGCTTAGG-1	epithelia.cuticle.cp.other_1
nc_CACCGTTAGTAATCCC-1	epithelia.olfactory.support_9
nc_CACCGTTAGTTAGTAG-1	neuron.cholinergic_11
nc_CACCGTTCAAGCGGAT-1	epithelia.cuticle.cp.other_1
nc_CACCGTTCACAGTGTT-1	epithelia.cuticle.biosynthesis_13
nc_CACCGTTGTAGCTAAA-1	epithelia.cuticle.Osi18_6
nc_CACCGTTGTCCGAAGA-1	muscle.rbm24_0
nc_CACCGTTGTGGCGTAA-1	neuroglioblast.ol_14
nc_CACCGTTGTTGCATCA-1	muscle.rbm24_0
nc_CACCGTTGTTGCTAGT-1	epithelia.cuticle.Osi18_6
nc_CACCGTTTCAGACATC-1	epithelia.cuticle.Osi16_2
nc_CACCGTTTCATCTACT-1	epithelia.cuticle.Osi17_4
nc_CACCGTTTCCAATGCA-1	muscle.rbm24_0
nc_CACCGTTTCCCTATTA-1	glia1_8
nc_CACCGTTTCCTCACCA-1	epithelia.cuticle.Osi17_4
nc_CACCGTTTCGACCTAA-1	epithelia.tendon_5
nc_CACCGTTTCGATACGT-1	epithelia.cuticle.cp.soft_3
nc_CACCGTTTCTAGCCAA-1	epithelia.cuticle.Osi16_2
nc_CACGAATAGTCAAGCG-1	epithelia.cuticle.Osi18_6
nc_CACGAATCAACTCGTA-1	epithelia.cuticle.cp.soft_3
nc_CACGAATCACAACGTT-1	muscle.tup_19
nc_CACGAATCAGCAATTC-1	fat.body_10
nc_CACGGGTAGACCATGG-1	epithelia.tendon_5
nc_CACGGGTAGTCAATCC-1	muscle.rbm24_0
nc_CACGGGTAGTTAGTGA-1	epithelia.cuticle.Osi17_4
nc_CACGGGTCACAGTGTT-1	muscle.rbm24_0
nc_CACGGGTGTAAGGTCG-1	muscle.rbm24_0
nc_CACGGGTGTATGGGAC-1	epithelia.olfactory.support_9
nc_CACGGGTGTCAGTCTA-1	epithelia.cuticle.Osi16_2
nc_CACGGGTGTCCGTTTC-1	epithelia.cuticle.Osi16_2
nc_CACGGGTGTGACTCGC-1	epithelia.cuticle.cp.other_1
nc_CACGGGTTCAGTAGGG-1	trachea_15
nc_CACGGGTTCCAATGCA-1	muscle.rbm24_0
nc_CACGGGTTCCATTGTT-1	epithelia.cuticle.Osi16_2
nc_CACGGGTTCTAGGCCG-1	epithelia.cuticle.Osi16_2
nc_CACGTGGAGAACTTCC-1	epithelia.cuticle.Osi17_4
nc_CACGTGGAGCCGCACT-1	epithelia.cuticle.cp.soft_3
nc_CACGTGGAGCCGGATA-1	epithelia.cuticle.Osi17_4
nc_CACGTGGAGGATTTCC-1	muscle.rbm24_0
nc_CACGTGGCAAGTCGTT-1	epithelia.cuticle.cp.other_1
nc_CACGTGGCACCTGCAG-1	epithelia.cuticle.Osi14_12
nc_CACGTGGCACTCGATA-1	epithelia.cuticle.Osi16_2
nc_CACGTGGCAGACCAAG-1	epithelia.cuticle.cp.rigid_7
nc_CACGTGGGTAAGCGGT-1	epithelia.tendon_5
nc_CACGTGGGTACTCCCT-1	muscle.rbm24_0
nc_CACGTGGTCATCGCTC-1	epithelia.cuticle.Osi14_12
nc_CACGTGGTCATTGTTC-1	glia1_8
nc_CACGTGGTCCACTAGA-1	muscle.rbm24_0
nc_CACGTGGTCCCAGTGG-1	epithelia.tendon_5
nc_CACGTGGTCCGGACTG-1	epithelia.cuticle.cp.other_1
nc_CACGTGGTCCTCACGT-1	muscle.rbm24_0
nc_CACGTGGTCGTGTGAT-1	epithelia.cuticle.Osi16_2
nc_CACGTTCAGATGTTAG-1	fat.body_10
nc_CACGTTCAGATTCGAA-1	muscle.rbm24_0
nc_CACGTTCAGTTGGCTT-1	epithelia.olfactory.support_9
nc_CACGTTCCAGTATGAA-1	muscle.rbm24_0
nc_CACGTTCGTTGGCTAT-1	muscle.rbm24_0
nc_CACGTTCTCAATCCAG-1	muscle.rbm24_0
nc_CACGTTCTCCTGTAGA-1	muscle.rbm24_0
nc_CACGTTCTCGCTTACC-1	epithelia.tendon_5
nc_CACGTTCTCTTAGCCC-1	muscle.rbm24_0
nc_CACTAAGAGGCACTCC-1	epithelia.cuticle.Osi14_12
nc_CACTAAGAGTCATACC-1	epithelia.olfactory.support_9
nc_CACTAAGAGTTCCATG-1	muscle.rbm24_0
nc_CACTAAGCAATTGCAC-1	muscle.rbm24_0
nc_CACTAAGCACTATCGA-1	glia1_8
nc_CACTAAGGTCATCCCT-1	epithelia.cuticle.Osi17_4
nc_CACTAAGGTCCAGTTA-1	fat.body_10
nc_CACTAAGTCTAATTCC-1	muscle.rbm24_0
nc_CACTGAAAGAGTCCGA-1	epithelia.cuticle.Osi17_4
nc_CACTGAACAACCAGAG-1	epithelia.cuticle.Osi16_2
nc_CACTGAACAAGGTCTT-1	neuroglioblast.ol_14
nc_CACTGAACACAATGCT-1	epithelia.cuticle.Osi16_2
nc_CACTGAACACGACGTC-1	epithelia.cuticle.cp.other_1
nc_CACTGAAGTAGTCGTT-1	neuroglioblast.ol_14
nc_CACTGAATCCACGGAC-1	epithelia.cuticle.Osi14_12
nc_CACTGAATCCTACCGT-1	muscle.rbm24_0
nc_CACTGAATCTCATTAC-1	epithelia.cuticle.cp.soft_3
nc_CACTGGGAGTAGGTTA-1	epithelia.olfactory.support_9
nc_CACTGGGAGTCATTGC-1	muscle.rbm24_0
nc_CACTGGGCAGTTGCGC-1	epithelia.cuticle.cp.other_1
nc_CACTGGGCATATACCG-1	epithelia.cuticle.cp.soft_3
nc_CACTGGGGTACCACGC-1	muscle.rbm24_0
nc_CACTGGGGTAGTTACC-1	epithelia.olfactory.support_9
nc_CACTGGGGTCCAGTTA-1	epithelia.cuticle.Osi18_6
nc_CACTGGGGTCCTGAAT-1	epithelia.cuticle.Osi16_2
nc_CACTGGGGTCGGAAAC-1	muscle.rbm24_0
nc_CACTGGGGTCTGTAGT-1	glia1_8
nc_CACTGGGGTGTACGCC-1	epithelia.cuticle.cp.other_1
nc_CACTGGGTCCTACGGG-1	hemocyte_16
nc_CACTGTCAGAGGCCAT-1	epithelia.cuticle.cp.other_1
nc_CACTGTCAGTTCATGC-1	epithelia.cuticle.Osi16_2
nc_CACTGTCCAACTACGT-1	muscle.rbm24_0
nc_CACTGTCCAATTGCTG-1	epithelia.olfactory.support_9
nc_CACTGTCGTGAGATAT-1	epithelia.olfactory.support_9
nc_CACTGTCGTTCTAAGC-1	epithelia.cuticle.Osi16_2
nc_CACTGTCTCCATCACC-1	epithelia.cuticle.cp.rigid_7
nc_CACTGTCTCGAAGTGG-1	epithelia.cuticle.Osi14_12
nc_CACTGTCTCGTGTTCC-1	epithelia.cuticle.Osi16_2
nc_CACTGTCTCTAGTACG-1	fat.body_10
nc_CACTTCGAGGGAGTGG-1	epithelia.cuticle.cp.other_1
nc_CACTTCGAGGTTCTTG-1	trachea_15
nc_CACTTCGAGTCGTTAC-1	epithelia.tendon_5
nc_CACTTCGCAGCCCAGT-1	muscle.rbm24_0
nc_CACTTCGCAGCCGTTG-1	epithelia.cuticle.cp.soft_3
nc_CACTTCGGTCATCACA-1	epithelia.cuticle.cp.rigid_7
nc_CACTTCGGTGTAGGAC-1	epithelia.cuticle.cp.soft_3
nc_CACTTCGTCCTACGAA-1	muscle.rbm24_0
nc_CACTTCGTCCTCGATC-1	epithelia.cuticle.cp.other_1
nc_CAGAGCCAGAATAACC-1	epithelia.cuticle.cp.other_1
nc_CAGAGCCAGGAACGAA-1	epithelia.cuticle.Osi17_4
nc_CAGAGCCAGTGGTGAC-1	epithelia.olfactory.support_9
nc_CAGAGCCCACAATTCG-1	epithelia.cuticle.Osi17_4
nc_CAGAGCCCACGACGCT-1	epithelia.cuticle.cp.rigid_7
nc_CAGAGCCCAGGAATAT-1	epithelia.cuticle.Osi14_12
nc_CAGAGCCCATGGGCAA-1	neuroglioblast.castor_17
nc_CAGAGCCCATTCACAG-1	epithelia.olfactory.support_9
nc_CAGAGCCCATTCTTCA-1	epithelia.tendon_5
nc_CAGAGCCGTCTCACGG-1	epithelia.cuticle.Osi14_12
nc_CAGAGCCGTGTCCACG-1	trachea_15
nc_CAGAGCCTCAGCTTCC-1	muscle.rbm24_0
nc_CAGAGCCTCTGCACCT-1	muscle.rbm24_0
nc_CAGATACAGCCTGACC-1	epithelia.cuticle.Osi17_4
nc_CAGATACAGTCAGCCC-1	epithelia.cuticle.Osi18_6
nc_CAGATACAGTGTGTTC-1	epithelia.cuticle.cp.other_1
nc_CAGATACAGTTTGAGA-1	epithelia.cuticle.cp.soft_3
nc_CAGATACCAAATACGA-1	epithelia.olfactory.support_9
nc_CAGATACCAACGTAAA-1	epithelia.cuticle.Osi16_2
nc_CAGATACGTACTCAAC-1	epithelia.tendon_5
nc_CAGATACGTATCTCTT-1	glia1_8
nc_CAGATACGTGTTAGCT-1	epithelia.cuticle.Osi17_4
nc_CAGATACTCATTCATC-1	muscle.rbm24_0
nc_CAGATACTCCCGTTGT-1	epithelia.cuticle.Osi18_6
nc_CAGATCAAGACCACGA-1	epithelia.cuticle.cp.soft_3
nc_CAGATCAAGCTAGATA-1	epithelia.cuticle.cp.other_1
nc_CAGATCAAGTTACTCG-1	epithelia.tendon_5
nc_CAGATCACACACGTGC-1	epithelia.cuticle.Osi17_4
nc_CAGATCACACGGCGTT-1	epithelia.cuticle.Osi18_6
nc_CAGATCACAGCGATTT-1	muscle.rbm24_0
nc_CAGATCACAGTCGCTG-1	muscle.rbm24_0
nc_CAGATCACAGTTTCAG-1	epithelia.cuticle.Osi17_4
nc_CAGATCACATGGAAGC-1	epithelia.tendon_5
nc_CAGATCAGTTTACTTC-1	secretory-ECM_21
nc_CAGATCATCAAATAGG-1	muscle.rbm24_0
nc_CAGATCATCATTGCCC-1	muscle.rbm24_0
nc_CAGATCATCGACGACC-1	epithelia.olfactory.support_9
nc_CAGATCATCGCCCAGA-1	epithelia.cuticle.cp.other_1
nc_CAGATTGAGCCATTGT-1	epithelia.cuticle.Osi17_4
nc_CAGATTGAGCTAATGA-1	epithelia.cuticle.cp.soft_3
nc_CAGATTGAGTGCAGCA-1	muscle.rbm24_0
nc_CAGATTGCAACTGAAA-1	fat.body_10
nc_CAGATTGCAAGGTTGG-1	muscle.rbm24_0
nc_CAGATTGCACTACACA-1	glia1_8
nc_CAGATTGCAGCCCAGT-1	neuron.cholinergic_11
nc_CAGATTGCAGCCTTCT-1	muscle.rbm24_0
nc_CAGATTGGTATCGCGC-1	epithelia.cuticle.Osi17_4
nc_CAGATTGGTCGAAGCA-1	epithelia.cuticle.cp.soft_3
nc_CAGATTGTCACGTCCT-1	epithelia.cuticle.cp.soft_3
nc_CAGATTGTCCCTATTA-1	epithelia.cuticle.Osi16_2
nc_CAGATTGTCTACAGGT-1	muscle.rbm24_0
nc_CAGCAATAGATGGCGT-1	muscle.rbm24_0
nc_CAGCAATCAACCAGAG-1	muscle.rbm24_0
nc_CAGCAATCAGACACAG-1	epithelia.cuticle.cp.other_1
nc_CAGCAATCAGTAGAAT-1	muscle.rbm24_0
nc_CAGCAATCATGATGCT-1	muscle.rbm24_0
nc_CAGCAATGTCACCACG-1	epithelia.cuticle.cp.soft_3
nc_CAGCAATGTCGCTTAA-1	epithelia.cuticle.cp.other_1
nc_CAGCAATGTGTCCGGT-1	epithelia.cuticle.Osi16_2
nc_CAGCAATTCACTTGTT-1	epithelia.cuticle.Osi16_2
nc_CAGCAATTCAGACCGC-1	epithelia.cuticle.Osi16_2
nc_CAGCAATTCAGTGTTG-1	glia1_8
nc_CAGCAATTCCATACTT-1	epithelia.cuticle.cp.rigid_7
nc_CAGCAATTCCTCTTTC-1	muscle.rbm24_0
nc_CAGCAATTCTGTAAGC-1	epithelia.cuticle.Osi18_6
nc_CAGCACGAGAAATTCG-1	muscle.rbm24_0
nc_CAGCACGAGATGAACT-1	epithelia.cuticle.cp.other_1
nc_CAGCACGAGTGAGGCT-1	muscle.rbm24_0
nc_CAGCACGCAAGGCCTC-1	epithelia.cuticle.cp.other_1
nc_CAGCACGCACGACGCT-1	epithelia.cuticle.cp.soft_3
nc_CAGCACGCACGTCGGT-1	epithelia.olfactory.support_9
nc_CAGCACGCAGGCACAA-1	epithelia.cuticle.cp.other_1
nc_CAGCACGGTATCGAAA-1	hemocyte_16
nc_CAGCACGTCCATACAG-1	epithelia.cuticle.cp.rigid_7
nc_CAGCACGTCGGCCTTT-1	epithelia.tendon_5
nc_CAGCACGTCTAGGAAA-1	epithelia.cuticle.Osi16_2
nc_CAGCACGTCTCCTGCA-1	muscle.rbm24_0
nc_CAGCAGCAGAATAACC-1	muscle.rbm24_0
nc_CAGCAGCAGGGTAATT-1	muscle.rbm24_0
nc_CAGCAGCCATCGAAGG-1	epithelia.cuticle.biosynthesis_13
nc_CAGCAGCGTCCAATCA-1	epithelia.cuticle.Osi18_6
nc_CAGCAGCTCAAGATAG-1	epithelia.olfactory.support_9
nc_CAGCAGCTCAGGCGAA-1	muscle.rbm24_0
nc_CAGCAGCTCATATGGC-1	epithelia.cuticle.Osi16_2
nc_CAGCAGCTCATTTCCA-1	muscle.rbm24_0
nc_CAGCAGCTCCACGTAA-1	epithelia.cuticle.Osi16_2
nc_CAGCAGCTCCGATGTA-1	epithelia.cuticle.Osi14_12
nc_CAGCAGCTCCTTCACG-1	trachea_15
nc_CAGCAGCTCGGAAGGT-1	muscle.rbm24_0
nc_CAGCAGCTCTCTCGCA-1	epithelia.cuticle.Osi16_2
nc_CAGCCAGAGAGGGTGG-1	epithelia.cuticle.cp.other_1
nc_CAGCCAGAGATTACCC-1	epithelia.cuticle.cp.other_1
nc_CAGCCAGAGCCGCTTG-1	epithelia.cuticle.Osi17_4
nc_CAGCCAGAGGTTAGTA-1	epithelia.tendon_5
nc_CAGCCAGCACGGTGAA-1	muscle.rbm24_0
nc_CAGCCAGCATACCAGT-1	epithelia.olfactory.support_9
nc_CAGCCAGGTACTCGCG-1	epithelia.cuticle.Osi18_6
nc_CAGCCAGGTCTCAAGT-1	epithelia.tendon_5
nc_CAGCCAGGTGAGGAAA-1	epithelia.cuticle.Osi14_12
nc_CAGCCAGTCATTCATC-1	muscle.rbm24_0
nc_CAGCCAGTCTTAATCC-1	epithelia.cuticle.Osi18_6
nc_CAGCGTGAGAACCGCA-1	epithelia.olfactory.support_9
nc_CAGCGTGAGCTGAAAT-1	glia1_8
nc_CAGCGTGAGGTACAAT-1	trachea_15
nc_CAGCGTGCATTGCTTT-1	glia1_8
nc_CAGCGTGGTCCACGCA-1	muscle.rbm24_0
nc_CAGCGTGGTCTGTGGC-1	epithelia.cuticle.cp.other_1
nc_CAGCGTGGTTCACGAT-1	epithelia.cuticle.cp.soft_3
nc_CAGCGTGTCCACAGGC-1	epithelia.cuticle.cp.soft_3
nc_CAGGCCAAGAGCCCAA-1	epithelia.cuticle.cp.other_1
nc_CAGGCCAAGCCACCGT-1	epithelia.cuticle.Osi16_2
nc_CAGGCCAAGCGACTAG-1	neuroglioblast.castor_17
nc_CAGGCCAAGCGCCTTG-1	muscle.rbm24_0
nc_CAGGCCAAGGCAGTCA-1	epithelia.cuticle.Osi18_6
nc_CAGGCCAAGGTAGCAC-1	trachea_15
nc_CAGGCCAAGTACAACA-1	epithelia.tendon_5
nc_CAGGCCACATCGTGGC-1	muscle.rbm24_0
nc_CAGGCCAGTCCACTCT-1	epithelia.cuticle.cp.other_1
nc_CAGGCCAGTGAAGCTG-1	muscle.rbm24_0
nc_CAGGCCAGTTAGGCCC-1	epithelia.cuticle.cp.soft_3
nc_CAGGCCATCGGTAAGG-1	epithelia.cuticle.cp.soft_3
nc_CAGGCCATCGTAACAC-1	neuron.cholinergic_11
nc_CAGGGCTAGAGCCCAA-1	epithelia.cuticle.cp.soft_3
nc_CAGGGCTAGCGTGCCT-1	epithelia.cuticle.cp.rigid_7
nc_CAGGGCTAGGTTGCCC-1	epithelia.cuticle.Osi18_6
nc_CAGGGCTCAATCTCGA-1	glia1_8
nc_CAGGGCTCAGAGAAAG-1	muscle.rbm24_0
nc_CAGGGCTCAGGTCCCA-1	gland.corpora-allata_22
nc_CAGGGCTGTAGAATGT-1	epithelia.cuticle.Osi16_2
nc_CAGGGCTGTCAATCTG-1	glia1_8
nc_CAGGGCTGTTACTCAG-1	epithelia.cuticle.Osi16_2
nc_CAGGGCTTCCTCAGAA-1	epithelia.cuticle.Osi16_2
nc_CAGGGCTTCCTTCGAC-1	fat.body_10
nc_CAGGTATAGCCACTCG-1	epithelia.cuticle.cp.other_1
nc_CAGGTATAGCCTGTCG-1	epithelia.cuticle.Osi16_2
nc_CAGGTATAGGTTCACT-1	epithelia.cuticle.Osi16_2
nc_CAGGTATCAAACCATC-1	epithelia.cuticle.cp.other_1
nc_CAGGTATCAAAGCAAT-1	epithelia.cuticle.Osi17_4
nc_CAGGTATCAAATTAGG-1	epithelia.cuticle.cp.soft_3
nc_CAGGTATCAATGGCCC-1	muscle.rbm24_0
nc_CAGGTATCAGAGCCCT-1	epithelia.cuticle.Osi16_2
nc_CAGGTATCAGGATCTT-1	epithelia.cuticle.cp.soft_3
nc_CAGGTATGTCACCCTT-1	epithelia.cuticle.cp.soft_3
nc_CAGGTATGTCTACATG-1	epithelia.cuticle.cp.other_1
nc_CAGGTATGTTCAAGTC-1	muscle.rbm24_0
nc_CAGGTATGTTGCTTGA-1	muscle.rbm24_0
nc_CAGGTATTCAAGCCGC-1	glia1_8
nc_CAGGTATTCAGGCGAA-1	epithelia.cuticle.cp.other_1
nc_CAGGTATTCGTGGTAT-1	epithelia.cuticle.Osi16_2
nc_CAGGTATTCTAGGCCG-1	epithelia.cuticle.Osi16_2
nc_CAGTGCGAGCATCCTA-1	epithelia.cuticle.Osi17_4
nc_CAGTGCGAGCGCTTCG-1	epithelia.cuticle.Osi16_2
nc_CAGTGCGAGCTTAGTC-1	epithelia.cuticle.Osi14_12
nc_CAGTGCGAGTTGGCGA-1	epithelia.cuticle.cp.other_1
nc_CAGTGCGCAAAGGGTC-1	neuron.cholinergic_11
nc_CAGTGCGCAAATGAAC-1	epithelia.olfactory.support_9
nc_CAGTGCGCAAGAGTTA-1	neuroglioblast.castor_17
nc_CAGTGCGCAGCTGTAT-1	epithelia.cuticle.Osi16_2
nc_CAGTGCGCAGTATACC-1	epithelia.cuticle.Osi16_2
nc_CAGTGCGGTCCTGTTC-1	epithelia.cuticle.Osi16_2
nc_CAGTGCGTCCGATCTC-1	epithelia.cuticle.cp.soft_3
nc_CAGTGCGTCCTAGCCT-1	epithelia.cuticle.cp.other_1
nc_CAGTTAGAGCACGGAT-1	epithelia.cuticle.Osi16_2
nc_CAGTTAGAGTATTAGG-1	epithelia.cuticle.Osi14_12
nc_CAGTTAGAGTTGTAAG-1	neuroglioblast.ol_14
nc_CAGTTAGGTCAGACTT-1	epithelia.cuticle.Osi16_2
nc_CAGTTAGTCTCTATAC-1	fat.body_10
nc_CAGTTCCAGCACCAGA-1	muscle.rbm24_0
nc_CAGTTCCAGGACAGTC-1	glia1_8
nc_CAGTTCCAGGCCATAG-1	epithelia.cuticle.cp.other_1
nc_CAGTTCCCAGTCGCAC-1	muscle.rbm24_0
nc_CAGTTCCCATCCGGTG-1	epithelia.cuticle.Osi17_4
nc_CAGTTCCGTTAATCGC-1	muscle.rbm24_0
nc_CAGTTCCGTTTACTTC-1	hemocyte_16
nc_CAGTTCCTCTCTGAGA-1	epithelia.cuticle.Osi18_6
nc_CAGTTCCTCTTGTGCC-1	muscle.rbm24_0
nc_CATAAGCAGAAATTCG-1	epithelia.cuticle.cp.other_1
nc_CATAAGCAGATTGATG-1	epithelia.cuticle.cp.other_1
nc_CATAAGCAGTTACGGG-1	muscle.rbm24_0
nc_CATAAGCCAAGAAACT-1	muscle.rbm24_0
nc_CATAAGCCACAGCCTG-1	muscle.rbm24_0
nc_CATAAGCCAGAACTAA-1	neuroglioblast.ol_14
nc_CATAAGCCAGCAATTC-1	muscle.rbm24_0
nc_CATAAGCCATCTAGAC-1	epithelia.cuticle.Osi16_2
nc_CATAAGCCATGACCCG-1	epithelia.cuticle.cp.soft_3
nc_CATAAGCGTTCAACGT-1	muscle.rbm24_0
nc_CATAAGCGTTCGTACA-1	epithelia.cuticle.Osi17_4
nc_CATAAGCTCCACAAGT-1	neuroglioblast.ol_14
nc_CATAAGCTCTTGAGCA-1	epithelia.tendon_5
nc_CATACAGCAAACGGCA-1	epithelia.cuticle.Osi17_4
nc_CATACAGCAACTACGT-1	epithelia.cuticle.Osi16_2
nc_CATACAGCACCTCTGT-1	hemocyte_16
nc_CATACAGCACGCACCA-1	epithelia.cuticle.cp.other_1
nc_CATACAGCAGCAATTC-1	epithelia.cuticle.cp.other_1
nc_CATACAGCATATGCGT-1	epithelia.cuticle.cp.soft_3
nc_CATACAGCATGAGAAT-1	epithelia.cuticle.cp.other_1
nc_CATACAGTCCTTGAAG-1	muscle.rbm24_0
nc_CATACAGTCTACTTCA-1	muscle.rbm24_0
nc_CATACAGTCTCGGGAC-1	muscle.rbm24_0
nc_CATACAGTCTGCGAGC-1	trachea_15
nc_CATACCCAGGAGCAAA-1	glia1_8
nc_CATACCCAGTGATTCC-1	glia1_8
nc_CATACCCAGTTACGTC-1	epithelia.cuticle.cp.other_1
nc_CATACCCAGTTCCGGC-1	epithelia.tendon_5
nc_CATACCCCAACCAATC-1	epithelia.cuticle.Osi17_4
nc_CATACCCCACTTCAAG-1	muscle.rbm24_0
nc_CATACCCCATAGATCC-1	neuroglioblast.castor_17
nc_CATACCCGTGCCGGTT-1	glia1_8
nc_CATACCCGTGGGCTCT-1	neuron.cholinergic_11
nc_CATACCCTCAAAGACA-1	epithelia.cuticle.cp.soft_3
nc_CATACCCTCAGACTGT-1	epithelia.olfactory.support_9
nc_CATACCCTCATGCCAA-1	epithelia.cuticle.cp.other_1
nc_CATACCCTCCGTAGTA-1	muscle.rbm24_0
nc_CATACTTAGATTAGTG-1	glia1_8
nc_CATACTTAGTAAGCAT-1	epithelia.cuticle.Osi18_6
nc_CATACTTAGTATTAGG-1	epithelia.cuticle.cp.soft_3
nc_CATACTTAGTCAACAA-1	epithelia.cuticle.cp.other_1
nc_CATACTTCAATGAACA-1	epithelia.cuticle.Osi17_4
nc_CATACTTCATGCGTGC-1	epithelia.cuticle.Osi14_12
nc_CATACTTCATTCACAG-1	muscle.rbm24_0
nc_CATACTTGTCCAATCA-1	muscle.rbm24_0
nc_CATACTTGTGATCATC-1	epithelia.cuticle.cp.soft_3
nc_CATACTTGTGTGGACA-1	epithelia.cuticle.Osi17_4
nc_CATACTTGTTCTCTCG-1	epithelia.cuticle.Osi16_2
nc_CATACTTGTTGCGTAT-1	muscle.rbm24_0
nc_CATACTTTCACTACTT-1	muscle.rbm24_0
nc_CATACTTTCCTCGCAT-1	epithelia.olfactory.support_9
nc_CATACTTTCTCAGTCC-1	epithelia.cuticle.cp.other_1
nc_CATAGACAGACAACTA-1	epithelia.cuticle.Osi14_12
nc_CATAGACAGTCCGCGT-1	epithelia.cuticle.biosynthesis_13
nc_CATAGACAGTCGAGGT-1	epithelia.cuticle.cp.soft_3
nc_CATAGACAGTGCGACA-1	epithelia.tendon_5
nc_CATAGACCAACTAGAA-1	epithelia.cuticle.cp.other_1
nc_CATAGACCAAGTGGAC-1	epithelia.cuticle.Osi17_4
nc_CATAGACCACCCTTGT-1	epithelia.cuticle.Osi17_4
nc_CATCAAGAGCGAGAAA-1	epithelia.cuticle.cp.rigid_7
nc_CATCAAGAGGCGAAGG-1	epithelia.cuticle.cp.soft_3
nc_CATCAAGCAACAGATA-1	epithelia.cuticle.cp.other_1
nc_CATCAAGCAAGACTGG-1	epithelia.cuticle.Osi16_2
nc_CATCAAGCATCCGGCA-1	epithelia.cuticle.cp.other_1
nc_CATCAAGCATTCCTCG-1	muscle.rbm24_0
nc_CATCAAGGTAACAGTA-1	trachea_15
nc_CATCAAGGTATGAAAC-1	epithelia.cuticle.cp.other_1
nc_CATCAAGGTTCAAGGG-1	muscle.rbm24_0
nc_CATCAAGTCCATAGGT-1	epithelia.cuticle.Osi16_2
nc_CATCAAGTCCGCGATG-1	epithelia.cuticle.Osi16_2
nc_CATCAAGTCTGCGGAC-1	glia1_8
nc_CATCAAGTCTGGACTA-1	epithelia.cuticle.cp.soft_3
nc_CATCCACAGCGCCATC-1	muscle.rbm24_0
nc_CATCCACAGTACTCGT-1	epithelia.tendon_5
nc_CATCCACAGTCTAGAA-1	muscle.rbm24_0
nc_CATCCACCACAGTGTT-1	epithelia.cuticle.Osi18_6
nc_CATCCACCATACTGAC-1	epithelia.cuticle.Osi16_2
nc_CATCCACCATCACAGT-1	epithelia.cuticle.cp.other_1
nc_CATCCACGTCGCCTAG-1	epithelia.cuticle.Osi16_2
nc_CATCCACGTCTGTCAA-1	muscle.rbm24_0
nc_CATCCACGTGAGTCAG-1	epithelia.cuticle.Osi18_6
nc_CATCCACGTGGTCTGC-1	hemocyte_16
nc_CATCCACGTGTGGACA-1	epithelia.cuticle.cp.other_1
nc_CATCCACGTTAGAGTA-1	epithelia.cuticle.Osi16_2
nc_CATCCACTCGGTCATA-1	muscle.rbm24_0
nc_CATCCACTCTCGCTTG-1	epithelia.cuticle.cp.other_1
nc_CATCCCAAGAGGCGGA-1	epithelia.cuticle.cp.soft_3
nc_CATCCCAAGCACCAGA-1	epithelia.cuticle.Osi14_12
nc_CATCCCAAGTGCCGAA-1	muscle.rbm24_0
nc_CATCCCACAACAAGTA-1	hemocyte_16
nc_CATCCCACACTAGTAC-1	glia1_8
nc_CATCCCACAGCAGTTT-1	epithelia.cuticle.Osi16_2
nc_CATCCCACAGCTGGTC-1	glia1_8
nc_CATCCCACAGTTCTAG-1	muscle.rbm24_0
nc_CATCCCACATATCGGT-1	epithelia.tendon_5
nc_CATCCCAGTAAGATTG-1	gland.corpora-allata_22
nc_CATCCCAGTACGGTTT-1	muscle.rbm24_0
nc_CATCCCATCATTGGTG-1	muscle.rbm24_0
nc_CATCCCATCCAGTACA-1	hemocyte_16
nc_CATCCCATCCCGTTGT-1	epithelia.cuticle.cp.other_1
nc_CATCCCATCTAGCAAC-1	epithelia.cuticle.Osi16_2
nc_CATCCGTAGAATAACC-1	epithelia.cuticle.Osi16_2
nc_CATCCGTAGAGGCGGA-1	epithelia.cuticle.cp.soft_3
nc_CATCCGTAGATTGATG-1	epithelia.olfactory.support_9
nc_CATCCGTAGCGTGTTT-1	epithelia.tendon_5
nc_CATCCGTAGTGAGCCA-1	epithelia.olfactory.support_9
nc_CATCCGTCAACCAATC-1	epithelia.olfactory.support_9
nc_CATCCGTCACCGGCTA-1	epithelia.cuticle.Osi17_4
nc_CATCCGTGTACCATAC-1	epithelia.tendon_5
nc_CATCCGTGTTCGTAAC-1	epithelia.cuticle.cp.soft_3
nc_CATCCGTTCCGTGGCA-1	epithelia.cuticle.cp.rigid_7
nc_CATCCGTTCGACACTA-1	hemocyte_16
nc_CATCGCTAGAGTTGAT-1	trachea_15
nc_CATCGCTAGGAACTAT-1	epithelia.olfactory.support_9
nc_CATCGCTAGGCACTAG-1	epithelia.cuticle.Osi18_6
nc_CATCGCTAGGCATCAG-1	muscle.rbm24_0
nc_CATCGCTAGGCGAACT-1	epithelia.olfactory.support_9
nc_CATCGCTCAACTGAAA-1	muscle.rbm24_0
nc_CATCGCTCAAGTTCGT-1	epithelia.cuticle.cp.soft_3
nc_CATCGCTCACCTTCGT-1	neuron.cholinergic_11
nc_CATCGCTCAGAGCTAG-1	muscle.rbm24_0
nc_CATCGCTCAGCTACCG-1	epithelia.cuticle.cp.soft_3
nc_CATCGCTCAGTATGAA-1	epithelia.cuticle.Osi17_4
nc_CATCGCTCATAGTCAC-1	fat.body_10
nc_CATCGCTCATGGGAAC-1	epithelia.cuticle.cp.other_1
nc_CATCGCTCATTAAAGG-1	muscle.rbm24_0
nc_CATCGCTGTAATACCC-1	epithelia.cuticle.Osi16_2
nc_CATCGCTGTCAGGAGT-1	muscle.rbm24_0
nc_CATCGCTTCAGAGCAG-1	epithelia.cuticle.cp.soft_3
nc_CATCGCTTCCTCTTTC-1	epithelia.cuticle.cp.other_1
nc_CATCGCTTCTCGCCTA-1	epithelia.cuticle.cp.soft_3
nc_CATCGGGAGCTGTACT-1	epithelia.cuticle.cp.other_1
nc_CATCGGGCAATAAGGT-1	epithelia.cuticle.cp.other_1
nc_CATCGGGCACAGTGTT-1	muscle.rbm24_0
nc_CATCGGGCAGAGCTAG-1	epithelia.cuticle.cp.rigid_7
nc_CATCGGGCAGCACAGA-1	neuroglioblast.castor_17
nc_CATCGGGCAGCTATTG-1	epithelia.cuticle.cp.other_1
nc_CATCGGGGTGCAAGAC-1	muscle.rbm24_0
nc_CATCGGGGTTAAGTCC-1	muscle.rbm24_0
nc_CATCGGGTCAGGGATG-1	epithelia.cuticle.Osi16_2
nc_CATCGGGTCCCGAATA-1	epithelia.cuticle.Osi17_4
nc_CATCGGGTCTCCAATT-1	muscle.rbm24_0
nc_CATCGGGTCTGTGCAA-1	muscle.rbm24_0
nc_CATCGGGTCTTGATTC-1	epithelia.cuticle.Osi17_4
nc_CATCGTCAGATTGCGG-1	epithelia.cuticle.Osi18_6
nc_CATCGTCAGCTAAATG-1	muscle.rbm24_0
nc_CATCGTCCAAATTAGG-1	muscle.rbm24_0
nc_CATCGTCCAATTCTCT-1	muscle.rbm24_0
nc_CATCGTCCACCCGTAG-1	epithelia.cuticle.cp.rigid_7
nc_CATCGTCCACTGGACC-1	epithelia.cuticle.Osi14_12
nc_CATCGTCCAGAAGCGT-1	fat.body_10
nc_CATCGTCCATAAGCAA-1	glia1_8
nc_CATCGTCCATCATTTC-1	muscle.rbm24_0
nc_CATCGTCGTCACCGAC-1	muscle.rbm24_0
nc_CATCGTCGTTGTTGAC-1	epithelia.cuticle.Osi18_6
nc_CATCGTCGTTTACCTT-1	glia1_8
nc_CATCGTCTCAATGCAC-1	muscle.rbm24_0
nc_CATCGTCTCCTTCAGC-1	glia1_8
nc_CATCGTCTCTTAGGAC-1	epithelia.cuticle.Osi16_2
nc_CATGAGTAGCAGGCAT-1	muscle.rbm24_0
nc_CATGAGTCAGAACCGA-1	muscle.rbm24_0
nc_CATGAGTCAGATCCTA-1	trachea_15
nc_CATGAGTGTAGACAGC-1	epithelia.cuticle.Osi16_2
nc_CATGAGTGTAGAGACC-1	epithelia.cuticle.Osi14_12
nc_CATGAGTGTAGTATAG-1	muscle.rbm24_0
nc_CATGAGTGTCCCGGTA-1	epithelia.olfactory.support_9
nc_CATGAGTGTGTAACGG-1	muscle.rbm24_0
nc_CATGAGTTCAAGTCGT-1	neuron.cholinergic_11
nc_CATGAGTTCTCGACGG-1	epithelia.cuticle.cp.soft_3
nc_CATGAGTTCTTCACAT-1	muscle.rbm24_0
nc_CATGAGTTCTTGGATG-1	epithelia.cuticle.cp.soft_3
nc_CATGCAAAGCTTGTTG-1	epithelia.olfactory.support_9
nc_CATGCAAAGGTACATA-1	muscle.rbm24_0
nc_CATGCAAAGTCAACAA-1	neuron.chol.ciliated_20
nc_CATGCAACAACACAGG-1	epithelia.cuticle.Osi16_2
nc_CATGCAACACAGTATC-1	epithelia.cuticle.cp.other_1
nc_CATGCAAGTCCTACAA-1	epithelia.olfactory.support_9
nc_CATGCAAGTCGCAGTC-1	epithelia.cuticle.Osi18_6
nc_CATGCAATCATCACCC-1	muscle.rbm24_0
nc_CATGCAATCCGCTGTT-1	muscle.rbm24_0
nc_CATGCAATCTCCTACG-1	muscle.rbm24_0
nc_CATGCAATCTGAGAGG-1	neuroglioblast.ol_14
nc_CATGCCTAGACCTTTG-1	muscle.rbm24_0
nc_CATGCCTAGCTACGTT-1	epithelia.tendon_5
nc_CATGCCTAGGGTCACA-1	epithelia.tendon_5
nc_CATGCCTAGTCCCTAA-1	neuroglioblast.ol_14
nc_CATGCCTAGTGATAGT-1	muscle.rbm24_0
nc_CATGCCTCAAGAAATC-1	muscle.rbm24_0
nc_CATGCCTCAGATTAAG-1	muscle.rbm24_0
nc_CATGCCTGTCCGGACT-1	muscle.rbm24_0
nc_CATGCCTTCACATTGG-1	muscle.rbm24_0
nc_CATGCCTTCCCTCGAT-1	neuron.cholinergic_11
nc_CATGCCTTCGCCGAGT-1	glia1_8
nc_CATGCCTTCGGCATAT-1	muscle.rbm24_0
nc_CATGCGGAGACAACAT-1	epithelia.cuticle.Osi14_12
nc_CATGCGGAGATCGGTG-1	glia2_18
nc_CATGCGGAGTATTAGG-1	epithelia.cuticle.Osi16_2
nc_CATGCGGAGTTCACTG-1	epithelia.cuticle.cp.other_1
nc_CATGCGGCAAGAGGTC-1	muscle.rbm24_0
nc_CATGCGGCAAGCTGTT-1	muscle.rbm24_0
nc_CATGCGGCACCAAATC-1	muscle.rbm24_0
nc_CATGCGGGTAAGATCA-1	epithelia.cuticle.cp.soft_3
nc_CATGCGGGTACCGTGC-1	epithelia.cuticle.cp.other_1
nc_CATGCGGTCAAGCCCG-1	muscle.rbm24_0
nc_CATGCGGTCACACCCT-1	glia1_8
nc_CATGCGGTCATCTATC-1	muscle.tup_19
nc_CATGCGGTCCATGAGT-1	epithelia.tendon_5
nc_CATGCGGTCTAGATCG-1	epithelia.cuticle.Osi17_4
nc_CATGCGGTCTTAGCTT-1	glia1_8
nc_CATGCTCAGAGAGCCT-1	glia1_8
nc_CATGCTCAGCACTTTG-1	muscle.rbm24_0
nc_CATGCTCAGGCATGCA-1	epithelia.olfactory.support_9
nc_CATGCTCCAAAGCTAA-1	muscle.rbm24_0
nc_CATGCTCCACCTGTCT-1	epithelia.olfactory.support_9
nc_CATGCTCGTACCGTCG-1	epithelia.cuticle.cp.soft_3
nc_CATGCTCGTCTTCTAT-1	epithelia.olfactory.support_9
nc_CATGCTCGTTAGAGAT-1	epithelia.cuticle.cp.rigid_7
nc_CATGCTCGTTCCACGG-1	glia1_8
nc_CATGCTCTCAAACGTC-1	epithelia.cuticle.cp.other_1
nc_CATGGATAGCCAAGCA-1	muscle.rbm24_0
nc_CATGGATAGCCTGAGA-1	epithelia.cuticle.cp.other_1
nc_CATGGATCACAATGAA-1	glia1_8
nc_CATGGATCACCATTCC-1	epithelia.cuticle.Osi14_12
nc_CATGGATGTATACGGG-1	muscle.rbm24_0
nc_CATGGATGTCGCAACC-1	epithelia.cuticle.cp.soft_3
nc_CATGGATGTGCTCCGA-1	muscle.rbm24_0
nc_CATGGATGTGTCCGGT-1	fat.body_10
nc_CATGGATTCCGTTGAA-1	epithelia.cuticle.Osi18_6
nc_CATGGATTCGGAAGGT-1	epithelia.tendon_5
nc_CATGGATTCGGTATGT-1	epithelia.olfactory.support_9
nc_CATGGATTCGGTTGTA-1	epithelia.cuticle.Osi18_6
nc_CATGGATTCTGAGCAT-1	muscle.rbm24_0
nc_CATGGATTCTGCGAGC-1	epithelia.cuticle.cp.other_1
nc_CATGGATTCTTTCGAT-1	neuroglioblast.ol_14
nc_CATGGTAAGTTGTAGA-1	muscle.rbm24_0
nc_CATGGTACACATGGTT-1	glia1_8
nc_CATGGTACACGACAGA-1	epithelia.cuticle.cp.soft_3
nc_CATGGTACAGGAGACT-1	epithelia.cuticle.cp.soft_3
nc_CATGGTACAGGAGGAG-1	epithelia.cuticle.cp.other_1
nc_CATGGTACAGTTAAAG-1	muscle.rbm24_0
nc_CATGGTAGTCGCAGTC-1	epithelia.tendon_5
nc_CATGGTATCACGAACT-1	epithelia.cuticle.cp.soft_3
nc_CATGGTATCCCAATAG-1	muscle.rbm24_0
nc_CATGGTATCTAGCAAC-1	muscle.rbm24_0
nc_CATTCATAGAAGGGAT-1	epithelia.cuticle.cp.soft_3
nc_CATTCATAGGAACGTC-1	epithelia.cuticle.Osi16_2
nc_CATTCATAGTTTCGGT-1	neuroglioblast.ol_14
nc_CATTCATCATAACAGA-1	epithelia.cuticle.cp.other_1
nc_CATTCATGTAGCCCTG-1	epithelia.olfactory.support_9
nc_CATTCATGTCTCAGGC-1	epithelia.cuticle.Osi17_4
nc_CATTCATGTTGCAAGG-1	epithelia.cuticle.Osi17_4
nc_CATTCATTCACCGCTT-1	hemocyte_16
nc_CATTCATTCTGACGCG-1	muscle.rbm24_0
nc_CATTCCGAGACAAGCC-1	muscle.rbm24_0
nc_CATTCCGAGCACGGAT-1	epithelia.cuticle.cp.other_1
nc_CATTCCGAGCATGAAT-1	epithelia.cuticle.cp.rigid_7
nc_CATTCCGCAATAGTCC-1	muscle.rbm24_0
nc_CATTCCGGTACCTATG-1	epithelia.tendon_5
nc_CATTCCGGTACTGACT-1	muscle.rbm24_0
nc_CATTCCGGTCAAGCCC-1	epithelia.cuticle.cp.soft_3
nc_CATTCCGGTGGCTACC-1	glia1_8
nc_CATTCCGTCTCTAAGG-1	epithelia.cuticle.Osi17_4
nc_CATTCTAAGAAACTAC-1	epithelia.cuticle.Osi16_2
nc_CATTCTAAGGTCCCTG-1	glia1_8
nc_CATTCTACAAACCGGA-1	epithelia.cuticle.cp.rigid_7
nc_CATTCTACAAAGCGTG-1	epithelia.cuticle.Osi18_6
nc_CATTCTACAACTGATC-1	glia1_8
nc_CATTCTACAATCCAGT-1	epithelia.cuticle.Osi16_2
nc_CATTCTACAGCTGAGA-1	epithelia.cuticle.cp.soft_3
nc_CATTCTATCACTCGAA-1	muscle.rbm24_0
nc_CATTGAGAGACAGTCG-1	muscle.rbm24_0
nc_CATTGAGAGGTTCTAC-1	epithelia.cuticle.cp.other_1
nc_CATTGAGAGTCTAACC-1	epithelia.cuticle.Osi16_2
nc_CATTGAGCAAAGGCAC-1	epithelia.cuticle.Osi17_4
nc_CATTGAGCAATCCTAG-1	epithelia.tendon_5
nc_CATTGAGCACTTCTCG-1	epithelia.cuticle.Osi17_4
nc_CATTGAGCAGGAGACT-1	muscle.rbm24_0
nc_CATTGAGGTGACCGTC-1	muscle.rbm24_0
nc_CATTGAGGTGCGTCGT-1	muscle.rbm24_0
nc_CATTGAGTCCTCGATC-1	muscle.rbm24_0
nc_CATTGCCAGAAGCTGC-1	muscle.rbm24_0
nc_CATTGCCCAATACGCT-1	muscle.rbm24_0
nc_CATTGCCCAGACCCGT-1	epithelia.cuticle.Osi16_2
nc_CATTGCCCAGTCGGAA-1	muscle.rbm24_0
nc_CATTGCCCATGGAAGC-1	neuroglioblast.castor_17
nc_CATTGCCGTACCTGTA-1	epithelia.cuticle.Osi16_2
nc_CATTGCCGTACGTAGG-1	epithelia.cuticle.Osi16_2
nc_CATTGCCGTCTAACTG-1	epithelia.cuticle.cp.rigid_7
nc_CATTGCCGTTCCCACT-1	epithelia.cuticle.cp.soft_3
nc_CATTGCCGTTGCTTGA-1	epithelia.cuticle.Osi16_2
nc_CATTGCCTCGAGAACG-1	epithelia.cuticle.Osi17_4
nc_CATTGCCTCTGCACCT-1	muscle.rbm24_0
nc_CATTGTTAGGCCTTGC-1	muscle.rbm24_0
nc_CATTGTTAGGTGCCAA-1	muscle.rbm24_0
nc_CATTGTTCAATTGCAC-1	epithelia.cuticle.Osi18_6
nc_CATTGTTCAGAAGTTA-1	hemocyte_16
nc_CATTGTTCATTCGGGC-1	epithelia.cuticle.Osi17_4
nc_CATTGTTGTATCCTCC-1	epithelia.cuticle.Osi17_4
nc_CATTGTTGTCTGTGTA-1	epithelia.cuticle.Osi16_2
nc_CATTGTTGTGAGGATC-1	epithelia.cuticle.cp.other_1
nc_CATTGTTGTGTCCCTT-1	epithelia.cuticle.Osi16_2
nc_CATTGTTGTTATGGTC-1	muscle.rbm24_0
nc_CATTGTTTCATGCAGT-1	neuroglioblast.castor_17
nc_CATTGTTTCCGCTTAC-1	neuroglioblast.ol_14
nc_CATTGTTTCGCCACTT-1	epithelia.cuticle.Osi16_2
nc_CATTTCAAGACCTTTG-1	glia1_8
nc_CATTTCAAGATGGCGT-1	epithelia.cuticle.cp.other_1
nc_CATTTCAAGTCACAGG-1	muscle.rbm24_0
nc_CATTTCACAATCCTAG-1	muscle.rbm24_0
nc_CATTTCACACAAATGA-1	epithelia.cuticle.Osi17_4
nc_CATTTCACAGTCTCTC-1	muscle.rbm24_0
nc_CATTTCACAGTTGGTT-1	epithelia.cuticle.cp.soft_3
nc_CATTTCACATGAAGGC-1	muscle.rbm24_0
nc_CATTTCATCACATCAG-1	neuron.cholinergic_11
nc_CATTTCATCAGGTAAA-1	epithelia.cuticle.Osi16_2
nc_CATTTCATCTTGGTGA-1	neuron.cholinergic_11
nc_CCAAGCGAGCCAAGGT-1	epithelia.cuticle.Osi17_4
nc_CCAAGCGCACAATTCG-1	muscle.rbm24_0
nc_CCAAGCGCACGCGGTT-1	muscle.rbm24_0
nc_CCAAGCGCATCAACCA-1	muscle.rbm24_0
nc_CCAAGCGGTAAGCTCT-1	epithelia.tendon_5
nc_CCAAGCGGTACAAGCG-1	muscle.rbm24_0
nc_CCAAGCGGTCGATGCC-1	neuron.cholinergic_11
nc_CCAAGCGGTGTCCTAA-1	fat.body_10
nc_CCAAGCGGTTCGGGTC-1	epithelia.cuticle.Osi16_2
nc_CCAAGCGGTTTGACAC-1	hemocyte_16
nc_CCAAGCGTCCATCCGT-1	epithelia.cuticle.Osi14_12
nc_CCAATGAAGGATATGT-1	muscle.rbm24_0
nc_CCAATGAAGTAAATGC-1	epithelia.cuticle.cp.soft_3
nc_CCAATGAAGTCCTACA-1	muscle.rbm24_0
nc_CCAATGAAGTGAACAT-1	epithelia.cuticle.cp.other_1
nc_CCAATGACAAGCGAGT-1	neuron.cholinergic_11
nc_CCAATGACACTTCATT-1	neuroglioblast.castor_17
nc_CCAATGACAGGATTCT-1	muscle.rbm24_0
nc_CCAATGAGTTTACCAG-1	neuron.cholinergic_11
nc_CCAATGATCCATCTCG-1	muscle.rbm24_0
nc_CCAATGATCCGAGAAG-1	epithelia.cuticle.Osi16_2
nc_CCAATGATCGAAGTGG-1	epithelia.tendon_5
nc_CCAATTTAGATGTTGA-1	neuroglioblast.castor_17
nc_CCAATTTAGCAGCCCT-1	epithelia.cuticle.Osi17_4
nc_CCAATTTAGGGCTGAT-1	epithelia.cuticle.Osi17_4
nc_CCAATTTCATCGGATT-1	epithelia.cuticle.cp.soft_3
nc_CCAATTTTCCATTGTT-1	epithelia.cuticle.cp.other_1
nc_CCAATTTTCCCGATCT-1	neuroglioblast.castor_17
nc_CCAATTTTCCTTATGT-1	epithelia.cuticle.Osi16_2
nc_CCAATTTTCTTCGTAT-1	fat.body_10
nc_CCACAAAAGAGTCACG-1	muscle.rbm24_0
nc_CCACAAAAGCATGATA-1	muscle.rbm24_0
nc_CCACAAAAGCCATCCG-1	fat.body_10
nc_CCACAAACATGGATCT-1	neuron.cholinergic_11
nc_CCACAAACATTAAAGG-1	epithelia.cuticle.Osi16_2
nc_CCACAAAGTAGTTACC-1	glia1_8
nc_CCACAAAGTCATCTAG-1	epithelia.cuticle.cp.other_1
nc_CCACAAAGTCGATTCA-1	muscle.rbm24_0
nc_CCACAAAGTTCCACAA-1	epithelia.cuticle.cp.soft_3
nc_CCACAAATCCTACAAG-1	epithelia.cuticle.cp.other_1
nc_CCACAAATCGGTAACT-1	muscle.rbm24_0
nc_CCACAAATCTAGCCTC-1	epithelia.cuticle.Osi16_2
nc_CCACAAATCTTGCAGA-1	epithelia.cuticle.Osi14_12
nc_CCACACTAGGGTGAAA-1	epithelia.cuticle.cp.soft_3
nc_CCACACTAGGTAGCAC-1	epithelia.olfactory.support_9
nc_CCACACTAGTCCGCCA-1	muscle.rbm24_0
nc_CCACACTGTCTCAGAT-1	epithelia.cuticle.Osi16_2
nc_CCACACTGTTGCTCAA-1	glia2_18
nc_CCACACTTCCGTGTCT-1	epithelia.tendon_5
nc_CCACACTTCGTTCAGA-1	fat.body_10
nc_CCACACTTCTGTCGCT-1	epithelia.cuticle.cp.other_1
nc_CCACACTTCTGTGCGG-1	epithelia.cuticle.cp.other_1
nc_CCACACTTCTTTCTAG-1	epithelia.cuticle.cp.other_1
nc_CCACCATAGACAGTCG-1	epithelia.cuticle.cp.other_1
nc_CCACCATAGACCAAAT-1	fat.body_10
nc_CCACCATAGCAAATGT-1	epithelia.cuticle.cp.other_1
nc_CCACCATAGCCGTCGT-1	epithelia.cuticle.cp.other_1
nc_CCACCATAGCGTGAAC-1	hemocyte_16
nc_CCACCATAGTGCACTT-1	muscle.rbm24_0
nc_CCACCATCACAATTCG-1	epithelia.tendon_5
nc_CCACCATCACATAGCT-1	epithelia.cuticle.Osi17_4
nc_CCACCATCACGCGGTT-1	epithelia.cuticle.cp.other_1
nc_CCACCATCACTGTCGG-1	muscle.rbm24_0
nc_CCACCATGTGACCGTC-1	muscle.rbm24_0
nc_CCACCATGTTGGTAGG-1	epithelia.cuticle.Osi14_12
nc_CCACCATTCCAACTGA-1	epithelia.cuticle.Osi16_2
nc_CCACCATTCCTACGGG-1	epithelia.cuticle.Osi16_2
nc_CCACCATTCGAGAAGC-1	epithelia.cuticle.Osi17_4
nc_CCACCATTCGCATAGT-1	muscle.rbm24_0
nc_CCACCATTCGTGACTA-1	muscle.rbm24_0
nc_CCACCATTCTAGAACC-1	muscle.rbm24_0
nc_CCACCATTCTGCCCTA-1	muscle.rbm24_0
nc_CCACGAGAGAGGTCAC-1	epithelia.cuticle.Osi17_4
nc_CCACGAGAGATTAGAC-1	muscle.rbm24_0
nc_CCACGAGAGCAGGCTA-1	epithelia.cuticle.Osi17_4
nc_CCACGAGCATTCGGGC-1	muscle.rbm24_0
nc_CCACGAGGTTAATCGC-1	epithelia.cuticle.Osi16_2
nc_CCACGAGGTTTGGGAG-1	epithelia.cuticle.Osi14_12
nc_CCACGAGGTTTGTTGG-1	epithelia.cuticle.Osi16_2
nc_CCACGAGTCATTACGG-1	muscle.rbm24_0
nc_CCACGAGTCGGAACTT-1	epithelia.tendon_5
nc_CCACGAGTCTACTGAG-1	muscle.rbm24_0
nc_CCACGTTAGTGCAAAT-1	epithelia.tendon_5
nc_CCACGTTCAATTGCTG-1	epithelia.olfactory.support_9
nc_CCACGTTCAGATCCAT-1	muscle.rbm24_0
nc_CCACGTTCAGCCGTCA-1	muscle.rbm24_0
nc_CCACGTTGTAACAAGT-1	trachea_15
nc_CCACGTTGTAGTGGCA-1	muscle.rbm24_0
nc_CCACGTTGTCTCTCCA-1	fat.body_10
nc_CCACGTTTCCTAAACG-1	epithelia.tendon_5
nc_CCACGTTTCGACGTCG-1	epithelia.cuticle.Osi16_2
nc_CCACGTTTCGCTTGAA-1	epithelia.cuticle.cp.soft_3
nc_CCACGTTTCTGTAAGC-1	epithelia.tendon_5
nc_CCACTTGAGACTTCCA-1	epithelia.cuticle.Osi16_2
nc_CCACTTGAGCGTTAGG-1	muscle.rbm24_0
nc_CCACTTGAGGAACGCT-1	epithelia.cuticle.biosynthesis_13
nc_CCACTTGAGGCGTTGA-1	epithelia.cuticle.cp.other_1
nc_CCACTTGAGGGCTAAC-1	epithelia.cuticle.Osi16_2
nc_CCACTTGAGGGTACAC-1	epithelia.cuticle.Osi14_12
nc_CCACTTGAGGTCCCGT-1	epithelia.cuticle.Osi16_2
nc_CCACTTGAGTCACTAC-1	glia1_8
nc_CCACTTGCAAATCGGG-1	epithelia.cuticle.Osi16_2
nc_CCACTTGCAAGTGTCT-1	neuron.cholinergic_11
nc_CCACTTGCAGCCTACG-1	trachea_15
nc_CCACTTGCAGCTGTTA-1	fat.body_10
nc_CCACTTGCATCATCTT-1	muscle.rbm24_0
nc_CCACTTGGTCGCTCGA-1	muscle.rbm24_0
nc_CCACTTGGTGTACAGG-1	neuroglioblast.ol_14
nc_CCACTTGTCGCACGAC-1	epithelia.cuticle.cp.soft_3
nc_CCACTTGTCTGGCTGG-1	epithelia.cuticle.Osi16_2
nc_CCACTTGTCTTCGACC-1	epithelia.cuticle.Osi18_6
nc_CCATAAGAGCATCAAA-1	epithelia.cuticle.Osi14_12
nc_CCATAAGAGGTCATCT-1	epithelia.cuticle.cp.other_1
nc_CCATAAGCAAGCCATT-1	muscle.rbm24_0
nc_CCATAAGCAGGAATAT-1	epithelia.cuticle.cp.other_1
nc_CCATAAGGTATGTGTC-1	epithelia.tendon_5
nc_CCATAAGGTCATCCCT-1	epithelia.cuticle.Osi16_2
nc_CCATAAGGTGAGACGT-1	secretory-ECM_21
nc_CCATAAGTCTACGCAA-1	epithelia.olfactory.support_9
nc_CCATCACAGCTGTTCA-1	epithelia.cuticle.cp.other_1
nc_CCATCACCACTACGGC-1	epithelia.cuticle.Osi17_4
nc_CCATCACGTGTGGTCC-1	muscle.rbm24_0
nc_CCATCACTCGTGGCTG-1	epithelia.cuticle.Osi17_4
nc_CCATCACTCTAGGCAT-1	epithelia.tendon_5
nc_CCCAACTAGAAATCCA-1	epithelia.cuticle.Osi17_4
nc_CCCAACTAGACATAGT-1	epithelia.cuticle.Osi16_2
nc_CCCAACTAGCATGCGA-1	fat.body_10
nc_CCCAACTAGGAAAGTG-1	epithelia.olfactory.support_9
nc_CCCAACTAGTACTGTC-1	epithelia.cuticle.Osi17_4
nc_CCCAACTCAAACCACT-1	epithelia.cuticle.cp.soft_3
nc_CCCAACTCAGATCATC-1	muscle.rbm24_0
nc_CCCAACTCAGTGTATC-1	muscle.rbm24_0
nc_CCCAACTCATGTTCAG-1	epithelia.cuticle.cp.other_1
nc_CCCAACTGTGCGGATA-1	neuroglioblast.castor_17
nc_CCCAACTGTGGGTATG-1	epithelia.cuticle.Osi14_12
nc_CCCAACTGTGTAACGG-1	epithelia.cuticle.Osi18_6
nc_CCCAACTTCACGGGCT-1	muscle.rbm24_0
nc_CCCAACTTCCTCTAAT-1	epithelia.cuticle.cp.rigid_7
nc_CCCATTGAGCGAATGC-1	epithelia.cuticle.Osi16_2
nc_CCCATTGAGTTGAATG-1	epithelia.tendon_5
nc_CCCATTGCACCGGAAA-1	neuroglioblast.ol_14
nc_CCCATTGCACTCTCGT-1	epithelia.cuticle.Osi16_2
nc_CCCATTGCAGCACAGA-1	epithelia.tendon_5
nc_CCCATTGCAGGTGTTT-1	fat.body_10
nc_CCCATTGCATACAGCT-1	neuron.cholinergic_11
nc_CCCATTGCATCCAACA-1	muscle.rbm24_0
nc_CCCATTGGTCCGAAAG-1	glia2_18
nc_CCCATTGGTGAACGGT-1	muscle.rbm24_0
nc_CCCATTGGTTGACGGA-1	muscle.rbm24_0
nc_CCCATTGTCAAAGGAT-1	epithelia.cuticle.Osi18_6
nc_CCCATTGTCTTCTGTA-1	epithelia.cuticle.cp.other_1
nc_CCCGAAGCACGCTGAC-1	epithelia.cuticle.cp.rigid_7
nc_CCCGAAGCAGCGTACC-1	epithelia.cuticle.Osi14_12
nc_CCCGAAGGTCGTTCAA-1	muscle.rbm24_0
nc_CCCGAAGGTTGAGTCT-1	epithelia.cuticle.cp.other_1
nc_CCCGAAGGTTTATGCG-1	epithelia.cuticle.cp.other_1
nc_CCCGAAGTCCTTCTTC-1	muscle.rbm24_0
nc_CCCGAAGTCGCCCAGA-1	epithelia.cuticle.cp.other_1
nc_CCCGGAACACCAGCCA-1	epithelia.cuticle.cp.other_1
nc_CCCGGAAGTACCGGAA-1	epithelia.cuticle.Osi17_4
nc_CCCGGAAGTCCAGGTC-1	epithelia.cuticle.cp.other_1
nc_CCCGGAAGTTAAACAG-1	epithelia.cuticle.cp.other_1
nc_CCCGGAAGTTGGAGAC-1	epithelia.olfactory.support_9
nc_CCCGGAATCACTAGCA-1	hemocyte_16
nc_CCCTAACAGGCGCTTC-1	epithelia.cuticle.cp.other_1
nc_CCCTAACAGGCGTCCT-1	epithelia.cuticle.Osi17_4
nc_CCCTAACAGGCTCACC-1	muscle.rbm24_0
nc_CCCTAACAGTCCGCGT-1	muscle.rbm24_0
nc_CCCTAACAGTGGTGGT-1	epithelia.olfactory.support_9
nc_CCCTAACCAATGCAGG-1	epithelia.cuticle.Osi16_2
nc_CCCTAACCAGTCCCGA-1	epithelia.tendon_5
nc_CCCTAACGTCTCGGAC-1	epithelia.cuticle.Osi16_2
nc_CCCTAACGTGGTCTAT-1	epithelia.olfactory.support_9
nc_CCCTAACTCAACACCA-1	muscle.rbm24_0
nc_CCCTAACTCAAGAAAC-1	epithelia.cuticle.cp.soft_3
nc_CCCTAACTCACCTCTG-1	neuroglioblast.castor_17
nc_CCCTAACTCACTTGGA-1	epithelia.cuticle.cp.rigid_7
nc_CCCTAACTCAGGACAG-1	epithelia.cuticle.Osi18_6
nc_CCCTCAAAGTAGATCA-1	hemocyte_16
nc_CCCTCAACAATGACCT-1	epithelia.cuticle.Osi17_4
nc_CCCTCAAGTAGCACGA-1	epithelia.cuticle.cp.other_1
nc_CCCTCAAGTGCTATTG-1	trachea_15
nc_CCCTCAAGTGTCATGT-1	glia1_8
nc_CCCTCAATCCACTTTA-1	epithelia.cuticle.Osi18_6
nc_CCCTCAATCCGTTGGG-1	muscle.tup_19
nc_CCCTCAATCGCGCTGA-1	muscle.rbm24_0
nc_CCCTCAATCGTTGCCT-1	muscle.rbm24_0
nc_CCCTCTCAGAGTCAAT-1	muscle.rbm24_0
nc_CCCTCTCAGTTTGAGA-1	epithelia.cuticle.Osi17_4
nc_CCCTCTCCACAACGCC-1	neuroglioblast.ol_14
nc_CCCTCTCGTATAATGG-1	muscle.rbm24_0
nc_CCCTCTCGTTTGGAAA-1	muscle.rbm24_0
nc_CCCTCTCTCCATCGTC-1	epithelia.cuticle.Osi17_4
nc_CCCTCTCTCCTTTGAT-1	epithelia.cuticle.Osi17_4
nc_CCCTCTCTCTACTATC-1	epithelia.cuticle.Osi16_2
nc_CCCTCTCTCTGTGCAA-1	epithelia.cuticle.Osi16_2
nc_CCCTCTCTCTGTGCGG-1	neuroglioblast.castor_17
nc_CCCTGATAGTTGCCTA-1	muscle.rbm24_0
nc_CCCTGATCAACACAAA-1	epithelia.cuticle.cp.rigid_7
nc_CCCTGATCAACGACTT-1	muscle.rbm24_0
nc_CCCTGATCATAGAAAC-1	epithelia.cuticle.cp.soft_3
nc_CCCTGATCATGTGTCA-1	epithelia.olfactory.support_9
nc_CCCTGATGTAACCCTA-1	epithelia.cuticle.cp.other_1
nc_CCCTGATGTAGACACG-1	epithelia.cuticle.cp.other_1
nc_CCCTGATGTTCGGTTA-1	epithelia.cuticle.cp.other_1
nc_CCCTGATTCGGACCAC-1	epithelia.cuticle.Osi17_4
nc_CCCTTAGAGAGTGACC-1	epithelia.cuticle.Osi16_2
nc_CCCTTAGAGATGGTCG-1	epithelia.cuticle.Osi17_4
nc_CCCTTAGAGGAGCAAA-1	epithelia.cuticle.cp.other_1
nc_CCCTTAGAGGGTTAAT-1	glia2_18
nc_CCCTTAGCAACTTGGT-1	muscle.rbm24_0
nc_CCCTTAGCAAGGCCTC-1	epithelia.cuticle.cp.other_1
nc_CCCTTAGCACGACTAT-1	neuroglioblast.ol_14
nc_CCCTTAGCACTTCATT-1	epithelia.cuticle.cp.other_1
nc_CCCTTAGGTCATTGCA-1	epithelia.cuticle.cp.other_1
nc_CCCTTAGTCATCGCTC-1	muscle.rbm24_0
nc_CCCTTAGTCTAGGCCG-1	epithelia.cuticle.cp.other_1
nc_CCGAACGCATGTTCAG-1	epithelia.cuticle.Osi16_2
nc_CCGAACGGTCTTCTAT-1	epithelia.cuticle.cp.other_1
nc_CCGAACGTCAACTTTC-1	epithelia.cuticle.Osi17_4
nc_CCGAACGTCAAGGAGC-1	epithelia.olfactory.support_9
nc_CCGAACGTCAGCCCAG-1	epithelia.cuticle.Osi17_4
nc_CCGATCTAGGGATCTG-1	secretory-ECM_21
nc_CCGATCTAGGGTAGCT-1	muscle.rbm24_0
nc_CCGATCTAGTATGAGT-1	muscle.rbm24_0
nc_CCGATCTCAAGCAATA-1	muscle.rbm24_0
nc_CCGATCTCAATCCTTT-1	fat.body_10
nc_CCGATCTGTCGCATGC-1	epithelia.cuticle.cp.soft_3
nc_CCGATCTGTGCAGGAT-1	epithelia.olfactory.support_9
nc_CCGATCTTCCATGAGT-1	hemocyte_16
nc_CCGATCTTCCTTATGT-1	epithelia.cuticle.cp.rigid_7
nc_CCGATCTTCGCCTAGG-1	muscle.rbm24_0
nc_CCGATCTTCTGAGGTT-1	epithelia.cuticle.cp.soft_3
nc_CCGATCTTCTGTCGCT-1	epithelia.cuticle.Osi16_2
nc_CCGATGGAGAGCGACT-1	muscle.rbm24_0
nc_CCGATGGAGCTGGCCT-1	muscle.rbm24_0
nc_CCGATGGCACGAAAGC-1	muscle.rbm24_0
nc_CCGATGGCACTAAACC-1	epithelia.cuticle.Osi17_4
nc_CCGATGGCAGATTCGT-1	epithelia.cuticle.Osi16_2
nc_CCGATGGCATCCGGTG-1	epithelia.cuticle.Osi16_2
nc_CCGATGGCATGAAGGC-1	epithelia.cuticle.cp.other_1
nc_CCGATGGCATTAGGCT-1	epithelia.cuticle.Osi16_2
nc_CCGATGGGTAGGGTAC-1	epithelia.cuticle.Osi16_2
nc_CCGATGGGTGCGCTCA-1	muscle.rbm24_0
nc_CCGATGGGTTTATGCG-1	muscle.rbm24_0
nc_CCGATGGTCATGCTAG-1	muscle.rbm24_0
nc_CCGATGGTCCGTTGAA-1	neuron.cholinergic_11
nc_CCGATGGTCGACATCA-1	epithelia.tendon_5
nc_CCGATGGTCGGTAAGG-1	glia2_18
nc_CCGATGGTCTGGCTGG-1	epithelia.cuticle.cp.other_1
nc_CCGCAAGCAGCTTTGA-1	epithelia.cuticle.Osi14_12
nc_CCGCAAGCATTGAAAG-1	epithelia.cuticle.Osi18_6
nc_CCGCAAGGTAAGTTGA-1	epithelia.cuticle.Osi16_2
nc_CCGCAAGGTGCATGTT-1	glia1_8
nc_CCGCAAGGTGGATGAC-1	epithelia.cuticle.cp.soft_3
nc_CCGCAAGTCCTTATCA-1	muscle.rbm24_0
nc_CCGGACAAGCCGATCC-1	epithelia.cuticle.Osi16_2
nc_CCGGACAAGCCTAGGA-1	muscle.rbm24_0
nc_CCGGACACAACTAGAA-1	epithelia.cuticle.cp.other_1
nc_CCGGACAGTAATACCC-1	muscle.rbm24_0
nc_CCGGACAGTCCAGCAC-1	epithelia.cuticle.Osi18_6
nc_CCGGACATCGAACCTA-1	muscle.rbm24_0
nc_CCGGGTAGTAATCAGA-1	muscle.rbm24_0
nc_CCGGGTAGTACAGTCT-1	epithelia.cuticle.Osi17_4
nc_CCGGGTAGTCGAGCTC-1	muscle.rbm24_0
nc_CCGGGTATCACAATGC-1	muscle.rbm24_0
nc_CCGGGTATCCAAACCA-1	fat.body_10
nc_CCGGGTATCGGAGCAA-1	epithelia.cuticle.cp.other_1
nc_CCGGGTATCTACTCAT-1	epithelia.cuticle.cp.soft_3
nc_CCGGTAGAGCGCCATC-1	muscle.tup_19
nc_CCGGTAGCAAGTTTGC-1	epithelia.cuticle.cp.soft_3
nc_CCGGTAGCAATTGCTG-1	epithelia.cuticle.Osi16_2
nc_CCGGTAGCAGGTCCGT-1	muscle.rbm24_0
nc_CCGGTAGCAGTAACAA-1	muscle.rbm24_0
nc_CCGGTAGCATCCCACT-1	epithelia.cuticle.cp.other_1
nc_CCGGTAGGTATTCCTT-1	epithelia.cuticle.Osi16_2
nc_CCGGTAGGTCTACAAC-1	fat.body_10
nc_CCGGTAGGTGTCCAAT-1	neuroglioblast.ol_14
nc_CCGGTAGGTTAAAGTG-1	glia1_8
nc_CCGGTAGGTTCACGAT-1	muscle.rbm24_0
nc_CCGGTAGTCAAAGAAC-1	epithelia.cuticle.Osi16_2
nc_CCGGTAGTCCCAACTC-1	fat.body_10
nc_CCGGTAGTCTCATGCC-1	neuroglioblast.ol_14
nc_CCGGTGAAGCCAACCC-1	epithelia.cuticle.cp.soft_3
nc_CCGGTGACAATTCTCT-1	epithelia.cuticle.Osi18_6
nc_CCGGTGAGTATCACCA-1	muscle.rbm24_0
nc_CCGGTGAGTCTGTAAC-1	epithelia.cuticle.Osi14_12
nc_CCGGTGAGTGCGTGCT-1	epithelia.cuticle.Osi16_2
nc_CCGGTGATCACATACG-1	muscle.rbm24_0
nc_CCGGTGATCCTATGGA-1	muscle.rbm24_0
nc_CCGGTGATCCTGGGTG-1	neuron.chol.ciliated_20
nc_CCGGTGATCGATTGGT-1	epithelia.olfactory.support_9
nc_CCGGTGATCGCTTGCT-1	epithelia.cuticle.Osi17_4
nc_CCGTAGGAGACATCAA-1	muscle.rbm24_0
nc_CCGTAGGAGCGTTACT-1	muscle.rbm24_0
nc_CCGTAGGAGTTAGTGA-1	muscle.rbm24_0
nc_CCGTAGGCAGCACGAA-1	epithelia.cuticle.Osi16_2
nc_CCGTAGGGTAACAGTA-1	muscle.rbm24_0
nc_CCGTAGGGTGCAGTGA-1	epithelia.cuticle.cp.soft_3
nc_CCGTGAGAGAAGGTAG-1	epithelia.cuticle.cp.other_1
nc_CCGTGAGAGTAAGAGG-1	muscle.rbm24_0
nc_CCGTGAGCAACCCTCT-1	epithelia.cuticle.cp.rigid_7
nc_CCGTGAGGTAATGCTC-1	muscle.rbm24_0
nc_CCGTGAGGTACTTCCC-1	epithelia.cuticle.Osi14_12
nc_CCGTGAGTCCTACTGC-1	epithelia.cuticle.cp.rigid_7
nc_CCGTGAGTCTATACTC-1	muscle.rbm24_0
nc_CCGTTCACACAGTCGC-1	epithelia.cuticle.Osi17_4
nc_CCGTTCACAGACGGAT-1	neuroglioblast.castor_17
nc_CCGTTCACAGCTGAAG-1	epithelia.cuticle.Osi18_6
nc_CCGTTCAGTAAGATTG-1	muscle.rbm24_0
nc_CCGTTCAGTCATTGCA-1	trachea_15
nc_CCGTTCATCCCTATTA-1	neuroglioblast.ol_14
nc_CCTAACCAGGAAAGGT-1	muscle.rbm24_0
nc_CCTAACCAGGTTCATC-1	epithelia.olfactory.support_9
nc_CCTAACCAGTGAACAT-1	muscle.rbm24_0
nc_CCTAACCCACTAACGT-1	muscle.rbm24_0
nc_CCTAACCCAGTGGTGA-1	epithelia.cuticle.Osi16_2
nc_CCTAACCGTATGTCAC-1	trachea_15
nc_CCTAACCTCAGCATTG-1	epithelia.cuticle.Osi18_6
nc_CCTAACCTCATTGAGC-1	epithelia.cuticle.Osi16_2
nc_CCTAACCTCCCATAGA-1	epithelia.cuticle.cp.other_1
nc_CCTAACCTCCCTGTTG-1	muscle.rbm24_0
nc_CCTAAGAAGGGTTAAT-1	epithelia.cuticle.Osi16_2
nc_CCTAAGAAGTAACAGT-1	epithelia.cuticle.cp.other_1
nc_CCTAAGAAGTGGTTAA-1	muscle.rbm24_0
nc_CCTAAGACAAGCCTGC-1	muscle.rbm24_0
nc_CCTAAGACACAACATC-1	epithelia.cuticle.cp.soft_3
nc_CCTAAGAGTAACAAGT-1	epithelia.tendon_5
nc_CCTAAGAGTGAATATG-1	epithelia.cuticle.cp.other_1
nc_CCTAAGATCACTACTT-1	glia1_8
nc_CCTAAGATCAGAGTGG-1	hemocyte_16
nc_CCTAAGATCCTGATAG-1	epithelia.cuticle.cp.soft_3
nc_CCTAAGATCCTGGGTG-1	epithelia.cuticle.Osi17_4
nc_CCTAAGATCGACCCAG-1	epithelia.cuticle.cp.soft_3
nc_CCTAAGATCTAGGCAT-1	epithelia.tendon_5
nc_CCTAAGATCTCGCTCA-1	epithelia.cuticle.cp.other_1
nc_CCTACGTAGACTTCAC-1	muscle.rbm24_0
nc_CCTACGTAGCATATGA-1	fat.body_10
nc_CCTACGTAGCTCACTA-1	epithelia.tendon_5
nc_CCTACGTAGCTGAAAT-1	epithelia.cuticle.cp.other_1
nc_CCTACGTCACGTCGGT-1	epithelia.cuticle.Osi16_2
nc_CCTACGTGTGAAAGTT-1	epithelia.cuticle.Osi16_2
nc_CCTACGTGTTCGAGCC-1	epithelia.cuticle.Osi16_2
nc_CCTACGTGTTCTAACG-1	epithelia.cuticle.Osi16_2
nc_CCTACGTGTTGTTGAC-1	epithelia.cuticle.Osi16_2
nc_CCTACGTTCAATCTTC-1	epithelia.cuticle.Osi14_12
nc_CCTACGTTCATTCGTT-1	muscle.rbm24_0
nc_CCTACGTTCTCAACGA-1	epithelia.cuticle.Osi18_6
nc_CCTATCGAGAGAGTTT-1	muscle.rbm24_0
nc_CCTATCGAGCTGGAGT-1	glia1_8
nc_CCTATCGAGGCCATAG-1	trachea_15
nc_CCTATCGCAACAGCTT-1	epithelia.cuticle.Osi16_2
nc_CCTATCGCACGAGGAT-1	trachea_15
nc_CCTATCGCACTACCCT-1	hemocyte_16
nc_CCTATCGCATACACCA-1	epithelia.cuticle.Osi14_12
nc_CCTATCGCATTCGATG-1	neuron.chol.ciliated_20
nc_CCTATCGGTATAGGGC-1	epithelia.cuticle.Osi16_2
nc_CCTATCGGTTTGGAAA-1	epithelia.cuticle.Osi14_12
nc_CCTCAACAGGACAACC-1	epithelia.cuticle.Osi16_2
nc_CCTCAACAGGCAGCTA-1	muscle.rbm24_0
nc_CCTCAACCAAGGCCTC-1	muscle.rbm24_0
nc_CCTCAACCACCTCTAC-1	epithelia.cuticle.Osi16_2
nc_CCTCAACGTATTTCTC-1	epithelia.cuticle.cp.soft_3
nc_CCTCAACTCCCGATCT-1	epithelia.cuticle.cp.other_1
nc_CCTCAACTCCGCAAAT-1	epithelia.cuticle.cp.soft_3
nc_CCTCAACTCCGTGTGG-1	epithelia.cuticle.cp.rigid_7
nc_CCTCAACTCGTTCCCA-1	epithelia.cuticle.Osi16_2
nc_CCTCACAAGACAACAT-1	epithelia.cuticle.biosynthesis_13
nc_CCTCACAAGAGGGTAA-1	muscle.rbm24_0
nc_CCTCACAAGGGACTGT-1	epithelia.cuticle.cp.rigid_7
nc_CCTCACAAGTGGCCTC-1	muscle.rbm24_0
nc_CCTCACACACACCGAC-1	epithelia.cuticle.Osi18_6
nc_CCTCACACAGGTTTAC-1	epithelia.cuticle.cp.other_1
nc_CCTCACAGTTGCCTAA-1	hemocyte_16
nc_CCTCACATCTCTGACC-1	epithelia.cuticle.cp.other_1
nc_CCTCACATCTGGGCAC-1	muscle.rbm24_0
nc_CCTCAGTAGCGTGCTC-1	epithelia.cuticle.cp.other_1
nc_CCTCAGTAGCTCGAAG-1	epithelia.cuticle.Osi16_2
nc_CCTCAGTAGGTGGCTA-1	muscle.rbm24_0
nc_CCTCAGTAGTCTAGCT-1	epithelia.cuticle.cp.other_1
nc_CCTCAGTAGTCTCGTA-1	epithelia.cuticle.Osi17_4
nc_CCTCAGTCACCGGCTA-1	epithelia.cuticle.cp.soft_3
nc_CCTCAGTCACCTCTAC-1	muscle.rbm24_0
nc_CCTCAGTCACGTAGAG-1	epithelia.cuticle.Osi16_2
nc_CCTCAGTCATCTGTTT-1	epithelia.cuticle.Osi16_2
nc_CCTCAGTCATTAGGAA-1	trachea_15
nc_CCTCAGTGTGAGCGAT-1	epithelia.cuticle.Osi16_2
nc_CCTCAGTTCAGGTAAA-1	muscle.rbm24_0
nc_CCTCAGTTCATAGACC-1	neuroglioblast.castor_17
nc_CCTCAGTTCCGAACGC-1	epithelia.cuticle.Osi14_12
nc_CCTCATGAGATTTGCC-1	muscle.rbm24_0
nc_CCTCATGCAAGGTCGA-1	epithelia.cuticle.cp.other_1
nc_CCTCATGGTCGTATTG-1	muscle.rbm24_0
nc_CCTCATGTCCAACTAG-1	glia1_8
nc_CCTCATGTCCGCACGA-1	epithelia.cuticle.cp.other_1
nc_CCTCCAAGTCCAAATC-1	epithelia.cuticle.Osi17_4
nc_CCTCCAAGTTCGAAGG-1	epithelia.tendon_5
nc_CCTCCAATCACTGCTC-1	epithelia.cuticle.cp.other_1
nc_CCTCCAATCCGTGGGT-1	epithelia.tendon_5
nc_CCTCCAATCCGTTGAA-1	neuroglioblast.castor_17
nc_CCTCCAATCTGCATAG-1	epithelia.cuticle.cp.other_1
nc_CCTCCTCAGCAGGCTA-1	epithelia.cuticle.cp.other_1
nc_CCTCCTCCAGTTTCAG-1	muscle.rbm24_0
nc_CCTCCTCGTCCGGATC-1	neuron.chol.ciliated_20
nc_CCTCCTCTCATCGCTC-1	epithelia.cuticle.Osi16_2
nc_CCTCCTCTCCACGGGT-1	muscle.rbm24_0
nc_CCTCCTCTCCATTTCA-1	epithelia.cuticle.cp.other_1
nc_CCTCCTCTCGTAGTCA-1	muscle.rbm24_0
nc_CCTCTAGAGAAAGTCT-1	epithelia.tendon_5
nc_CCTCTAGAGAATCCCT-1	epithelia.cuticle.cp.other_1
nc_CCTCTAGAGACCCTTA-1	epithelia.olfactory.support_9
nc_CCTCTAGAGAGAGGTA-1	epithelia.cuticle.Osi16_2
nc_CCTCTAGAGAGAGTGA-1	epithelia.cuticle.biosynthesis_13
nc_CCTCTAGGTATCTCGA-1	epithelia.cuticle.cp.other_1
nc_CCTCTAGGTATTCCTT-1	epithelia.cuticle.cp.other_1
nc_CCTCTAGGTGTTCATG-1	neuron.cholinergic_11
nc_CCTCTAGGTTGCTAGT-1	muscle.rbm24_0
nc_CCTCTAGTCGCCGATG-1	epithelia.cuticle.cp.other_1
nc_CCTCTAGTCGGTCAGC-1	epithelia.cuticle.Osi16_2
nc_CCTCTCCAGCGGATCA-1	epithelia.cuticle.cp.other_1
nc_CCTCTCCAGGAGTCTG-1	epithelia.cuticle.Osi17_4
nc_CCTCTCCAGTCAACAA-1	fat.body_10
nc_CCTCTCCCAACGATCT-1	epithelia.olfactory.support_9
nc_CCTCTCCCAACGGGTA-1	epithelia.olfactory.support_9
nc_CCTCTCCCATTCTCTA-1	epithelia.cuticle.cp.other_1
nc_CCTCTCCGTCTAATCG-1	fat.body_10
nc_CCTCTCCGTGGCAGAT-1	epithelia.cuticle.biosynthesis_13
nc_CCTCTCCGTTAAACCC-1	epithelia.cuticle.Osi14_12
nc_CCTCTCCTCGGTAAGG-1	epithelia.cuticle.cp.other_1
nc_CCTCTCCTCTCGGCTT-1	muscle.rbm24_0
nc_CCTGCATAGAAGCGCT-1	muscle.rbm24_0
nc_CCTGCATAGGCGAACT-1	muscle.rbm24_0
nc_CCTGCATCAAAGACGC-1	epithelia.olfactory.support_9
nc_CCTGCATCACCCTTAC-1	muscle.rbm24_0
nc_CCTGCATCACGTACTA-1	epithelia.cuticle.Osi16_2
nc_CCTGCATCACTTCTCG-1	fat.body_10
nc_CCTGCATCAGCGCGTT-1	epithelia.cuticle.cp.soft_3
nc_CCTGCATCAGTCTACA-1	muscle.rbm24_0
nc_CCTGCATGTCTGCGCA-1	epithelia.cuticle.cp.other_1
nc_CCTGCATTCAACTTTC-1	epithelia.cuticle.Osi16_2
nc_CCTGCATTCAGAGTTC-1	hemocyte_16
nc_CCTGCATTCAGTCAGT-1	epithelia.olfactory.support_9
nc_CCTGCATTCCATACAG-1	muscle.rbm24_0
nc_CCTGCATTCGCTACGG-1	epithelia.cuticle.Osi17_4
nc_CCTGCATTCGGTCTGG-1	epithelia.cuticle.Osi16_2
nc_CCTGTTGAGAAGCGCT-1	muscle.rbm24_0
nc_CCTGTTGAGCTCCCTT-1	epithelia.cuticle.Osi16_2
nc_CCTGTTGAGCTTGTTG-1	epithelia.cuticle.Osi16_2
nc_CCTGTTGAGTTAGAAC-1	epithelia.cuticle.Osi17_4
nc_CCTGTTGGTCTTCTAT-1	epithelia.cuticle.cp.rigid_7
nc_CCTGTTGGTGCAATAA-1	epithelia.cuticle.Osi16_2
nc_CCTGTTGGTTATCTTC-1	epithelia.cuticle.Osi16_2
nc_CCTGTTGGTTTCCAAG-1	epithelia.olfactory.support_9
nc_CCTGTTGGTTTGTTGG-1	muscle.rbm24_0
nc_CCTGTTGTCCATTTGT-1	muscle.rbm24_0
nc_CCTGTTGTCCGTCCTA-1	epithelia.tendon_5
nc_CCTGTTGTCGCATAGT-1	epithelia.cuticle.cp.soft_3
nc_CCTTCAGAGCTCACTA-1	muscle.rbm24_0
nc_CCTTCAGAGGTATTGA-1	fat.body_10
nc_CCTTCAGCAATAGGAT-1	muscle.rbm24_0
nc_CCTTCAGCACCAAAGG-1	epithelia.cuticle.cp.other_1
nc_CCTTCAGCAGCTGTGC-1	epithelia.cuticle.Osi16_2
nc_CCTTCAGCAGCTGTTA-1	neuroglioblast.ol_14
nc_CCTTCAGCATGCGGTC-1	neuroglioblast.ol_14
nc_CCTTCAGGTCGCATGC-1	muscle.rbm24_0
nc_CCTTCAGTCATGAAAG-1	muscle.rbm24_0
nc_CCTTCAGTCCCTCTAG-1	fat.body_10
nc_CCTTCAGTCCGTGTAA-1	glia1_8
nc_CCTTCAGTCGATTTCT-1	epithelia.cuticle.Osi16_2
nc_CCTTCAGTCGGCTATA-1	epithelia.olfactory.support_9
nc_CCTTCAGTCTTACGGA-1	trachea_15
nc_CCTTGTGAGAACCCGA-1	epithelia.cuticle.Osi16_2
nc_CCTTGTGAGCAAGTGC-1	fat.body_10
nc_CCTTGTGAGGTAGATT-1	epithelia.olfactory.support_9
nc_CCTTGTGCACTTCAAG-1	epithelia.cuticle.cp.other_1
nc_CCTTGTGCACTTGAGT-1	muscle.rbm24_0
nc_CCTTGTGCAGTCGGTC-1	epithelia.cuticle.cp.soft_3
nc_CCTTGTGGTACCACGC-1	epithelia.cuticle.cp.other_1
nc_CCTTGTGGTAGGCAAC-1	epithelia.olfactory.support_9
nc_CCTTGTGGTAGTTAGA-1	fat.body_10
nc_CCTTGTGGTCGAGCAA-1	epithelia.olfactory.support_9
nc_CCTTGTGGTTGAGGAC-1	epithelia.cuticle.Osi16_2
nc_CCTTGTGGTTGCTCGG-1	fat.body_10
nc_CCTTGTGTCCCTATTA-1	epithelia.cuticle.biosynthesis_13
nc_CCTTTGGAGAGTACCG-1	epithelia.cuticle.cp.other_1
nc_CCTTTGGAGTAGCTCT-1	epithelia.cuticle.cp.soft_3
nc_CCTTTGGAGTGCTAGG-1	epithelia.cuticle.Osi18_6
nc_CCTTTGGCAACCACAT-1	muscle.rbm24_0
nc_CCTTTGGCACGAGGAT-1	muscle.rbm24_0
nc_CCTTTGGCACTTTAGG-1	epithelia.tendon_5
nc_CCTTTGGCATACCATG-1	epithelia.cuticle.Osi16_2
nc_CCTTTGGCATGCGGTC-1	epithelia.cuticle.cp.other_1
nc_CCTTTGGGTGTCCATA-1	epithelia.tendon_5
nc_CCTTTGGTCAGATGCT-1	epithelia.cuticle.Osi16_2
nc_CCTTTGGTCCGTATGA-1	muscle.rbm24_0
nc_CCTTTGGTCGACCTAA-1	epithelia.cuticle.cp.other_1
nc_CCTTTGGTCGACGATT-1	muscle.rbm24_0
nc_CGAAGGAAGAATCCCT-1	muscle.rbm24_0
nc_CGAAGGAAGACCAGAC-1	epithelia.cuticle.cp.other_1
nc_CGAAGGAAGCAGCCTC-1	muscle.rbm24_0
nc_CGAAGGAAGCGTTCAT-1	muscle.rbm24_0
nc_CGAAGGAAGGACGGAG-1	muscle.rbm24_0
nc_CGAAGGAAGGAGACCT-1	muscle.rbm24_0
nc_CGAAGGAAGTTCTACG-1	epithelia.cuticle.cp.soft_3
nc_CGAAGGACAGACACAG-1	neuron.chol.ciliated_20
nc_CGAAGGACAGCCTTCT-1	epithelia.cuticle.Osi16_2
nc_CGAAGGACAGGACATG-1	epithelia.cuticle.cp.other_1
nc_CGAAGGACATCCCGTT-1	epithelia.tendon_5
nc_CGAAGGACATTGCCTC-1	epithelia.tendon_5
nc_CGAAGGAGTCGGTACC-1	epithelia.cuticle.cp.other_1
nc_CGAAGGAGTTGCCATA-1	epithelia.cuticle.Osi16_2
nc_CGAAGGATCCGGCAGT-1	muscle.rbm24_0
nc_CGAAGTTAGACATAAC-1	epithelia.cuticle.cp.other_1
nc_CGAAGTTAGACGGAAA-1	epithelia.cuticle.cp.other_1
nc_CGAAGTTAGCCATCCG-1	epithelia.cuticle.Osi14_12
nc_CGAAGTTAGGCTGTAG-1	epithelia.cuticle.cp.other_1
nc_CGAAGTTCACGCTTAA-1	epithelia.cuticle.cp.other_1
nc_CGAAGTTCAGTGGCTC-1	muscle.rbm24_0
nc_CGAAGTTCATAGAGGC-1	neuroglioblast.castor_17
nc_CGAAGTTGTACGACTT-1	epithelia.cuticle.Osi17_4
nc_CGAAGTTGTAGGAGTC-1	muscle.rbm24_0
nc_CGAAGTTTCCGGACGT-1	muscle.rbm24_0
nc_CGAAGTTTCGAGAACG-1	muscle.rbm24_0
nc_CGAAGTTTCTCCAAGA-1	epithelia.cuticle.cp.other_1
nc_CGAATTGAGAATCGAT-1	epithelia.cuticle.cp.other_1
nc_CGAATTGAGCAAGCCA-1	neuroglioblast.ol_14
nc_CGAATTGAGCGTTACT-1	muscle.rbm24_0
nc_CGAATTGAGCTTCATG-1	epithelia.cuticle.cp.soft_3
nc_CGAATTGAGGGCAACT-1	neuroglioblast.castor_17
nc_CGAATTGCAGAGTTCT-1	neuroglioblast.ol_14
nc_CGAATTGCATCCTCAC-1	muscle.rbm24_0
nc_CGAATTGGTACCCGCA-1	epithelia.cuticle.cp.other_1
nc_CGAATTGGTGTCTTCC-1	epithelia.tendon_5
nc_CGAATTGGTTGCTCGG-1	epithelia.cuticle.Osi16_2
nc_CGAATTGTCCCTCAAC-1	epithelia.cuticle.Osi14_12
nc_CGAATTGTCCTGGTCT-1	epithelia.cuticle.cp.rigid_7
nc_CGAATTGTCTCGAGTA-1	epithelia.olfactory.support_9
nc_CGAATTGTCTGCCTCA-1	muscle.rbm24_0
nc_CGACAGCAGGCGACAT-1	epithelia.cuticle.cp.other_1
nc_CGACAGCAGTGTTGAA-1	epithelia.cuticle.Osi16_2
nc_CGACAGCCACCTGCAG-1	epithelia.cuticle.Osi16_2
nc_CGACAGCCACCTGTCT-1	muscle.tup_19
nc_CGACAGCCATCAGCGC-1	epithelia.cuticle.Osi16_2
nc_CGACAGCGTAAGCAAT-1	muscle.rbm24_0
nc_CGACAGCGTCCCTGTT-1	muscle.rbm24_0
nc_CGACAGCGTCGCACGT-1	trachea_15
nc_CGACAGCGTCTGCAAT-1	glia1_8
nc_CGACAGCTCGCGTGCA-1	epithelia.cuticle.Osi17_4
nc_CGACAGCTCGCTACGG-1	epithelia.cuticle.cp.soft_3
nc_CGACAGCTCGGCTGTG-1	epithelia.olfactory.support_9
nc_CGACAGCTCTGATTCT-1	epithelia.tendon_5
nc_CGAGAAGAGAGGCGTT-1	epithelia.tendon_5
nc_CGAGAAGAGCAATAAC-1	neuron.cholinergic_11
nc_CGAGAAGAGCACGATG-1	muscle.rbm24_0
nc_CGAGAAGCACGCAGTC-1	epithelia.cuticle.cp.soft_3
nc_CGAGAAGGTACGGGAT-1	epithelia.cuticle.cp.soft_3
nc_CGAGAAGGTGCTGATT-1	epithelia.cuticle.Osi16_2
nc_CGAGAAGTCGATACAC-1	epithelia.cuticle.cp.soft_3
nc_CGAGGAAAGATGTTCC-1	epithelia.cuticle.Osi17_4
nc_CGAGGAAAGCACTGGA-1	epithelia.cuticle.Osi18_6
nc_CGAGGAAAGGGCCCTT-1	muscle.tup_19
nc_CGAGGAAAGTCCCGAC-1	epithelia.cuticle.cp.other_1
nc_CGAGGAACAATCCTAG-1	muscle.rbm24_0
nc_CGAGGAACACCAACAT-1	epithelia.cuticle.Osi16_2
nc_CGAGGAACACTACTTT-1	epithelia.cuticle.Osi17_4
nc_CGAGGAACAGGAGACT-1	epithelia.cuticle.cp.other_1
nc_CGAGGAAGTAGCTGTT-1	neuroglioblast.ol_14
nc_CGAGGAAGTCTTCTAT-1	epithelia.cuticle.Osi16_2
nc_CGAGGAATCTTGGTGA-1	epithelia.cuticle.cp.other_1
nc_CGAGGCTAGGCTATCT-1	epithelia.cuticle.cp.soft_3
nc_CGAGGCTCAACTCGTA-1	epithelia.cuticle.cp.soft_3
nc_CGAGGCTCAACTTGGT-1	muscle.rbm24_0
nc_CGAGGCTCACTACGGC-1	epithelia.cuticle.cp.other_1
nc_CGAGGCTCACTGCTTC-1	epithelia.cuticle.Osi16_2
nc_CGAGGCTCACTTGGCG-1	epithelia.tendon_5
nc_CGAGGCTCAGAGAATT-1	trachea_15
nc_CGAGGCTGTTAGGGTG-1	muscle.rbm24_0
nc_CGAGGCTTCACCTTAT-1	epithelia.tendon_5
nc_CGAGGCTTCATCACCC-1	epithelia.tendon_5
nc_CGAGGCTTCGATACTG-1	epithelia.cuticle.Osi18_6
nc_CGAGTGCAGAATTCAG-1	epithelia.cuticle.Osi16_2
nc_CGAGTGCAGCTAGATA-1	epithelia.tendon_5
nc_CGAGTGCAGGACGCTA-1	epithelia.cuticle.Osi16_2
nc_CGAGTGCAGGCTGGAT-1	glia1_8
nc_CGAGTGCAGGTGATCG-1	epithelia.cuticle.cp.soft_3
nc_CGAGTGCAGTCTACCA-1	muscle.rbm24_0
nc_CGAGTGCGTAACACGG-1	muscle.rbm24_0
nc_CGAGTGCGTACCGCGT-1	epithelia.olfactory.support_9
nc_CGAGTTAAGCTCCCTT-1	fat.body_10
nc_CGAGTTAAGGGCATGT-1	epithelia.cuticle.Osi16_2
nc_CGAGTTAAGTACTGGG-1	muscle.rbm24_0
nc_CGAGTTAAGTTCCATG-1	muscle.rbm24_0
nc_CGAGTTACAACAGTGG-1	epithelia.olfactory.support_9
nc_CGAGTTACAACATCGT-1	muscle.rbm24_0
nc_CGAGTTACAAGACTGG-1	muscle.rbm24_0
nc_CGAGTTACACATTCGA-1	epithelia.cuticle.cp.other_1
nc_CGAGTTACACGCGGTT-1	epithelia.cuticle.cp.soft_3
nc_CGAGTTACATACAGAA-1	epithelia.cuticle.cp.other_1
nc_CGAGTTAGTCCGGTCA-1	epithelia.cuticle.Osi17_4
nc_CGAGTTATCAAGTCGT-1	epithelia.olfactory.support_9
nc_CGAGTTATCACCATAG-1	epithelia.cuticle.Osi14_12
nc_CGAGTTATCACTCACC-1	epithelia.cuticle.cp.soft_3
nc_CGAGTTATCAGCGTCG-1	epithelia.cuticle.Osi17_4
nc_CGAGTTATCGTTGTGA-1	trachea_15
nc_CGATCGGAGACCTCCG-1	epithelia.tendon_5
nc_CGATCGGAGGAGTATT-1	muscle.rbm24_0
nc_CGATCGGAGGTGTGAC-1	neuroglioblast.ol_14
nc_CGATCGGAGTCAGCGA-1	epithelia.cuticle.Osi18_6
nc_CGATCGGCACCCTCTA-1	epithelia.cuticle.Osi16_2
nc_CGATCGGCACCTTCCA-1	epithelia.olfactory.support_9
nc_CGATCGGCACGACGTC-1	epithelia.olfactory.support_9
nc_CGATCGGGTCATATGC-1	epithelia.cuticle.cp.rigid_7
nc_CGATCGGGTCCTTAAG-1	epithelia.tendon_5
nc_CGATCGGGTGAGTAGC-1	muscle.rbm24_0
nc_CGATGCGAGAGGGTCT-1	epithelia.cuticle.Osi14_12
nc_CGATGCGAGTATGGAT-1	epithelia.cuticle.Osi17_4
nc_CGATGCGCACCTTCGT-1	epithelia.cuticle.Osi18_6
nc_CGATGCGGTCTTTCTA-1	muscle.rbm24_0
nc_CGATGCGTCATATGGC-1	epithelia.cuticle.Osi16_2
nc_CGATGCGTCTGCGGCA-1	epithelia.cuticle.Osi18_6
nc_CGATGGCAGGCACCAA-1	epithelia.cuticle.Osi18_6
nc_CGATGGCAGTGCTACT-1	muscle.rbm24_0
nc_CGATGGCCAAGCAGGT-1	muscle.rbm24_0
nc_CGATGGCCAAGTCCCG-1	epithelia.cuticle.Osi17_4
nc_CGATGGCCAGACTGCC-1	epithelia.cuticle.Osi16_2
nc_CGATGGCCAGAGTGAC-1	fat.body_10
nc_CGATGGCCATGGGCAA-1	muscle.rbm24_0
nc_CGATGGCGTGTTCATG-1	epithelia.cuticle.Osi16_2
nc_CGATGGCGTTTCGTGA-1	epithelia.cuticle.cp.other_1
nc_CGATGGCTCCGCTTAC-1	muscle.rbm24_0
nc_CGATGGCTCGATACTG-1	epithelia.cuticle.Osi16_2
nc_CGCAGGTAGAACTGAT-1	epithelia.cuticle.cp.soft_3
nc_CGCAGGTAGAGAGAAC-1	epithelia.cuticle.biosynthesis_13
nc_CGCAGGTAGCACGTCC-1	muscle.rbm24_0
nc_CGCAGGTAGCCATGCC-1	neuron.cholinergic_11
nc_CGCAGGTAGCTTGTTG-1	epithelia.cuticle.Osi16_2
nc_CGCAGGTAGTATAACG-1	trachea_15
nc_CGCAGGTCAAGGCTTT-1	epithelia.cuticle.Osi17_4
nc_CGCAGGTCACAAAGCG-1	epithelia.cuticle.cp.soft_3
nc_CGCAGGTCACTCATAG-1	epithelia.cuticle.cp.other_1
nc_CGCAGGTCAGAGCTAG-1	muscle.rbm24_0
nc_CGCAGGTCAGGTGACA-1	neuron.cholinergic_11
nc_CGCAGGTCATTGGGAG-1	epithelia.cuticle.Osi16_2
nc_CGCAGGTGTCAGTCTA-1	glia2_18
nc_CGCAGGTTCACCTCGT-1	muscle.rbm24_0
nc_CGCAGGTTCCATACTT-1	epithelia.cuticle.cp.soft_3
nc_CGCAGGTTCCTCTTTC-1	muscle.rbm24_0
nc_CGCAGGTTCGGAACTT-1	epithelia.cuticle.cp.other_1
nc_CGCAGGTTCGTCACCT-1	epithelia.tendon_5
nc_CGCAGGTTCTATGCCC-1	epithelia.olfactory.support_9
nc_CGCATAAAGGCGAACT-1	epithelia.cuticle.Osi17_4
nc_CGCATAACAAAGACTA-1	muscle.rbm24_0
nc_CGCATAACAAATCCCA-1	epithelia.cuticle.cp.other_1
nc_CGCATAACACGTACAT-1	epithelia.cuticle.Osi16_2
nc_CGCATAACATGTGACT-1	muscle.rbm24_0
nc_CGCATAAGTCAGACTT-1	muscle.rbm24_0
nc_CGCATAAGTGTGCTTA-1	hemocyte_16
nc_CGCATAAGTTGCATGT-1	epithelia.tendon_5
nc_CGCATAAGTTGCTGAT-1	muscle.rbm24_0
nc_CGCATAATCCCTCGTA-1	epithelia.cuticle.Osi17_4
nc_CGCATAATCCCTCTCC-1	epithelia.tendon_5
nc_CGCATAATCGTACCTC-1	muscle.rbm24_0
nc_CGCATAATCTTGGTCC-1	epithelia.cuticle.cp.rigid_7
nc_CGCATGGAGCATTTCG-1	epithelia.tendon_5
nc_CGCATGGAGGTCACAG-1	epithelia.cuticle.biosynthesis_13
nc_CGCATGGCACAAGCTT-1	epithelia.cuticle.cp.other_1
nc_CGCATGGCAGACCATT-1	epithelia.cuticle.Osi18_6
nc_CGCATGGCATGACGGA-1	neuron.cholinergic_11
nc_CGCATGGGTCTGTCCT-1	fat.body_10
nc_CGCATGGTCAACTCTT-1	trachea_15
nc_CGCATGGTCCAGTACA-1	epithelia.cuticle.cp.other_1
nc_CGCATGGTCCTTATGT-1	muscle.rbm24_0
nc_CGCCAGAAGGCACTCC-1	epithelia.cuticle.cp.other_1
nc_CGCCAGAAGGGAGGGT-1	epithelia.cuticle.cp.soft_3
nc_CGCCAGACAGAGGACT-1	epithelia.cuticle.Osi16_2
nc_CGCCAGACAGTTGTTG-1	epithelia.cuticle.Osi17_4
nc_CGCCAGAGTACAAACA-1	epithelia.cuticle.Osi16_2
nc_CGCCAGAGTAGAGCTG-1	muscle.rbm24_0
nc_CGCCAGAGTCCGACGT-1	neuroglioblast.ol_14
nc_CGCCAGAGTGACTAAA-1	epithelia.tendon_5
nc_CGCCAGAGTGATACCT-1	muscle.rbm24_0
nc_CGCCAGATCACTACTT-1	epithelia.cuticle.Osi16_2
nc_CGCCAGATCTGTGCTC-1	epithelia.cuticle.Osi16_2
nc_CGCCATTAGCCTCTCT-1	epithelia.cuticle.cp.rigid_7
nc_CGCCATTAGCGAAACC-1	muscle.rbm24_0
nc_CGCCATTAGTGGCGAT-1	fat.body_10
nc_CGCCATTCAAGATCCT-1	epithelia.cuticle.Osi17_4
nc_CGCCATTCACAGAGCA-1	muscle.rbm24_0
nc_CGCCATTCACTCTCGT-1	epithelia.cuticle.Osi17_4
nc_CGCCATTCACTGGCCA-1	epithelia.cuticle.cp.soft_3
nc_CGCCATTGTAACACCT-1	epithelia.tendon_5
nc_CGCCATTGTCTAACTG-1	muscle.rbm24_0
nc_CGCCATTGTGCAAGAC-1	trachea_15
nc_CGCCATTTCTCAGTCC-1	epithelia.cuticle.cp.soft_3
nc_CGCGTGAAGGTTACAA-1	trachea_15
nc_CGCGTGACACTTGTGA-1	epithelia.cuticle.Osi16_2
nc_CGCGTGACATTGAGGG-1	epithelia.cuticle.cp.soft_3
nc_CGCGTGAGTGTAAACA-1	epithelia.olfactory.support_9
nc_CGCGTGAGTGTTGCCG-1	epithelia.cuticle.cp.soft_3
nc_CGCGTGAGTTTCTATC-1	epithelia.cuticle.cp.other_1
nc_CGCGTGATCAGGGATG-1	epithelia.cuticle.Osi17_4
nc_CGCGTGATCCGGTAAT-1	epithelia.cuticle.Osi18_6
nc_CGCGTGATCTCAACGA-1	neuroglioblast.ol_14
nc_CGGAACCAGTAACGAT-1	epithelia.cuticle.cp.soft_3
nc_CGGAACCAGTCAATCC-1	glia1_8
nc_CGGAACCCACCAAATC-1	muscle.rbm24_0
nc_CGGAACCCACGGGCTT-1	muscle.rbm24_0
nc_CGGAACCCAGAAATCA-1	epithelia.cuticle.Osi16_2
nc_CGGAACCCATGAAAGT-1	muscle.rbm24_0
nc_CGGAACCGTTGTTGCA-1	epithelia.cuticle.Osi17_4
nc_CGGAACCTCCACGGGT-1	epithelia.cuticle.biosynthesis_13
nc_CGGAACCTCGTTCGCT-1	epithelia.cuticle.cp.other_1
nc_CGGAATTAGCCATGCC-1	muscle.rbm24_0
nc_CGGAATTAGCGCCATC-1	hemocyte_16
nc_CGGAATTAGTTGTCGT-1	muscle.rbm24_0
nc_CGGAATTCAACGACTT-1	muscle.rbm24_0
nc_CGGAATTCAGACAAGC-1	glia1_8
nc_CGGAATTCAGCGTACC-1	epithelia.cuticle.cp.other_1
nc_CGGAATTCAGTTCCAA-1	epithelia.cuticle.cp.other_1
nc_CGGAATTCATGCAGGA-1	epithelia.cuticle.Osi16_2
nc_CGGAATTCATGCGTGC-1	hemocyte_16
nc_CGGAATTGTCAACACT-1	muscle.rbm24_0
nc_CGGAATTGTGGTCCGT-1	glia2_18
nc_CGGAATTTCACATTGG-1	epithelia.tendon_5
nc_CGGAATTTCCCATACC-1	epithelia.cuticle.Osi16_2
nc_CGGAATTTCTGCGATA-1	muscle.rbm24_0
nc_CGGACACAGCCAGTAG-1	muscle.rbm24_0
nc_CGGACACAGCGAACTG-1	epithelia.cuticle.cp.soft_3
nc_CGGACACAGGCCTAGA-1	trachea_15
nc_CGGACACAGGGCCAAT-1	epithelia.cuticle.cp.other_1
nc_CGGACACAGTCACGAG-1	epithelia.cuticle.cp.soft_3
nc_CGGACACCAACAAAGT-1	epithelia.cuticle.cp.other_1
nc_CGGACACCAACGTAAA-1	epithelia.cuticle.cp.rigid_7
nc_CGGACACCAAGAGCTG-1	epithelia.cuticle.Osi14_12
nc_CGGACACCAGAGAGGG-1	muscle.rbm24_0
nc_CGGACACGTCCGTTTC-1	epithelia.cuticle.cp.other_1
nc_CGGACACTCGAGAATA-1	epithelia.cuticle.Osi16_2
nc_CGGACACTCGGATAAA-1	epithelia.olfactory.support_9
nc_CGGAGAAAGATTGTGA-1	epithelia.cuticle.Osi16_2
nc_CGGAGAAAGGTGCGAT-1	muscle.rbm24_0
nc_CGGAGAACAAGCCTGC-1	epithelia.cuticle.cp.rigid_7
nc_CGGAGAACATGAAGGC-1	neuroglioblast.ol_14
nc_CGGAGAACATTGGGAG-1	muscle.tup_19
nc_CGGAGAAGTAAGATCA-1	epithelia.cuticle.cp.soft_3
nc_CGGAGAAGTCGGCACT-1	epithelia.cuticle.Osi16_2
nc_CGGAGAAGTCGTCGGT-1	epithelia.cuticle.cp.soft_3
nc_CGGAGAAGTCTAATCG-1	epithelia.olfactory.support_9
nc_CGGAGAAGTCTTGTCC-1	epithelia.olfactory.support_9
nc_CGGAGAATCCAGCCTT-1	neuron.cholinergic_11
nc_CGGAGAATCGATGGAG-1	epithelia.cuticle.cp.soft_3
nc_CGGCAGTAGCAGCAGT-1	epithelia.olfactory.support_9
nc_CGGCAGTAGGAGGCAG-1	epithelia.cuticle.cp.soft_3
nc_CGGCAGTAGTGTGTTC-1	epithelia.olfactory.support_9
nc_CGGCAGTAGTTCCGGC-1	epithelia.cuticle.cp.rigid_7
nc_CGGCAGTCAACTAGAA-1	epithelia.cuticle.Osi17_4
nc_CGGCAGTCAATGAACA-1	gland.corpora-allata_22
nc_CGGCAGTCATGGGCAA-1	epithelia.cuticle.Osi14_12
nc_CGGCAGTGTGAGCAGT-1	epithelia.tendon_5
nc_CGGCAGTGTGCTGATT-1	muscle.rbm24_0
nc_CGGGACTAGCAGGTCA-1	epithelia.cuticle.Osi16_2
nc_CGGGACTAGGTCCAGA-1	epithelia.cuticle.cp.other_1
nc_CGGGACTCAAAGCAAT-1	epithelia.cuticle.cp.other_1
nc_CGGGACTCACTGCATA-1	muscle.rbm24_0
nc_CGGGACTCAGCGGATA-1	epithelia.cuticle.Osi16_2
nc_CGGGACTCATACAGCT-1	glia1_8
nc_CGGGACTGTCAATCTG-1	epithelia.cuticle.cp.other_1
nc_CGGGACTGTTACCTGA-1	epithelia.cuticle.cp.other_1
nc_CGGGACTGTTTGTTCT-1	epithelia.tendon_5
nc_CGGGACTTCATGCAGT-1	epithelia.cuticle.Osi16_2
nc_CGGGACTTCCCGAAAT-1	epithelia.cuticle.Osi17_4
nc_CGGGACTTCCGATAGT-1	muscle.rbm24_0
nc_CGGGCATAGCACTCGC-1	epithelia.cuticle.cp.other_1
nc_CGGGCATAGCCGCACT-1	epithelia.cuticle.cp.soft_3
nc_CGGGCATCAATGAGCG-1	epithelia.cuticle.cp.rigid_7
nc_CGGGCATCACACAGAG-1	muscle.rbm24_0
nc_CGGGCATCAGCTGGTC-1	epithelia.cuticle.Osi16_2
nc_CGGGCATCAGTGTATC-1	epithelia.cuticle.cp.other_1
nc_CGGGCATCATAATCGC-1	epithelia.cuticle.Osi16_2
nc_CGGGCATCATAATGCC-1	epithelia.olfactory.support_9
nc_CGGGCATGTAACCAGG-1	glia1_8
nc_CGGGCATGTAGTTAGA-1	muscle.rbm24_0
nc_CGGGCATGTTTACCAG-1	neuron.chol.ciliated_20
nc_CGGGCATTCGATCCAA-1	epithelia.cuticle.Osi17_4
nc_CGGGCATTCTTGAACG-1	muscle.rbm24_0
nc_CGGGTCAAGACAACTA-1	muscle.rbm24_0
nc_CGGGTCAAGACGGTCA-1	neuron.cholinergic_11
nc_CGGGTCACACTGCGAC-1	muscle.rbm24_0
nc_CGGGTCACAGTCTTCC-1	epithelia.cuticle.cp.other_1
nc_CGGGTCAGTACTCAAC-1	epithelia.cuticle.cp.soft_3
nc_CGGGTCAGTATCGTGT-1	muscle.rbm24_0
nc_CGGGTCAGTCGGCACT-1	epithelia.cuticle.Osi16_2
nc_CGGGTCAGTCTCAGGC-1	epithelia.cuticle.cp.other_1
nc_CGGGTCATCACCTTAT-1	muscle.rbm24_0
nc_CGGGTCATCCAACTGA-1	neuroglioblast.castor_17
nc_CGGGTGTAGATGAATC-1	epithelia.cuticle.biosynthesis_13
nc_CGGGTGTCAAAGCAAT-1	epithelia.olfactory.support_9
nc_CGGGTGTCAACGTTAC-1	epithelia.cuticle.biosynthesis_13
nc_CGGGTGTCAGAACTCT-1	epithelia.cuticle.Osi17_4
nc_CGGGTGTCAGCTGTTA-1	epithelia.cuticle.cp.soft_3
nc_CGGGTGTGTACCTTCC-1	epithelia.tendon_5
nc_CGGGTGTTCGTTGTTT-1	glia1_8
nc_CGGTCAGAGCTATCCA-1	epithelia.cuticle.Osi16_2
nc_CGGTCAGCACTGGCGT-1	muscle.rbm24_0
nc_CGGTCAGGTGCCGTTG-1	epithelia.cuticle.Osi17_4
nc_CGGTCAGGTTCCATTT-1	muscle.rbm24_0
nc_CGGTCAGTCAGCCTCT-1	epithelia.cuticle.cp.soft_3
nc_CGGTCAGTCCGTAGGC-1	epithelia.cuticle.Osi16_2
nc_CGTAAGTAGACGTCGA-1	epithelia.cuticle.Osi18_6
nc_CGTAAGTAGAGGGTGG-1	epithelia.cuticle.cp.soft_3
nc_CGTAAGTCAATCCAGT-1	muscle.rbm24_0
nc_CGTAAGTCAGACTCTA-1	epithelia.cuticle.cp.soft_3
nc_CGTAAGTCAGGCCTGT-1	epithelia.cuticle.Osi16_2
nc_CGTAAGTCATTGTCGA-1	epithelia.cuticle.Osi16_2
nc_CGTAAGTGTACCTATG-1	neuroglioblast.ol_14
nc_CGTAAGTTCAGGAAAT-1	muscle.rbm24_0
nc_CGTAAGTTCCAACTAG-1	epithelia.cuticle.Osi16_2
nc_CGTAATGAGACATCCT-1	epithelia.cuticle.Osi18_6
nc_CGTAATGAGCATCAGG-1	epithelia.tendon_5
nc_CGTAATGAGCCTTCTC-1	epithelia.cuticle.Osi17_4
nc_CGTAATGCACCCATAA-1	muscle.rbm24_0
nc_CGTAATGCACGACGAA-1	epithelia.cuticle.Osi16_2
nc_CGTAATGCAGCTATTG-1	muscle.rbm24_0
nc_CGTAATGCAGGATGAC-1	muscle.rbm24_0
nc_CGTAATGGTCCAGGTC-1	epithelia.cuticle.Osi16_2
nc_CGTAATGGTCTAACTG-1	muscle.rbm24_0
nc_CGTAATGGTGACCGTC-1	epithelia.cuticle.cp.other_1
nc_CGTAATGGTGCATTAC-1	epithelia.tendon_5
nc_CGTAATGTCCAAGCCG-1	muscle.rbm24_0
nc_CGTAATGTCCCGATCT-1	fat.body_10
nc_CGTAATGTCGAGCACC-1	epithelia.cuticle.cp.rigid_7
nc_CGTAATGTCGTCAACA-1	muscle.rbm24_0
nc_CGTAATGTCTGAACGT-1	epithelia.cuticle.biosynthesis_13
nc_CGTAGTAAGCAGTACG-1	neuron.cholinergic_11
nc_CGTAGTAAGGCGAACT-1	glia1_8
nc_CGTAGTAAGTGGCCTC-1	epithelia.olfactory.support_9
nc_CGTAGTACAAGCGCAA-1	epithelia.tendon_5
nc_CGTAGTACAATGCTCA-1	epithelia.cuticle.cp.other_1
nc_CGTAGTACACCCTTGT-1	epithelia.cuticle.cp.rigid_7
nc_CGTAGTACAGTCGAGA-1	epithelia.cuticle.cp.soft_3
nc_CGTAGTACATGTTACG-1	epithelia.cuticle.cp.other_1
nc_CGTAGTAGTGGATACG-1	epithelia.cuticle.Osi17_4
nc_CGTAGTATCTCTGCCA-1	fat.body_10
nc_CGTCAAAAGACTCATC-1	epithelia.cuticle.Osi14_12
nc_CGTCAAAAGCAACAGC-1	epithelia.cuticle.cp.soft_3
nc_CGTCAAAAGGTGATAT-1	trachea_15
nc_CGTCAAACAACCAACT-1	neuron.cholinergic_11
nc_CGTCAAAGTATGTGTC-1	epithelia.tendon_5
nc_CGTCAAAGTCACATTG-1	muscle.rbm24_0
nc_CGTCAAATCAGAATAG-1	trachea_15
nc_CGTCCATAGAAACCCG-1	epithelia.cuticle.cp.other_1
nc_CGTCCATAGAGTACCG-1	muscle.rbm24_0
nc_CGTCCATAGGCGACAT-1	epithelia.cuticle.cp.other_1
nc_CGTCCATAGTAGACCG-1	epithelia.cuticle.cp.other_1
nc_CGTCCATAGTCGAAGC-1	muscle.rbm24_0
nc_CGTCCATCAAGGCTTT-1	epithelia.cuticle.Osi16_2
nc_CGTCCATCACCCTATC-1	epithelia.olfactory.support_9
nc_CGTCCATCAGCTTCGG-1	muscle.rbm24_0
nc_CGTCCATGTAAGGCTG-1	muscle.rbm24_0
nc_CGTCCATGTCACTACA-1	epithelia.cuticle.Osi17_4
nc_CGTCCATGTCCGGTGT-1	epithelia.cuticle.cp.other_1
nc_CGTCCATGTGGGTTGA-1	epithelia.olfactory.support_9
nc_CGTCCATTCAAACGTC-1	epithelia.cuticle.Osi16_2
nc_CGTGAATAGCAGATAT-1	epithelia.cuticle.cp.soft_3
nc_CGTGAATAGGCATCAG-1	epithelia.cuticle.Osi16_2
nc_CGTGAATAGGCCACCT-1	epithelia.cuticle.Osi16_2
nc_CGTGAATAGTAATCCC-1	epithelia.cuticle.cp.soft_3
nc_CGTGAATAGTAGGGTC-1	epithelia.tendon_5
nc_CGTGAATAGTGTTCCA-1	gland.corpora-allata_22
nc_CGTGAATCAGGAATAT-1	epithelia.cuticle.biosynthesis_13
nc_CGTGAATCATCGCCTT-1	epithelia.cuticle.Osi17_4
nc_CGTGAATGTGACAGGT-1	epithelia.cuticle.cp.other_1
nc_CGTGAATGTGTTTACG-1	fat.body_10
nc_CGTGAATGTTCTCGTC-1	epithelia.cuticle.cp.soft_3
nc_CGTGAATTCCATGCAA-1	fat.body_10
nc_CGTGAATTCGATTGGT-1	epithelia.cuticle.Osi16_2
nc_CGTGAATTCTGCAGCG-1	fat.body_10
nc_CGTGATAAGAAGTGTT-1	epithelia.cuticle.Osi16_2
nc_CGTGATAAGACTGAGC-1	epithelia.olfactory.support_9
nc_CGTGATAAGCCGCTTG-1	epithelia.olfactory.support_9
nc_CGTGATAAGTGTTGAA-1	epithelia.cuticle.Osi17_4
nc_CGTGATAGTACGATGG-1	epithelia.cuticle.cp.rigid_7
nc_CGTGATAGTGCCTAAT-1	epithelia.cuticle.cp.other_1
nc_CGTGATAGTGTATCCA-1	epithelia.cuticle.Osi17_4
nc_CGTGATATCACCGGGT-1	epithelia.cuticle.Osi16_2
nc_CGTGATATCGCTCCTA-1	epithelia.cuticle.cp.soft_3
nc_CGTGATATCTACGCGG-1	epithelia.cuticle.cp.other_1
nc_CGTGATATCTCTGGTC-1	epithelia.cuticle.Osi14_12
nc_CGTGCTTAGCCAAGCA-1	muscle.rbm24_0
nc_CGTGCTTCAAAGTATG-1	epithelia.cuticle.cp.rigid_7
nc_CGTGCTTCAATTGCTG-1	muscle.rbm24_0
nc_CGTGCTTCAGCACCCA-1	muscle.rbm24_0
nc_CGTGCTTCAGTGGTGA-1	epithelia.cuticle.cp.other_1
nc_CGTGCTTGTAATGATG-1	epithelia.cuticle.cp.rigid_7
nc_CGTGCTTGTGAATTAG-1	epithelia.cuticle.cp.soft_3
nc_CGTGCTTGTGCAGATG-1	muscle.rbm24_0
nc_CGTGCTTTCACAACCA-1	neuron.chol.ciliated_20
nc_CGTGCTTTCCTAGCGG-1	muscle.rbm24_0
nc_CGTGCTTTCTATGTGG-1	muscle.rbm24_0
nc_CGTGCTTTCTCGTGAA-1	muscle.rbm24_0
nc_CGTGCTTTCTGTCAGA-1	epithelia.tendon_5
nc_CGTGTCTAGATCCAAA-1	epithelia.cuticle.cp.other_1
nc_CGTGTCTAGGGATCAC-1	muscle.rbm24_0
nc_CGTGTCTAGTTACTCG-1	epithelia.tendon_5
nc_CGTGTCTCACAACGCC-1	muscle.rbm24_0
nc_CGTGTCTCACTAGAGG-1	muscle.rbm24_0
nc_CGTGTCTCAGCGGATA-1	epithelia.cuticle.cp.other_1
nc_CGTGTCTGTAACGATA-1	epithelia.tendon_5
nc_CGTGTCTGTCAACACT-1	epithelia.cuticle.cp.soft_3
nc_CGTGTCTTCCCGTGAG-1	epithelia.cuticle.Osi18_6
nc_CGTGTCTTCCGCTGTT-1	muscle.rbm24_0
nc_CGTGTCTTCTAGCCAA-1	epithelia.cuticle.cp.soft_3
nc_CGTGTCTTCTCGACCT-1	epithelia.cuticle.Osi16_2
nc_CGTTAGAAGAATCCCT-1	epithelia.cuticle.cp.soft_3
nc_CGTTAGAAGCGATGCA-1	epithelia.cuticle.Osi16_2
nc_CGTTAGAAGGCGAAGG-1	epithelia.cuticle.cp.other_1
nc_CGTTAGACACACAGAG-1	epithelia.cuticle.cp.other_1
nc_CGTTAGACACAGACGA-1	epithelia.cuticle.Osi17_4
nc_CGTTAGACACCTCTAC-1	muscle.rbm24_0
nc_CGTTAGAGTCCCACGA-1	muscle.rbm24_0
nc_CGTTAGAGTCGTCTCT-1	epithelia.tendon_5
nc_CGTTAGAGTGGTACAG-1	epithelia.cuticle.Osi16_2
nc_CGTTAGATCGCCCAGA-1	epithelia.cuticle.cp.other_1
nc_CGTTAGATCGCCTCTA-1	neuron.chol.ciliated_20
nc_CGTTAGATCGCGCCAA-1	epithelia.olfactory.support_9
nc_CGTTCTGAGCGTTCAT-1	glia1_8
nc_CGTTCTGAGGTCATAA-1	muscle.rbm24_0
nc_CGTTCTGAGTGGTTAA-1	trachea_15
nc_CGTTCTGAGTTCTCTT-1	muscle.rbm24_0
nc_CGTTCTGCAACACACT-1	fat.body_10
nc_CGTTCTGCAGGCTTGC-1	epithelia.cuticle.Osi16_2
nc_CGTTCTGCAGTTTGGT-1	epithelia.cuticle.cp.soft_3
nc_CGTTCTGCATGCTGCG-1	epithelia.cuticle.cp.other_1
nc_CGTTCTGGTAAGATAC-1	glia1_8
nc_CGTTCTGGTGAATAAC-1	epithelia.cuticle.Osi14_12
nc_CGTTCTGGTTATCTGG-1	epithelia.cuticle.Osi14_12
nc_CGTTCTGTCATTCTTG-1	muscle.rbm24_0
nc_CGTTCTGTCCAGCTCT-1	epithelia.olfactory.support_9
nc_CGTTGGGAGAAGCCTG-1	epithelia.cuticle.cp.soft_3
nc_CGTTGGGAGAGGATGA-1	glia2_18
nc_CGTTGGGCAATACCTG-1	muscle.rbm24_0
nc_CGTTGGGTCAATGCAC-1	epithelia.cuticle.Osi16_2
nc_CGTTGGGTCATATGGC-1	epithelia.cuticle.Osi14_12
nc_CGTTGGGTCTATCGCC-1	epithelia.cuticle.cp.soft_3
nc_CTAACCCAGGAAACGA-1	epithelia.cuticle.cp.soft_3
nc_CTAACCCAGTTGCATC-1	muscle.rbm24_0
nc_CTAACCCCAGATCCTA-1	epithelia.cuticle.Osi17_4
nc_CTAACCCCAGCCCACA-1	epithelia.cuticle.cp.soft_3
nc_CTAACCCGTATCATGC-1	muscle.rbm24_0
nc_CTAACCCGTTGAGAGC-1	epithelia.cuticle.cp.other_1
nc_CTAACCCGTTTCGATG-1	neuroglioblast.ol_14
nc_CTAACCCTCACTCACC-1	muscle.rbm24_0
nc_CTAACCCTCCCTATTA-1	muscle.rbm24_0
nc_CTAACCCTCCTTCGAC-1	epithelia.cuticle.Osi17_4
nc_CTAACCCTCGCGTTTC-1	muscle.rbm24_0
nc_CTAACCCTCTGTTCAT-1	epithelia.cuticle.Osi14_12
nc_CTAACTTAGACGCAGT-1	muscle.rbm24_0
nc_CTAACTTAGGACTGGT-1	muscle.rbm24_0
nc_CTAACTTAGGATTCAA-1	glia1_8
nc_CTAACTTAGGTCGTCC-1	muscle.rbm24_0
nc_CTAACTTAGTTACGAA-1	epithelia.cuticle.cp.rigid_7
nc_CTAACTTAGTTCCAGT-1	epithelia.cuticle.Osi17_4
nc_CTAACTTCATTGACTG-1	epithelia.cuticle.cp.other_1
nc_CTAACTTGTGTTCCAA-1	epithelia.tendon_5
nc_CTAACTTTCGACATAC-1	epithelia.cuticle.cp.other_1
nc_CTAACTTTCGCGGTAC-1	epithelia.cuticle.Osi17_4
nc_CTAAGTGAGAGATCGC-1	epithelia.cuticle.Osi18_6
nc_CTAAGTGAGAGCAGAA-1	muscle.rbm24_0
nc_CTAAGTGAGCATAGGC-1	muscle.rbm24_0
nc_CTAAGTGAGGCCTAAG-1	epithelia.tendon_5
nc_CTAAGTGAGGCTAGCA-1	epithelia.cuticle.cp.other_1
nc_CTAAGTGAGTCAGCCC-1	epithelia.cuticle.Osi14_12
nc_CTAAGTGCAGGTTACT-1	epithelia.tendon_5
nc_CTAAGTGCATCAGCAT-1	epithelia.cuticle.Osi17_4
nc_CTAAGTGGTAAGATTG-1	neuroglioblast.castor_17
nc_CTAAGTGGTATCCTCC-1	epithelia.olfactory.support_9
nc_CTAAGTGGTTACCTGA-1	epithelia.cuticle.Osi16_2
nc_CTAAGTGGTTGCTAGT-1	epithelia.cuticle.Osi16_2
nc_CTAAGTGTCTGACCCT-1	neuron.cholinergic_11
nc_CTACAGAAGACGACGT-1	epithelia.cuticle.cp.other_1
nc_CTACAGAAGGTGGGTT-1	hemocyte_16
nc_CTACAGACACGCCAGT-1	epithelia.olfactory.support_9
nc_CTACAGACATGGTACT-1	epithelia.tendon_5
nc_CTACAGAGTCGATTCA-1	epithelia.cuticle.Osi17_4
nc_CTACAGAGTTAAGGAT-1	neuroglioblast.castor_17
nc_CTACAGATCAGTAGGG-1	epithelia.cuticle.cp.other_1
nc_CTACAGATCGGACCAC-1	muscle.tup_19
nc_CTACAGATCTTACCGC-1	neuron.cholinergic_11
nc_CTACATTAGAGCATTA-1	epithelia.cuticle.cp.soft_3
nc_CTACATTAGCGGTAGT-1	epithelia.cuticle.cp.other_1
nc_CTACATTAGTTGTAGA-1	muscle.rbm24_0
nc_CTACATTCAAACGAGC-1	epithelia.cuticle.Osi16_2
nc_CTACATTCACGCTGCA-1	epithelia.cuticle.Osi16_2
nc_CTACATTCAGAGAAAG-1	muscle.rbm24_0
nc_CTACATTCAGTGTATC-1	muscle.rbm24_0
nc_CTACATTTCCCTATTA-1	epithelia.tendon_5
nc_CTACATTTCGGCTTCT-1	epithelia.cuticle.cp.other_1
nc_CTACATTTCTGGACTA-1	epithelia.cuticle.Osi17_4
nc_CTACATTTCTTTCAGT-1	epithelia.cuticle.Osi16_2
nc_CTACCCAAGCAACAGC-1	fat.body_10
nc_CTACCCAAGCTGAGTG-1	epithelia.cuticle.Osi16_2
nc_CTACCCACACCCTCTA-1	epithelia.cuticle.cp.other_1
nc_CTACCCAGTAGAATGT-1	epithelia.cuticle.cp.other_1
nc_CTACCCAGTCATAACC-1	muscle.rbm24_0
nc_CTACCCATCACGGGAA-1	muscle.rbm24_0
nc_CTACCCATCCACAAGT-1	muscle.rbm24_0
nc_CTACCCATCCACCCTA-1	hemocyte_16
nc_CTACCCATCCGCCTAT-1	muscle.rbm24_0
nc_CTACCCATCGCTGCGA-1	epithelia.cuticle.cp.soft_3
nc_CTACCCATCTAAACGC-1	epithelia.cuticle.Osi16_2
nc_CTACCCATCTTGCGCT-1	epithelia.tendon_5
nc_CTACCTGAGAACTTCC-1	epithelia.cuticle.cp.other_1
nc_CTACCTGAGGTTTACC-1	epithelia.cuticle.Osi14_12
nc_CTACCTGGTGATACAA-1	epithelia.cuticle.cp.other_1
nc_CTACCTGGTGGGTCAA-1	epithelia.tendon_5
nc_CTACCTGGTGTATTGC-1	epithelia.cuticle.Osi18_6
nc_CTACCTGGTGTGCCTG-1	epithelia.cuticle.Osi16_2
nc_CTACCTGTCAAACCTG-1	muscle.rbm24_0
nc_CTACCTGTCCGGTAGC-1	epithelia.cuticle.cp.soft_3
nc_CTACCTGTCCTTATAC-1	epithelia.cuticle.Osi16_2
nc_CTACCTGTCTTAATCC-1	epithelia.cuticle.Osi16_2
nc_CTACGGGAGAATCGTA-1	epithelia.cuticle.cp.soft_3
nc_CTACGGGAGATGCAGC-1	epithelia.cuticle.cp.soft_3
nc_CTACGGGAGGATCACG-1	muscle.rbm24_0
nc_CTACGGGCACAGACGA-1	muscle.rbm24_0
nc_CTACGGGCACGTCATA-1	muscle.rbm24_0
nc_CTACGGGCACTGGCCA-1	epithelia.cuticle.Osi16_2
nc_CTACGGGGTCTGATAC-1	epithelia.cuticle.Osi17_4
nc_CTACGGGGTGTTCGTA-1	epithelia.cuticle.cp.other_1
nc_CTACGGGGTTGCCTAA-1	muscle.rbm24_0
nc_CTACGGGTCGCCAATA-1	neuroglioblast.castor_17
nc_CTACGGGTCGCCTTGT-1	muscle.rbm24_0
nc_CTACTATAGACCATTC-1	muscle.rbm24_0
nc_CTACTATAGATGGCAC-1	muscle.rbm24_0
nc_CTACTATAGCCAACCC-1	epithelia.cuticle.cp.soft_3
nc_CTACTATAGCGATTCT-1	epithelia.cuticle.Osi17_4
nc_CTACTATAGGAACGCT-1	muscle.rbm24_0
nc_CTACTATAGGGTGAGG-1	muscle.rbm24_0
nc_CTACTATAGTACCGGA-1	epithelia.tendon_5
nc_CTACTATAGTCTTCGA-1	epithelia.cuticle.cp.soft_3
nc_CTACTATCAACTCCAA-1	muscle.rbm24_0
nc_CTACTATCAATGAACA-1	trachea_15
nc_CTACTATCACATTCGA-1	epithelia.cuticle.cp.soft_3
nc_CTACTATGTACGTTCA-1	muscle.rbm24_0
nc_CTACTATGTATGTCAC-1	epithelia.cuticle.Osi18_6
nc_CTACTATGTCTTGAGT-1	epithelia.cuticle.cp.other_1
nc_CTACTATGTTGTGTTG-1	neuroglioblast.castor_17
nc_CTACTATTCACGGTCG-1	epithelia.cuticle.cp.soft_3
nc_CTACTATTCGATTTCT-1	epithelia.tendon_5
nc_CTACTATTCTACGCAA-1	epithelia.cuticle.cp.other_1
nc_CTACTATTCTGGACTA-1	epithelia.tendon_5
nc_CTAGACAAGTAGCATA-1	muscle.rbm24_0
nc_CTAGACACACTAGGTT-1	epithelia.cuticle.cp.soft_3
nc_CTAGACAGTACTCGTA-1	muscle.rbm24_0
nc_CTAGACAGTGTAACGG-1	epithelia.cuticle.cp.soft_3
nc_CTAGACATCACACCCT-1	epithelia.cuticle.cp.soft_3
nc_CTAGACATCGAAGTGG-1	epithelia.cuticle.Osi18_6
nc_CTAGACATCGGTCACG-1	epithelia.cuticle.Osi18_6
nc_CTAGACATCTAGACCA-1	epithelia.cuticle.Osi17_4
nc_CTAGACATCTGCACCT-1	muscle.rbm24_0
nc_CTAGGTAAGGACTGGT-1	epithelia.cuticle.cp.other_1
nc_CTAGGTAAGTGATAGT-1	hemocyte_16
nc_CTAGGTACAAGCTCTA-1	epithelia.olfactory.support_9
nc_CTAGGTACACAACGAG-1	glia2_18
nc_CTAGGTACACATTCTT-1	muscle.rbm24_0
nc_CTAGGTACAGGCGTTC-1	epithelia.cuticle.cp.soft_3
nc_CTAGGTACATGTCAGT-1	muscle.rbm24_0
nc_CTAGGTAGTTCAAACC-1	muscle.rbm24_0
nc_CTAGGTATCAGTGGGA-1	epithelia.tendon_5
nc_CTAGGTATCATTCACT-1	epithelia.cuticle.Osi17_4
nc_CTAGGTATCCCTTCCC-1	muscle.rbm24_0
nc_CTAGGTATCGAGAGAC-1	muscle.rbm24_0
nc_CTAGGTATCTGAATCG-1	epithelia.cuticle.Osi17_4
nc_CTATAGGAGGATATGT-1	muscle.rbm24_0
nc_CTATAGGAGTACAACA-1	epithelia.cuticle.cp.other_1
nc_CTATAGGAGTATAGGT-1	muscle.rbm24_0
nc_CTATAGGAGTGGACGT-1	muscle.rbm24_0
nc_CTATAGGCACCCTATC-1	epithelia.cuticle.Osi18_6
nc_CTATAGGCAGTGCCTG-1	epithelia.cuticle.Osi14_12
nc_CTATAGGGTACTCCGG-1	muscle.rbm24_0
nc_CTATAGGTCAATCGGT-1	epithelia.cuticle.Osi18_6
nc_CTATAGGTCGCACTCT-1	epithelia.cuticle.Osi14_12
nc_CTATAGGTCTCACGAA-1	muscle.rbm24_0
nc_CTATAGGTCTCATGGA-1	epithelia.cuticle.cp.other_1
nc_CTATCCGAGCTGGCTC-1	muscle.rbm24_0
nc_CTATCCGAGGGAGTTC-1	epithelia.cuticle.Osi16_2
nc_CTATCCGAGTCTTCGA-1	muscle.rbm24_0
nc_CTATCCGCAAAGCTAA-1	epithelia.cuticle.cp.other_1
nc_CTATCCGCAATGCAAA-1	glia1_8
nc_CTATCCGGTAGCTTGT-1	muscle.rbm24_0
nc_CTATCCGGTCGTATTG-1	muscle.rbm24_0
nc_CTATCCGGTTCCCAAA-1	epithelia.cuticle.Osi17_4
nc_CTATCCGTCAAACCCA-1	muscle.tup_19
nc_CTATCCGTCCCATGGG-1	epithelia.cuticle.Osi16_2
nc_CTATCCGTCTCTTGCG-1	epithelia.cuticle.Osi18_6
nc_CTATCTAAGATGCTGG-1	neuroglioblast.ol_14
nc_CTATCTAAGTACGAGC-1	epithelia.cuticle.Osi17_4
nc_CTATCTAAGTGGCAGT-1	muscle.rbm24_0
nc_CTATCTAAGTGGTTAA-1	epithelia.cuticle.cp.other_1
nc_CTATCTACAACCAGAG-1	epithelia.cuticle.Osi18_6
nc_CTATCTACAATTGCTG-1	epithelia.cuticle.Osi16_2
nc_CTATCTACACCGAATT-1	epithelia.cuticle.Osi17_4
nc_CTATCTACACGTACAT-1	muscle.rbm24_0
nc_CTATCTACAGCAGTGA-1	muscle.rbm24_0
nc_CTATCTATCAAGTTGC-1	epithelia.cuticle.Osi16_2
nc_CTCAACCAGAATTTGG-1	fat.body_10
nc_CTCAACCAGAGGTGCT-1	epithelia.tendon_5
nc_CTCAACCAGATGCCGA-1	muscle.rbm24_0
nc_CTCAACCAGCCGATCC-1	epithelia.cuticle.Osi16_2
nc_CTCAACCAGGAACGTC-1	epithelia.cuticle.Osi16_2
nc_CTCAACCAGTCTAGAA-1	muscle.rbm24_0
nc_CTCAACCCACAATGTC-1	epithelia.cuticle.Osi18_6
nc_CTCAACCCATCACAGT-1	epithelia.tendon_5
nc_CTCAACCGTACCTTCC-1	epithelia.cuticle.cp.soft_3
nc_CTCAACCGTAGATCCT-1	muscle.rbm24_0
nc_CTCAACCGTCTCGGAC-1	muscle.rbm24_0
nc_CTCAACCGTGACTAAA-1	muscle.rbm24_0
nc_CTCAACCGTTCTGACA-1	muscle.rbm24_0
nc_CTCAAGAAGAACGTGC-1	epithelia.cuticle.cp.soft_3
nc_CTCAAGAAGCTAAGTA-1	muscle.rbm24_0
nc_CTCAAGAAGGCACCAA-1	epithelia.cuticle.Osi16_2
nc_CTCAAGAAGGTATAGT-1	epithelia.cuticle.cp.soft_3
nc_CTCAAGACAACGTATC-1	neuron.cholinergic_11
nc_CTCAAGACACATCCCT-1	glia1_8
nc_CTCAAGACACGCTGCA-1	epithelia.cuticle.Osi17_4
nc_CTCAAGACACTTCTCG-1	trachea_15
nc_CTCAAGACAGGCACTC-1	epithelia.cuticle.cp.other_1
nc_CTCAAGAGTGTTAAAG-1	epithelia.tendon_5
nc_CTCAAGATCACGACTA-1	epithelia.cuticle.cp.other_1
nc_CTCAAGATCCTCCACA-1	glia1_8
nc_CTCAAGATCGGACTGC-1	glia1_8
nc_CTCAAGATCTGGCTGG-1	muscle.rbm24_0
nc_CTCAATTAGAAGGTAG-1	neuroglioblast.ol_14
nc_CTCAATTAGGCACTAG-1	epithelia.tendon_5
nc_CTCAATTCACTGATTG-1	epithelia.tendon_5
nc_CTCAATTCAGGTGGAT-1	epithelia.cuticle.cp.other_1
nc_CTCAATTCATGCCATA-1	epithelia.cuticle.Osi17_4
nc_CTCAATTGTGGATTTC-1	hemocyte_16
nc_CTCAATTGTTAGCGGA-1	muscle.rbm24_0
nc_CTCAATTGTTCAAGGG-1	epithelia.cuticle.cp.other_1
nc_CTCAATTGTTTGGAAA-1	muscle.rbm24_0
nc_CTCACTGAGCCTATCA-1	epithelia.olfactory.support_9
nc_CTCACTGAGCTTTGTG-1	epithelia.tendon_5
nc_CTCACTGAGTGGGAAA-1	muscle.rbm24_0
nc_CTCACTGCAAAGCTAA-1	epithelia.cuticle.Osi16_2
nc_CTCACTGCAACCCTAA-1	muscle.rbm24_0
nc_CTCACTGCACTCAGAT-1	epithelia.cuticle.Osi17_4
nc_CTCACTGGTACATTGC-1	muscle.rbm24_0
nc_CTCACTGGTACTCGTA-1	muscle.rbm24_0
nc_CTCACTGGTAGGATAT-1	epithelia.cuticle.Osi16_2
nc_CTCACTGGTCAGCTTA-1	epithelia.cuticle.cp.other_1
nc_CTCACTGGTCCTTTGC-1	epithelia.cuticle.cp.other_1
nc_CTCACTGGTCGCAGTC-1	epithelia.cuticle.cp.other_1
nc_CTCACTGGTTCTCTAT-1	epithelia.olfactory.support_9
nc_CTCACTGTCAAGAAAC-1	neuron.cholinergic_11
nc_CTCACTGTCATTTCGT-1	muscle.rbm24_0
nc_CTCACTGTCCCGAGGT-1	muscle.rbm24_0
nc_CTCACTGTCGCGTCGA-1	epithelia.cuticle.cp.other_1
nc_CTCACTGTCGCTGTTC-1	epithelia.cuticle.cp.other_1
nc_CTCACTGTCTGCAGCG-1	epithelia.cuticle.Osi16_2
nc_CTCAGAAAGACTGGGT-1	glia1_8
nc_CTCAGAAAGCAAGGAA-1	fat.body_10
nc_CTCAGAAAGGAGTATT-1	muscle.rbm24_0
nc_CTCAGAACAGGCGTTC-1	muscle.rbm24_0
nc_CTCAGAAGTAGCCCTG-1	trachea_15
nc_CTCAGAAGTCGTCAGC-1	epithelia.cuticle.Osi16_2
nc_CTCAGAAGTCGTTGCG-1	epithelia.tendon_5
nc_CTCAGAAGTGCTGCAC-1	muscle.rbm24_0
nc_CTCAGAATCGCCTTTG-1	epithelia.cuticle.Osi17_4
nc_CTCAGGGAGAGAGCGG-1	epithelia.cuticle.cp.other_1
nc_CTCAGGGAGATCCAAA-1	epithelia.cuticle.cp.other_1
nc_CTCAGGGAGCTTCGTA-1	epithelia.cuticle.Osi17_4
nc_CTCAGGGAGGCGAAGG-1	trachea_15
nc_CTCAGGGAGTAGCAAT-1	neuroglioblast.ol_14
nc_CTCAGGGAGTCACGCC-1	epithelia.cuticle.cp.soft_3
nc_CTCAGGGCACATCATG-1	epithelia.cuticle.Osi18_6
nc_CTCAGGGCAGAAATTG-1	epithelia.cuticle.cp.soft_3
nc_CTCAGGGGTTGCAACT-1	epithelia.cuticle.cp.other_1
nc_CTCAGGGGTTTCACAG-1	epithelia.cuticle.cp.soft_3
nc_CTCAGGGTCATCGCCT-1	epithelia.cuticle.cp.soft_3
nc_CTCAGGGTCATGGTAC-1	muscle.rbm24_0
nc_CTCAGTCCAAGCGATG-1	epithelia.olfactory.support_9
nc_CTCAGTCCAGAGGGTT-1	epithelia.cuticle.cp.rigid_7
nc_CTCAGTCGTGTCCTAA-1	epithelia.cuticle.cp.soft_3
nc_CTCAGTCTCAACGTGT-1	epithelia.cuticle.Osi18_6
nc_CTCAGTCTCGTCCTCA-1	epithelia.cuticle.cp.soft_3
nc_CTCATCGAGAGAGCAA-1	epithelia.tendon_5
nc_CTCATCGAGCGTGAGT-1	epithelia.cuticle.Osi16_2
nc_CTCATCGAGCTCAGAG-1	epithelia.cuticle.Osi17_4
nc_CTCATCGCAGATCCTA-1	epithelia.cuticle.Osi16_2
nc_CTCATCGCAGGCTTGC-1	epithelia.tendon_5
nc_CTCATCGCATCGATCA-1	epithelia.cuticle.Osi16_2
nc_CTCATCGGTCGGTGTC-1	epithelia.tendon_5
nc_CTCATCGGTCTCGGGT-1	epithelia.cuticle.cp.other_1
nc_CTCATCGGTGTGAATA-1	epithelia.cuticle.cp.other_1
nc_CTCATCGGTTGGGTAG-1	epithelia.cuticle.Osi17_4
nc_CTCATCGGTTTCTTAC-1	muscle.rbm24_0
nc_CTCATCGTCATACGGT-1	epithelia.cuticle.Osi18_6
nc_CTCATCGTCCGTCCTA-1	epithelia.cuticle.Osi16_2
nc_CTCATCGTCTCCCTAG-1	epithelia.cuticle.Osi17_4
nc_CTCATCGTCTGTGCAA-1	epithelia.cuticle.Osi18_6
nc_CTCATGCAGCACTCAT-1	epithelia.cuticle.cp.other_1
nc_CTCATGCAGGTTACAA-1	epithelia.cuticle.cp.soft_3
nc_CTCATGCCAAGCGAAC-1	muscle.rbm24_0
nc_CTCATGCCAATAGTAG-1	epithelia.cuticle.Osi14_12
nc_CTCATGCCACATGTTG-1	epithelia.cuticle.Osi16_2
nc_CTCATGCCAGGTTCGC-1	muscle.tup_19
nc_CTCATGCCATCATCTT-1	epithelia.cuticle.cp.soft_3
nc_CTCATGCGTATAGGAT-1	epithelia.cuticle.Osi16_2
nc_CTCATGCGTCCGACGT-1	epithelia.cuticle.cp.other_1
nc_CTCATGCGTGCACGCT-1	muscle.rbm24_0
nc_CTCATGCGTTGAAGTA-1	epithelia.cuticle.Osi18_6
nc_CTCATGCTCCCGATCT-1	epithelia.cuticle.Osi18_6
nc_CTCATGCTCTAGAGCT-1	epithelia.cuticle.Osi18_6
nc_CTCATTAAGATCCCGC-1	epithelia.cuticle.Osi16_2
nc_CTCATTAAGTAACGTA-1	neuron.cholinergic_11
nc_CTCATTAAGTGGCGAT-1	trachea_15
nc_CTCATTACACAAATAG-1	muscle.rbm24_0
nc_CTCATTACACCGTGAC-1	epithelia.cuticle.Osi18_6
nc_CTCATTACACTTGGGC-1	epithelia.olfactory.support_9
nc_CTCATTAGTCCTGTTC-1	epithelia.cuticle.cp.rigid_7
nc_CTCATTAGTTGCATGT-1	muscle.rbm24_0
nc_CTCATTATCCACATAG-1	epithelia.olfactory.support_9
nc_CTCATTATCCCATTTA-1	muscle.rbm24_0
nc_CTCATTATCGTGGGAA-1	epithelia.cuticle.cp.soft_3
nc_CTCCAACAGACACACG-1	muscle.rbm24_0
nc_CTCCAACAGAGTGAAG-1	epithelia.cuticle.cp.rigid_7
nc_CTCCAACAGATGGCGT-1	epithelia.cuticle.cp.soft_3
nc_CTCCAACAGCTGACAG-1	muscle.rbm24_0
nc_CTCCAACAGGCCTGAA-1	epithelia.tendon_5
nc_CTCCAACCAAAGGATT-1	muscle.rbm24_0
nc_CTCCAACCACGTGTGC-1	epithelia.tendon_5
nc_CTCCAACCAGAAACCG-1	epithelia.cuticle.cp.other_1
nc_CTCCAACCAGGACTTT-1	muscle.rbm24_0
nc_CTCCAACCATACGCAT-1	neuroglioblast.ol_14
nc_CTCCAACCATTGCCTC-1	glia1_8
nc_CTCCAACGTGCGAGTA-1	epithelia.cuticle.Osi17_4
nc_CTCCAACGTTGCATAC-1	muscle.rbm24_0
nc_CTCCAACTCAACGTGT-1	epithelia.cuticle.cp.other_1
nc_CTCCAACTCCGATAAC-1	epithelia.cuticle.Osi17_4
nc_CTCCAACTCGGTCACG-1	epithelia.cuticle.Osi14_12
nc_CTCCAACTCTACCAGA-1	muscle.rbm24_0
nc_CTCCAACTCTCATTGT-1	epithelia.cuticle.cp.soft_3
nc_CTCCACAGTAGCACGA-1	epithelia.cuticle.cp.soft_3
nc_CTCCACAGTAGCTTAC-1	muscle.rbm24_0
nc_CTCCACAGTGTGATGG-1	muscle.rbm24_0
nc_CTCCACAGTTGGCTAT-1	muscle.rbm24_0
nc_CTCCACATCTAGTGTG-1	muscle.rbm24_0
nc_CTCCACATCTCTTCAA-1	epithelia.cuticle.cp.other_1
nc_CTCCATGAGAGAGTGA-1	epithelia.tendon_5
nc_CTCCATGCAAATTGCC-1	epithelia.cuticle.cp.rigid_7
nc_CTCCATGCAGATTTCG-1	epithelia.cuticle.cp.rigid_7
nc_CTCCATGCATCCCACT-1	epithelia.cuticle.Osi17_4
nc_CTCCATGCATGACGAG-1	fat.body_10
nc_CTCCATGGTCGTACAT-1	epithelia.cuticle.Osi17_4
nc_CTCCATGTCCTCTGCA-1	neuron.cholinergic_11
nc_CTCCATGTCGAAATCC-1	epithelia.cuticle.Osi16_2
nc_CTCCATGTCGGTAACT-1	muscle.rbm24_0
nc_CTCCATGTCTGCTGAA-1	epithelia.cuticle.cp.rigid_7
nc_CTCCCAAAGAGGCTGT-1	epithelia.cuticle.Osi18_6
nc_CTCCCAAAGCAAGTGC-1	muscle.rbm24_0
nc_CTCCCAAAGCATCTTG-1	epithelia.cuticle.cp.other_1
nc_CTCCCAAAGTATCCTG-1	epithelia.cuticle.cp.soft_3
nc_CTCCCAAAGTATGAAC-1	epithelia.cuticle.cp.other_1
nc_CTCCCAACACAAGTTC-1	muscle.rbm24_0
nc_CTCCCAACACTCTCGT-1	glia1_8
nc_CTCCCAACATTGACTG-1	epithelia.cuticle.cp.other_1
nc_CTCCCAAGTAGCGCCT-1	muscle.rbm24_0
nc_CTCCCAAGTAGGTGCA-1	epithelia.cuticle.cp.soft_3
nc_CTCCCAAGTATAATGG-1	muscle.rbm24_0
nc_CTCCCAAGTCTCAGAT-1	epithelia.cuticle.cp.soft_3
nc_CTCCCAAGTCTTCTAT-1	epithelia.cuticle.cp.other_1
nc_CTCCCAAGTGCATTTG-1	epithelia.cuticle.Osi14_12
nc_CTCCCAAGTGTCTTCC-1	muscle.rbm24_0
nc_CTCCCAAGTTAAACAG-1	fat.body_10
nc_CTCCCAATCACTGAAC-1	muscle.rbm24_0
nc_CTCCCAATCGCGAAGA-1	muscle.rbm24_0
nc_CTCCCTCAGGGCCTCT-1	epithelia.cuticle.Osi18_6
nc_CTCCCTCCAAAGGATT-1	epithelia.cuticle.cp.other_1
nc_CTCCCTCGTAGTCACT-1	epithelia.cuticle.cp.other_1
nc_CTCCCTCGTCACAGAG-1	epithelia.tendon_5
nc_CTCCCTCGTCACCCTT-1	epithelia.olfactory.support_9
nc_CTCCCTCGTCGTCGGT-1	epithelia.cuticle.cp.other_1
nc_CTCCCTCGTCTGTTAG-1	neuroglioblast.ol_14
nc_CTCCCTCGTGAGTTGG-1	epithelia.tendon_5
nc_CTCCCTCGTTAGGCTT-1	neuron.cholinergic_11
nc_CTCCCTCTCCAAGCTA-1	epithelia.cuticle.Osi14_12
nc_CTCCCTCTCTTCGGTC-1	epithelia.cuticle.cp.soft_3
nc_CTCCGATAGGAACTAT-1	muscle.rbm24_0
nc_CTCCGATAGTACTGTC-1	muscle.rbm24_0
nc_CTCCGATAGTCGCTAT-1	epithelia.cuticle.Osi18_6
nc_CTCCGATAGTTGTCAC-1	epithelia.cuticle.cp.soft_3
nc_CTCCGATCAACATCGT-1	muscle.rbm24_0
nc_CTCCGATCAGCAGTGA-1	neuroglioblast.ol_14
nc_CTCCGATGTCAACATC-1	epithelia.cuticle.cp.other_1
nc_CTCCGATTCAAGCGTT-1	muscle.rbm24_0
nc_CTCCGATTCTACTATC-1	muscle.rbm24_0
nc_CTCCGATTCTAGAGCT-1	neuroglioblast.ol_14
nc_CTCCTCCAGATTAGAC-1	epithelia.cuticle.cp.rigid_7
nc_CTCCTCCCAATTGCCA-1	muscle.rbm24_0
nc_CTCCTCCCACAGCCTG-1	neuron.cholinergic_11
nc_CTCCTCCCAGCTACAT-1	trachea_15
nc_CTCCTCCCAGTGTGCC-1	epithelia.cuticle.Osi16_2
nc_CTCCTCCCATCATTTC-1	epithelia.cuticle.cp.other_1
nc_CTCCTCCGTACGTGTT-1	epithelia.cuticle.cp.rigid_7
nc_CTCCTCCGTCCTTTGC-1	epithelia.cuticle.cp.soft_3
nc_CTCCTCCGTCTCCCTA-1	hemocyte_16
nc_CTCCTCCTCAGGACGA-1	epithelia.cuticle.cp.soft_3
nc_CTCCTCCTCGAAACAA-1	muscle.rbm24_0
nc_CTCCTTTCAGCTAACT-1	epithelia.cuticle.Osi18_6
nc_CTCCTTTCATGCAGGA-1	muscle.rbm24_0
nc_CTCCTTTGTAAGTCAA-1	epithelia.cuticle.Osi16_2
nc_CTCCTTTGTACCTAGT-1	muscle.rbm24_0
nc_CTCCTTTGTACGAAAT-1	epithelia.cuticle.Osi16_2
nc_CTCCTTTGTGGCATCC-1	epithelia.cuticle.Osi16_2
nc_CTCCTTTGTGTTCATG-1	epithelia.cuticle.Osi16_2
nc_CTCCTTTGTGTTCCAA-1	neuron.cholinergic_11
nc_CTCCTTTGTTGTTTGG-1	epithelia.cuticle.cp.soft_3
nc_CTCCTTTTCATTTGGG-1	epithelia.cuticle.cp.other_1
nc_CTCCTTTTCGTAACTG-1	muscle.rbm24_0
nc_CTCCTTTTCTGTCCGT-1	epithelia.cuticle.Osi17_4
nc_CTCGAGGAGTCTCGTA-1	epithelia.cuticle.cp.soft_3
nc_CTCGAGGCAACGTATC-1	epithelia.cuticle.Osi16_2
nc_CTCGAGGCATAGACTC-1	glia1_8
nc_CTCTCAGAGAGACAAG-1	epithelia.cuticle.Osi16_2
nc_CTCTCAGAGGTCCCTG-1	epithelia.cuticle.Osi17_4
nc_CTCTCAGAGGTGCTAG-1	muscle.rbm24_0
nc_CTCTCAGCAACCCTAA-1	epithelia.cuticle.cp.soft_3
nc_CTCTCAGCAATTTCGG-1	epithelia.cuticle.Osi17_4
nc_CTCTCAGCAGGACTAG-1	glia1_8
nc_CTCTCAGCAGGTCCGT-1	epithelia.cuticle.biosynthesis_13
nc_CTCTCAGCATGACGAG-1	muscle.rbm24_0
nc_CTCTCAGCATTCCTAT-1	epithelia.cuticle.cp.soft_3
nc_CTCTCAGGTCACCGCA-1	epithelia.cuticle.Osi16_2
nc_CTCTCAGGTCCTGTCT-1	epithelia.olfactory.support_9
nc_CTCTCAGGTGGCCCAT-1	epithelia.cuticle.Osi17_4
nc_CTCTCAGGTTGTAGCT-1	muscle.rbm24_0
nc_CTCTCAGGTTGTCATG-1	muscle.rbm24_0
nc_CTCTCAGGTTTGGCTA-1	epithelia.olfactory.support_9
nc_CTCTCAGTCGCCCAGA-1	muscle.rbm24_0
nc_CTCTCAGTCTCTGGTC-1	epithelia.cuticle.cp.other_1
nc_CTCTCAGTCTGCTAGA-1	epithelia.cuticle.cp.soft_3
nc_CTCTCAGTCTTACGGA-1	muscle.rbm24_0
nc_CTCTCGAAGCGGATCA-1	glia1_8
nc_CTCTCGAAGGTTCCGC-1	epithelia.cuticle.cp.soft_3
nc_CTCTCGACACTACTTT-1	fat.body_10
nc_CTCTCGACAGCTCATA-1	muscle.rbm24_0
nc_CTCTCGACAGTCGGTC-1	muscle.rbm24_0
nc_CTCTCGACATCGTTCC-1	epithelia.cuticle.Osi16_2
nc_CTCTCGAGTAAGATAC-1	epithelia.tendon_5
nc_CTCTCGAGTCGCCTAG-1	fat.body_10
nc_CTCTCGATCGACGAGA-1	muscle.rbm24_0
nc_CTCTCGATCGCGGACT-1	epithelia.cuticle.cp.other_1
nc_CTCTGGTAGAGATCGC-1	epithelia.cuticle.cp.rigid_7
nc_CTCTGGTAGCTCTATG-1	epithelia.cuticle.Osi16_2
nc_CTCTGGTCACACCGCA-1	muscle.rbm24_0
nc_CTCTGGTCAGCAGGAT-1	muscle.rbm24_0
nc_CTCTGGTCAGCTCATA-1	epithelia.cuticle.Osi16_2
nc_CTCTGGTCATCGAACT-1	epithelia.cuticle.Osi16_2
nc_CTCTGGTGTGTGGTCC-1	epithelia.olfactory.support_9
nc_CTCTGGTTCACCCATC-1	muscle.rbm24_0
nc_CTCTGGTTCCGTGACG-1	epithelia.tendon_5
nc_CTCTGGTTCGTTATCT-1	epithelia.cuticle.Osi16_2
nc_CTGAATGCAATTGCTG-1	trachea_15
nc_CTGAATGCAGCGTAGA-1	muscle.rbm24_0
nc_CTGAATGGTAACTGCT-1	epithelia.cuticle.Osi18_6
nc_CTGAATGTCCACGTAA-1	muscle.rbm24_0
nc_CTGAATGTCTATCGTT-1	muscle.rbm24_0
nc_CTGAGCGAGCGATGGT-1	epithelia.cuticle.cp.soft_3
nc_CTGAGCGAGCTGAGCA-1	epithelia.cuticle.cp.soft_3
nc_CTGAGCGAGTCCTACA-1	epithelia.cuticle.Osi18_6
nc_CTGAGCGCAAGAGGCT-1	muscle.rbm24_0
nc_CTGAGCGTCTCTGAGA-1	muscle.rbm24_0
nc_CTGAGCGTCTTCTCAA-1	epithelia.cuticle.biosynthesis_13
nc_CTGAGGCAGACCATAA-1	epithelia.cuticle.cp.soft_3
nc_CTGAGGCAGACCCTTA-1	glia1_8
nc_CTGAGGCAGAGAGCCT-1	epithelia.cuticle.cp.rigid_7
nc_CTGAGGCAGATGATTG-1	muscle.rbm24_0
nc_CTGAGGCAGCATCCTA-1	hemocyte_16
nc_CTGAGGCAGGACGCAT-1	epithelia.cuticle.Osi14_12
nc_CTGAGGCAGGAGTACC-1	trachea_15
nc_CTGAGGCCAAAGACTA-1	neuroglioblast.ol_14
nc_CTGAGGCCAAATGCGG-1	epithelia.cuticle.cp.other_1
nc_CTGAGGCCAATCGCGC-1	glia2_18
nc_CTGAGGCGTACTAGCT-1	epithelia.cuticle.cp.soft_3
nc_CTGAGGCGTGTAGCAG-1	fat.body_10
nc_CTGAGGCTCATTTACC-1	epithelia.cuticle.cp.other_1
nc_CTGAGGCTCTTGTGCC-1	muscle.rbm24_0
nc_CTGATCCAGACGCTCC-1	epithelia.cuticle.Osi17_4
nc_CTGATCCCACCAAAGG-1	epithelia.cuticle.cp.other_1
nc_CTGATCCCACCAGCGT-1	muscle.rbm24_0
nc_CTGATCCCACCATAAC-1	fat.body_10
nc_CTGATCCCAGAAGCTG-1	epithelia.cuticle.Osi16_2
nc_CTGATCCCATACAGCT-1	epithelia.cuticle.Osi16_2
nc_CTGATCCCATTGTACG-1	epithelia.cuticle.Osi18_6
nc_CTGATCCGTAGTCTTG-1	epithelia.cuticle.cp.soft_3
nc_CTGATCCGTGGTCCGT-1	epithelia.cuticle.Osi17_4
nc_CTGATCCGTTCCTAGA-1	glia1_8
nc_CTGATCCTCGTAATGC-1	muscle.rbm24_0
nc_CTGATCCTCGTTTACT-1	epithelia.cuticle.cp.other_1
nc_CTGCAGGAGAGAGAAC-1	muscle.rbm24_0
nc_CTGCAGGCAATACCCA-1	epithelia.cuticle.Osi16_2
nc_CTGCAGGCATCAGCAT-1	muscle.rbm24_0
nc_CTGCAGGGTTGCACGC-1	epithelia.cuticle.Osi18_6
nc_CTGCAGGTCATTACCT-1	epithelia.cuticle.Osi18_6
nc_CTGCAGGTCCGCTGTT-1	fat.body_10
nc_CTGCAGGTCGTAGGAG-1	epithelia.olfactory.support_9
nc_CTGCATCAGATGCTAA-1	epithelia.olfactory.support_9
nc_CTGCATCAGGAAACGA-1	epithelia.cuticle.cp.soft_3
nc_CTGCATCAGGATGAGA-1	muscle.rbm24_0
nc_CTGCATCCAATCCTTT-1	neuron.cholinergic_11
nc_CTGCATCCACAAGTGG-1	epithelia.cuticle.Osi16_2
nc_CTGCATCCACACAGAG-1	neuroglioblast.ol_14
nc_CTGCATCGTGGCTCTG-1	muscle.rbm24_0
nc_CTGCATCGTTAAGGAT-1	epithelia.tendon_5
nc_CTGCATCTCGCAACAT-1	fat.body_10
nc_CTGCATCTCTCTATGT-1	epithelia.olfactory.support_9
nc_CTGCATCTCTCTCTAA-1	muscle.rbm24_0
nc_CTGCCATAGAGAGTTT-1	epithelia.cuticle.cp.other_1
nc_CTGCCATAGAGCATTA-1	neuroglioblast.ol_14
nc_CTGCCATAGGAACTCG-1	epithelia.cuticle.cp.other_1
nc_CTGCCATAGTCCCGGT-1	epithelia.cuticle.Osi16_2
nc_CTGCCATAGTGAGCCA-1	epithelia.cuticle.cp.other_1
nc_CTGCCATCAAGAGGTC-1	muscle.rbm24_0
nc_CTGCCATCACATTCTT-1	epithelia.tendon_5
nc_CTGCCATCACCTTCCA-1	epithelia.cuticle.cp.soft_3
nc_CTGCCATCAGACGATG-1	muscle.rbm24_0
nc_CTGCCATCAGATTTCG-1	muscle.rbm24_0
nc_CTGCCATGTAAGATAC-1	muscle.rbm24_0
nc_CTGCCATTCCAGTTCC-1	epithelia.cuticle.Osi16_2
nc_CTGCCATTCCCGAGGT-1	muscle.rbm24_0
nc_CTGCCATTCCGATCTC-1	epithelia.cuticle.cp.soft_3
nc_CTGCCATTCGGTGAAG-1	epithelia.cuticle.cp.soft_3
nc_CTGCCTAAGGTTGTTC-1	neuroglioblast.castor_17
nc_CTGCCTAAGTTGAATG-1	epithelia.tendon_5
nc_CTGCCTACAAATCAGA-1	epithelia.cuticle.Osi16_2
nc_CTGCCTACAACACGTT-1	epithelia.cuticle.Osi16_2
nc_CTGCCTACACGACGAA-1	trachea_15
nc_CTGCCTAGTGAGGATC-1	muscle.rbm24_0
nc_CTGCCTAGTTAGGGAC-1	epithelia.olfactory.support_9
nc_CTGCCTAGTTGTAAAG-1	epithelia.cuticle.cp.soft_3
nc_CTGCCTATCCGAAGGA-1	epithelia.tendon_5
nc_CTGCCTATCGGCTGAC-1	epithelia.olfactory.support_9
nc_CTGCGAGAGGATACGC-1	epithelia.cuticle.cp.soft_3
nc_CTGCGAGAGGGTCACA-1	epithelia.cuticle.Osi16_2
nc_CTGCGAGAGGTCATCT-1	hemocyte_16
nc_CTGCGAGAGTATGCAA-1	muscle.rbm24_0
nc_CTGCGAGCATGAGAAT-1	epithelia.cuticle.Osi14_12
nc_CTGCGAGTCAGACTGT-1	muscle.rbm24_0
nc_CTGCGAGTCCAAACCA-1	muscle.rbm24_0
nc_CTGCGAGTCCTTATCA-1	trachea_15
nc_CTGCTCAAGACCACGA-1	muscle.rbm24_0
nc_CTGCTCAAGCACTGGA-1	epithelia.cuticle.Osi16_2
nc_CTGCTCAAGCATGCGA-1	epithelia.cuticle.Osi16_2
nc_CTGCTCAAGCTAATGA-1	muscle.rbm24_0
nc_CTGCTCAAGGTAAGTT-1	muscle.rbm24_0
nc_CTGCTCAAGTAAACTG-1	muscle.rbm24_0
nc_CTGCTCAGTACCGCGT-1	glia1_8
nc_CTGCTCAGTATCTCTT-1	epithelia.cuticle.cp.other_1
nc_CTGCTCAGTCTAGGTT-1	epithelia.cuticle.cp.other_1
nc_CTGCTCAGTCTGATCA-1	neuroglioblast.ol_14
nc_CTGCTCAGTGCGTGCT-1	epithelia.cuticle.cp.soft_3
nc_CTGCTCAGTGTGCCTG-1	epithelia.cuticle.cp.other_1
nc_CTGCTCATCCAGTGCG-1	epithelia.cuticle.cp.other_1
nc_CTGCTCATCGCGCCAA-1	epithelia.cuticle.cp.rigid_7
nc_CTGGACGAGCCGATTT-1	muscle.rbm24_0
nc_CTGGACGAGGTAAAGG-1	epithelia.cuticle.cp.soft_3
nc_CTGGACGCACCAGCCA-1	muscle.rbm24_0
nc_CTGGACGCAGGTCCCA-1	muscle.rbm24_0
nc_CTGGACGGTATCGTTG-1	muscle.rbm24_0
nc_CTGGACGGTCGTTCAA-1	epithelia.tendon_5
nc_CTGGACGGTGGTTCTA-1	epithelia.cuticle.Osi16_2
nc_CTGGACGTCCTACCAC-1	epithelia.cuticle.Osi18_6
nc_CTGGACGTCGCAGTTA-1	muscle.rbm24_0
nc_CTGGCAGAGAGTGAAG-1	neuroglioblast.ol_14
nc_CTGGCAGAGTTGGACG-1	muscle.rbm24_0
nc_CTGGCAGCACGCTGAC-1	epithelia.cuticle.cp.other_1
nc_CTGGCAGGTAACACGG-1	epithelia.cuticle.cp.other_1
nc_CTGGCAGGTCGGTGAA-1	muscle.rbm24_0
nc_CTGGCAGGTGATACTC-1	epithelia.cuticle.cp.other_1
nc_CTGGCAGGTGTCCCTT-1	epithelia.olfactory.support_9
nc_CTGGCAGGTTGCTTGA-1	epithelia.tendon_5
nc_CTGGCAGGTTTAGACC-1	epithelia.tendon_5
nc_CTGGTCTAGAATCTAG-1	muscle.rbm24_0
nc_CTGGTCTAGACGCCCT-1	fat.body_10
nc_CTGGTCTAGCAACAAT-1	neuroglioblast.ol_14
nc_CTGGTCTCAAGCGATG-1	epithelia.cuticle.Osi16_2
nc_CTGGTCTCACGGTGCT-1	muscle.rbm24_0
nc_CTGGTCTCATAATCCG-1	neuroglioblast.ol_14
nc_CTGGTCTGTGTCCACG-1	glia1_8
nc_CTGGTCTGTTTACACG-1	epithelia.tendon_5
nc_CTGGTCTTCAGCTGTA-1	muscle.rbm24_0
nc_CTGGTCTTCCGTGGTG-1	epithelia.cuticle.Osi17_4
nc_CTGGTCTTCTCTAAGG-1	epithelia.cuticle.cp.rigid_7
nc_CTGTACCAGATCGGTG-1	epithelia.tendon_5
nc_CTGTACCAGCTAATCC-1	epithelia.tendon_5
nc_CTGTACCCAAATCCCA-1	muscle.rbm24_0
nc_CTGTACCCACTAACCA-1	muscle.rbm24_0
nc_CTGTACCCACTAACGT-1	epithelia.tendon_5
nc_CTGTACCCACTTGGCG-1	epithelia.cuticle.cp.other_1
nc_CTGTACCCAGTCAGTT-1	epithelia.cuticle.Osi16_2
nc_CTGTACCGTATGTCAC-1	epithelia.cuticle.cp.soft_3
nc_CTGTACCGTCTCTCCA-1	muscle.rbm24_0
nc_CTGTACCGTGTTCCAA-1	epithelia.cuticle.Osi17_4
nc_CTGTACCTCCGTTGAA-1	epithelia.cuticle.cp.soft_3
nc_CTGTACCTCTTGGTGA-1	epithelia.cuticle.cp.other_1
nc_CTGTAGAAGACGGTCA-1	epithelia.cuticle.cp.other_1
nc_CTGTAGAAGCGCGTTC-1	muscle.rbm24_0
nc_CTGTAGAAGTCTGTAC-1	epithelia.olfactory.support_9
nc_CTGTAGAAGTGGTTAA-1	epithelia.tendon_5
nc_CTGTAGACAATAGAGT-1	epithelia.cuticle.cp.soft_3
nc_CTGTAGAGTAACAAGT-1	epithelia.cuticle.Osi18_6
nc_CTGTAGATCGGATACT-1	neuron.cholinergic_11
nc_CTGTAGATCGGTATGT-1	hemocyte_16
nc_CTGTAGATCTACGGGC-1	muscle.rbm24_0
nc_CTGTAGATCTTGCGCT-1	epithelia.cuticle.cp.other_1
nc_CTGTATTAGAGCCGTA-1	epithelia.cuticle.Osi14_12
nc_CTGTATTAGAGTCCGA-1	muscle.rbm24_0
nc_CTGTATTAGATTTGCC-1	epithelia.cuticle.Osi16_2
nc_CTGTATTAGCAGCACA-1	epithelia.cuticle.cp.soft_3
nc_CTGTATTAGCTGACTT-1	epithelia.cuticle.cp.other_1
nc_CTGTATTAGGACAGCT-1	glia1_8
nc_CTGTATTAGGCCCGTT-1	neuroglioblast.ol_14
nc_CTGTATTAGGGTTTCT-1	epithelia.cuticle.Osi16_2
nc_CTGTATTCAGGAATCG-1	epithelia.cuticle.cp.rigid_7
nc_CTGTATTCATGGATCT-1	epithelia.cuticle.cp.soft_3
nc_CTGTATTCATTCAGCA-1	muscle.rbm24_0
nc_CTGTATTGTACCAGAG-1	epithelia.cuticle.Osi17_4
nc_CTGTATTGTCCCTCAT-1	fat.body_10
nc_CTGTATTGTGAGCCAA-1	epithelia.cuticle.cp.other_1
nc_CTGTATTGTGCTGCAC-1	epithelia.cuticle.cp.soft_3
nc_CTGTATTTCCCAGCGA-1	epithelia.cuticle.Osi14_12
nc_CTGTATTTCCGTATAG-1	muscle.rbm24_0
nc_CTGTCGTAGACGAGCT-1	muscle.rbm24_0
nc_CTGTCGTAGGCAGGTT-1	epithelia.cuticle.Osi16_2
nc_CTGTCGTAGGTGCCAA-1	epithelia.tendon_5
nc_CTGTCGTAGTGAGGTC-1	epithelia.cuticle.cp.soft_3
nc_CTGTCGTCAAATAGCA-1	epithelia.cuticle.cp.soft_3
nc_CTGTCGTCAATCGCAT-1	hemocyte_16
nc_CTGTCGTCAGAAGTGC-1	epithelia.cuticle.cp.soft_3
nc_CTGTCGTCAGGAGGAG-1	epithelia.cuticle.cp.other_1
nc_CTGTCGTCATTGGGAG-1	neuron.cholinergic_11
nc_CTGTCGTGTCACTCGG-1	neuroglioblast.ol_14
nc_CTGTCGTTCCACAGCG-1	epithelia.cuticle.Osi16_2
nc_CTGTCGTTCGCTAATG-1	muscle.rbm24_0
nc_CTGTCGTTCGGATTAC-1	epithelia.olfactory.support_9
nc_CTGTCGTTCGTCAACA-1	epithelia.cuticle.cp.other_1
nc_CTGTGAAAGACGCATG-1	epithelia.cuticle.cp.rigid_7
nc_CTGTGAAAGCATGAAT-1	neuroglioblast.ol_14
nc_CTGTGAAAGGAACTCG-1	epithelia.cuticle.cp.soft_3
nc_CTGTGAAAGGTTATAG-1	epithelia.cuticle.cp.rigid_7
nc_CTGTGAAAGTCGCCCA-1	epithelia.cuticle.Osi18_6
nc_CTGTGAACAAAGAGTT-1	neuroglioblast.ol_14
nc_CTGTGAACACCGCTGA-1	epithelia.tendon_5
nc_CTGTGAACAGAGCTAG-1	trachea_15
nc_CTGTGAACATCTTTCA-1	epithelia.cuticle.cp.other_1
nc_CTGTGAAGTAACATGA-1	epithelia.cuticle.cp.rigid_7
nc_CTGTGAAGTCGAATTC-1	muscle.rbm24_0
nc_CTGTGAAGTCGACTTA-1	neuron.cholinergic_11
nc_CTGTGAAGTTCGGTCG-1	epithelia.cuticle.Osi17_4
nc_CTGTGAAGTTTCGTTT-1	hemocyte_16
nc_CTGTGAAGTTTGTGGT-1	epithelia.cuticle.Osi16_2
nc_CTGTGAATCTGTTCAT-1	epithelia.tendon_5
nc_CTGTGGGCAACACTAC-1	epithelia.tendon_5
nc_CTGTGGGCAGTCTTCC-1	muscle.rbm24_0
nc_CTGTGGGCATTAGGAA-1	muscle.rbm24_0
nc_CTGTGGGGTCCACTCT-1	epithelia.cuticle.cp.rigid_7
nc_CTGTGGGGTGTTCCAA-1	epithelia.cuticle.Osi17_4
nc_CTGTGGGTCTACGCGG-1	neuroglioblast.ol_14
nc_CTGTGGGTCTTGGGCG-1	epithelia.cuticle.cp.other_1
nc_CTTACCGAGACTTCGT-1	muscle.rbm24_0
nc_CTTACCGAGGGAGTTC-1	epithelia.cuticle.cp.soft_3
nc_CTTACCGCAACCGCCA-1	epithelia.cuticle.Osi14_12
nc_CTTACCGCAATGCAAA-1	epithelia.cuticle.cp.soft_3
nc_CTTACCGCAGACAAGC-1	epithelia.cuticle.Osi14_12
nc_CTTACCGGTTGCCAAT-1	epithelia.cuticle.cp.other_1
nc_CTTACCGTCAAGCCTA-1	epithelia.cuticle.cp.soft_3
nc_CTTACCGTCCGGACTG-1	epithelia.cuticle.cp.other_1
nc_CTTACCGTCGGCCTTT-1	epithelia.cuticle.cp.soft_3
nc_CTTACCGTCGGCTCTT-1	muscle.rbm24_0
nc_CTTAGGAAGTTACTCG-1	muscle.rbm24_0
nc_CTTAGGACAATAACGA-1	hemocyte_16
nc_CTTAGGACAATAGTCC-1	neuroglioblast.castor_17
nc_CTTAGGACACACCGAC-1	epithelia.cuticle.Osi17_4
nc_CTTAGGACACCATAAC-1	epithelia.tendon_5
nc_CTTAGGAGTATAATGG-1	epithelia.cuticle.cp.other_1
nc_CTTAGGAGTCCGGCAT-1	neuron.cholinergic_11
nc_CTTAGGAGTGCAAGAC-1	muscle.rbm24_0
nc_CTTAGGAGTGTCATGT-1	epithelia.cuticle.cp.other_1
nc_CTTAGGAGTTTACTTC-1	epithelia.cuticle.Osi17_4
nc_CTTCAATAGAGGTATT-1	epithelia.cuticle.Osi18_6
nc_CTTCAATAGATGTTCC-1	muscle.rbm24_0
nc_CTTCAATAGCCATCCG-1	epithelia.olfactory.support_9
nc_CTTCAATAGCCTCTGG-1	epithelia.cuticle.cp.rigid_7
nc_CTTCAATAGCTTGTTG-1	neuron.cholinergic_11
nc_CTTCAATCAACTGCCG-1	epithelia.cuticle.cp.other_1
nc_CTTCAATCAATACGCT-1	epithelia.cuticle.cp.soft_3
nc_CTTCAATCACTTGTGA-1	glia1_8
nc_CTTCAATCAGAACCGA-1	muscle.rbm24_0
nc_CTTCAATCAGAGCGTA-1	epithelia.tendon_5
nc_CTTCAATGTCCCACGA-1	epithelia.cuticle.cp.soft_3
nc_CTTCAATGTTCTCACC-1	epithelia.tendon_5
nc_CTTCAATGTTGCTCAA-1	epithelia.cuticle.cp.other_1
nc_CTTCAATTCAACCTTT-1	muscle.rbm24_0
nc_CTTCAATTCCTAGCGG-1	trachea_15
nc_CTTCAATTCGCCTTGT-1	epithelia.cuticle.Osi17_4
nc_CTTCAATTCGGTAAGG-1	epithelia.cuticle.cp.soft_3
nc_CTTCCGAAGATGAATC-1	epithelia.cuticle.Osi16_2
nc_CTTCCGAAGCAACTTC-1	muscle.rbm24_0
nc_CTTCCGAAGGCGTCCT-1	epithelia.cuticle.Osi16_2
nc_CTTCCGAAGGTTACCT-1	muscle.rbm24_0
nc_CTTCCGAAGTGGACTG-1	epithelia.cuticle.cp.other_1
nc_CTTCCGAGTCGCTGCA-1	neuron.cholinergic_11
nc_CTTCCGAGTGCAGATG-1	fat.body_10
nc_CTTCCGATCCTACGGG-1	epithelia.cuticle.cp.rigid_7
nc_CTTCCGATCGTAGAGG-1	trachea_15
nc_CTTCCGATCTCTTCAA-1	trachea_15
nc_CTTCCTTAGACGAAGA-1	epithelia.cuticle.cp.soft_3
nc_CTTCCTTAGCAAACAT-1	muscle.rbm24_0
nc_CTTCCTTAGGCTTAGG-1	glia2_18
nc_CTTCCTTAGTAGACAT-1	epithelia.cuticle.Osi14_12
nc_CTTCCTTCAAGGCGTA-1	epithelia.cuticle.Osi18_6
nc_CTTCCTTCAGAATTCC-1	muscle.rbm24_0
nc_CTTCCTTCAGAGAGGG-1	epithelia.cuticle.Osi17_4
nc_CTTCCTTGTACACGTT-1	epithelia.cuticle.cp.rigid_7
nc_CTTCCTTGTACGTTCA-1	glia1_8
nc_CTTCCTTGTCTAGGCC-1	muscle.rbm24_0
nc_CTTCGGTAGTAGGAAG-1	epithelia.cuticle.Osi18_6
nc_CTTCGGTAGTATGCAA-1	muscle.rbm24_0
nc_CTTCGGTCAACTGCTA-1	epithelia.cuticle.Osi17_4
nc_CTTCGGTCACGTATAC-1	muscle.rbm24_0
nc_CTTCGGTCATCGCTCT-1	muscle.rbm24_0
nc_CTTCGGTGTGAGTGAC-1	muscle.rbm24_0
nc_CTTCGGTGTGTTCGTA-1	muscle.rbm24_0
nc_CTTCGGTGTGTTTCTT-1	epithelia.cuticle.cp.rigid_7
nc_CTTCGGTGTTAAGCAA-1	epithelia.cuticle.Osi17_4
nc_CTTCGGTGTTCAACGT-1	epithelia.cuticle.cp.rigid_7
nc_CTTCGGTTCACCGCTT-1	epithelia.cuticle.cp.soft_3
nc_CTTCGGTTCACTTCTA-1	neuron.cholinergic_11
nc_CTTCGGTTCATCACTT-1	epithelia.cuticle.Osi16_2
nc_CTTCGGTTCATTTCGT-1	epithelia.cuticle.Osi16_2
nc_CTTCGGTTCCATCAGA-1	epithelia.cuticle.Osi16_2
nc_CTTCGGTTCGGAGATG-1	epithelia.cuticle.cp.rigid_7
nc_CTTCGGTTCGGCATAT-1	muscle.rbm24_0
nc_CTTCGGTTCTATCCAT-1	epithelia.cuticle.cp.other_1
nc_CTTCTAAAGACAGCTG-1	epithelia.tendon_5
nc_CTTCTAAAGAGTGGCT-1	epithelia.cuticle.cp.soft_3
nc_CTTCTAAAGTTGAAGT-1	epithelia.tendon_5
nc_CTTCTAACACGTATAC-1	epithelia.tendon_5
nc_CTTCTAACATAGGTAA-1	epithelia.tendon_5
nc_CTTCTAACATGACACT-1	epithelia.cuticle.cp.soft_3
nc_CTTCTAACATGATAGA-1	muscle.rbm24_0
nc_CTTCTAACATTCTCTA-1	epithelia.cuticle.Osi14_12
nc_CTTCTAAGTATGCGGA-1	epithelia.cuticle.Osi16_2
nc_CTTCTAAGTGCCTACG-1	epithelia.cuticle.cp.rigid_7
nc_CTTCTAAGTGTTGCCG-1	glia1_8
nc_CTTCTAAGTTCTTGTT-1	epithelia.cuticle.Osi18_6
nc_CTTCTAATCAACTGGT-1	epithelia.cuticle.Osi17_4
nc_CTTCTAATCTCGACCT-1	epithelia.tendon_5
nc_CTTCTAATCTCGACGG-1	neuron.cholinergic_11
nc_CTTCTCTAGATAGTCA-1	neuroglioblast.castor_17
nc_CTTCTCTCAATACCTG-1	muscle.rbm24_0
nc_CTTCTCTCAATGGCAG-1	epithelia.cuticle.cp.other_1
nc_CTTCTCTCACAACGCC-1	fat.body_10
nc_CTTCTCTCACAAGTGG-1	epithelia.cuticle.cp.other_1
nc_CTTCTCTCAGTCCCGA-1	epithelia.cuticle.cp.soft_3
nc_CTTCTCTGTGACTGAG-1	epithelia.cuticle.cp.other_1
nc_CTTGAGAAGAGATTCA-1	epithelia.cuticle.cp.other_1
nc_CTTGAGAAGGCTCTCG-1	epithelia.tendon_5
nc_CTTGAGAAGGTCACCC-1	epithelia.cuticle.Osi17_4
nc_CTTGAGAAGTAGAATC-1	muscle.rbm24_0
nc_CTTGAGACATCTCAAG-1	muscle.rbm24_0
nc_CTTGAGAGTATAGGAT-1	muscle.rbm24_0
nc_CTTGAGAGTCAGGAGT-1	epithelia.cuticle.cp.soft_3
nc_CTTGAGAGTTCTTGCC-1	neuroglioblast.castor_17
nc_CTTGAGAGTTGTGGCC-1	muscle.rbm24_0
nc_CTTGAGATCGCGCTGA-1	epithelia.cuticle.cp.other_1
nc_CTTGAGATCTACTGCC-1	epithelia.cuticle.cp.other_1
nc_CTTGAGATCTATCCAT-1	epithelia.tendon_5
nc_CTTGAGATCTCCGTGT-1	epithelia.cuticle.Osi16_2
nc_CTTGAGATCTTCGTAT-1	muscle.rbm24_0
nc_CTTGATTAGACATGCG-1	epithelia.cuticle.cp.soft_3
nc_CTTGATTAGCCTTTGA-1	fat.body_10
nc_CTTGATTAGCGTCTCG-1	epithelia.cuticle.Osi17_4
nc_CTTGATTAGCTCGCAC-1	epithelia.cuticle.Osi18_6
nc_CTTGATTCAAGTTTGC-1	epithelia.cuticle.Osi18_6
nc_CTTGATTCACACACGC-1	epithelia.cuticle.cp.other_1
nc_CTTGATTCAGCATTGT-1	muscle.rbm24_0
nc_CTTGATTCAGGCGATA-1	muscle.rbm24_0
nc_CTTGATTCAGTTTCAG-1	epithelia.tendon_5
nc_CTTGATTCATGTGCCG-1	muscle.tup_19
nc_CTTGATTGTGCAATGG-1	muscle.rbm24_0
nc_CTTGATTTCGGTTCAA-1	trachea_15
nc_CTTGATTTCGTACACA-1	muscle.rbm24_0
nc_CTTTCAAAGCACCGAA-1	hemocyte_16
nc_CTTTCAACACAAGTTC-1	epithelia.cuticle.Osi18_6
nc_CTTTCAACACTCATAG-1	neuron.cholinergic_11
nc_CTTTCAACATGCGGTC-1	epithelia.cuticle.Osi16_2
nc_CTTTCAACATTGCTGA-1	epithelia.cuticle.cp.other_1
nc_CTTTCAAGTCACCACG-1	muscle.rbm24_0
nc_CTTTCAAGTGTTGATC-1	epithelia.cuticle.Osi17_4
nc_CTTTCAATCCGTCCTA-1	epithelia.cuticle.cp.other_1
nc_CTTTCAATCGGATACT-1	epithelia.tendon_5
nc_CTTTCGGAGTGCCAGA-1	epithelia.olfactory.support_9
nc_CTTTCGGAGTGCCTCG-1	epithelia.cuticle.cp.soft_3
nc_CTTTCGGCAACGCATT-1	muscle.tup_19
nc_CTTTCGGCAACGGTAG-1	epithelia.cuticle.Osi17_4
nc_CTTTCGGCACCCTAGG-1	muscle.rbm24_0
nc_CTTTCGGCACGTCATA-1	epithelia.cuticle.cp.other_1
nc_CTTTCGGCAGCACAAG-1	muscle.rbm24_0
nc_CTTTCGGCAGTTAGGG-1	muscle.rbm24_0
nc_CTTTCGGCATGACTCA-1	epithelia.cuticle.Osi17_4
nc_CTTTCGGGTACAGAAT-1	muscle.rbm24_0
nc_CTTTCGGGTCGTTGGC-1	epithelia.cuticle.Osi16_2
nc_CTTTCGGGTGGTTTGT-1	epithelia.cuticle.cp.other_1
nc_CTTTCGGTCTTCGGAA-1	trachea_15
nc_GAAACCTAGGGTGGGA-1	epithelia.cuticle.Osi16_2
nc_GAAACCTAGTCGGCAA-1	epithelia.cuticle.Osi16_2
nc_GAAACCTCATACAGCT-1	epithelia.cuticle.cp.other_1
nc_GAAACCTGTTTACGAC-1	muscle.rbm24_0
nc_GAAACCTTCTGGGCCA-1	epithelia.cuticle.Osi14_12
nc_GAAATGAAGCTGAAAT-1	epithelia.cuticle.Osi16_2
nc_GAAATGAAGTAGAGTT-1	epithelia.olfactory.support_9
nc_GAAATGACAACCGTGC-1	epithelia.cuticle.Osi17_4
nc_GAAATGACAGGTGAGT-1	epithelia.cuticle.cp.soft_3
nc_GAAATGACATTCTCCG-1	epithelia.cuticle.biosynthesis_13
nc_GAAATGAGTTGTACGT-1	epithelia.cuticle.Osi16_2
nc_GAAATGATCATTACCT-1	muscle.rbm24_0
nc_GAACACTAGTGACCTT-1	epithelia.tendon_5
nc_GAACACTCAACGTAAA-1	epithelia.cuticle.cp.soft_3
nc_GAACACTCACGCAGTC-1	epithelia.cuticle.cp.other_1
nc_GAACACTCAGTAACCT-1	epithelia.cuticle.cp.other_1
nc_GAACACTCATCCGTGG-1	fat.body_10
nc_GAACACTGTACCAGAG-1	muscle.tup_19
nc_GAACACTGTCCACAGC-1	epithelia.cuticle.Osi16_2
nc_GAACACTGTCGGTACC-1	epithelia.cuticle.cp.soft_3
nc_GAACACTGTGGATTTC-1	muscle.rbm24_0
nc_GAACACTTCTCGCAGG-1	muscle.rbm24_0
nc_GAACACTTCTCGTCGT-1	epithelia.olfactory.support_9
nc_GAACACTTCTTCGGAA-1	epithelia.cuticle.cp.soft_3
nc_GAACGTTAGATTACCC-1	muscle.rbm24_0
nc_GAACGTTAGCCGATCC-1	epithelia.cuticle.cp.other_1
nc_GAACGTTAGTGTAGTA-1	epithelia.tendon_5
nc_GAACGTTCAATTGAGA-1	fat.body_10
nc_GAACGTTGTTGCAAGG-1	epithelia.tendon_5
nc_GAACGTTTCCACAAGT-1	epithelia.cuticle.cp.soft_3
nc_GAACGTTTCCTCACCA-1	fat.body_10
nc_GAACGTTTCGAGAAGC-1	epithelia.cuticle.cp.other_1
nc_GAACGTTTCGCTAAAC-1	epithelia.cuticle.cp.soft_3
nc_GAACGTTTCTGTCCGT-1	neuroglioblast.castor_17
nc_GAACTGTAGGTAAGGA-1	epithelia.cuticle.cp.soft_3
nc_GAACTGTAGTTAGTAG-1	epithelia.cuticle.cp.soft_3
nc_GAACTGTCAAATGCTC-1	epithelia.cuticle.cp.soft_3
nc_GAACTGTCAAATGGCG-1	epithelia.cuticle.cp.soft_3
nc_GAACTGTCACGACGTC-1	fat.body_10
nc_GAACTGTCATACTTTC-1	trachea_15
nc_GAACTGTCATGGAACG-1	epithelia.tendon_5
nc_GAACTGTGTAATACCC-1	epithelia.cuticle.Osi14_12
nc_GAACTGTGTGTTATCG-1	epithelia.cuticle.Osi14_12
nc_GAACTGTGTTAAGAAC-1	epithelia.cuticle.cp.other_1
nc_GAACTGTTCACATACG-1	hemocyte_16
nc_GAACTGTTCTACCAGA-1	epithelia.cuticle.cp.soft_3
nc_GAACTGTTCTATCGGA-1	epithelia.cuticle.cp.soft_3
nc_GAACTGTTCTCACCCA-1	epithelia.tendon_5
nc_GAAGAATAGACATCCT-1	epithelia.cuticle.cp.other_1
nc_GAAGAATAGGATTTCC-1	epithelia.cuticle.Osi17_4
nc_GAAGAATAGGGCAATC-1	muscle.rbm24_0
nc_GAAGAATAGTAGGGTC-1	epithelia.cuticle.cp.soft_3
nc_GAAGAATAGTCATGAA-1	muscle.rbm24_0
nc_GAAGAATCAGATCACT-1	muscle.rbm24_0
nc_GAAGAATGTACAGGTG-1	epithelia.tendon_5
nc_GAAGAATTCCAACTGA-1	epithelia.cuticle.cp.soft_3
nc_GAAGAATTCTTTGCTA-1	epithelia.cuticle.cp.other_1
nc_GAAGCCCAGACTCATC-1	epithelia.cuticle.Osi14_12
nc_GAAGCCCAGCCATTCA-1	epithelia.cuticle.cp.other_1
nc_GAAGCCCAGCGTGAAC-1	epithelia.cuticle.Osi16_2
nc_GAAGCCCAGGGCCAAT-1	epithelia.cuticle.Osi16_2
nc_GAAGCCCAGGTGCCTC-1	muscle.rbm24_0
nc_GAAGCCCAGGTGGTTG-1	neuron.cholinergic_11
nc_GAAGCCCAGTCACTAC-1	muscle.rbm24_0
nc_GAAGCCCAGTCTCCTC-1	epithelia.cuticle.Osi16_2
nc_GAAGCCCAGTCTCGTA-1	muscle.rbm24_0
nc_GAAGCCCCACGCGCTA-1	muscle.rbm24_0
nc_GAAGCCCCACGCTGAC-1	epithelia.cuticle.cp.soft_3
nc_GAAGCCCCACTGAGGA-1	epithelia.cuticle.cp.soft_3
nc_GAAGCCCCAGACGGAT-1	epithelia.cuticle.cp.soft_3
nc_GAAGCCCCAGAGTGTG-1	epithelia.cuticle.cp.other_1
nc_GAAGCCCCAGGATCTT-1	neuron.cholinergic_11
nc_GAAGCCCCATTGCTTT-1	epithelia.cuticle.Osi18_6
nc_GAAGCCCGTGTCCGGT-1	muscle.rbm24_0
nc_GAAGCCCGTGTGTTTG-1	glia1_8
nc_GAAGCCCTCCTCACGT-1	epithelia.cuticle.cp.soft_3
nc_GAAGCCCTCCTTGGAA-1	epithelia.cuticle.cp.other_1
nc_GAAGCGAAGCGCATCC-1	epithelia.cuticle.Osi14_12
nc_GAAGCGAAGGCGCTCT-1	epithelia.cuticle.cp.other_1
nc_GAAGCGACAGTATGAA-1	epithelia.cuticle.Osi17_4
nc_GAAGCGAGTCAGTCGC-1	trachea_15
nc_GAAGCGAGTGAACTAA-1	epithelia.cuticle.Osi16_2
nc_GAAGCGAGTGTGTTTG-1	epithelia.cuticle.Osi18_6
nc_GAAGCGATCAAGAATG-1	epithelia.tendon_5
nc_GAAGCGATCAATGCAC-1	muscle.rbm24_0
nc_GAAGCGATCCACTAGA-1	epithelia.cuticle.cp.other_1
nc_GAAGCGATCGTTCGCT-1	glia1_8
nc_GAAGCGATCTCCCAAC-1	epithelia.cuticle.Osi17_4
nc_GAAGCGATCTGTTCAT-1	epithelia.tendon_5
nc_GAAGGACCACGTACTA-1	glia1_8
nc_GAAGGACCACTTGGCG-1	epithelia.tendon_5
nc_GAAGGACGTACCCGAC-1	epithelia.tendon_5
nc_GAAGGACGTACGGTTT-1	epithelia.cuticle.Osi16_2
nc_GAAGGACGTGTCATTG-1	epithelia.cuticle.cp.rigid_7
nc_GAAGGACGTTCCTACC-1	fat.body_10
nc_GAAGGACTCAATGTCG-1	muscle.rbm24_0
nc_GAAGGACTCATGCCAA-1	muscle.rbm24_0
nc_GAAGGACTCCATTGCC-1	muscle.rbm24_0
nc_GAAGGGTAGGGAGTGG-1	epithelia.cuticle.cp.rigid_7
nc_GAAGGGTAGTAGGCCA-1	muscle.rbm24_0
nc_GAAGGGTCAAAGCAAT-1	muscle.rbm24_0
nc_GAAGGGTCACAGTCCG-1	epithelia.cuticle.Osi18_6
nc_GAAGGGTCAGCTTCGG-1	glia1_8
nc_GAAGGGTCAGTCCGTG-1	muscle.rbm24_0
nc_GAAGGGTGTGTTTCTT-1	epithelia.cuticle.Osi16_2
nc_GAAGGGTTCATCCTAT-1	epithelia.cuticle.Osi16_2
nc_GAAGGGTTCCTGTAAG-1	glia2_18
nc_GAAGTAAAGCGGTATG-1	epithelia.cuticle.Osi16_2
nc_GAAGTAAAGTTTGGCT-1	epithelia.olfactory.support_9
nc_GAAGTAACAAACACGG-1	epithelia.cuticle.Osi16_2
nc_GAAGTAACAAACGTGG-1	muscle.rbm24_0
nc_GAAGTAACAACACTAC-1	muscle.rbm24_0
nc_GAAGTAACACTGTCGG-1	epithelia.tendon_5
nc_GAAGTAACATCATGAC-1	trachea_15
nc_GAAGTAAGTGGACCTC-1	muscle.rbm24_0
nc_GAAGTAATCATCTATC-1	neuroglioblast.castor_17
nc_GAATAGAAGATGCCGA-1	muscle.rbm24_0
nc_GAATAGAAGCAGAAAG-1	epithelia.cuticle.cp.soft_3
nc_GAATAGAAGGGACACT-1	muscle.tup_19
nc_GAATAGAAGGGCCCTT-1	epithelia.cuticle.Osi14_12
nc_GAATAGAAGTAGGATT-1	muscle.rbm24_0
nc_GAATAGACAAGCTCTA-1	epithelia.cuticle.cp.other_1
nc_GAATAGACACCAGCCA-1	muscle.rbm24_0
nc_GAATAGACAGTATTCG-1	epithelia.cuticle.Osi16_2
nc_GAATAGACATCTCAAG-1	muscle.rbm24_0
nc_GAATAGAGTGACAGCA-1	neuron.cholinergic_11
nc_GAATAGAGTTATCCAG-1	trachea_15
nc_GAATAGATCATGCCGG-1	epithelia.cuticle.Osi17_4
nc_GAATAGATCCTACAAG-1	epithelia.tendon_5
nc_GAATCACAGAAGCCAC-1	epithelia.cuticle.Osi16_2
nc_GAATCACAGACTTAAG-1	muscle.rbm24_0
nc_GAATCACAGCCTCTTC-1	epithelia.cuticle.cp.other_1
nc_GAATCACAGCTCTGTA-1	muscle.rbm24_0
nc_GAATCACCAGATCCTA-1	epithelia.cuticle.Osi16_2
nc_GAATCACGTATACCCA-1	epithelia.cuticle.cp.other_1
nc_GAATCACGTCCAGAAG-1	epithelia.olfactory.support_9
nc_GAATCACGTGCAACGA-1	epithelia.cuticle.cp.other_1
nc_GAATCACGTTCGGCCA-1	neuroglioblast.ol_14
nc_GAATCACTCCCAGGCA-1	muscle.rbm24_0
nc_GAATCACTCTTACCAT-1	epithelia.cuticle.cp.other_1
nc_GAATCACTCTTTCCGG-1	muscle.rbm24_0
nc_GAATCGTAGCACTTTG-1	muscle.rbm24_0
nc_GAATCGTCAGTTGAAA-1	glia2_18
nc_GAATCGTGTACAGCGA-1	epithelia.olfactory.support_9
nc_GAATCGTGTTTACGAC-1	epithelia.olfactory.support_9
nc_GAATCGTTCAAGCCAT-1	epithelia.cuticle.cp.other_1
nc_GAATCGTTCCTGTTAT-1	epithelia.cuticle.Osi16_2
nc_GAATCGTTCGCGGTAC-1	epithelia.cuticle.cp.other_1
nc_GAATCGTTCTTGCAGA-1	muscle.tup_19
nc_GACACGCAGACCGTTT-1	epithelia.cuticle.Osi16_2
nc_GACACGCAGCACTCAT-1	epithelia.cuticle.cp.soft_3
nc_GACACGCAGGAGAGGC-1	epithelia.tendon_5
nc_GACACGCAGTCTTGGT-1	muscle.rbm24_0
nc_GACACGCCACCACTGG-1	muscle.rbm24_0
nc_GACACGCGTATCAAGA-1	muscle.rbm24_0
nc_GACACGCGTCACTCAA-1	muscle.rbm24_0
nc_GACACGCGTTACACTG-1	epithelia.cuticle.cp.rigid_7
nc_GACACGCGTTCTCGTC-1	epithelia.cuticle.cp.other_1
nc_GACACGCGTTTCGACA-1	trachea_15
nc_GACACGCTCCCATTCG-1	muscle.rbm24_0
nc_GACACGCTCCGCCTAT-1	muscle.rbm24_0
nc_GACACGCTCGATCCAA-1	neuron.cholinergic_11
nc_GACACGCTCGGCATTA-1	muscle.rbm24_0
nc_GACAGCCAGAAACTAC-1	muscle.rbm24_0
nc_GACAGCCAGAAGCCAC-1	epithelia.cuticle.Osi16_2
nc_GACAGCCAGCCACCGT-1	glia1_8
nc_GACAGCCAGCGTCTCG-1	epithelia.tendon_5
nc_GACAGCCAGGTATCTC-1	neuroglioblast.ol_14
nc_GACAGCCAGTGCACAG-1	glia1_8
nc_GACAGCCCAAATGGTA-1	muscle.rbm24_0
nc_GACAGCCCAAGCTACT-1	epithelia.cuticle.Osi17_4
nc_GACAGCCCACAGTACT-1	epithelia.cuticle.Osi17_4
nc_GACAGCCCATAGGTAA-1	epithelia.cuticle.Osi18_6
nc_GACAGCCCATGCGTGC-1	epithelia.olfactory.support_9
nc_GACAGCCGTCACATTG-1	epithelia.cuticle.cp.soft_3
nc_GACAGCCGTCGCTTGG-1	muscle.rbm24_0
nc_GACAGCCGTGCCGAAA-1	epithelia.cuticle.cp.rigid_7
nc_GACAGCCTCCGTGCGA-1	muscle.rbm24_0
nc_GACAGCCTCGCTGTTC-1	epithelia.tendon_5
nc_GACAGCCTCGGTATGT-1	epithelia.cuticle.Osi16_2
nc_GACAGCCTCTAAGGAA-1	neuron.cholinergic_11
nc_GACAGCCTCTTTGCTA-1	muscle.rbm24_0
nc_GACATCAAGATTAGTG-1	epithelia.cuticle.cp.other_1
nc_GACATCAAGGCATCTT-1	trachea_15
nc_GACATCAAGTCGCCCA-1	glia1_8
nc_GACATCAAGTTGGAAT-1	epithelia.cuticle.Osi16_2
nc_GACATCACAAACTAAG-1	epithelia.cuticle.cp.other_1
nc_GACATCACACAGTGTT-1	muscle.rbm24_0
nc_GACATCACAGCTGAAG-1	epithelia.cuticle.cp.soft_3
nc_GACATCACATACATCG-1	epithelia.cuticle.cp.other_1
nc_GACATCAGTAACATGA-1	muscle.rbm24_0
nc_GACATCAGTCGCAGTC-1	muscle.rbm24_0
nc_GACATCATCCTATTTG-1	epithelia.cuticle.Osi17_4
nc_GACATCATCCTTGACC-1	epithelia.cuticle.Osi17_4
nc_GACATCATCTAGGCCG-1	muscle.rbm24_0
nc_GACATCATCTATTTCG-1	fat.body_10
nc_GACATCATCTCCAATT-1	epithelia.cuticle.cp.soft_3
nc_GACATCATCTCTTAAC-1	epithelia.cuticle.Osi14_12
nc_GACATCATCTTACGTT-1	epithelia.cuticle.Osi17_4
nc_GACCAATAGATGGTCG-1	muscle.rbm24_0
nc_GACCAATAGTCGAGGT-1	epithelia.olfactory.support_9
nc_GACCAATCAAATCGTC-1	epithelia.cuticle.Osi16_2
nc_GACCAATCAATCGCAT-1	epithelia.tendon_5
nc_GACCAATCAATGTTGC-1	epithelia.cuticle.cp.soft_3
nc_GACCAATCAGTATGAA-1	neuron.cholinergic_11
nc_GACCAATCATCTTCGC-1	epithelia.cuticle.cp.rigid_7
nc_GACCAATTCACATACG-1	epithelia.cuticle.cp.soft_3
nc_GACCAATTCCACGTCT-1	epithelia.cuticle.cp.soft_3
nc_GACCCAGAGGGTACGT-1	epithelia.tendon_5
nc_GACCCAGCATCCGCGA-1	epithelia.cuticle.cp.other_1
nc_GACCCAGCATTGACTG-1	epithelia.cuticle.Osi18_6
nc_GACCCAGGTGATTCAC-1	fat.body_10
nc_GACCCAGGTGTCCATA-1	epithelia.cuticle.cp.other_1
nc_GACCCAGTCTGACCCT-1	epithelia.olfactory.support_9
nc_GACCCTTAGAGGCCAT-1	epithelia.tendon_5
nc_GACCCTTAGCTGCGAA-1	epithelia.cuticle.Osi14_12
nc_GACCCTTAGTATTCCG-1	epithelia.cuticle.cp.soft_3
nc_GACCCTTAGTGTTGTC-1	epithelia.cuticle.cp.other_1
nc_GACCCTTCAGAAATCA-1	muscle.rbm24_0
nc_GACCCTTCATGATAGA-1	glia2_18
nc_GACCCTTGTTGCTAGT-1	muscle.rbm24_0
nc_GACCCTTTCATGTCTT-1	trachea_15
nc_GACCCTTTCGGAATGG-1	epithelia.cuticle.cp.other_1
nc_GACCCTTTCGTCGACG-1	epithelia.cuticle.cp.rigid_7
nc_GACCGTGAGAATCCCT-1	muscle.rbm24_0
nc_GACCGTGAGAGGATCC-1	epithelia.cuticle.Osi16_2
nc_GACCGTGAGTACTGTC-1	muscle.rbm24_0
nc_GACCGTGCAGGAGGAG-1	muscle.rbm24_0
nc_GACCGTGCAGTATGAA-1	muscle.rbm24_0
nc_GACCGTGCATCGCTAA-1	epithelia.cuticle.Osi16_2
nc_GACCGTGGTTCTCTAT-1	epithelia.cuticle.cp.soft_3
nc_GACCGTGTCAAGCTTG-1	muscle.rbm24_0
nc_GACCGTGTCGTGCGAC-1	epithelia.cuticle.cp.rigid_7
nc_GACCGTGTCTATTCGT-1	epithelia.tendon_5
nc_GACCTTCAGACGTCCC-1	glia1_8
nc_GACCTTCAGAGCCGAT-1	muscle.rbm24_0
nc_GACCTTCAGCCTATTG-1	muscle.rbm24_0
nc_GACCTTCAGGCATGCA-1	muscle.rbm24_0
nc_GACCTTCAGGCTAGCA-1	epithelia.cuticle.Osi14_12
nc_GACCTTCAGTAAAGCT-1	epithelia.cuticle.cp.soft_3
nc_GACCTTCAGTGCCGAA-1	epithelia.cuticle.cp.soft_3
nc_GACCTTCCAAACACCT-1	muscle.rbm24_0
nc_GACCTTCCACGCAGTC-1	epithelia.cuticle.Osi14_12
nc_GACCTTCCAGAAATTG-1	epithelia.cuticle.cp.soft_3
nc_GACCTTCCAGCTAACT-1	epithelia.cuticle.Osi16_2
nc_GACCTTCCATTCACAG-1	muscle.rbm24_0
nc_GACCTTCGTACTGTTG-1	hemocyte_16
nc_GACCTTCGTGGATCGA-1	epithelia.cuticle.Osi17_4
nc_GACCTTCGTTAGGAGC-1	muscle.rbm24_0
nc_GACCTTCTCAAAGGAT-1	epithelia.cuticle.cp.other_1
nc_GACCTTCTCAGATTGC-1	epithelia.tendon_5
nc_GACCTTCTCATACGAC-1	epithelia.cuticle.biosynthesis_13
nc_GACCTTCTCGCAATTG-1	muscle.rbm24_0
nc_GACGCTGAGAGCACTG-1	neuron.cholinergic_11
nc_GACGCTGAGGCGCTCT-1	fat.body_10
nc_GACGCTGCACTATGTG-1	epithelia.olfactory.support_9
nc_GACGCTGCAGCTACAT-1	glia1_8
nc_GACGCTGCATGTGGTT-1	epithelia.cuticle.cp.other_1
nc_GACGCTGGTCGCCACA-1	epithelia.cuticle.cp.other_1
nc_GACGCTGGTCGCGGTT-1	muscle.rbm24_0
nc_GACGCTGGTTATCTTC-1	fat.body_10
nc_GACGCTGTCACCGGTG-1	epithelia.cuticle.Osi16_2
nc_GACGCTGTCCACAGCG-1	epithelia.cuticle.cp.soft_3
nc_GACGCTGTCCGTATGA-1	muscle.rbm24_0
nc_GACGCTGTCGAGATGG-1	epithelia.cuticle.Osi16_2
nc_GACGCTGTCTCTATGT-1	epithelia.cuticle.biosynthesis_13
nc_GACGCTGTCTCTTCAA-1	trachea_15
nc_GACGTTAAGCACTAAA-1	epithelia.cuticle.Osi16_2
nc_GACGTTAAGCCACAAG-1	epithelia.cuticle.Osi17_4
nc_GACGTTAAGGTAGTCG-1	epithelia.tendon_5
nc_GACGTTACACCATAAC-1	epithelia.cuticle.cp.other_1
nc_GACGTTACACGCACCA-1	epithelia.cuticle.cp.other_1
nc_GACGTTAGTACTGTTG-1	epithelia.cuticle.Osi16_2
nc_GACGTTAGTATCGATC-1	epithelia.cuticle.Osi14_12
nc_GACGTTAGTCAGTCCG-1	glia1_8
nc_GACGTTAGTCCCGTGA-1	glia1_8
nc_GACGTTATCACGTCCT-1	trachea_15
nc_GACGTTATCTCCGAAA-1	epithelia.cuticle.cp.rigid_7
nc_GACTATGAGCTCGCAC-1	muscle.rbm24_0
nc_GACTATGCACACGGTC-1	epithelia.cuticle.Osi17_4
nc_GACTATGCACGCTTAA-1	muscle.rbm24_0
nc_GACTATGGTCATATGC-1	epithelia.cuticle.cp.other_1
nc_GACTATGGTTCTTAGG-1	neuroglioblast.castor_17
nc_GACTATGGTTTCACTT-1	epithelia.cuticle.Osi16_2
nc_GACTATGTCAAAGAAC-1	epithelia.cuticle.cp.other_1
nc_GACTATGTCGTAGCCG-1	neuron.cholinergic_11
nc_GACTATGTCTTGGAAC-1	epithelia.tendon_5
nc_GACTATGTCTTTCCAA-1	fat.body_10
nc_GACTATGTCTTTCTAG-1	epithelia.cuticle.cp.soft_3
nc_GACTCAAAGATGATTG-1	muscle.rbm24_0
nc_GACTCAAAGCCTTCTC-1	epithelia.cuticle.biosynthesis_13
nc_GACTCAAAGTCAACAA-1	fat.body_10
nc_GACTCAAAGTGCAGGT-1	epithelia.cuticle.Osi16_2
nc_GACTCAACACCTCTAC-1	neuroglioblast.ol_14
nc_GACTCAACAGGAGACT-1	epithelia.cuticle.Osi16_2
nc_GACTCAAGTAACACGG-1	epithelia.cuticle.Osi16_2
nc_GACTCAAGTATCGCAT-1	muscle.rbm24_0
nc_GACTCAAGTCACCGCA-1	epithelia.cuticle.Osi17_4
nc_GACTCAAGTGAGAACC-1	muscle.rbm24_0
nc_GACTCAAGTGGGTATG-1	fat.body_10
nc_GACTCAAGTTATTCCT-1	epithelia.cuticle.Osi14_12
nc_GACTCAATCGTTACCC-1	epithelia.cuticle.Osi16_2
nc_GACTCTCAGAAACTCA-1	epithelia.cuticle.cp.soft_3
nc_GACTCTCAGAGGCCAT-1	epithelia.cuticle.cp.soft_3
nc_GACTCTCAGGAAAGGT-1	neuron.cholinergic_11
nc_GACTCTCCAAAGCGTG-1	muscle.rbm24_0
nc_GACTCTCCAAGAATAC-1	epithelia.cuticle.cp.other_1
nc_GACTCTCCACCTTCGT-1	epithelia.cuticle.Osi16_2
nc_GACTCTCGTAACAGGC-1	muscle.rbm24_0
nc_GACTCTCTCATTGTGG-1	muscle.rbm24_0
nc_GACTCTCTCCGGCAAC-1	epithelia.cuticle.Osi16_2
nc_GACTGATAGATAGTGT-1	epithelia.cuticle.Osi17_4
nc_GACTGATAGCCTGTCG-1	epithelia.cuticle.Osi17_4
nc_GACTGATAGGTCCTGC-1	epithelia.cuticle.Osi16_2
nc_GACTGATAGTCGAAGC-1	neuroglioblast.ol_14
nc_GACTGATCAGCCCACA-1	epithelia.cuticle.biosynthesis_13
nc_GACTGATCATCCGCGA-1	epithelia.cuticle.cp.soft_3
nc_GACTGATGTCTTGGTA-1	glia2_18
nc_GACTGATTCACCTTGC-1	muscle.rbm24_0
nc_GACTGATTCCTCTCGA-1	epithelia.cuticle.Osi16_2
nc_GACTGATTCGATCCAA-1	epithelia.cuticle.Osi16_2
nc_GACTGATTCGATCCCT-1	epithelia.cuticle.cp.soft_3
nc_GACTTCCAGAAATTCG-1	epithelia.olfactory.support_9
nc_GACTTCCAGCATCGAG-1	epithelia.cuticle.Osi16_2
nc_GACTTCCAGCTGACCC-1	epithelia.olfactory.support_9
nc_GACTTCCCAATAGTCC-1	epithelia.cuticle.cp.other_1
nc_GACTTCCCAATCTCTT-1	trachea_15
nc_GACTTCCCACACAGCC-1	muscle.rbm24_0
nc_GACTTCCCACCCTGTT-1	epithelia.cuticle.cp.rigid_7
nc_GACTTCCCACGACGCT-1	epithelia.cuticle.cp.other_1
nc_GACTTCCCACGACTAT-1	epithelia.cuticle.cp.other_1
nc_GACTTCCCAGCCCACA-1	muscle.rbm24_0
nc_GACTTCCGTAACTTCG-1	muscle.rbm24_0
nc_GACTTCCGTAGGACCA-1	glia1_8
nc_GACTTCCGTATCTCGA-1	neuron.cholinergic_11
nc_GACTTCCGTTCTCAGA-1	muscle.rbm24_0
nc_GACTTCCTCACTCGAA-1	muscle.rbm24_0
nc_GACTTCCTCACTGGGC-1	muscle.rbm24_0
nc_GACTTCCTCCCGTGTT-1	epithelia.cuticle.Osi16_2
nc_GACTTCCTCCGCTGTT-1	fat.body_10
nc_GACTTCCTCCTCACTG-1	epithelia.cuticle.Osi14_12
nc_GACTTCCTCTCTTGCG-1	glia2_18
nc_GACTTCCTCTGCGATA-1	epithelia.cuticle.cp.other_1
nc_GAGAAATAGTTCATCG-1	epithelia.olfactory.support_9
nc_GAGAAATCACCCTTAC-1	muscle.rbm24_0
nc_GAGAAATCACTGTCGG-1	epithelia.cuticle.Osi16_2
nc_GAGAAATCAGGTCAGA-1	hemocyte_16
nc_GAGAAATCAGTCGAGA-1	epithelia.cuticle.cp.other_1
nc_GAGAAATTCACGGACC-1	epithelia.olfactory.support_9
nc_GAGAAATTCTCTGGTC-1	fat.body_10
nc_GAGACCCAGCCTCTTC-1	epithelia.olfactory.support_9
nc_GAGACCCAGGGACAGG-1	muscle.rbm24_0
nc_GAGACCCAGTAGGATT-1	epithelia.cuticle.Osi16_2
nc_GAGACCCCAAAGCTAA-1	epithelia.olfactory.support_9
nc_GAGACCCGTGACTATC-1	muscle.rbm24_0
nc_GAGACCCTCTGCGTCT-1	epithelia.cuticle.cp.soft_3
nc_GAGACCCTCTGCTGAA-1	epithelia.cuticle.cp.rigid_7
nc_GAGACTTAGAAGCGCT-1	epithelia.cuticle.Osi16_2
nc_GAGACTTAGCGGGTAT-1	epithelia.cuticle.cp.soft_3
nc_GAGACTTAGCTCTATG-1	epithelia.cuticle.Osi18_6
nc_GAGACTTAGGCGACAT-1	epithelia.cuticle.Osi14_12
nc_GAGACTTAGTGCACTT-1	muscle.rbm24_0
nc_GAGACTTCATGTTTGG-1	epithelia.cuticle.cp.other_1
nc_GAGACTTGTATGAGGC-1	epithelia.cuticle.cp.rigid_7
nc_GAGACTTGTCCGACGT-1	muscle.rbm24_0
nc_GAGACTTGTTTGAAAG-1	epithelia.cuticle.cp.soft_3
nc_GAGACTTGTTTGGAAA-1	epithelia.cuticle.Osi17_4
nc_GAGACTTTCCAAACCA-1	glia1_8
nc_GAGACTTTCGTCCATC-1	epithelia.cuticle.cp.soft_3
nc_GAGACTTTCTCATGCC-1	epithelia.cuticle.cp.other_1
nc_GAGACTTTCTGTTGGA-1	glia1_8
nc_GAGAGGTAGATAACGT-1	muscle.rbm24_0
nc_GAGAGGTCAATGCAAA-1	fat.body_10
nc_GAGAGGTCATATCGGT-1	epithelia.cuticle.Osi16_2
nc_GAGAGGTGTCCTGTCT-1	epithelia.cuticle.Osi17_4
nc_GAGAGGTGTGAGCTCC-1	epithelia.tendon_5
nc_GAGAGGTGTGGTTCTA-1	epithelia.cuticle.Osi16_2
nc_GAGAGGTTCACCGACG-1	muscle.rbm24_0
nc_GAGAGGTTCGCACGAC-1	epithelia.cuticle.Osi18_6
nc_GAGATGGAGGAGAGTA-1	epithelia.cuticle.cp.rigid_7
nc_GAGATGGAGGTAGCCA-1	epithelia.cuticle.Osi16_2
nc_GAGATGGAGTGTAGAT-1	epithelia.cuticle.cp.rigid_7
nc_GAGATGGCAAAGGGTC-1	glia1_8
nc_GAGATGGCAAGGCTTT-1	epithelia.cuticle.cp.other_1
nc_GAGATGGCACCAACAT-1	epithelia.cuticle.Osi14_12
nc_GAGATGGCAGAGACTG-1	epithelia.cuticle.Osi18_6
nc_GAGATGGGTGGAAATT-1	muscle.rbm24_0
nc_GAGATGGGTGTGTTTG-1	muscle.rbm24_0
nc_GAGATGGGTTACGTAC-1	epithelia.cuticle.cp.soft_3
nc_GAGATGGGTTCTCTAT-1	muscle.rbm24_0
nc_GAGATGGTCAACTGGT-1	muscle.rbm24_0
nc_GAGATGGTCAAGAGTA-1	glia1_8
nc_GAGATGGTCATTGTGG-1	neuroglioblast.ol_14
nc_GAGCCTGCAAGGAGTC-1	fat.body_10
nc_GAGCCTGGTCGTCATA-1	epithelia.cuticle.cp.other_1
nc_GAGCCTGGTCGTGATT-1	muscle.rbm24_0
nc_GAGCCTGGTGAGCCAA-1	secretory-ECM_21
nc_GAGCCTGTCCACCTCA-1	epithelia.cuticle.cp.soft_3
nc_GAGCCTGTCCGAGAAG-1	epithelia.cuticle.cp.rigid_7
nc_GAGCCTGTCGGCGATC-1	epithelia.olfactory.support_9
nc_GAGCTGCAGATTAGAC-1	epithelia.cuticle.cp.soft_3
nc_GAGCTGCAGATTAGCA-1	epithelia.cuticle.Osi18_6
nc_GAGCTGCAGCAAGGAA-1	muscle.rbm24_0
nc_GAGCTGCAGCCAAGCA-1	muscle.rbm24_0
nc_GAGCTGCAGGGAGGAC-1	epithelia.tendon_5
nc_GAGCTGCAGGTCATAA-1	epithelia.olfactory.support_9
nc_GAGCTGCAGTCGCCAC-1	epithelia.cuticle.cp.rigid_7
nc_GAGCTGCAGTCTTCGA-1	epithelia.cuticle.Osi18_6
nc_GAGCTGCCATTGACAC-1	hemocyte_16
nc_GAGCTGCGTACGGCAA-1	muscle.rbm24_0
nc_GAGCTGCGTCGAGTGA-1	muscle.rbm24_0
nc_GAGCTGCGTGATACCT-1	muscle.rbm24_0
nc_GAGCTGCTCACTCACC-1	epithelia.cuticle.Osi16_2
nc_GAGCTGCTCCTCTGCA-1	epithelia.cuticle.Osi16_2
nc_GAGGCAAAGCCTATCA-1	muscle.rbm24_0
nc_GAGGCAACAACTACGT-1	epithelia.cuticle.cp.soft_3
nc_GAGGCAACACCTAAAC-1	muscle.rbm24_0
nc_GAGGCAAGTACCCGAC-1	epithelia.olfactory.support_9
nc_GAGGCAAGTATTTCTC-1	muscle.rbm24_0
nc_GAGGCAAGTTATCTGG-1	epithelia.cuticle.Osi16_2
nc_GAGGCAAGTTCTTAGG-1	epithelia.cuticle.Osi14_12
nc_GAGGCCTAGAAGTATC-1	muscle.rbm24_0
nc_GAGGCCTAGCTCAGAG-1	epithelia.cuticle.cp.soft_3
nc_GAGGCCTAGGCATGGT-1	glia1_8
nc_GAGGCCTAGTAAACGT-1	muscle.rbm24_0
nc_GAGGCCTAGTAACAGT-1	neuron.cholinergic_11
nc_GAGGCCTCAAGTATAG-1	epithelia.cuticle.Osi17_4
nc_GAGGCCTCACCTGATA-1	epithelia.cuticle.Osi17_4
nc_GAGGCCTCACGCGCAT-1	glia1_8
nc_GAGGCCTCACTTCAGA-1	epithelia.cuticle.Osi18_6
nc_GAGGCCTCAGTCGGTC-1	epithelia.cuticle.cp.soft_3
nc_GAGGCCTCATCGGATT-1	epithelia.cuticle.cp.other_1
nc_GAGGCCTCATCGTCCT-1	epithelia.cuticle.Osi16_2
nc_GAGGCCTGTCATCCGG-1	epithelia.cuticle.Osi16_2
nc_GAGGCCTGTGCCTACG-1	epithelia.cuticle.Osi16_2
nc_GAGGCCTTCCTGTAGA-1	epithelia.cuticle.cp.soft_3
nc_GAGGCCTTCGCAAGAG-1	muscle.rbm24_0
nc_GAGGCCTTCTAGTGTG-1	epithelia.cuticle.Osi16_2
nc_GAGGGATAGCTTAAGA-1	epithelia.cuticle.Osi16_2
nc_GAGGGATAGTCATGAA-1	epithelia.tendon_5
nc_GAGGGATCACCGAATT-1	epithelia.cuticle.cp.other_1
nc_GAGGGATCATCGCTGG-1	muscle.rbm24_0
nc_GAGGGATGTACCTTCC-1	muscle.rbm24_0
nc_GAGGGATGTCCGGCAT-1	epithelia.cuticle.Osi16_2
nc_GAGGGATTCTCAGTCC-1	epithelia.cuticle.cp.soft_3
nc_GAGGGATTCTCGCCTA-1	epithelia.cuticle.cp.rigid_7
nc_GAGGGTAAGAAGTGTT-1	epithelia.tendon_5
nc_GAGGGTAAGCTGGCCT-1	epithelia.cuticle.Osi16_2
nc_GAGGGTAAGGGAGGAC-1	epithelia.cuticle.cp.soft_3
nc_GAGGGTAAGGTGCGAT-1	epithelia.tendon_5
nc_GAGGGTACAGCTACTA-1	neuron.chol.ciliated_20
nc_GAGGGTACAGTATGAA-1	epithelia.cuticle.cp.soft_3
nc_GAGGGTACATTGTGCA-1	hemocyte_16
nc_GAGGGTAGTCGTATGT-1	muscle.rbm24_0
nc_GAGGGTAGTGGATCGA-1	epithelia.cuticle.Osi16_2
nc_GAGGGTAGTTGGTGTT-1	muscle.rbm24_0
nc_GAGGGTATCACTACGA-1	muscle.rbm24_0
nc_GAGGGTATCGCTTGAA-1	muscle.rbm24_0
nc_GAGTCATAGAGAACCC-1	epithelia.cuticle.cp.other_1
nc_GAGTCATAGCACCTGC-1	epithelia.cuticle.cp.soft_3
nc_GAGTCATCAGCTGTTA-1	epithelia.cuticle.Osi16_2
nc_GAGTCATGTCCTGGGT-1	epithelia.cuticle.Osi16_2
nc_GAGTCATGTCTGATAC-1	neuroglioblast.castor_17
nc_GAGTCATGTGCGTGCT-1	epithelia.cuticle.Osi16_2
nc_GAGTCATGTTGCAAGG-1	epithelia.cuticle.cp.soft_3
nc_GAGTCATTCAGTGTGT-1	epithelia.cuticle.Osi18_6
nc_GAGTCATTCCCATTCG-1	glia2_18
nc_GAGTCATTCTGTCCCA-1	muscle.tup_19
nc_GAGTCTAAGAGCGACT-1	epithelia.cuticle.Osi16_2
nc_GAGTCTACAATTAGGA-1	muscle.tup_19
nc_GAGTCTACAATTGAAG-1	epithelia.tendon_5
nc_GAGTCTACAGAACTCT-1	muscle.rbm24_0
nc_GAGTCTACAGATTCGT-1	epithelia.cuticle.cp.soft_3
nc_GAGTCTACATGTGTCA-1	neuron.chol.ciliated_20
nc_GAGTCTAGTGATACTC-1	muscle.rbm24_0
nc_GAGTCTATCAGAGCAG-1	epithelia.cuticle.Osi18_6
nc_GAGTCTATCGGTCATA-1	fat.body_10
nc_GAGTCTATCGGTCTGG-1	epithelia.cuticle.cp.soft_3
nc_GAGTCTATCTGCGATA-1	neuron.cholinergic_11
nc_GAGTGAGAGACTCGAG-1	epithelia.cuticle.cp.other_1
nc_GAGTGAGAGGTGATCG-1	epithelia.cuticle.Osi17_4
nc_GAGTGAGCACACACGC-1	epithelia.cuticle.Osi14_12
nc_GAGTGAGCAGACCAGA-1	neuron.cholinergic_11
nc_GAGTGAGGTCATTCCC-1	epithelia.olfactory.support_9
nc_GAGTGAGGTGAATTGA-1	epithelia.cuticle.cp.soft_3
nc_GAGTGAGGTGGAGGTT-1	epithelia.tendon_5
nc_GAGTGTTAGAAGGGAT-1	epithelia.cuticle.cp.other_1
nc_GAGTGTTCAAAGGGCT-1	epithelia.cuticle.cp.rigid_7
nc_GAGTGTTGTGTAGGAC-1	epithelia.cuticle.cp.soft_3
nc_GAGTGTTTCATTCGTT-1	epithelia.cuticle.cp.rigid_7
nc_GAGTTACAGATAGGGA-1	epithelia.cuticle.Osi16_2
nc_GAGTTACAGATGACAT-1	muscle.rbm24_0
nc_GAGTTACAGCCAAGCA-1	epithelia.cuticle.cp.soft_3
nc_GAGTTACAGGATACAT-1	epithelia.cuticle.Osi16_2
nc_GAGTTACAGTTGGAGC-1	muscle.rbm24_0
nc_GAGTTACAGTTGTAAG-1	muscle.rbm24_0
nc_GAGTTACCAATTGCGT-1	epithelia.olfactory.support_9
nc_GAGTTACCACAAAGTA-1	epithelia.olfactory.support_9
nc_GAGTTACCACAGACGA-1	epithelia.cuticle.cp.soft_3
nc_GAGTTACCATGTTCAG-1	epithelia.cuticle.Osi16_2
nc_GAGTTACGTGGCATCC-1	muscle.rbm24_0
nc_GAGTTACTCAGGTGTT-1	neuron.cholinergic_11
nc_GAGTTACTCGTGCTCT-1	muscle.rbm24_0
nc_GAGTTGTAGAGGACTC-1	muscle.rbm24_0
nc_GAGTTGTAGCGACAGT-1	neuron.cholinergic_11
nc_GAGTTGTCACAGTATC-1	epithelia.tendon_5
nc_GAGTTGTCACCATATG-1	epithelia.tendon_5
nc_GAGTTGTCACTGCGTG-1	epithelia.cuticle.Osi16_2
nc_GAGTTGTCATACCGTA-1	epithelia.cuticle.cp.soft_3
nc_GAGTTGTCATAGCTGT-1	epithelia.cuticle.cp.soft_3
nc_GAGTTGTTCAAAGGAT-1	epithelia.cuticle.Osi14_12
nc_GAGTTGTTCCTTCGAC-1	epithelia.cuticle.Osi17_4
nc_GAGTTGTTCTTCGATT-1	muscle.rbm24_0
nc_GAGTTTGCAGTTAAAG-1	epithelia.cuticle.Osi16_2
nc_GAGTTTGGTGGAACAC-1	epithelia.cuticle.Osi18_6
nc_GAGTTTGGTGTAACGG-1	epithelia.cuticle.cp.rigid_7
nc_GAGTTTGTCATGCATG-1	epithelia.olfactory.support_9
nc_GAGTTTGTCCATCGTC-1	muscle.rbm24_0
nc_GAGTTTGTCCGTGTGG-1	epithelia.cuticle.Osi16_2
nc_GAGTTTGTCTACCCAC-1	epithelia.cuticle.cp.soft_3
nc_GAGTTTGTCTACTGAG-1	epithelia.cuticle.Osi16_2
nc_GAGTTTGTCTGACGCG-1	epithelia.cuticle.Osi18_6
nc_GATAGAAAGACAACAT-1	epithelia.cuticle.cp.soft_3
nc_GATAGAAAGATTGAGT-1	epithelia.tendon_5
nc_GATAGAAAGCACTAGG-1	muscle.rbm24_0
nc_GATAGAAAGTTCCTGA-1	epithelia.cuticle.Osi17_4
nc_GATAGAACAACTCCAA-1	muscle.rbm24_0
nc_GATAGAACAGAGCTAG-1	epithelia.cuticle.cp.soft_3
nc_GATAGAACAGTATACC-1	muscle.rbm24_0
nc_GATAGAACAGTCGCAC-1	epithelia.cuticle.cp.other_1
nc_GATAGAAGTAACGTTC-1	muscle.rbm24_0
nc_GATAGAAGTCGCTGCA-1	muscle.rbm24_0
nc_GATAGAAGTCTTCTAT-1	epithelia.cuticle.cp.rigid_7
nc_GATAGAATCCGATAGT-1	epithelia.cuticle.Osi16_2
nc_GATAGAATCGGCATAT-1	fat.body_10
nc_GATAGAATCTAACACG-1	trachea_15
nc_GATAGCTAGAAAGCGA-1	epithelia.cuticle.Osi16_2
nc_GATAGCTAGAGTAACT-1	epithelia.tendon_5
nc_GATAGCTAGGGTGAAA-1	muscle.rbm24_0
nc_GATAGCTAGTTCCAGT-1	muscle.rbm24_0
nc_GATAGCTAGTTGCATC-1	neuron.cholinergic_11
nc_GATAGCTCACAACGCC-1	epithelia.cuticle.Osi16_2
nc_GATAGCTCAGCCATTA-1	epithelia.tendon_5
nc_GATAGCTCAGGCCCTA-1	epithelia.cuticle.Osi16_2
nc_GATAGCTTCAGAGTTC-1	epithelia.cuticle.cp.other_1
nc_GATAGCTTCCCATACC-1	epithelia.cuticle.Osi18_6
nc_GATCACAAGGCCACTC-1	glia1_8
nc_GATCACAAGGGAGATA-1	epithelia.cuticle.Osi17_4
nc_GATCACAAGGGATCTG-1	epithelia.cuticle.Osi18_6
nc_GATCACAAGGTCATAA-1	muscle.rbm24_0
nc_GATCACAAGTAGTGCG-1	neuroglioblast.castor_17
nc_GATCACAAGTCAGCGA-1	muscle.rbm24_0
nc_GATCACAAGTGCACCC-1	epithelia.cuticle.Osi14_12
nc_GATCACACAGTGTATC-1	epithelia.tendon_5
nc_GATCACAGTAGACAGC-1	muscle.rbm24_0
nc_GATCACAGTAGTCGGA-1	epithelia.cuticle.Osi16_2
nc_GATCACAGTTGCCTAA-1	hemocyte_16
nc_GATCACATCTAGCAAC-1	muscle.rbm24_0
nc_GATCAGTAGAACAAGG-1	epithelia.cuticle.cp.rigid_7
nc_GATCAGTAGACGGTTG-1	neuroglioblast.ol_14
nc_GATCAGTAGAGTTGCG-1	epithelia.tendon_5
nc_GATCAGTAGGAGTATT-1	muscle.rbm24_0
nc_GATCAGTAGTGATAAC-1	epithelia.cuticle.cp.other_1
nc_GATCAGTAGTTCATGC-1	muscle.rbm24_0
nc_GATCAGTCAAATTGCC-1	epithelia.cuticle.Osi17_4
nc_GATCAGTCAGAGTCAG-1	muscle.rbm24_0
nc_GATCAGTCAGCTCTGG-1	epithelia.cuticle.cp.soft_3
nc_GATCAGTGTCTAGATC-1	muscle.rbm24_0
nc_GATCAGTTCACATCAG-1	neuron.chol.ciliated_20
nc_GATCAGTTCACTAGCA-1	muscle.rbm24_0
nc_GATCAGTTCAGGAACG-1	epithelia.cuticle.cp.other_1
nc_GATCAGTTCCCAGGAC-1	epithelia.cuticle.Osi14_12
nc_GATCATGAGCAACAGC-1	muscle.rbm24_0
nc_GATCATGAGCTCGGCT-1	epithelia.cuticle.Osi16_2
nc_GATCATGAGGGATCAC-1	epithelia.cuticle.cp.other_1
nc_GATCATGAGTACTGTC-1	epithelia.cuticle.Osi17_4
nc_GATCATGAGTCTAACC-1	epithelia.cuticle.cp.soft_3
nc_GATCATGCAAAGTATG-1	muscle.rbm24_0
nc_GATCATGCAACGGCCT-1	epithelia.cuticle.cp.other_1
nc_GATCATGGTATCGATC-1	epithelia.olfactory.support_9
nc_GATCATGGTGCCTATA-1	epithelia.cuticle.cp.other_1
nc_GATCATGTCCACGTAA-1	glia1_8
nc_GATCATGTCGTCAACA-1	epithelia.cuticle.cp.other_1
nc_GATCCCTAGAAGTGTT-1	epithelia.cuticle.cp.other_1
nc_GATCCCTAGCTCGGCT-1	epithelia.cuticle.Osi17_4
nc_GATCCCTAGGTACTGG-1	epithelia.cuticle.Osi16_2
nc_GATCCCTAGTATGGAT-1	epithelia.tendon_5
nc_GATCCCTAGTCACACT-1	neuroglioblast.ol_14
nc_GATCCCTAGTCCTGCG-1	glia1_8
nc_GATCCCTCAAAGGGTC-1	epithelia.cuticle.cp.rigid_7
nc_GATCCCTGTCCTCCTA-1	muscle.rbm24_0
nc_GATCCCTGTCGGTGAA-1	epithelia.cuticle.Osi16_2
nc_GATCCCTTCACTACTT-1	epithelia.cuticle.cp.rigid_7
nc_GATCCCTTCGATACGT-1	epithelia.cuticle.cp.soft_3
nc_GATCCCTTCTTAATCC-1	muscle.rbm24_0
nc_GATCGTAAGGCTCAAG-1	muscle.rbm24_0
nc_GATCGTAAGTGTTGTC-1	epithelia.cuticle.cp.soft_3
nc_GATCGTACAAGATGTA-1	trachea_15
nc_GATCGTAGTACAGTTC-1	trachea_15
nc_GATCGTAGTACGGTTT-1	epithelia.tendon_5
nc_GATCGTAGTAGAATAC-1	epithelia.olfactory.support_9
nc_GATCGTAGTGCCGGTT-1	epithelia.cuticle.Osi14_12
nc_GATCGTATCATTTCGT-1	muscle.rbm24_0
nc_GATCGTATCCACGAAT-1	muscle.rbm24_0
nc_GATCGTATCCTTATAC-1	muscle.rbm24_0
nc_GATCGTATCTACTCAT-1	fat.body_10
nc_GATCGTATCTCGGCTT-1	trachea_15
nc_GATGACTAGGTAGGCT-1	epithelia.cuticle.cp.other_1
nc_GATGACTAGTAAGACT-1	muscle.rbm24_0
nc_GATGACTCAATCGTCA-1	epithelia.cuticle.Osi18_6
nc_GATGACTCAGTAACGG-1	glia1_8
nc_GATGACTCAGTAGTGG-1	muscle.rbm24_0
nc_GATGACTCATAAGATG-1	muscle.rbm24_0
nc_GATGACTGTAGGCAAC-1	epithelia.cuticle.Osi16_2
nc_GATGACTGTGTAAACA-1	muscle.rbm24_0
nc_GATGACTGTTAATCGC-1	glia2_18
nc_GATGAGGAGAATCTAG-1	muscle.rbm24_0
nc_GATGAGGAGCGCCCAT-1	epithelia.cuticle.Osi16_2
nc_GATGAGGAGGTCGACA-1	epithelia.tendon_5
nc_GATGAGGCAACACGTT-1	muscle.tup_19
nc_GATGAGGCAAGACTGG-1	epithelia.cuticle.biosynthesis_13
nc_GATGAGGCACCGCTGA-1	epithelia.cuticle.biosynthesis_13
nc_GATGAGGCATAGATCC-1	muscle.rbm24_0
nc_GATGAGGGTACAGAAT-1	epithelia.cuticle.Osi17_4
nc_GATGAGGGTCGGATTT-1	muscle.rbm24_0
nc_GATGAGGTCCCTCTAG-1	epithelia.cuticle.cp.other_1
nc_GATGAGGTCCGTAGTA-1	epithelia.cuticle.Osi17_4
nc_GATGAGGTCTCTTGCG-1	hemocyte_16
nc_GATGATCAGATGGCGT-1	epithelia.cuticle.cp.other_1
nc_GATGATCAGCTGCCAC-1	epithelia.cuticle.Osi16_2
nc_GATGATCAGGCATTTC-1	epithelia.cuticle.cp.other_1
nc_GATGATCCAAAGCGTG-1	muscle.rbm24_0
nc_GATGATCCAACGTTAC-1	epithelia.cuticle.Osi16_2
nc_GATGATCCAAGTCATC-1	epithelia.cuticle.Osi17_4
nc_GATGATCCAATTTCCT-1	muscle.rbm24_0
nc_GATGATCCAGGCTACC-1	epithelia.cuticle.cp.other_1
nc_GATGATCGTGGGTATG-1	epithelia.cuticle.cp.other_1
nc_GATGATCGTTACGTAC-1	muscle.rbm24_0
nc_GATGATCGTTGTAAAG-1	epithelia.tendon_5
nc_GATGATCGTTTCGCTC-1	epithelia.cuticle.cp.other_1
nc_GATGATCTCGCTATTT-1	epithelia.cuticle.cp.rigid_7
nc_GATGATCTCTGAACGT-1	muscle.rbm24_0
nc_GATGATCTCTGCGATA-1	epithelia.cuticle.Osi17_4
nc_GATGATCTCTTGGATG-1	epithelia.tendon_5
nc_GATGCTAAGCATGCGA-1	epithelia.cuticle.Osi18_6
nc_GATGCTAAGCTCATAC-1	epithelia.tendon_5
nc_GATGCTAAGGTTATAG-1	epithelia.cuticle.Osi16_2
nc_GATGCTAAGTTGCTCA-1	epithelia.cuticle.Osi14_12
nc_GATGCTACACTGATTG-1	epithelia.tendon_5
nc_GATGCTACATCCGCGA-1	epithelia.cuticle.Osi16_2
nc_GATGCTACATCCTCAC-1	epithelia.cuticle.cp.rigid_7
nc_GATGCTAGTCCGGACT-1	muscle.rbm24_0
nc_GATGCTAGTCGCAACC-1	epithelia.cuticle.Osi14_12
nc_GATGCTAGTGGTTTAC-1	muscle.rbm24_0
nc_GATGCTAGTTCTCCTG-1	epithelia.cuticle.cp.soft_3
nc_GATGCTAGTTGCGAAG-1	epithelia.cuticle.Osi17_4
nc_GATGCTATCAGTGTGT-1	epithelia.cuticle.Osi16_2
nc_GATGCTATCATGAGGG-1	gland.corpora-allata_22
nc_GATGCTATCGCGTGCA-1	epithelia.cuticle.Osi16_2
nc_GATGGAGAGGCACTAG-1	epithelia.tendon_5
nc_GATGGAGAGTAGATCA-1	muscle.rbm24_0
nc_GATGGAGCAACCAATC-1	glia1_8
nc_GATGGAGCAATCCTTT-1	epithelia.tendon_5
nc_GATGGAGCAATGTTGC-1	epithelia.cuticle.Osi16_2
nc_GATGGAGCACCTCTAC-1	epithelia.cuticle.Osi17_4
nc_GATGGAGGTCCCTAAA-1	muscle.rbm24_0
nc_GATGGAGGTCGAACGA-1	fat.body_10
nc_GATGGAGGTTTGGAGG-1	fat.body_10
nc_GATGGAGTCTGATGGT-1	muscle.rbm24_0
nc_GATGGAGTCTTACCAT-1	muscle.rbm24_0
nc_GATGTTGAGCATGTTC-1	muscle.rbm24_0
nc_GATGTTGAGCCGATTT-1	muscle.rbm24_0
nc_GATGTTGAGTCACAGG-1	muscle.rbm24_0
nc_GATGTTGAGTTGCGCC-1	muscle.rbm24_0
nc_GATGTTGCAACACAGG-1	muscle.rbm24_0
nc_GATGTTGCAACTCGTA-1	epithelia.cuticle.cp.other_1
nc_GATGTTGCATTGAGGG-1	epithelia.olfactory.support_9
nc_GATGTTGGTCTGTAAC-1	muscle.rbm24_0
nc_GATGTTGGTCTGTCAA-1	muscle.rbm24_0
nc_GATGTTGGTGAGTTGG-1	glia2_18
nc_GATGTTGTCCCATACC-1	epithelia.cuticle.cp.other_1
nc_GATGTTGTCCGCAGTG-1	epithelia.cuticle.Osi16_2
nc_GATGTTGTCCTCACCA-1	epithelia.cuticle.cp.soft_3
nc_GATTCGAAGATTCGCT-1	neuroglioblast.ol_14
nc_GATTCGAAGCTAGCCC-1	muscle.rbm24_0
nc_GATTCGAAGGCATCGA-1	epithelia.cuticle.Osi16_2
nc_GATTCGAGTCATGGCC-1	gland.corpora-allata_22
nc_GATTCGATCGTACCTC-1	epithelia.cuticle.cp.other_1
nc_GATTCGATCGTTTACT-1	epithelia.cuticle.Osi16_2
nc_GATTCGATCTAGTACG-1	fat.body_10
nc_GATTCGATCTCCTGAC-1	muscle.rbm24_0
nc_GATTCGATCTTAAGGC-1	muscle.rbm24_0
nc_GATTCTTAGATGGGCT-1	muscle.rbm24_0
nc_GATTCTTAGCCTCTCT-1	muscle.rbm24_0
nc_GATTCTTAGCGAGTAC-1	epithelia.tendon_5
nc_GATTCTTCAACCGCCA-1	epithelia.cuticle.Osi16_2
nc_GATTCTTCACCAGGTC-1	epithelia.cuticle.Osi18_6
nc_GATTCTTCAGAACTTC-1	muscle.rbm24_0
nc_GATTCTTCATATAGCC-1	muscle.rbm24_0
nc_GATTCTTGTTGCCGAC-1	muscle.tup_19
nc_GATTCTTGTTTCGCTC-1	epithelia.cuticle.cp.other_1
nc_GATTCTTTCAGTAGGG-1	epithelia.cuticle.cp.other_1
nc_GATTCTTTCAGTGATC-1	epithelia.cuticle.Osi16_2
nc_GATTCTTTCGTCCTTG-1	fat.body_10
nc_GATTCTTTCTCTAAGG-1	neuron.cholinergic_11
nc_GATTGGTAGACATATG-1	epithelia.tendon_5
nc_GATTGGTAGCCATCCG-1	muscle.rbm24_0
nc_GATTGGTAGCTAAACA-1	hemocyte_16
nc_GATTGGTAGGCATCAG-1	epithelia.cuticle.Osi16_2
nc_GATTGGTAGGGCCAAT-1	neuroglioblast.ol_14
nc_GATTGGTAGTAGACAT-1	hemocyte_16
nc_GATTGGTGTATGTCTG-1	epithelia.cuticle.Osi16_2
nc_GATTGGTGTCACAGTT-1	epithelia.cuticle.Osi16_2
nc_GATTGGTGTCATCAGT-1	muscle.rbm24_0
nc_GATTGGTTCCCATTTA-1	epithelia.cuticle.Osi17_4
nc_GATTGGTTCCTTGAAG-1	epithelia.olfactory.support_9
nc_GATTGGTTCGTCAAAC-1	epithelia.cuticle.Osi17_4
nc_GATTTCTAGATGCTGG-1	muscle.rbm24_0
nc_GATTTCTAGGGTCTTT-1	epithelia.cuticle.Osi14_12
nc_GATTTCTAGTCCTGCG-1	epithelia.cuticle.Osi17_4
nc_GATTTCTAGTGGTTAA-1	epithelia.cuticle.Osi17_4
nc_GATTTCTAGTTTCGAC-1	epithelia.cuticle.biosynthesis_13
nc_GATTTCTCATTGTACG-1	epithelia.cuticle.cp.soft_3
nc_GATTTCTGTAGATCGG-1	epithelia.tendon_5
nc_GATTTCTGTTGACGGA-1	epithelia.cuticle.Osi16_2
nc_GATTTCTTCATGCCGG-1	epithelia.cuticle.cp.soft_3
nc_GATTTCTTCTACAGGT-1	muscle.rbm24_0
nc_GATTTCTTCTTCACGC-1	muscle.rbm24_0
nc_GCAACATAGCGGGTAT-1	epithelia.cuticle.cp.soft_3
nc_GCAACATAGTCTAACC-1	epithelia.cuticle.Osi16_2
nc_GCAACATGTCCACGCA-1	epithelia.cuticle.cp.other_1
nc_GCAACATTCCCGTGAG-1	glia1_8
nc_GCAACATTCTACACTT-1	epithelia.cuticle.cp.other_1
nc_GCAACATTCTCTTGCG-1	epithelia.tendon_5
nc_GCAACCGAGTCCGTCG-1	muscle.rbm24_0
nc_GCAACCGCAGGTTCCG-1	muscle.rbm24_0
nc_GCAACCGCAGTCAACT-1	epithelia.tendon_5
nc_GCAACCGGTACAGAAT-1	epithelia.tendon_5
nc_GCAACCGGTATATGGA-1	muscle.rbm24_0
nc_GCAACCGGTGCCAAGA-1	muscle.rbm24_0
nc_GCACATAAGCACTAGG-1	muscle.rbm24_0
nc_GCACATAAGGTCGTAG-1	epithelia.cuticle.cp.rigid_7
nc_GCACATACAAGAGGTC-1	epithelia.cuticle.Osi16_2
nc_GCACATACAGCATACT-1	epithelia.tendon_5
nc_GCACATACATATTCGG-1	epithelia.cuticle.cp.soft_3
nc_GCACATAGTACACGCC-1	epithelia.cuticle.cp.soft_3
nc_GCACATAGTACATACC-1	epithelia.cuticle.Osi16_2
nc_GCACATAGTATGACAA-1	epithelia.cuticle.Osi16_2
nc_GCACATAGTCGCCTAG-1	epithelia.cuticle.Osi17_4
nc_GCACATAGTCTACTGA-1	epithelia.cuticle.Osi17_4
nc_GCACATAGTTCTCGCT-1	epithelia.olfactory.support_9
nc_GCACATAGTTGTCATG-1	epithelia.cuticle.cp.other_1
nc_GCACATATCGTCCATC-1	epithelia.cuticle.cp.other_1
nc_GCACATATCTTCTGTA-1	muscle.rbm24_0
nc_GCACGGTAGAATCGCG-1	epithelia.tendon_5
nc_GCACGGTAGACTGTTC-1	epithelia.cuticle.cp.other_1
nc_GCACGGTAGCATCGAG-1	muscle.rbm24_0
nc_GCACGGTAGCTGTACT-1	epithelia.cuticle.cp.soft_3
nc_GCACGGTAGGGTGGGA-1	muscle.rbm24_0
nc_GCACGGTAGGTCCTGC-1	epithelia.cuticle.Osi16_2
nc_GCACGGTCACACGGTC-1	epithelia.cuticle.cp.rigid_7
nc_GCACGGTCAGAGTCAG-1	epithelia.cuticle.Osi16_2
nc_GCACGGTCAGTGCCTG-1	neuron.cholinergic_11
nc_GCACGGTGTAGACTGG-1	epithelia.cuticle.Osi17_4
nc_GCACGGTGTCAACATC-1	muscle.rbm24_0
nc_GCACGGTGTCCTACGG-1	epithelia.cuticle.cp.soft_3
nc_GCACGGTGTTCTCCTG-1	epithelia.olfactory.support_9
nc_GCACGGTGTTGACTAC-1	fat.body_10
nc_GCACGGTTCACTGGTA-1	epithelia.cuticle.cp.other_1
nc_GCACGGTTCGACATTG-1	muscle.rbm24_0
nc_GCACGTGAGCGTCTGC-1	epithelia.cuticle.cp.other_1
nc_GCACGTGAGCTGAGCA-1	epithelia.tendon_5
nc_GCACGTGAGTAAACAC-1	epithelia.cuticle.Osi14_12
nc_GCACGTGCAAATAAGC-1	muscle.rbm24_0
nc_GCACGTGCATAAGCGG-1	hemocyte_16
nc_GCACGTGGTAAGCTCT-1	epithelia.cuticle.cp.soft_3
nc_GCACGTGGTACGGGAT-1	neuroglioblast.castor_17
nc_GCACGTGGTCCACTTC-1	epithelia.cuticle.Osi16_2
nc_GCACGTGGTTCGAAGG-1	muscle.rbm24_0
nc_GCACGTGGTTCTATCT-1	epithelia.cuticle.Osi17_4
nc_GCACGTGTCCGCCTAT-1	epithelia.cuticle.Osi17_4
nc_GCACGTGTCGGTCTAA-1	glia1_8
nc_GCACTAAAGACCTCAT-1	muscle.rbm24_0
nc_GCACTAAAGATTAGAC-1	trachea_15
nc_GCACTAAAGGAGAATG-1	epithelia.cuticle.Osi17_4
nc_GCACTAACAGCTCCTT-1	muscle.tup_19
nc_GCACTAACATACACCA-1	muscle.tup_19
nc_GCACTAAGTCGCATTA-1	epithelia.cuticle.Osi17_4
nc_GCACTAATCGAGTCCG-1	epithelia.olfactory.support_9
nc_GCAGCCAAGATTAGTG-1	epithelia.cuticle.Osi16_2
nc_GCAGCCAAGGTGCTGA-1	epithelia.cuticle.cp.soft_3
nc_GCAGCCAAGTAGCCAG-1	gland.corpora-allata_22
nc_GCAGCCACAAACGGCA-1	epithelia.cuticle.Osi17_4
nc_GCAGCCACACGTACAT-1	epithelia.cuticle.Osi14_12
nc_GCAGCCACATGTCAGT-1	neuroglioblast.ol_14
nc_GCAGCCAGTAGCGCTC-1	muscle.rbm24_0
nc_GCAGCCAGTGTATTCG-1	epithelia.cuticle.cp.other_1
nc_GCAGCCAGTTGGAGGT-1	epithelia.cuticle.Osi16_2
nc_GCAGCCAGTTTGGCTA-1	epithelia.cuticle.Osi17_4
nc_GCAGCCATCTCCGCAT-1	glia1_8
nc_GCAGCCATCTTGAACG-1	glia1_8
nc_GCAGCTGAGCAAATGT-1	epithelia.cuticle.cp.other_1
nc_GCAGCTGAGCATACTC-1	epithelia.cuticle.Osi16_2
nc_GCAGCTGAGTGCTACT-1	epithelia.cuticle.cp.other_1
nc_GCAGCTGCAAACTCGT-1	muscle.rbm24_0
nc_GCAGCTGCAACTCATG-1	epithelia.cuticle.Osi17_4
nc_GCAGCTGCAAGGAGTC-1	epithelia.tendon_5
nc_GCAGCTGCACAGAGCA-1	glia2_18
nc_GCAGCTGCACGCTTAA-1	muscle.rbm24_0
nc_GCAGCTGCAGCGGTTC-1	muscle.rbm24_0
nc_GCAGCTGCAGGATCTT-1	muscle.rbm24_0
nc_GCAGCTGCATAACCCA-1	muscle.rbm24_0
nc_GCAGCTGCATTCATCT-1	muscle.rbm24_0
nc_GCAGCTGGTAACGATA-1	muscle.rbm24_0
nc_GCAGCTGTCCAGCCTT-1	neuron.cholinergic_11
nc_GCAGCTGTCGACATTG-1	muscle.rbm24_0
nc_GCAGCTGTCTGAATCG-1	epithelia.cuticle.cp.soft_3
nc_GCAGGCTAGACAACTA-1	epithelia.cuticle.Osi16_2
nc_GCAGGCTAGGAAAGTG-1	glia2_18
nc_GCAGGCTCAACAGAGC-1	trachea_15
nc_GCAGGCTCAGCTTTCC-1	epithelia.tendon_5
nc_GCAGGCTCAGGACGAT-1	epithelia.olfactory.support_9
nc_GCAGGCTGTAGGCAGT-1	epithelia.cuticle.Osi17_4
nc_GCAGGCTGTGCAGATG-1	epithelia.cuticle.Osi16_2
nc_GCAGGCTGTTCTGAGT-1	muscle.rbm24_0
nc_GCAGGCTTCAGTCCGG-1	trachea_15
nc_GCAGGCTTCGAGAAGC-1	epithelia.cuticle.Osi16_2
nc_GCAGGCTTCTGGAGAG-1	epithelia.cuticle.cp.other_1
nc_GCAGTTAAGAGCCGTA-1	epithelia.cuticle.Osi17_4
nc_GCAGTTAAGGCCTTGC-1	trachea_15
nc_GCAGTTAAGTATAACG-1	epithelia.cuticle.Osi16_2
nc_GCAGTTAAGTGTCATC-1	epithelia.cuticle.Osi16_2
nc_GCAGTTACACTTGTGA-1	epithelia.tendon_5
nc_GCAGTTACAGCCGGTT-1	epithelia.cuticle.Osi17_4
nc_GCAGTTACATCTCAAG-1	muscle.rbm24_0
nc_GCAGTTACATCTTAGG-1	epithelia.tendon_5
nc_GCAGTTACATTCAGGT-1	epithelia.tendon_5
nc_GCAGTTAGTGGATGAC-1	muscle.rbm24_0
nc_GCAGTTATCATTCGGA-1	muscle.rbm24_0
nc_GCAGTTATCCCTCTTT-1	epithelia.cuticle.cp.soft_3
nc_GCAGTTATCTCCCAAC-1	fat.body_10
nc_GCAGTTATCTCGGGAC-1	epithelia.cuticle.cp.soft_3
nc_GCATCGGAGAGTAACT-1	epithelia.cuticle.Osi17_4
nc_GCATCGGAGGAGGTTC-1	trachea_15
nc_GCATCGGCATCTCGTC-1	epithelia.cuticle.Osi16_2
nc_GCATCGGGTTGCATTG-1	epithelia.cuticle.cp.other_1
nc_GCATCGGTCACCACAA-1	epithelia.cuticle.cp.rigid_7
nc_GCATCGGTCCCAACTC-1	epithelia.cuticle.Osi16_2
nc_GCATCTCAGACCATTC-1	epithelia.cuticle.Osi14_12
nc_GCATCTCAGCCTATTG-1	epithelia.olfactory.support_9
nc_GCATCTCAGTGGTTAA-1	epithelia.tendon_5
nc_GCATCTCGTAACATAG-1	epithelia.olfactory.support_9
nc_GCATCTCGTCCCGCAA-1	muscle.rbm24_0
nc_GCATCTCGTCGCCTAG-1	epithelia.cuticle.cp.soft_3
nc_GCATCTCGTGAATGAT-1	epithelia.tendon_5
nc_GCATCTCGTGGCTTGC-1	muscle.rbm24_0
nc_GCATCTCGTTTACACG-1	fat.body_10
nc_GCATCTCTCAGGAACG-1	epithelia.cuticle.cp.soft_3
nc_GCATCTCTCGGAAACG-1	glia1_8
nc_GCATCTCTCTGACAGT-1	muscle.rbm24_0
nc_GCATGATAGAATTCAG-1	epithelia.cuticle.cp.soft_3
nc_GCATGATAGCCAAGGT-1	epithelia.olfactory.support_9
nc_GCATGATAGCTGTCCG-1	epithelia.cuticle.Osi16_2
nc_GCATGATCACCATTCC-1	muscle.rbm24_0
nc_GCATGATGTCAGACGA-1	trachea_15
nc_GCATGATGTCGTTCAA-1	muscle.rbm24_0
nc_GCATGATGTGAATGAT-1	muscle.rbm24_0
nc_GCATGATGTGTCATTG-1	muscle.rbm24_0
nc_GCATGATGTTACGATC-1	epithelia.cuticle.Osi17_4
nc_GCATGATGTTCCAAAC-1	glia2_18
nc_GCATGATTCACTGTTT-1	epithelia.cuticle.Osi18_6
nc_GCATGATTCCACCTCA-1	epithelia.cuticle.cp.soft_3
nc_GCATGATTCCGAGGCT-1	muscle.rbm24_0
nc_GCATGATTCGCAGTTA-1	muscle.rbm24_0
nc_GCATGATTCGCTTAAG-1	muscle.rbm24_0
nc_GCATTAGAGACCATGG-1	neuroglioblast.ol_14
nc_GCATTAGAGCCGCTTG-1	epithelia.cuticle.cp.other_1
nc_GCATTAGCACAAGCAG-1	muscle.rbm24_0
nc_GCATTAGCACACAGAG-1	neuron.chol.ciliated_20
nc_GCATTAGCAGCGATTT-1	epithelia.cuticle.Osi16_2
nc_GCATTAGCAGTTAAAG-1	muscle.rbm24_0
nc_GCATTAGCATTGGCAT-1	epithelia.cuticle.Osi16_2
nc_GCATTAGGTACTGTTG-1	muscle.rbm24_0
nc_GCATTAGGTTGCCGAC-1	muscle.rbm24_0
nc_GCATTAGTCCCGTTGT-1	epithelia.olfactory.support_9
nc_GCATTAGTCGTAGTCA-1	glia2_18
nc_GCATTAGTCTAGTTCT-1	epithelia.tendon_5
nc_GCCAACGAGAGAGAAC-1	epithelia.cuticle.Osi17_4
nc_GCCAACGAGTCCTGCG-1	muscle.rbm24_0
nc_GCCAACGAGTGTTCAC-1	epithelia.cuticle.cp.other_1
nc_GCCAACGCACGCTTAA-1	epithelia.cuticle.Osi16_2
nc_GCCAACGCAGGCAATG-1	epithelia.cuticle.Osi17_4
nc_GCCAACGCATACCGTA-1	epithelia.cuticle.Osi14_12
nc_GCCAACGGTCAATCTG-1	fat.body_10
nc_GCCAACGTCCGACATA-1	muscle.rbm24_0
nc_GCCAGCAAGACAGCGT-1	muscle.rbm24_0
nc_GCCAGCAAGCCTATTG-1	epithelia.cuticle.Osi17_4
nc_GCCAGCAAGGAGATAG-1	epithelia.cuticle.cp.other_1
nc_GCCAGCACAACGGGTA-1	epithelia.tendon_5
nc_GCCAGCACAAGACTGG-1	neuron.cholinergic_11
nc_GCCAGCACAGCACACC-1	muscle.rbm24_0
nc_GCCAGCACATCGAGCC-1	muscle.rbm24_0
nc_GCCAGCACATTCAGCA-1	neuroglioblast.ol_14
nc_GCCAGCAGTCGTTCAA-1	epithelia.cuticle.Osi16_2
nc_GCCAGCATCGCTCTCA-1	epithelia.cuticle.cp.soft_3
nc_GCCAGGTAGGAAAGAC-1	epithelia.cuticle.cp.other_1
nc_GCCAGGTAGTACTCGT-1	muscle.rbm24_0
nc_GCCAGGTCACCTGCAG-1	epithelia.cuticle.Osi16_2
nc_GCCAGGTCAGGCACTC-1	muscle.rbm24_0
nc_GCCAGGTGTAATGCGG-1	epithelia.cuticle.cp.rigid_7
nc_GCCAGGTGTTGATCGT-1	epithelia.olfactory.support_9
nc_GCCAGGTTCCTCTAGC-1	epithelia.cuticle.cp.soft_3
nc_GCCAGGTTCTACACTT-1	epithelia.cuticle.Osi16_2
nc_GCCAGTGAGAAACACT-1	epithelia.cuticle.cp.other_1
nc_GCCAGTGAGAGTTCGG-1	epithelia.tendon_5
nc_GCCAGTGAGCACCAGA-1	epithelia.tendon_5
nc_GCCAGTGAGGAAAGTG-1	muscle.rbm24_0
nc_GCCAGTGAGGATTACA-1	muscle.rbm24_0
nc_GCCAGTGAGGTGAGAA-1	epithelia.cuticle.Osi17_4
nc_GCCAGTGAGTGTCATC-1	epithelia.cuticle.cp.soft_3
nc_GCCAGTGCAATCTCTT-1	neuron.cholinergic_11
nc_GCCAGTGCATTGGATC-1	epithelia.cuticle.cp.soft_3
nc_GCCAGTGTCAAACCCA-1	epithelia.cuticle.Osi16_2
nc_GCCAGTGTCGTCGACG-1	epithelia.tendon_5
nc_GCCATGGAGCATGAAT-1	epithelia.cuticle.cp.other_1
nc_GCCATGGAGGCATCTT-1	epithelia.cuticle.Osi17_4
nc_GCCATGGAGTTGCCTA-1	epithelia.cuticle.cp.soft_3
nc_GCCATGGCACCTTCCA-1	epithelia.cuticle.Osi16_2
nc_GCCATGGCACTCCTTG-1	epithelia.cuticle.cp.soft_3
nc_GCCATGGCACTTCATT-1	epithelia.cuticle.cp.soft_3
nc_GCCATGGCAGATACTC-1	epithelia.cuticle.cp.soft_3
nc_GCCATGGCATATCTCT-1	epithelia.olfactory.support_9
nc_GCCATGGCATCTCAAG-1	neuroglioblast.ol_14
nc_GCCATGGCATGTGTCA-1	muscle.rbm24_0
nc_GCCATGGGTAAGATAC-1	muscle.rbm24_0
nc_GCCATGGGTCTGTGTA-1	epithelia.cuticle.Osi16_2
nc_GCCATGGTCTAGCCTC-1	epithelia.olfactory.support_9
nc_GCCATTCAGCTTCTAG-1	muscle.rbm24_0
nc_GCCATTCAGGACGCAT-1	trachea_15
nc_GCCATTCCATTAGGCT-1	muscle.rbm24_0
nc_GCCATTCCATTATGCG-1	neuron.cholinergic_11
nc_GCCATTCGTAATTAGG-1	epithelia.cuticle.cp.soft_3
nc_GCCATTCGTACAGGTG-1	muscle.rbm24_0
nc_GCCATTCGTTCATCGA-1	muscle.rbm24_0
nc_GCCATTCGTTTCGCTC-1	epithelia.cuticle.Osi18_6
nc_GCCATTCTCATTCATC-1	muscle.rbm24_0
nc_GCCATTCTCATTGTGG-1	gland.corpora-allata_22
nc_GCCATTCTCGCATGAT-1	muscle.rbm24_0
nc_GCCATTCTCGGTCGGT-1	neuroglioblast.castor_17
nc_GCCATTCTCGTCTACC-1	neuroglioblast.castor_17
nc_GCCCAGAAGGGTCACA-1	epithelia.cuticle.cp.soft_3
nc_GCCCAGACACCGTGAC-1	epithelia.cuticle.Osi17_4
nc_GCCCAGACATCTGCGG-1	epithelia.cuticle.biosynthesis_13
nc_GCCCAGAGTATCCCTC-1	epithelia.cuticle.Osi17_4
nc_GCCCAGAGTATGAGAT-1	muscle.rbm24_0
nc_GCCCAGAGTCACTCAA-1	epithelia.cuticle.Osi16_2
nc_GCCCAGATCACAAGAA-1	muscle.rbm24_0
nc_GCCCAGATCCCTCTTT-1	glia2_18
nc_GCCCAGATCTCTATAC-1	muscle.rbm24_0
nc_GCCCGAAAGCCAAGCA-1	epithelia.cuticle.Osi16_2
nc_GCCCGAAAGTTGCTGT-1	epithelia.cuticle.Osi17_4
nc_GCCCGAACACAAATCC-1	epithelia.cuticle.cp.soft_3
nc_GCCCGAACACTAACGT-1	neuron.cholinergic_11
nc_GCCCGAACAGAAGCTG-1	neuron.cholinergic_11
nc_GCCCGAACATTGTACG-1	trachea_15
nc_GCCCGAATCACCACAA-1	epithelia.tendon_5
nc_GCCCGAATCATCGCAA-1	epithelia.cuticle.cp.soft_3
nc_GCCCGAATCATGCCCT-1	glia1_8
nc_GCCCGAATCGGACTTA-1	trachea_15
nc_GCCCGAATCTAAACGC-1	epithelia.cuticle.Osi16_2
nc_GCCGATGAGCGTATAA-1	epithelia.olfactory.support_9
nc_GCCGATGAGTGTTCAC-1	epithelia.cuticle.Osi17_4
nc_GCCGATGCACTCTAGA-1	muscle.rbm24_0
nc_GCCGATGGTCTACGAT-1	muscle.tup_19
nc_GCCGATGGTCTTAGTG-1	muscle.rbm24_0
nc_GCCGATGTCAAGAGGC-1	muscle.rbm24_0
nc_GCCGATGTCATACGAC-1	epithelia.cuticle.Osi16_2
nc_GCCGATGTCTACGGTA-1	epithelia.cuticle.Osi16_2
nc_GCCGATGTCTGTCGTC-1	epithelia.tendon_5
nc_GCCGTGAAGCTGGTGA-1	epithelia.tendon_5
nc_GCCGTGAAGTATAGGT-1	epithelia.cuticle.cp.soft_3
nc_GCCGTGAAGTGACACG-1	muscle.rbm24_0
nc_GCCGTGACAAGTGGGT-1	epithelia.olfactory.support_9
nc_GCCGTGACACGCGCAT-1	epithelia.cuticle.Osi16_2
nc_GCCGTGAGTCTAACGT-1	muscle.rbm24_0
nc_GCCGTGAGTCTAGTGT-1	epithelia.cuticle.cp.other_1
nc_GCCGTGAGTGCATCTA-1	epithelia.cuticle.Osi17_4
nc_GCCGTGAGTTCGGTCG-1	epithelia.cuticle.cp.rigid_7
nc_GCCGTGAGTTTACGTG-1	epithelia.cuticle.Osi16_2
nc_GCCGTGATCGACCCAG-1	glia1_8
nc_GCCTGTTAGGTTAAAC-1	epithelia.cuticle.cp.soft_3
nc_GCCTGTTAGTCTAACC-1	epithelia.cuticle.cp.other_1
nc_GCCTGTTCACGGCACT-1	epithelia.cuticle.cp.rigid_7
nc_GCCTGTTCATTGCAAC-1	epithelia.cuticle.Osi17_4
nc_GCCTGTTGTACGCTTA-1	muscle.rbm24_0
nc_GCCTGTTGTGTCCCTT-1	glia1_8
nc_GCCTGTTGTTATGTGC-1	epithelia.cuticle.Osi17_4
nc_GCCTGTTTCCGATCGG-1	epithelia.cuticle.cp.other_1
nc_GCCTGTTTCTGTCGCT-1	epithelia.tendon_5
nc_GCGAGAAAGTAGGTTA-1	epithelia.cuticle.cp.other_1
nc_GCGAGAACACCTTCGT-1	epithelia.cuticle.Osi16_2
nc_GCGAGAACACGTCGGT-1	muscle.rbm24_0
nc_GCGAGAACATTCACCC-1	neuron.chol.ciliated_20
nc_GCGAGAAGTAGAGTTA-1	epithelia.cuticle.cp.soft_3
nc_GCGAGAAGTCGGCTAC-1	glia1_8
nc_GCGAGAAGTGGCTACC-1	epithelia.tendon_5
nc_GCGAGAAGTGTGTCCG-1	epithelia.cuticle.cp.soft_3
nc_GCGAGAAGTGTGTCGC-1	epithelia.cuticle.cp.soft_3
nc_GCGAGAATCACTACTT-1	epithelia.cuticle.Osi16_2
nc_GCGAGAATCGTAACCA-1	epithelia.cuticle.Osi16_2
nc_GCGAGAATCTCTTAAC-1	epithelia.cuticle.cp.other_1
nc_GCGATCGAGCAACAAT-1	epithelia.cuticle.cp.rigid_7
nc_GCGATCGAGTCACTAC-1	epithelia.cuticle.cp.soft_3
nc_GCGATCGCAAAGCAAT-1	epithelia.cuticle.cp.other_1
nc_GCGATCGCAAGATGTA-1	epithelia.cuticle.cp.rigid_7
nc_GCGATCGCAAGCGCAA-1	epithelia.cuticle.Osi16_2
nc_GCGATCGGTCAGTCTA-1	epithelia.cuticle.cp.soft_3
nc_GCGATCGTCTCGCGTT-1	epithelia.cuticle.Osi17_4
nc_GCGATCGTCTGCGGCA-1	epithelia.cuticle.cp.other_1
nc_GCGGAAAAGCCAAGTG-1	epithelia.cuticle.Osi16_2
nc_GCGGAAAAGTAGAATC-1	epithelia.cuticle.cp.soft_3
nc_GCGGAAAAGTTTAGGA-1	fat.body_10
nc_GCGGAAACAAACCATC-1	epithelia.cuticle.cp.soft_3
nc_GCGGAAACAATAACGA-1	epithelia.cuticle.Osi16_2
nc_GCGGAAACAGGACTTT-1	trachea_15
nc_GCGGAAACAGTCAGCC-1	glia1_8
nc_GCGGAAAGTACGGATG-1	epithelia.cuticle.cp.other_1
nc_GCGGAAAGTGATCATC-1	epithelia.cuticle.cp.other_1
nc_GCGGAAAGTTATGACC-1	epithelia.cuticle.cp.other_1
nc_GCGGAAAGTTCTTGTT-1	muscle.rbm24_0
nc_GCGGAAATCAGCAGAG-1	epithelia.cuticle.Osi16_2
nc_GCGGAAATCTTACACT-1	muscle.rbm24_0
nc_GCGGATCAGAGGTCGT-1	epithelia.tendon_5
nc_GCGGATCAGGGTCACA-1	epithelia.cuticle.cp.soft_3
nc_GCGGATCCAAGCACAG-1	muscle.rbm24_0
nc_GCGGATCCACGCGCAT-1	epithelia.cuticle.cp.other_1
nc_GCGGATCGTGCAGTGA-1	epithelia.cuticle.cp.other_1
nc_GCGGATCGTGGCCTCA-1	epithelia.cuticle.Osi14_12
nc_GCGGATCGTTAAGGAT-1	glia1_8
nc_GCGGATCTCAGCTTCC-1	epithelia.cuticle.Osi14_12
nc_GCGGATCTCTTGTTAC-1	muscle.rbm24_0
nc_GCGTGCAAGAACGCGT-1	epithelia.cuticle.cp.soft_3
nc_GCGTGCAAGAGCATAT-1	muscle.rbm24_0
nc_GCGTGCAAGGAAACGA-1	glia1_8
nc_GCGTGCAAGGCCGCTT-1	muscle.rbm24_0
nc_GCGTGCAAGTCTACCA-1	neuroglioblast.castor_17
nc_GCGTGCACACTCTCGT-1	epithelia.cuticle.Osi16_2
nc_GCGTGCAGTCATAAAG-1	epithelia.cuticle.cp.other_1
nc_GCGTGCATCCATTTCA-1	muscle.rbm24_0
nc_GCGTGCATCCGTATAG-1	epithelia.cuticle.cp.soft_3
nc_GCGTTTCAGAACTGAT-1	glia1_8
nc_GCGTTTCAGCAGAAAG-1	muscle.rbm24_0
nc_GCGTTTCCAAACTAGA-1	epithelia.cuticle.Osi16_2
nc_GCGTTTCCAATATCCG-1	epithelia.cuticle.cp.other_1
nc_GCGTTTCCACCCTCTA-1	epithelia.cuticle.cp.rigid_7
nc_GCGTTTCCAGCTTTCC-1	epithelia.cuticle.cp.soft_3
nc_GCGTTTCGTAGACTGG-1	neuroglioblast.ol_14
nc_GCGTTTCGTATCGTTG-1	epithelia.cuticle.cp.other_1
nc_GCGTTTCTCACCATAG-1	neuron.cholinergic_11
nc_GCGTTTCTCGTAGCTA-1	epithelia.cuticle.Osi16_2
nc_GCTACAAAGCTGACTT-1	epithelia.cuticle.Osi17_4
nc_GCTACAAAGGCACTCC-1	muscle.rbm24_0
nc_GCTACAAAGTTGCGAG-1	muscle.rbm24_0
nc_GCTACAACAAGAGGCT-1	muscle.rbm24_0
nc_GCTACAACATCCGGCA-1	epithelia.cuticle.cp.soft_3
nc_GCTACAACATGGGCAA-1	epithelia.cuticle.Osi17_4
nc_GCTACAAGTACCTAAC-1	muscle.rbm24_0
nc_GCTACAAGTCGGCACT-1	epithelia.cuticle.Osi16_2
nc_GCTACAAGTCTACATG-1	muscle.rbm24_0
nc_GCTACAAGTGGGCTTC-1	neuron.cholinergic_11
nc_GCTACAAGTGGTCTGC-1	muscle.rbm24_0
nc_GCTACAATCATGCCGG-1	epithelia.cuticle.biosynthesis_13
nc_GCTACAATCCACCTCA-1	epithelia.olfactory.support_9
nc_GCTACAATCGTTCCTG-1	epithelia.cuticle.cp.other_1
nc_GCTACAATCTGACGCG-1	fat.body_10
nc_GCTACCTAGACCATGG-1	epithelia.cuticle.Osi16_2
nc_GCTACCTAGAGCATAT-1	glia1_8
nc_GCTACCTAGATGATTG-1	muscle.rbm24_0
nc_GCTACCTAGGGAGGCA-1	muscle.rbm24_0
nc_GCTACCTAGTCTGGTT-1	epithelia.tendon_5
nc_GCTACCTCAATCTAGC-1	muscle.rbm24_0
nc_GCTACCTCAGAACTTC-1	epithelia.cuticle.Osi14_12
nc_GCTACCTCAGGTTTAC-1	epithelia.cuticle.cp.soft_3
nc_GCTACCTGTCACCGCA-1	epithelia.cuticle.Osi16_2
nc_GCTACCTGTCATAGTC-1	fat.body_10
nc_GCTACCTGTCTGTGAT-1	glia1_8
nc_GCTACCTTCAAGTCTG-1	muscle.rbm24_0
nc_GCTCAAAAGCCGAACA-1	epithelia.tendon_5
nc_GCTCAAAAGGAAACGA-1	epithelia.cuticle.cp.other_1
nc_GCTCAAAAGGGCTAAC-1	epithelia.cuticle.Osi16_2
nc_GCTCAAAAGTGCCGAA-1	neuroglioblast.ol_14
nc_GCTCAAACACCGTGAC-1	muscle.rbm24_0
nc_GCTCAAACATATACCG-1	epithelia.cuticle.Osi16_2
nc_GCTCAAAGTAACTAAG-1	epithelia.cuticle.Osi14_12
nc_GCTCAAAGTCTACAAC-1	epithelia.tendon_5
nc_GCTCAAAGTGAGTAAT-1	trachea_15
nc_GCTCAAAGTGCACGCT-1	epithelia.cuticle.Osi16_2
nc_GCTCAAAGTTGGGACA-1	epithelia.cuticle.Osi16_2
nc_GCTCAAATCAACACCA-1	epithelia.cuticle.Osi16_2
nc_GCTCAAATCGGACTTA-1	muscle.rbm24_0
nc_GCTCAAATCTCTCAAT-1	epithelia.tendon_5
nc_GCTGAATAGATACCAA-1	epithelia.cuticle.cp.soft_3
nc_GCTGAATAGCCATGCC-1	epithelia.cuticle.cp.soft_3
nc_GCTGAATAGCGACTGA-1	epithelia.cuticle.cp.other_1
nc_GCTGAATAGGCCATAG-1	epithelia.cuticle.cp.other_1
nc_GCTGAATAGGCCTGAA-1	epithelia.cuticle.biosynthesis_13
nc_GCTGAATAGTAACCTC-1	epithelia.cuticle.cp.rigid_7
nc_GCTGAATAGTCTGGAG-1	epithelia.tendon_5
nc_GCTGAATAGTTTGTCG-1	glia2_18
nc_GCTGAATCAACCACGC-1	neuroglioblast.ol_14
nc_GCTGAATCAGCGATTT-1	epithelia.tendon_5
nc_GCTGAATCAGCGTGCT-1	glia1_8
nc_GCTGAATCAGCTGAAG-1	muscle.rbm24_0
nc_GCTGAATGTGCCGGTT-1	epithelia.cuticle.cp.soft_3
nc_GCTGAATTCATGGAGG-1	epithelia.cuticle.cp.soft_3
nc_GCTGAATTCATGGCCG-1	epithelia.olfactory.support_9
nc_GCTGAATTCGCAGTCG-1	epithelia.cuticle.Osi16_2
nc_GCTGAATTCGCCGAAC-1	muscle.rbm24_0
nc_GCTGAATTCTGCCTCA-1	neuroglioblast.castor_17
nc_GCTGAATTCTGGGCAC-1	neuron.chol.ciliated_20
nc_GCTGCAGAGACCAGAC-1	muscle.rbm24_0
nc_GCTGCAGAGACTGTTC-1	epithelia.cuticle.cp.other_1
nc_GCTGCAGAGCCGATAG-1	muscle.rbm24_0
nc_GCTGCAGAGGTGGTTG-1	trachea_15
nc_GCTGCAGAGTACCGGA-1	muscle.rbm24_0
nc_GCTGCAGCAACTAGAA-1	fat.body_10
nc_GCTGCAGCACACTGGC-1	epithelia.cuticle.cp.rigid_7
nc_GCTGCAGCAGAAATCA-1	epithelia.cuticle.cp.rigid_7
nc_GCTGCAGCAGAGTGAC-1	epithelia.cuticle.Osi17_4
nc_GCTGCAGGTTGTGCAT-1	epithelia.cuticle.cp.other_1
nc_GCTGCAGTCCACGGAC-1	epithelia.cuticle.cp.rigid_7
nc_GCTGCAGTCGAGAAAT-1	glia1_8
nc_GCTGCAGTCGCCTCTA-1	muscle.rbm24_0
nc_GCTGCAGTCGCTCTCA-1	epithelia.cuticle.cp.soft_3
nc_GCTGCAGTCGGCTATA-1	epithelia.cuticle.Osi16_2
nc_GCTGCAGTCTACGCAA-1	epithelia.cuticle.Osi16_2
nc_GCTGCAGTCTTTGCGC-1	muscle.rbm24_0
nc_GCTGGGTAGTAGCCAG-1	epithelia.cuticle.cp.rigid_7
nc_GCTGGGTCAGAGGCAT-1	fat.body_10
nc_GCTGGGTCAGCTGTCG-1	neuroglioblast.ol_14
nc_GCTGGGTCATTCTCTA-1	trachea_15
nc_GCTGGGTGTCGCCACA-1	epithelia.cuticle.Osi17_4
nc_GCTGGGTTCAATCTCT-1	epithelia.cuticle.cp.rigid_7
nc_GCTGGGTTCGCGATCG-1	muscle.tup_19
nc_GCTTCACAGAAGAGCA-1	epithelia.cuticle.Osi14_12
nc_GCTTCACAGCAGCAGT-1	muscle.rbm24_0
nc_GCTTCACAGCCTGCCA-1	fat.body_10
nc_GCTTCACAGGGCTAAC-1	epithelia.olfactory.support_9
nc_GCTTCACCAAATCGGG-1	epithelia.tendon_5
nc_GCTTCACGTACCCGCA-1	muscle.rbm24_0
nc_GCTTCACGTAGATTAG-1	muscle.rbm24_0
nc_GCTTCACGTCTACATG-1	epithelia.cuticle.Osi16_2
nc_GCTTCACGTTACAGCT-1	epithelia.cuticle.cp.other_1
nc_GCTTCACTCTTACACT-1	epithelia.cuticle.cp.soft_3
nc_GCTTGGGCACCGAATT-1	neuroglioblast.castor_17
nc_GCTTGGGCATCCTATT-1	epithelia.cuticle.Osi17_4
nc_GCTTGGGCATGTGCCG-1	neuroglioblast.ol_14
nc_GCTTGGGTCATTCGGA-1	muscle.rbm24_0
nc_GCTTGGGTCGGTCTAA-1	epithelia.olfactory.support_9
nc_GCTTTCGAGAAACACT-1	epithelia.cuticle.Osi17_4
nc_GCTTTCGAGAGTGTGC-1	neuron.cholinergic_11
nc_GCTTTCGAGGCTTCCG-1	epithelia.cuticle.biosynthesis_13
nc_GCTTTCGAGTGCTACT-1	epithelia.cuticle.Osi18_6
nc_GCTTTCGCAAGAATAC-1	glia2_18
nc_GCTTTCGCATCTTTCA-1	hemocyte_16
nc_GCTTTCGGTAGCTGAG-1	muscle.rbm24_0
nc_GCTTTCGGTGCTGCAC-1	epithelia.cuticle.cp.soft_3
nc_GCTTTCGGTGTTCAGT-1	epithelia.cuticle.Osi16_2
nc_GCTTTCGGTTAGAGAT-1	epithelia.tendon_5
nc_GCTTTCGTCCAATCTT-1	epithelia.cuticle.Osi17_4
nc_GCTTTCGTCGTTCTCG-1	epithelia.cuticle.Osi17_4
nc_GGAACCCAGATTAGCA-1	epithelia.cuticle.Osi14_12
nc_GGAACCCGTCAACATC-1	epithelia.cuticle.cp.soft_3
nc_GGAACCCGTGGTCTTA-1	muscle.rbm24_0
nc_GGAACCCTCATGAGTC-1	epithelia.cuticle.cp.soft_3
nc_GGAACCCTCCAGCACG-1	muscle.rbm24_0
nc_GGAACCCTCTCGGGAC-1	epithelia.olfactory.support_9
nc_GGAACCCTCTTACGGA-1	epithelia.olfactory.support_9
nc_GGAACCCTCTTTGCTA-1	neuron.chol.ciliated_20
nc_GGAAGTGAGCAGCCTC-1	fat.body_10
nc_GGAAGTGAGGAGAGGC-1	muscle.rbm24_0
nc_GGAAGTGCAGACTGCC-1	epithelia.cuticle.cp.soft_3
nc_GGAAGTGCAGCGAACA-1	epithelia.cuticle.cp.soft_3
nc_GGAAGTGCAGCGCGTT-1	neuroglioblast.ol_14
nc_GGAAGTGCATACAGGG-1	neuroglioblast.ol_14
nc_GGAAGTGGTACCTAGT-1	epithelia.cuticle.Osi18_6
nc_GGAAGTGGTACTGGGA-1	epithelia.cuticle.Osi16_2
nc_GGAAGTGGTCCTATAG-1	epithelia.cuticle.cp.soft_3
nc_GGAAGTGTCAATCCGA-1	epithelia.cuticle.Osi17_4
nc_GGAAGTGTCCGCGATG-1	neuroglioblast.castor_17
nc_GGAAGTGTCCGGTAGC-1	hemocyte_16
nc_GGAAGTGTCGGTTGTA-1	neuroglioblast.castor_17
nc_GGAAGTGTCTGCGGGT-1	muscle.rbm24_0
nc_GGAATCTAGAGTCTGG-1	epithelia.cuticle.cp.soft_3
nc_GGAATCTAGATCGACG-1	epithelia.cuticle.Osi16_2
nc_GGAATCTAGGAGATAG-1	fat.body_10
nc_GGAATCTCAAGGACAC-1	epithelia.cuticle.Osi16_2
nc_GGAATCTCAATTGTGC-1	epithelia.cuticle.Osi16_2
nc_GGAATCTCACACCGAC-1	fat.body_10
nc_GGAATCTCAGAATTCC-1	muscle.rbm24_0
nc_GGAATCTCATCAACCA-1	epithelia.cuticle.Osi14_12
nc_GGAATCTGTCACTCAA-1	epithelia.cuticle.Osi16_2
nc_GGAATCTGTCGAGATG-1	epithelia.tendon_5
nc_GGAATCTTCCATAGGT-1	neuroglioblast.castor_17
nc_GGAATCTTCCTGATAG-1	epithelia.cuticle.Osi14_12
nc_GGAATCTTCTACGGGC-1	epithelia.cuticle.Osi16_2
nc_GGAATCTTCTCAACCC-1	epithelia.cuticle.Osi16_2
nc_GGAATCTTCTGAACGT-1	epithelia.cuticle.cp.soft_3
nc_GGAATCTTCTGCCCTA-1	epithelia.olfactory.support_9
nc_GGAATGGAGCAGTACG-1	epithelia.cuticle.Osi17_4
nc_GGAATGGAGTATGAAC-1	epithelia.tendon_5
nc_GGAATGGAGTCTAGAA-1	epithelia.cuticle.cp.other_1
nc_GGAATGGCAAAGACGC-1	epithelia.cuticle.Osi16_2
nc_GGAATGGCAAGCAATA-1	epithelia.cuticle.biosynthesis_13
nc_GGAATGGCAATCAGCT-1	epithelia.cuticle.cp.other_1
nc_GGAATGGCACTGATTG-1	epithelia.tendon_5
nc_GGAATGGGTACGAGCA-1	epithelia.cuticle.cp.soft_3
nc_GGAATGGGTATCGCGC-1	epithelia.cuticle.cp.other_1
nc_GGAATGGGTCATGGCC-1	epithelia.cuticle.cp.soft_3
nc_GGAATGGGTCTTGCGG-1	fat.body_10
nc_GGAATGGGTGTCCACG-1	fat.body_10
nc_GGAATGGGTGTTGCCG-1	epithelia.cuticle.Osi17_4
nc_GGAATGGGTTAAACCC-1	neuron.cholinergic_11
nc_GGAATGGGTTACCCAA-1	epithelia.cuticle.cp.soft_3
nc_GGAATGGTCCGTGCGA-1	epithelia.cuticle.cp.soft_3
nc_GGACGTCAGCTGGCTC-1	epithelia.olfactory.support_9
nc_GGACGTCAGGCTGTAG-1	epithelia.cuticle.cp.soft_3
nc_GGACGTCAGTTCTCTT-1	epithelia.cuticle.cp.soft_3
nc_GGACGTCCAAACAGGC-1	epithelia.cuticle.cp.soft_3
nc_GGACGTCCAAAGTATG-1	epithelia.cuticle.cp.other_1
nc_GGACGTCCAAGCTCTA-1	epithelia.cuticle.biosynthesis_13
nc_GGACGTCCAATGAGCG-1	epithelia.cuticle.Osi17_4
nc_GGACGTCGTGCATCTA-1	epithelia.cuticle.cp.other_1
nc_GGACGTCGTTACCGTA-1	epithelia.olfactory.support_9
nc_GGACGTCTCAGTGTGT-1	fat.body_10
nc_GGAGAACAGCCTATTG-1	epithelia.cuticle.cp.soft_3
nc_GGAGAACAGGTGGGTT-1	glia1_8
nc_GGAGAACAGTTCAACC-1	epithelia.cuticle.Osi14_12
nc_GGAGAACCATTCCTCG-1	muscle.rbm24_0
nc_GGAGAACGTAAGTTAG-1	epithelia.cuticle.cp.other_1
nc_GGAGAACGTACCGGAA-1	glia1_8
nc_GGAGAACGTACGAGCA-1	epithelia.cuticle.Osi16_2
nc_GGAGAACGTCTAACGT-1	epithelia.cuticle.Osi18_6
nc_GGAGAACTCCGAGAAG-1	muscle.rbm24_0
nc_GGAGAACTCGCTAGCG-1	epithelia.cuticle.Osi16_2
nc_GGAGAACTCGTCCTTG-1	epithelia.cuticle.cp.soft_3
nc_GGAGATGAGAGGGTAA-1	epithelia.cuticle.cp.other_1
nc_GGAGATGAGCCGGAAT-1	epithelia.tendon_5
nc_GGAGATGAGTCCCTAA-1	epithelia.cuticle.cp.soft_3
nc_GGAGATGCAATTGTGC-1	epithelia.tendon_5
nc_GGAGATGCATGACGTT-1	epithelia.cuticle.cp.soft_3
nc_GGAGATGGTACGATTC-1	muscle.rbm24_0
nc_GGAGATGGTAGAATAC-1	epithelia.olfactory.support_9
nc_GGAGATGGTGAGATCG-1	epithelia.tendon_5
nc_GGAGATGGTGTCCACG-1	epithelia.cuticle.cp.other_1
nc_GGAGATGGTTATAGCC-1	muscle.rbm24_0
nc_GGAGATGTCCACTGAA-1	trachea_15
nc_GGAGATGTCGCTGTCT-1	epithelia.cuticle.cp.soft_3
nc_GGAGATGTCTAGTACG-1	glia1_8
nc_GGAGATGTCTCCAAGA-1	neuroglioblast.castor_17
nc_GGAGATGTCTCGGTAA-1	muscle.rbm24_0
nc_GGAGCAAAGCGCAATG-1	epithelia.cuticle.Osi14_12
nc_GGAGCAAAGTGTTCAC-1	hemocyte_16
nc_GGAGCAACACGAGGAT-1	muscle.rbm24_0
nc_GGAGCAAGTACGATCT-1	epithelia.cuticle.cp.soft_3
nc_GGAGCAAGTCCACAGC-1	epithelia.cuticle.Osi16_2
nc_GGAGCAAGTTAAGGAT-1	muscle.rbm24_0
nc_GGAGGATAGCAGAAAG-1	epithelia.cuticle.cp.other_1
nc_GGAGGATGTGGATGAC-1	trachea_15
nc_GGAGGATGTGGGCTTC-1	muscle.rbm24_0
nc_GGAGGATTCACCTCGT-1	epithelia.cuticle.Osi17_4
nc_GGAGGATTCGCGTCGA-1	fat.body_10
nc_GGAGGATTCGGTCAGC-1	epithelia.cuticle.Osi14_12
nc_GGAGGATTCTCTAAGG-1	epithelia.tendon_5
nc_GGAGGATTCTTGCAGA-1	epithelia.cuticle.Osi17_4
nc_GGAGGTAAGAATACAC-1	epithelia.cuticle.Osi14_12
nc_GGAGGTAAGCACTCCG-1	epithelia.cuticle.Osi16_2
nc_GGAGGTAAGGTCCTGC-1	epithelia.cuticle.Osi14_12
nc_GGAGGTAAGTCCTGCG-1	epithelia.cuticle.cp.soft_3
nc_GGAGGTAGTCTGTGTA-1	muscle.tup_19
nc_GGAGGTAGTGAGAACC-1	epithelia.cuticle.cp.soft_3
nc_GGAGGTATCCTGGGAC-1	muscle.rbm24_0
nc_GGAGGTATCCTGTACC-1	muscle.rbm24_0
nc_GGAGGTATCGAGCCAC-1	epithelia.olfactory.support_9
nc_GGAGGTATCTCGTGGG-1	epithelia.cuticle.Osi16_2
nc_GGATCTAAGACAGTCG-1	muscle.rbm24_0
nc_GGATCTACACAGCGCT-1	trachea_15
nc_GGATCTACATAGAAAC-1	muscle.rbm24_0
nc_GGATCTAGTACGTGTT-1	glia1_8
nc_GGATCTAGTCACGCTG-1	muscle.rbm24_0
nc_GGATCTAGTCAGACTT-1	epithelia.olfactory.support_9
nc_GGATCTATCAGACTGT-1	neuroglioblast.castor_17
nc_GGATCTATCGCATAGT-1	epithelia.cuticle.cp.other_1
nc_GGATCTATCGGCTCTT-1	epithelia.cuticle.Osi14_12
nc_GGATGTTAGTAAACAC-1	muscle.rbm24_0
nc_GGATGTTCACGCAGTC-1	epithelia.cuticle.cp.other_1
nc_GGATGTTCACGTAGAG-1	epithelia.cuticle.cp.other_1
nc_GGATGTTCAGTATTCG-1	epithelia.cuticle.cp.other_1
nc_GGATGTTCATGTCAGT-1	epithelia.tendon_5
nc_GGATGTTGTACCGCGT-1	epithelia.cuticle.cp.other_1
nc_GGATGTTGTACTGACT-1	epithelia.cuticle.Osi16_2
nc_GGATGTTTCGACCATA-1	epithelia.cuticle.Osi16_2
nc_GGCACGTAGCTGGCTC-1	muscle.rbm24_0
nc_GGCACGTAGGCGAAGG-1	glia1_8
nc_GGCACGTAGTTGTCAC-1	muscle.rbm24_0
nc_GGCACGTCACAGCTGC-1	neuron.chol.ciliated_20
nc_GGCACGTCACCTGCAG-1	epithelia.cuticle.cp.soft_3
nc_GGCACGTCAGCAGACA-1	epithelia.tendon_5
nc_GGCACGTCAGGACTTT-1	epithelia.cuticle.cp.soft_3
nc_GGCACGTCAGGTTTAC-1	glia1_8
nc_GGCACGTCATTCCTAT-1	epithelia.tendon_5
nc_GGCACGTGTGCGGCTT-1	epithelia.cuticle.Osi16_2
nc_GGCACGTGTTCCCAAA-1	hemocyte_16
nc_GGCACGTTCGCTACAA-1	epithelia.cuticle.Osi16_2
nc_GGCAGTCAGACCATTC-1	epithelia.cuticle.cp.other_1
nc_GGCAGTCAGTAAGCAT-1	epithelia.cuticle.cp.soft_3
nc_GGCAGTCCACGAAAGC-1	muscle.rbm24_0
nc_GGCAGTCCAGGTTTAC-1	epithelia.tendon_5
nc_GGCAGTCTCAGACCCG-1	neuron.cholinergic_11
nc_GGCAGTCTCATGGCCG-1	muscle.rbm24_0
nc_GGCAGTCTCGGCTTGG-1	muscle.rbm24_0
nc_GGCGTCAAGATCCGAG-1	muscle.rbm24_0
nc_GGCGTCAAGCAATTCC-1	muscle.rbm24_0
nc_GGCGTCAAGCAGCAGT-1	epithelia.cuticle.cp.other_1
nc_GGCGTCACAGAGAAAG-1	trachea_15
nc_GGCGTCACATCTGGGC-1	neuron.cholinergic_11
nc_GGCGTCAGTAGGTCAG-1	epithelia.cuticle.Osi16_2
nc_GGCGTCAGTATAGCTC-1	trachea_15
nc_GGCGTCAGTCGTTTCC-1	muscle.rbm24_0
nc_GGCTGTGAGATGTAGT-1	epithelia.cuticle.Osi16_2
nc_GGCTGTGCAACGACAG-1	muscle.rbm24_0
nc_GGCTGTGCAAGAGTAT-1	epithelia.cuticle.Osi16_2
nc_GGCTGTGGTCATGACT-1	epithelia.cuticle.Osi16_2
nc_GGCTGTGGTCCACTTC-1	glia1_8
nc_GGCTGTGTCAAGATAG-1	trachea_15
nc_GGCTGTGTCGATACGT-1	muscle.rbm24_0
nc_GGCTTGGAGCTGGCTC-1	epithelia.cuticle.cp.other_1
nc_GGCTTGGCACAACGTT-1	epithelia.cuticle.cp.rigid_7
nc_GGCTTGGCAGGCGAAT-1	muscle.rbm24_0
nc_GGCTTGGCATCCTAAG-1	epithelia.cuticle.Osi17_4
nc_GGCTTGGCATGACTCA-1	epithelia.cuticle.Osi14_12
nc_GGCTTGGGTACGGCAA-1	epithelia.tendon_5
nc_GGCTTGGGTGGGTTGA-1	epithelia.cuticle.cp.other_1
nc_GGCTTGGGTTATGGTC-1	muscle.rbm24_0
nc_GGCTTGGTCAGATGCT-1	neuron.cholinergic_11
nc_GGCTTGGTCCAACACA-1	epithelia.cuticle.cp.other_1
nc_GGCTTGGTCCACGTGG-1	epithelia.cuticle.Osi16_2
nc_GGCTTTCAGATGGCGT-1	epithelia.cuticle.Osi17_4
nc_GGCTTTCAGGCTGAAC-1	epithelia.cuticle.cp.other_1
nc_GGCTTTCAGGCTGGAT-1	epithelia.cuticle.cp.soft_3
nc_GGCTTTCAGTCTGCGC-1	epithelia.cuticle.cp.other_1
nc_GGCTTTCAGTGATAGT-1	epithelia.cuticle.Osi14_12
nc_GGCTTTCAGTGCTACT-1	muscle.tup_19
nc_GGCTTTCCAAACCATC-1	epithelia.cuticle.cp.other_1
nc_GGCTTTCCAAGTCCCG-1	muscle.rbm24_0
nc_GGCTTTCCACGCGCTA-1	muscle.rbm24_0
nc_GGCTTTCCACGGGCTT-1	epithelia.cuticle.Osi16_2
nc_GGCTTTCCACTAGAGG-1	epithelia.cuticle.cp.rigid_7
nc_GGCTTTCCAGGGAATC-1	muscle.rbm24_0
nc_GGCTTTCCATAGAATG-1	glia2_18
nc_GGCTTTCGTGAGCTCC-1	epithelia.cuticle.cp.other_1
nc_GGCTTTCTCATTCTTG-1	epithelia.cuticle.cp.other_1
nc_GGCTTTCTCCATCACC-1	muscle.rbm24_0
nc_GGCTTTCTCGATTCCC-1	epithelia.cuticle.cp.rigid_7
nc_GGCTTTCTCGCCTCTA-1	epithelia.cuticle.Osi17_4
nc_GGGAAGTAGATTGATG-1	epithelia.tendon_5
nc_GGGAAGTAGCGGTAAC-1	muscle.rbm24_0
nc_GGGAAGTAGGGACAGG-1	epithelia.cuticle.cp.other_1
nc_GGGAAGTAGGGTGAAA-1	muscle.rbm24_0
nc_GGGAAGTAGGTCTACT-1	muscle.rbm24_0
nc_GGGAAGTAGTGCAGCA-1	epithelia.cuticle.cp.soft_3
nc_GGGAAGTCAAACCACT-1	epithelia.cuticle.cp.soft_3
nc_GGGAAGTCAACTCCCT-1	neuroglioblast.ol_14
nc_GGGAAGTGTATCACCA-1	epithelia.cuticle.Osi16_2
nc_GGGAAGTGTATGTGTC-1	hemocyte_16
nc_GGGAAGTGTGTGAGCA-1	epithelia.cuticle.Osi16_2
nc_GGGAAGTTCTCGAGTA-1	trachea_15
nc_GGGACAAAGCAACAGC-1	muscle.rbm24_0
nc_GGGACAAAGCAAGCCA-1	epithelia.tendon_5
nc_GGGACAAAGCGACTGA-1	muscle.rbm24_0
nc_GGGACAAAGGACAGCT-1	epithelia.cuticle.Osi16_2
nc_GGGACAAAGGATTCCT-1	epithelia.cuticle.Osi17_4
nc_GGGACAAAGGTAAAGG-1	hemocyte_16
nc_GGGACAACAACGATCT-1	epithelia.cuticle.cp.soft_3
nc_GGGACAACAATAGAGT-1	muscle.rbm24_0
nc_GGGACAACAATGTCTG-1	epithelia.olfactory.support_9
nc_GGGACAACACACAGCC-1	epithelia.tendon_5
nc_GGGACAACACCAGCTG-1	epithelia.cuticle.cp.soft_3
nc_GGGACAACAGGTGACA-1	glia1_8
nc_GGGACAAGTATCGGTT-1	muscle.rbm24_0
nc_GGGACAAGTGCAACGA-1	neuroglioblast.castor_17
nc_GGGACAAGTTGAGTCT-1	glia1_8
nc_GGGACAATCGAAGGAC-1	epithelia.cuticle.cp.soft_3
nc_GGGACAATCGGCTATA-1	muscle.rbm24_0
nc_GGGACCTCAAACACGG-1	muscle.rbm24_0
nc_GGGACCTGTACATTGC-1	epithelia.cuticle.cp.other_1
nc_GGGACCTGTACCACGC-1	muscle.rbm24_0
nc_GGGACCTGTCGAACGA-1	muscle.rbm24_0
nc_GGGACCTGTGAATATG-1	epithelia.cuticle.cp.other_1
nc_GGGACCTTCAATCTCT-1	muscle.rbm24_0
nc_GGGACCTTCCTACCGT-1	muscle.rbm24_0
nc_GGGACCTTCTCTCTAA-1	glia1_8
nc_GGGACTCAGCGCAATG-1	muscle.rbm24_0
nc_GGGACTCAGGCACGAT-1	muscle.rbm24_0
nc_GGGACTCCACACACTA-1	epithelia.cuticle.Osi18_6
nc_GGGACTCCATAACTCG-1	muscle.rbm24_0
nc_GGGACTCGTATTAAGG-1	epithelia.cuticle.Osi16_2
nc_GGGACTCGTCTTGCTC-1	epithelia.cuticle.Osi16_2
nc_GGGACTCGTGAGTTGG-1	epithelia.cuticle.Osi16_2
nc_GGGACTCGTTGCTCAA-1	epithelia.cuticle.Osi18_6
nc_GGGACTCGTTGTGGAG-1	muscle.rbm24_0
nc_GGGACTCTCCCATAGA-1	epithelia.tendon_5
nc_GGGACTCTCTCAGGCG-1	muscle.rbm24_0
nc_GGGAGATAGAGAATCT-1	epithelia.cuticle.Osi16_2
nc_GGGAGATAGAGTTCGG-1	muscle.rbm24_0
nc_GGGAGATAGATCCCAT-1	epithelia.cuticle.Osi18_6
nc_GGGAGATAGCTGGCCT-1	epithelia.cuticle.Osi17_4
nc_GGGAGATAGTATGGCG-1	epithelia.tendon_5
nc_GGGAGATGTATGCTTG-1	muscle.rbm24_0
nc_GGGAGATTCTCTTAAC-1	epithelia.tendon_5
nc_GGGAGTAAGACTACGG-1	epithelia.cuticle.cp.rigid_7
nc_GGGAGTAAGAGCCATG-1	epithelia.cuticle.Osi16_2
nc_GGGAGTAAGATCCGAG-1	muscle.rbm24_0
nc_GGGAGTAAGCTTGTGT-1	muscle.rbm24_0
nc_GGGAGTAAGGAAGTCC-1	trachea_15
nc_GGGAGTAAGGCTAGCA-1	epithelia.cuticle.Osi14_12
nc_GGGAGTAAGTTGGAGC-1	epithelia.cuticle.Osi14_12
nc_GGGAGTACAAAGCTAA-1	hemocyte_16
nc_GGGAGTACACTATCCC-1	muscle.rbm24_0
nc_GGGAGTACAGAAATTG-1	epithelia.cuticle.Osi16_2
nc_GGGAGTACATACAGCT-1	muscle.rbm24_0
nc_GGGAGTACATCCCGTT-1	hemocyte_16
nc_GGGAGTAGTAAGTAGT-1	muscle.rbm24_0
nc_GGGAGTAGTATGCTTG-1	epithelia.cuticle.biosynthesis_13
nc_GGGAGTAGTCGGTACC-1	epithelia.cuticle.Osi17_4
nc_GGGAGTAGTGCTCTCT-1	muscle.rbm24_0
nc_GGGAGTAGTTTAGACC-1	epithelia.cuticle.Osi14_12
nc_GGGAGTATCAGTGCGC-1	muscle.rbm24_0
nc_GGGAGTATCCGTTGAA-1	epithelia.cuticle.cp.other_1
nc_GGGATCCAGGTATTGA-1	epithelia.cuticle.Osi16_2
nc_GGGATCCGTATGTCTG-1	epithelia.cuticle.cp.other_1
nc_GGGATCCGTGGCAACA-1	muscle.rbm24_0
nc_GGGATCCGTTAGGGTG-1	muscle.rbm24_0
nc_GGGATCCTCATTGTGG-1	muscle.rbm24_0
nc_GGGATCCTCCAGTGCG-1	epithelia.cuticle.Osi14_12
nc_GGGATCCTCCGTGTCT-1	epithelia.cuticle.Osi17_4
nc_GGGATCCTCTCGAACA-1	muscle.rbm24_0
nc_GGGATGAAGAATTTGG-1	muscle.rbm24_0
nc_GGGATGAAGATGGCAC-1	epithelia.cuticle.cp.soft_3
nc_GGGATGAAGATTGACA-1	muscle.tup_19
nc_GGGATGAAGTTTCGAC-1	epithelia.cuticle.cp.other_1
nc_GGGATGACAAACTCGT-1	neuroglioblast.ol_14
nc_GGGATGACACGCGCTA-1	epithelia.tendon_5
nc_GGGATGACAGAACATA-1	glia1_8
nc_GGGATGACAGTATACC-1	glia1_8
nc_GGGATGAGTCGTTTCC-1	muscle.rbm24_0
nc_GGGATGAGTGTCCTAA-1	muscle.rbm24_0
nc_GGGATGAGTTAAGGAT-1	epithelia.cuticle.Osi17_4
nc_GGGATGAGTTGCATGT-1	epithelia.cuticle.cp.soft_3
nc_GGGATGATCACTCACC-1	muscle.rbm24_0
nc_GGGATGATCCCAGGAC-1	glia2_18
nc_GGGATGATCGCACGAC-1	muscle.rbm24_0
nc_GGGCCATAGAAACACT-1	epithelia.cuticle.Osi18_6
nc_GGGCCATAGCATAGGC-1	muscle.rbm24_0
nc_GGGCCATAGCTGACCC-1	epithelia.cuticle.Osi17_4
nc_GGGCCATAGTGTACAA-1	epithelia.tendon_5
nc_GGGCCATCAACGATTC-1	epithelia.cuticle.Osi14_12
nc_GGGCCATCACAATCTG-1	muscle.rbm24_0
nc_GGGCCATCACACACGC-1	fat.body_10
nc_GGGCCATCATAGAATG-1	glia1_8
nc_GGGCCATCATTAGGCT-1	muscle.rbm24_0
nc_GGGCCATGTACACGTT-1	epithelia.olfactory.support_9
nc_GGGCCATGTCAGGCAA-1	epithelia.cuticle.Osi16_2
nc_GGGCCATGTGGCAACA-1	epithelia.tendon_5
nc_GGGCCATGTTCAGTAC-1	epithelia.tendon_5
nc_GGGCCATTCGTGACTA-1	epithelia.cuticle.Osi16_2
nc_GGGCCATTCTCCAATT-1	muscle.rbm24_0
nc_GGGCGTTAGACATAAC-1	muscle.rbm24_0
nc_GGGCGTTAGGGCTAAC-1	epithelia.tendon_5
nc_GGGCGTTAGGGTCTTT-1	epithelia.cuticle.Osi18_6
nc_GGGCGTTAGGTTCAGG-1	muscle.rbm24_0
nc_GGGCGTTCACAACGAG-1	epithelia.cuticle.Osi17_4
nc_GGGCGTTCACAACGCC-1	neuron.cholinergic_11
nc_GGGCGTTCATGACGTT-1	epithelia.olfactory.support_9
nc_GGGCGTTGTAGGTTTC-1	epithelia.cuticle.Osi14_12
nc_GGGCGTTGTCTTGAAC-1	epithelia.cuticle.cp.other_1
nc_GGGCGTTGTTCTCACC-1	trachea_15
nc_GGGCGTTTCCCTCAAC-1	epithelia.olfactory.support_9
nc_GGGCGTTTCCGCTGTT-1	muscle.rbm24_0
nc_GGGCGTTTCGGCAGTC-1	muscle.rbm24_0
nc_GGGCGTTTCGTGGGAA-1	glia1_8
nc_GGGCGTTTCTGCCCTA-1	neuron.cholinergic_11
nc_GGGCTACAGGAACGAA-1	epithelia.cuticle.cp.other_1
nc_GGGCTACAGGACTGGT-1	muscle.rbm24_0
nc_GGGCTACAGGGTGGGA-1	neuroglioblast.ol_14
nc_GGGCTACCAACTGCCG-1	muscle.rbm24_0
nc_GGGCTACCAATTCACG-1	muscle.rbm24_0
nc_GGGCTACCATTCCTAT-1	epithelia.cuticle.cp.other_1
nc_GGGCTACGTACTGAGG-1	muscle.rbm24_0
nc_GGGCTACGTAGTGTGG-1	epithelia.cuticle.cp.other_1
nc_GGGCTACGTTCTGACA-1	epithelia.olfactory.support_9
nc_GGGCTACGTTGGGACA-1	muscle.rbm24_0
nc_GGGCTACTCCGCCTAT-1	epithelia.tendon_5
nc_GGGCTACTCGCCAATA-1	epithelia.cuticle.cp.other_1
nc_GGGCTACTCTCTAAGG-1	epithelia.cuticle.Osi18_6
nc_GGGCTACTCTGACAGT-1	epithelia.cuticle.Osi14_12
nc_GGGCTCAAGGCAATGC-1	muscle.rbm24_0
nc_GGGCTCACAACCGTAT-1	glia1_8
nc_GGGCTCACACTTGGCG-1	epithelia.cuticle.Osi18_6
nc_GGGCTCAGTATGGTAA-1	muscle.rbm24_0
nc_GGGCTCAGTCGTACAT-1	gland.corpora-allata_22
nc_GGGCTCATCAGTCACA-1	epithelia.cuticle.cp.rigid_7
nc_GGGCTCATCGTGGACC-1	epithelia.cuticle.Osi16_2
nc_GGGCTCATCTTCTGTA-1	epithelia.cuticle.Osi16_2
nc_GGGTAGAAGAAACTAC-1	epithelia.cuticle.Osi17_4
nc_GGGTAGAAGAGGCGGA-1	epithelia.cuticle.cp.soft_3
nc_GGGTAGAAGCCAGAGT-1	epithelia.cuticle.Osi17_4
nc_GGGTAGAAGGAACGTC-1	epithelia.cuticle.cp.soft_3
nc_GGGTAGAAGTGATCGG-1	epithelia.tendon_5
nc_GGGTAGACAACTAGAA-1	trachea_15
nc_GGGTAGACACAGTGTT-1	muscle.rbm24_0
nc_GGGTAGACACGGTGAA-1	epithelia.cuticle.cp.soft_3
nc_GGGTAGACAGCGTGCT-1	epithelia.cuticle.Osi14_12
nc_GGGTAGACAGCTACCG-1	epithelia.tendon_5
nc_GGGTAGACAGCTCGGT-1	epithelia.cuticle.Osi14_12
nc_GGGTAGAGTCGTATTG-1	epithelia.cuticle.cp.soft_3
nc_GGGTAGAGTGGTCCCA-1	epithelia.cuticle.cp.other_1
nc_GGGTAGAGTGTGCCTG-1	muscle.rbm24_0
nc_GGGTAGATCCATTTGT-1	neuron.cholinergic_11
nc_GGGTAGATCTCAGAAC-1	muscle.tup_19
nc_GGGTATTAGAAATGGG-1	fat.body_10
nc_GGGTATTAGAGCCATG-1	trachea_15
nc_GGGTATTAGAGTCAAT-1	muscle.rbm24_0
nc_GGGTATTAGGAACGTC-1	muscle.rbm24_0
nc_GGGTATTGTCGTCATA-1	hemocyte_16
nc_GGGTATTTCATGAGGG-1	epithelia.tendon_5
nc_GGGTATTTCGGTAACT-1	muscle.rbm24_0
nc_GGGTATTTCTTAATCC-1	epithelia.tendon_5
nc_GGGTCACAGAAGAGCA-1	epithelia.cuticle.Osi16_2
nc_GGGTCACAGATTAGCA-1	epithelia.cuticle.Osi18_6
nc_GGGTCACAGATTGTGA-1	epithelia.tendon_5
nc_GGGTCACAGCATATGA-1	fat.body_10
nc_GGGTCACAGCCAGACA-1	neuron.cholinergic_11
nc_GGGTCACAGGCTGTAG-1	muscle.rbm24_0
nc_GGGTCACCAATGCTCA-1	epithelia.cuticle.cp.other_1
nc_GGGTCACCACACGGAA-1	muscle.rbm24_0
nc_GGGTCACCACTCCTTG-1	muscle.rbm24_0
nc_GGGTCACCACTGGAAG-1	epithelia.cuticle.Osi16_2
nc_GGGTCACCAGACCAAG-1	epithelia.cuticle.cp.other_1
nc_GGGTCACCAGAGGGTT-1	epithelia.cuticle.cp.rigid_7
nc_GGGTCACGTAGTATAG-1	neuron.cholinergic_11
nc_GGGTCACTCCCTCGTA-1	secretory-ECM_21
nc_GGGTCACTCCCTCTTT-1	trachea_15
nc_GGGTCACTCTAATTCC-1	epithelia.cuticle.Osi16_2
nc_GGGTCACTCTAGTGAC-1	muscle.rbm24_0
nc_GGGTCTGCAAGTAGTA-1	epithelia.cuticle.Osi17_4
nc_GGGTCTGCACTCCGGA-1	epithelia.cuticle.cp.rigid_7
nc_GGGTCTGGTAGCTTGT-1	epithelia.cuticle.cp.other_1
nc_GGGTCTGGTCATAGTC-1	muscle.rbm24_0
nc_GGGTCTGGTGCTCGTG-1	epithelia.cuticle.cp.rigid_7
nc_GGGTCTGGTGGCTTAT-1	epithelia.olfactory.support_9
nc_GGGTCTGGTTCAGCGC-1	epithelia.cuticle.cp.soft_3
nc_GGGTCTGTCAGTGTGT-1	muscle.rbm24_0
nc_GGGTCTGTCCCTAGGG-1	epithelia.cuticle.Osi16_2
nc_GGGTCTGTCGGTAACT-1	muscle.rbm24_0
nc_GGGTCTGTCTACCAGA-1	neuroglioblast.castor_17
nc_GGGTCTGTCTTTGCAT-1	epithelia.cuticle.Osi18_6
nc_GGGTGAAAGCTAGAGC-1	gland.corpora-allata_22
nc_GGGTGAACAAATTGGA-1	epithelia.tendon_5
nc_GGGTGAACAACAAAGT-1	epithelia.cuticle.cp.soft_3
nc_GGGTGAACACACCTAA-1	epithelia.cuticle.Osi17_4
nc_GGGTGAACACCATATG-1	epithelia.cuticle.cp.other_1
nc_GGGTGAACAGTCCCGA-1	epithelia.cuticle.cp.other_1
nc_GGGTGAACATCCGAGC-1	epithelia.cuticle.cp.rigid_7
nc_GGGTGAACATCTCCCA-1	trachea_15
nc_GGGTGAAGTCTCCTGT-1	epithelia.tendon_5
nc_GGGTGAATCTCGCTTG-1	epithelia.cuticle.cp.other_1
nc_GGGTGTCAGAGATCGC-1	muscle.rbm24_0
nc_GGGTGTCAGAGTCAGC-1	epithelia.cuticle.Osi16_2
nc_GGGTGTCAGATAGTGT-1	epithelia.cuticle.Osi16_2
nc_GGGTGTCGTATGAGCG-1	epithelia.olfactory.support_9
nc_GGGTGTCGTCCAGAAG-1	muscle.rbm24_0
nc_GGGTGTCGTGGAACCA-1	epithelia.cuticle.cp.other_1
nc_GGGTGTCTCTAAGAAG-1	muscle.rbm24_0
nc_GGGTTATAGCACTCAT-1	neuron.cholinergic_11
nc_GGGTTATAGGGCCCTT-1	muscle.rbm24_0
nc_GGGTTATAGTAATTGG-1	epithelia.olfactory.support_9
nc_GGGTTATCAACTGATC-1	glia1_8
nc_GGGTTATCATCGAAGG-1	epithelia.cuticle.cp.soft_3
nc_GGGTTATCATCTCAAG-1	epithelia.cuticle.Osi14_12
nc_GGGTTATCATGACAAA-1	muscle.rbm24_0
nc_GGGTTATGTCTCCTGT-1	epithelia.olfactory.support_9
nc_GGGTTATTCAGACATC-1	epithelia.tendon_5
nc_GGGTTATTCCGAGAAG-1	epithelia.cuticle.Osi16_2
nc_GGGTTATTCGGACTGC-1	epithelia.cuticle.cp.other_1
nc_GGGTTTAAGTCCCAAT-1	hemocyte_16
nc_GGGTTTACAAACCACT-1	muscle.rbm24_0
nc_GGGTTTACAAGCCTGC-1	epithelia.cuticle.Osi17_4
nc_GGGTTTACAGGTGACA-1	muscle.rbm24_0
nc_GGGTTTAGTGTATTCG-1	epithelia.tendon_5
nc_GGGTTTAGTTACCGTA-1	epithelia.olfactory.support_9
nc_GGTAACTAGATAGGGA-1	epithelia.cuticle.cp.other_1
nc_GGTAACTAGGACGGAG-1	epithelia.tendon_5
nc_GGTAACTCAAGAGTGC-1	epithelia.cuticle.cp.soft_3
nc_GGTAACTCAAGGCAAC-1	epithelia.cuticle.cp.soft_3
nc_GGTAACTCACCCTATC-1	epithelia.cuticle.Osi16_2
nc_GGTAACTCACTAACGT-1	epithelia.cuticle.Osi17_4
nc_GGTAACTCATGGTACT-1	epithelia.cuticle.cp.other_1
nc_GGTAACTGTAGGCTGA-1	epithelia.cuticle.Osi16_2
nc_GGTAACTGTATACAGA-1	epithelia.tendon_5
nc_GGTAACTGTATTGAGA-1	trachea_15
nc_GGTAACTGTGTCATTG-1	epithelia.cuticle.Osi17_4
nc_GGTAACTGTTTGAAAG-1	epithelia.cuticle.Osi16_2
nc_GGTAACTGTTTGGCTA-1	epithelia.cuticle.Osi17_4
nc_GGTAACTTCACTTCTA-1	epithelia.cuticle.cp.soft_3
nc_GGTAACTTCAGGTGTT-1	muscle.rbm24_0
nc_GGTAACTTCCATTGGA-1	epithelia.cuticle.Osi16_2
nc_GGTAACTTCCCATAAG-1	epithelia.tendon_5
nc_GGTAACTTCCGATGTA-1	epithelia.cuticle.Osi14_12
nc_GGTAACTTCGCACGGT-1	muscle.rbm24_0
nc_GGTAACTTCGCAGTGC-1	neuroglioblast.ol_14
nc_GGTAACTTCGTCACCT-1	epithelia.cuticle.cp.other_1
nc_GGTAACTTCTAACGGT-1	epithelia.cuticle.cp.rigid_7
nc_GGTAATCAGCGATGAC-1	neuroglioblast.ol_14
nc_GGTAATCAGTGTAGAT-1	epithelia.olfactory.support_9
nc_GGTAATCCACGTCGGT-1	epithelia.cuticle.biosynthesis_13
nc_GGTAATCGTGAGCAGT-1	epithelia.cuticle.cp.other_1
nc_GGTAATCTCCCGATCT-1	epithelia.cuticle.cp.other_1
nc_GGTAATCTCGCGAAGA-1	muscle.rbm24_0
nc_GGTAGAGAGACATCCT-1	muscle.rbm24_0
nc_GGTAGAGAGGCATCGA-1	epithelia.cuticle.Osi16_2
nc_GGTAGAGCACCTGCGA-1	epithelia.cuticle.cp.rigid_7
nc_GGTAGAGCAGTTGGTT-1	epithelia.cuticle.Osi16_2
nc_GGTAGAGCATCCTATT-1	epithelia.cuticle.Osi17_4
nc_GGTAGAGGTAACACCT-1	muscle.rbm24_0
nc_GGTAGAGGTCGGCTAC-1	epithelia.cuticle.cp.soft_3
nc_GGTAGAGTCCACCTCA-1	muscle.rbm24_0
nc_GGTAGAGTCCATTTGT-1	epithelia.tendon_5
nc_GGTCACGAGAAGTCCG-1	muscle.rbm24_0
nc_GGTCACGAGATGCAGC-1	epithelia.olfactory.support_9
nc_GGTCACGAGGCTCCCA-1	epithelia.cuticle.Osi16_2
nc_GGTCACGAGGTCCAGA-1	epithelia.cuticle.cp.soft_3
nc_GGTCACGCACCTGTCT-1	epithelia.cuticle.cp.other_1
nc_GGTCACGGTACAAACA-1	epithelia.olfactory.support_9
nc_GGTCACGGTACTTCCC-1	epithelia.tendon_5
nc_GGTCACGGTCTTTCAT-1	muscle.rbm24_0
nc_GGTCACGGTGCCTAAT-1	epithelia.cuticle.cp.other_1
nc_GGTCACGGTGCTAGCC-1	muscle.rbm24_0
nc_GGTCACGTCGAGAAAT-1	muscle.rbm24_0
nc_GGTCACGTCGCCACTT-1	glia1_8
nc_GGTCACGTCTTTCGAT-1	trachea_15
nc_GGTCTGGAGAAGGTAG-1	neuroglioblast.ol_14
nc_GGTCTGGAGAGGTTTA-1	muscle.rbm24_0
nc_GGTCTGGCACAAGCAG-1	epithelia.tendon_5
nc_GGTCTGGGTGCTATTG-1	muscle.rbm24_0
nc_GGTCTGGGTGTAAACA-1	neuroglioblast.castor_17
nc_GGTCTGGTCATAGAGA-1	epithelia.cuticle.Osi16_2
nc_GGTCTGGTCCGTTTCG-1	epithelia.cuticle.Osi16_2
nc_GGTCTGGTCGCTGTTC-1	epithelia.cuticle.Osi16_2
nc_GGTGAAGAGAAACACT-1	neuroglioblast.ol_14
nc_GGTGAAGAGAGCAGTC-1	muscle.rbm24_0
nc_GGTGAAGAGCCAAGGT-1	fat.body_10
nc_GGTGAAGAGCTTACGT-1	epithelia.cuticle.Osi14_12
nc_GGTGAAGAGTTCGGTT-1	epithelia.olfactory.support_9
nc_GGTGAAGCAACTCATG-1	muscle.rbm24_0
nc_GGTGAAGGTACGTACT-1	muscle.rbm24_0
nc_GGTGAAGGTAGCTCGC-1	neuron.cholinergic_11
nc_GGTGAAGGTCACTTAG-1	muscle.rbm24_0
nc_GGTGAAGGTTACGATC-1	epithelia.cuticle.Osi16_2
nc_GGTGAAGGTTGTATGC-1	epithelia.cuticle.cp.soft_3
nc_GGTGAAGTCATTTCCA-1	epithelia.tendon_5
nc_GGTGATTAGAATTGTG-1	muscle.rbm24_0
nc_GGTGATTAGATCACTC-1	epithelia.cuticle.Osi16_2
nc_GGTGATTAGCGAGAAA-1	neuron.cholinergic_11
nc_GGTGATTAGTAGGAAG-1	muscle.rbm24_0
nc_GGTGATTAGTCGCGAA-1	epithelia.cuticle.cp.other_1
nc_GGTGATTCAAGAAATC-1	epithelia.cuticle.Osi16_2
nc_GGTGATTCAATCCAGT-1	muscle.rbm24_0
nc_GGTGATTCACCTGCAG-1	epithelia.olfactory.support_9
nc_GGTGATTCAGCAATTC-1	epithelia.cuticle.Osi16_2
nc_GGTGATTGTCATCGCG-1	epithelia.cuticle.cp.soft_3
nc_GGTGATTGTGTCGATT-1	epithelia.cuticle.Osi17_4
nc_GGTGATTGTTCTCCTG-1	epithelia.cuticle.cp.other_1
nc_GGTGATTGTTCTTGTT-1	epithelia.cuticle.cp.other_1
nc_GGTGATTTCTCATTAC-1	epithelia.tendon_5
nc_GGTGGCTAGAATCGTA-1	epithelia.cuticle.cp.rigid_7
nc_GGTGGCTAGGAGAATG-1	muscle.rbm24_0
nc_GGTGGCTCAAGTTGGG-1	glia1_8
nc_GGTGGCTCAGAGTTGG-1	glia2_18
nc_GGTGGCTCATCATTGG-1	epithelia.tendon_5
nc_GGTGGCTCATTATGCG-1	epithelia.cuticle.Osi16_2
nc_GGTGGCTGTACGTTCA-1	epithelia.cuticle.Osi16_2
nc_GGTGGCTGTGCTATTG-1	neuroglioblast.castor_17
nc_GGTGGCTGTTGACTAC-1	epithelia.cuticle.Osi16_2
nc_GGTGGCTGTTGCATAC-1	epithelia.cuticle.cp.other_1
nc_GGTGGCTTCATTTCGT-1	muscle.rbm24_0
nc_GGTGGCTTCCACGTCT-1	epithelia.cuticle.Osi14_12
nc_GGTGGCTTCGCGCCAA-1	epithelia.cuticle.cp.soft_3
nc_GGTGGCTTCGGAGTAG-1	fat.body_10
nc_GGTGTCGAGCTGTACT-1	trachea_15
nc_GGTGTCGAGGCATCGA-1	trachea_15
nc_GGTGTCGAGTCGGGAT-1	epithelia.cuticle.Osi17_4
nc_GGTGTCGGTGTGATGG-1	epithelia.cuticle.cp.soft_3
nc_GGTGTCGGTGTGCCTG-1	epithelia.cuticle.cp.other_1
nc_GGTGTCGTCCATGCAA-1	epithelia.cuticle.Osi16_2
nc_GGTGTTAAGGACCCAA-1	muscle.rbm24_0
nc_GGTGTTAAGGCGCTTC-1	epithelia.cuticle.cp.rigid_7
nc_GGTGTTAAGTGGATTA-1	epithelia.cuticle.Osi17_4
nc_GGTGTTACAAGTTGGG-1	epithelia.cuticle.cp.other_1
nc_GGTGTTACACAGTCCG-1	glia1_8
nc_GGTGTTACAGTCTGGC-1	neuron.cholinergic_11
nc_GGTGTTACATTGTAGC-1	neuron.cholinergic_11
nc_GGTGTTAGTTTACCAG-1	epithelia.cuticle.cp.soft_3
nc_GGTGTTATCATGACAC-1	epithelia.cuticle.Osi18_6
nc_GGTGTTATCCGCACGA-1	epithelia.cuticle.biosynthesis_13
nc_GGTTAACAGAGCCCAA-1	muscle.rbm24_0
nc_GGTTAACAGCGCACAA-1	epithelia.cuticle.Osi16_2
nc_GGTTAACCAATCGCAT-1	neuron.chol.ciliated_20
nc_GGTTAACCAGAGCTAG-1	hemocyte_16
nc_GGTTAACCATAGCTGT-1	epithelia.cuticle.cp.other_1
nc_GGTTAACCATCTGGGC-1	muscle.rbm24_0
nc_GGTTAACGTAGATTGA-1	epithelia.cuticle.Osi16_2
nc_GGTTAACGTGATTCTG-1	muscle.rbm24_0
nc_GGTTAACGTGGACCAA-1	epithelia.tendon_5
nc_GGTTAACGTTCCTAGA-1	epithelia.cuticle.cp.rigid_7
nc_GGTTAACTCAAGGAGC-1	neuron.cholinergic_11
nc_GGTTCTCAGAAGCGCT-1	epithelia.tendon_5
nc_GGTTCTCAGCCATATC-1	epithelia.cuticle.cp.other_1
nc_GGTTCTCAGGTCGAGT-1	muscle.rbm24_0
nc_GGTTCTCAGTTGTACC-1	gland.corpora-allata_22
nc_GGTTCTCCAAACGGCA-1	trachea_15
nc_GGTTCTCCAATTCACG-1	epithelia.tendon_5
nc_GGTTCTCCACTACTTT-1	epithelia.cuticle.cp.soft_3
nc_GGTTCTCCATTCTCCG-1	epithelia.olfactory.support_9
nc_GGTTCTCGTACCCGCA-1	epithelia.cuticle.cp.other_1
nc_GGTTCTCGTCATAACC-1	fat.body_10
nc_GGTTCTCGTCTTTATC-1	epithelia.cuticle.cp.other_1
nc_GGTTGTAAGAATCTAG-1	epithelia.cuticle.Osi16_2
nc_GGTTGTAAGTGAACAT-1	epithelia.tendon_5
nc_GGTTGTACACCAGTTA-1	epithelia.cuticle.cp.rigid_7
nc_GGTTGTAGTATCCTCC-1	epithelia.cuticle.Osi16_2
nc_GGTTGTAGTCCAAGAG-1	epithelia.cuticle.cp.other_1
nc_GGTTGTAGTGTTGATC-1	epithelia.tendon_5
nc_GGTTGTATCCGTGGGT-1	epithelia.tendon_5
nc_GTAACACAGAGCATTA-1	epithelia.tendon_5
nc_GTAACACAGCACCGTC-1	epithelia.cuticle.cp.rigid_7
nc_GTAACACAGCGACTTT-1	fat.body_10
nc_GTAACACAGCTAAGTA-1	trachea_15
nc_GTAACACAGCTAATCC-1	epithelia.cuticle.cp.other_1
nc_GTAACACCAAGAATGT-1	epithelia.cuticle.Osi16_2
nc_GTAACACCACATGACT-1	muscle.rbm24_0
nc_GTAACACCACTAGAGG-1	epithelia.cuticle.Osi16_2
nc_GTAACACCACTTGAGT-1	muscle.rbm24_0
nc_GTAACACCAGTGTGCC-1	muscle.rbm24_0
nc_GTAACACCATTCATCT-1	epithelia.cuticle.cp.other_1
nc_GTAACACGTCAAAGCG-1	muscle.tup_19
nc_GTAACACGTTCGGCTG-1	epithelia.cuticle.cp.other_1
nc_GTAACACTCTGCTCTG-1	hemocyte_16
nc_GTAACCAAGAGATTCA-1	epithelia.cuticle.cp.other_1
nc_GTAACCAAGCACACCC-1	neuroglioblast.ol_14
nc_GTAACCAAGTGGAATT-1	epithelia.tendon_5
nc_GTAACCACACGCCAGT-1	trachea_15
nc_GTAACCACACGGTCTG-1	epithelia.tendon_5
nc_GTAACCACACTACGGC-1	muscle.rbm24_0
nc_GTAACCACAGATCACT-1	epithelia.tendon_5
nc_GTAACCAGTATTGACC-1	muscle.rbm24_0
nc_GTAACCAGTGCATTAC-1	epithelia.tendon_5
nc_GTAACCAGTTCGGACC-1	muscle.rbm24_0
nc_GTAACCAGTTGCTTGA-1	epithelia.cuticle.cp.other_1
nc_GTAACCATCACCTGGG-1	epithelia.cuticle.cp.other_1
nc_GTAACCATCGCCAACG-1	epithelia.cuticle.Osi16_2
nc_GTAACCATCGCCTAGG-1	epithelia.cuticle.cp.rigid_7
nc_GTAACCATCGGATACT-1	epithelia.cuticle.cp.other_1
nc_GTAACCATCTGCGATA-1	epithelia.cuticle.Osi16_2
nc_GTAAGTCAGAGAAGGT-1	glia1_8
nc_GTAAGTCAGCATAGGC-1	trachea_15
nc_GTAAGTCAGCGCCTAC-1	muscle.rbm24_0
nc_GTAAGTCAGCGTTGTT-1	epithelia.tendon_5
nc_GTAAGTCAGTTGCGAG-1	epithelia.tendon_5
nc_GTAAGTCCAAACACCT-1	muscle.rbm24_0
nc_GTAAGTCCACATACTG-1	epithelia.cuticle.cp.soft_3
nc_GTAAGTCCAGAAGCTG-1	muscle.rbm24_0
nc_GTAAGTCTCGTTCCCA-1	epithelia.cuticle.Osi17_4
nc_GTAAGTCTCTACGCGG-1	muscle.rbm24_0
nc_GTAAGTCTCTCTCCGA-1	epithelia.cuticle.cp.rigid_7
nc_GTAATCGAGCCTCTCT-1	muscle.rbm24_0
nc_GTAATCGAGCGCCTAC-1	muscle.rbm24_0
nc_GTAATCGAGGTGCAGT-1	epithelia.cuticle.cp.other_1
nc_GTAATCGAGTCTCGTA-1	epithelia.cuticle.biosynthesis_13
nc_GTAATCGCAGGTCCCA-1	muscle.rbm24_0
nc_GTAATCGCAGTATTCG-1	muscle.rbm24_0
nc_GTAATCGGTAGTCCTA-1	epithelia.cuticle.cp.other_1
nc_GTAATCGTCAAGAGTA-1	epithelia.cuticle.cp.soft_3
nc_GTAATCGTCTGGGAGA-1	epithelia.cuticle.cp.soft_3
nc_GTAATGCAGAGCTGAC-1	epithelia.cuticle.cp.soft_3
nc_GTAATGCAGCGCCCAT-1	trachea_15
nc_GTAATGCAGTTTAGGA-1	glia2_18
nc_GTAATGCCACCAGACC-1	neuroglioblast.ol_14
nc_GTAATGCCATACAGCT-1	muscle.rbm24_0
nc_GTAATGCCATAGAAAC-1	trachea_15
nc_GTAATGCGTCCCTGTT-1	muscle.rbm24_0
nc_GTAATGCGTGAGATTA-1	muscle.rbm24_0
nc_GTAATGCTCATCACTT-1	epithelia.cuticle.cp.rigid_7
nc_GTAATGCTCGTGCATA-1	epithelia.cuticle.cp.soft_3
nc_GTAATGCTCGTGTGGC-1	muscle.rbm24_0
nc_GTACAACAGAGTGTGC-1	epithelia.cuticle.Osi16_2
nc_GTACAACAGGTTCATC-1	trachea_15
nc_GTACAACAGTAGGTTA-1	epithelia.cuticle.Osi16_2
nc_GTACAACAGTTCACTG-1	epithelia.cuticle.Osi16_2
nc_GTACAACCAAGAGTTA-1	trachea_15
nc_GTACAACCAAGCCCAC-1	epithelia.cuticle.cp.other_1
nc_GTACAACCACTGCATA-1	trachea_15
nc_GTACAACCAGACCGCT-1	epithelia.cuticle.cp.other_1
nc_GTACAACGTACTCGCG-1	epithelia.tendon_5
nc_GTACAACGTGGGTTGA-1	trachea_15
nc_GTACAACGTTCTTCAT-1	epithelia.cuticle.cp.other_1
nc_GTACAACTCAGACATC-1	epithelia.cuticle.cp.other_1
nc_GTACAACTCAGTGTGT-1	gland.corpora-allata_22
nc_GTACAACTCCACGTGG-1	muscle.rbm24_0
nc_GTACAACTCCTAACAG-1	epithelia.cuticle.Osi16_2
nc_GTACAACTCGCTGCGA-1	muscle.rbm24_0
nc_GTACAACTCGGCTATA-1	muscle.rbm24_0
nc_GTACAACTCTTTCAGT-1	muscle.rbm24_0
nc_GTACAGTAGACAGCGT-1	epithelia.cuticle.Osi14_12
nc_GTACAGTAGCCAGAGT-1	epithelia.cuticle.cp.soft_3
nc_GTACAGTAGCTTCTAG-1	muscle.rbm24_0
nc_GTACAGTAGGTTCCAT-1	trachea_15
nc_GTACAGTAGTAACAGT-1	muscle.rbm24_0
nc_GTACAGTAGTCATACC-1	muscle.rbm24_0
nc_GTACAGTAGTGATGGC-1	epithelia.olfactory.support_9
nc_GTACAGTCAACTGGTT-1	muscle.rbm24_0
nc_GTACAGTCACATGAAA-1	epithelia.tendon_5
nc_GTACAGTCACATGTTG-1	epithelia.cuticle.cp.soft_3
nc_GTACAGTTCCCATACC-1	epithelia.cuticle.Osi16_2
nc_GTACAGTTCTCGGTCT-1	epithelia.cuticle.Osi16_2
nc_GTAGAAAAGACCTCAT-1	epithelia.cuticle.cp.soft_3
nc_GTAGAAAAGCATATGA-1	epithelia.cuticle.cp.soft_3
nc_GTAGAAAAGGGCAATC-1	neuron.cholinergic_11
nc_GTAGAAAAGTCACTCA-1	epithelia.cuticle.cp.soft_3
nc_GTAGAAACAAACACCT-1	epithelia.cuticle.cp.other_1
nc_GTAGAAACACCCAAGC-1	muscle.rbm24_0
nc_GTAGAAACAGCGACCT-1	epithelia.cuticle.cp.other_1
nc_GTAGAAACAGGCGTTC-1	epithelia.cuticle.Osi17_4
nc_GTAGAAACAGGCTATT-1	epithelia.cuticle.Osi18_6
nc_GTAGAAACATTGTACG-1	epithelia.cuticle.Osi18_6
nc_GTAGAAATCAAAGCCT-1	muscle.rbm24_0
nc_GTAGAAATCAAATGCC-1	muscle.rbm24_0
nc_GTAGAAATCGTCAGAT-1	epithelia.cuticle.cp.other_1
nc_GTAGAAATCTCGGTCT-1	epithelia.olfactory.support_9
nc_GTAGAGGAGCCTGCCA-1	muscle.rbm24_0
nc_GTAGAGGAGGACAACC-1	epithelia.cuticle.biosynthesis_13
nc_GTAGAGGCAACGTATC-1	neuroglioblast.ol_14
nc_GTAGAGGCAGCAGACA-1	muscle.rbm24_0
nc_GTAGAGGCAGTCAGTT-1	epithelia.cuticle.Osi17_4
nc_GTAGAGGCATTCATCT-1	muscle.rbm24_0
nc_GTAGAGGGTCACGCTG-1	epithelia.tendon_5
nc_GTAGAGGGTTGGGAAC-1	trachea_15
nc_GTAGAGGTCCGTAGTA-1	neuroglioblast.castor_17
nc_GTAGATCAGAGGCGTT-1	muscle.rbm24_0
nc_GTAGATCAGCCTCTGG-1	neuroglioblast.castor_17
nc_GTAGATCAGGCGCTTC-1	muscle.rbm24_0
nc_GTAGATCAGGGTCACA-1	epithelia.cuticle.Osi16_2
nc_GTAGATCAGTTTCAGC-1	muscle.rbm24_0
nc_GTAGATCCAAGGAGTC-1	epithelia.cuticle.Osi18_6
nc_GTAGATCCAATGTCAC-1	epithelia.cuticle.cp.soft_3
nc_GTAGATCCACAGGATG-1	neuroglioblast.ol_14
nc_GTAGATCCAGAAGCTG-1	muscle.rbm24_0
nc_GTAGATCGTCAGACTT-1	muscle.rbm24_0
nc_GTAGATCGTCCAGAAG-1	epithelia.tendon_5
nc_GTAGATCTCACAAGGG-1	muscle.rbm24_0
nc_GTAGCTAAGCTCTATG-1	neuroglioblast.ol_14
nc_GTAGCTAAGTTCCGTA-1	neuron.cholinergic_11
nc_GTAGCTACAAACTCTG-1	muscle.rbm24_0
nc_GTAGCTACAACCACAT-1	fat.body_10
nc_GTAGCTACACCAGCCA-1	epithelia.olfactory.support_9
nc_GTAGCTACATGCCATA-1	fat.body_10
nc_GTAGCTAGTGTTAGCT-1	muscle.rbm24_0
nc_GTAGCTATCAGCACCG-1	muscle.rbm24_0
nc_GTAGCTATCGTGCAGC-1	epithelia.cuticle.Osi16_2
nc_GTAGCTATCTGGGCCA-1	epithelia.tendon_5
nc_GTAGGAGAGAATGTTG-1	epithelia.cuticle.cp.soft_3
nc_GTAGGAGAGAATTGCA-1	epithelia.cuticle.cp.other_1
nc_GTAGGAGAGAGAAGGT-1	muscle.rbm24_0
nc_GTAGGAGAGCTGAGTG-1	epithelia.cuticle.Osi18_6
nc_GTAGGAGAGTAGGAAG-1	epithelia.tendon_5
nc_GTAGGAGCACGCGCTA-1	muscle.rbm24_0
nc_GTAGGAGCAGCACAAG-1	epithelia.cuticle.Osi17_4
nc_GTAGGAGGTAGGGAGG-1	muscle.rbm24_0
nc_GTAGGAGGTATGACAA-1	epithelia.cuticle.cp.other_1
nc_GTAGGAGGTGGTAACG-1	trachea_15
nc_GTAGGAGGTTACCGTA-1	epithelia.cuticle.Osi16_2
nc_GTAGGAGGTTCCGTTC-1	epithelia.cuticle.Osi16_2
nc_GTAGGAGTCCACAGGC-1	epithelia.tendon_5
nc_GTAGGAGTCTTTCTAG-1	epithelia.olfactory.support_9
nc_GTAGGTTAGAGAGCCT-1	muscle.rbm24_0
nc_GTAGGTTAGCGCGTTC-1	epithelia.cuticle.Osi16_2
nc_GTAGGTTCAAGTGGTG-1	glia2_18
nc_GTAGGTTCACACTGGC-1	epithelia.cuticle.Osi16_2
nc_GTAGGTTCACGGGCTT-1	epithelia.cuticle.Osi17_4
nc_GTAGGTTCAGGTCTCG-1	epithelia.cuticle.Osi17_4
nc_GTAGGTTCATGACTAC-1	epithelia.tendon_5
nc_GTAGGTTCATTCAGCA-1	muscle.rbm24_0
nc_GTAGGTTGTTGGTGTT-1	muscle.rbm24_0
nc_GTAGGTTTCGAACGGA-1	epithelia.cuticle.cp.soft_3
nc_GTAGGTTTCGCAAGAG-1	epithelia.olfactory.support_9
nc_GTAGGTTTCGGCTGAC-1	epithelia.cuticle.biosynthesis_13
nc_GTAGGTTTCTCATGGA-1	epithelia.olfactory.support_9
nc_GTAGGTTTCTCTTCAA-1	hemocyte_16
nc_GTAGGTTTCTCTTGCG-1	fat.body_10
nc_GTAGTACAGAAGCGCT-1	neuron.chol.ciliated_20
nc_GTAGTACAGAGGTCGT-1	muscle.rbm24_0
nc_GTAGTACAGGAGGTTC-1	epithelia.olfactory.support_9
nc_GTAGTACAGGTCACAG-1	epithelia.cuticle.Osi18_6
nc_GTAGTACAGTAACGAT-1	fat.body_10
nc_GTAGTACCACGATTCA-1	epithelia.cuticle.Osi16_2
nc_GTAGTACCACTACTTT-1	muscle.rbm24_0
nc_GTAGTACTCAGCTGTA-1	epithelia.cuticle.cp.soft_3
nc_GTAGTACTCCATCTAT-1	fat.body_10
nc_GTAGTACTCGCCAACG-1	epithelia.cuticle.cp.soft_3
nc_GTAGTACTCTAATTCC-1	muscle.rbm24_0
nc_GTAGTACTCTCAGAAC-1	epithelia.cuticle.cp.other_1
nc_GTATTGGAGGAGAATG-1	muscle.rbm24_0
nc_GTATTGGAGGCAATGC-1	epithelia.cuticle.biosynthesis_13
nc_GTATTGGAGTGGATAT-1	muscle.rbm24_0
nc_GTATTGGCAACAGCTT-1	epithelia.cuticle.Osi17_4
nc_GTATTGGCAGTATACC-1	epithelia.cuticle.cp.soft_3
nc_GTATTGGGTCTTCGAA-1	muscle.rbm24_0
nc_GTATTGGGTTTAAGGA-1	epithelia.cuticle.cp.soft_3
nc_GTATTGGTCAGGACGA-1	muscle.rbm24_0
nc_GTATTGGTCGTCTACC-1	epithelia.cuticle.Osi16_2
nc_GTATTGGTCTGTCGTC-1	epithelia.cuticle.Osi18_6
nc_GTATTTCAGAGAGTTT-1	epithelia.olfactory.support_9
nc_GTATTTCAGGTAAGTT-1	epithelia.cuticle.cp.soft_3
nc_GTATTTCCAACGCATT-1	epithelia.cuticle.Osi17_4
nc_GTATTTCGTCGGCACT-1	muscle.rbm24_0
nc_GTATTTCGTGGCCTCA-1	epithelia.cuticle.cp.other_1
nc_GTATTTCGTTATTCTC-1	epithelia.olfactory.support_9
nc_GTATTTCTCAAAGAAC-1	fat.body_10
nc_GTATTTCTCGCGTAGC-1	epithelia.cuticle.Osi16_2
nc_GTATTTCTCTCATTTG-1	epithelia.cuticle.cp.other_1
nc_GTATTTCTCTGGGCAC-1	muscle.rbm24_0
nc_GTCAAACAGCTCGCAC-1	epithelia.cuticle.Osi16_2
nc_GTCAAACAGGTTCAGG-1	muscle.rbm24_0
nc_GTCAAACAGTCACGAG-1	epithelia.cuticle.Osi16_2
nc_GTCAAACAGTTAACGA-1	epithelia.cuticle.cp.soft_3
nc_GTCAAACCAAAGTGTA-1	epithelia.tendon_5
nc_GTCAAACCAACTGGTT-1	muscle.rbm24_0
nc_GTCAAACCACGACGAA-1	epithelia.cuticle.cp.other_1
nc_GTCAAACGTGATACTC-1	muscle.rbm24_0
nc_GTCAAACGTGCCAAGA-1	hemocyte_16
nc_GTCAAACGTGTCATGT-1	epithelia.cuticle.cp.soft_3
nc_GTCAAACGTTGCCAAT-1	epithelia.cuticle.cp.other_1
nc_GTCAAACGTTGCTCGG-1	epithelia.cuticle.Osi14_12
nc_GTCAAACGTTGTCTAG-1	epithelia.tendon_5
nc_GTCAAACTCATCAGTG-1	muscle.rbm24_0
nc_GTCAAACTCGTTACCC-1	epithelia.cuticle.cp.other_1
nc_GTCAAACTCTACTGAG-1	muscle.rbm24_0
nc_GTCAAGTAGGCAGTCA-1	fat.body_10
nc_GTCAAGTCATGGGATG-1	epithelia.cuticle.cp.soft_3
nc_GTCAAGTCATTGACAC-1	epithelia.cuticle.Osi14_12
nc_GTCAAGTGTACACGCC-1	epithelia.cuticle.cp.other_1
nc_GTCAAGTGTTCTTGCC-1	epithelia.cuticle.Osi17_4
nc_GTCAAGTGTTGCCGCA-1	epithelia.cuticle.Osi16_2
nc_GTCAAGTTCTACCTTA-1	muscle.rbm24_0
nc_GTCACGGAGAGAGTTT-1	muscle.rbm24_0
nc_GTCACGGAGATTGATG-1	epithelia.cuticle.biosynthesis_13
nc_GTCACGGCAATGCTCA-1	epithelia.cuticle.Osi16_2
nc_GTCACGGCACAGTACT-1	neuroglioblast.ol_14
nc_GTCACGGCACTACGGC-1	muscle.rbm24_0
nc_GTCACGGCATGTTTGG-1	epithelia.tendon_5
nc_GTCACGGGTCTCTCTG-1	epithelia.cuticle.Osi16_2
nc_GTCACGGGTGGGACAT-1	epithelia.cuticle.cp.other_1
nc_GTCACGGTCATCAGTG-1	muscle.rbm24_0
nc_GTCACGGTCGTCTAAG-1	epithelia.tendon_5
nc_GTCACGGTCTGCATAG-1	epithelia.cuticle.cp.other_1
nc_GTCACTCAGAAACACT-1	epithelia.cuticle.cp.other_1
nc_GTCACTCAGAACTTCC-1	fat.body_10
nc_GTCACTCAGCGTGTCC-1	epithelia.cuticle.cp.other_1
nc_GTCACTCAGGCTCTCG-1	epithelia.cuticle.Osi16_2
nc_GTCACTCCAAGGTTGG-1	epithelia.cuticle.cp.other_1
nc_GTCACTCCATGACAAA-1	epithelia.cuticle.Osi16_2
nc_GTCACTCGTACGTTCA-1	epithelia.cuticle.Osi16_2
nc_GTCACTCGTCGATTAC-1	epithelia.cuticle.Osi16_2
nc_GTCACTCGTGTATTCG-1	epithelia.cuticle.Osi14_12
nc_GTCACTCTCAACGTGT-1	epithelia.cuticle.Osi17_4
nc_GTCACTCTCACCATCC-1	muscle.rbm24_0
nc_GTCACTCTCACTCGAA-1	epithelia.cuticle.Osi18_6
nc_GTCACTCTCCTACGAA-1	epithelia.cuticle.Osi17_4
nc_GTCACTCTCTATTCGT-1	epithelia.olfactory.support_9
nc_GTCACTCTCTTCCCAG-1	epithelia.cuticle.cp.soft_3
nc_GTCAGCGAGTGAGTGC-1	epithelia.cuticle.Osi16_2
nc_GTCAGCGCAGCCCACA-1	neuroglioblast.castor_17
nc_GTCAGCGCATCCGAAT-1	muscle.tup_19
nc_GTCAGCGGTCCACTCT-1	muscle.rbm24_0
nc_GTCAGCGGTGGTCAAG-1	muscle.rbm24_0
nc_GTCAGCGTCACGTAGT-1	glia2_18
nc_GTCAGCGTCTACCACC-1	epithelia.cuticle.Osi16_2
nc_GTCATCCAGACTTCCA-1	epithelia.cuticle.Osi18_6
nc_GTCATCCAGATACCAA-1	epithelia.cuticle.cp.other_1
nc_GTCATCCAGCCTGACC-1	epithelia.tendon_5
nc_GTCATCCAGGAAGTAG-1	epithelia.cuticle.biosynthesis_13
nc_GTCATCCGTCAAAGCG-1	neuron.cholinergic_11
nc_GTCATCCGTGCCCTTT-1	epithelia.cuticle.Osi17_4
nc_GTCATCCGTTAAGACA-1	epithelia.cuticle.cp.soft_3
nc_GTCATCCTCAAAGGAT-1	muscle.rbm24_0
nc_GTCATCCTCCCTAGGG-1	epithelia.tendon_5
nc_GTCATCCTCCTTGACC-1	epithelia.cuticle.cp.other_1
nc_GTCATGAAGCCGCTTG-1	muscle.rbm24_0
nc_GTCATGAAGGATCACG-1	muscle.rbm24_0
nc_GTCATGAAGTGGATTA-1	neuron.cholinergic_11
nc_GTCATGACAAACTCTG-1	epithelia.cuticle.cp.soft_3
nc_GTCATGACAAAGTGTA-1	fat.body_10
nc_GTCATGACAGCTGAGA-1	epithelia.olfactory.support_9
nc_GTCATGAGTCCGGCAT-1	muscle.rbm24_0
nc_GTCATGAGTGAGACGT-1	epithelia.cuticle.Osi16_2
nc_GTCATGATCTCCCTAG-1	epithelia.cuticle.cp.other_1
nc_GTCATTTAGAGAGAAC-1	epithelia.cuticle.cp.soft_3
nc_GTCATTTAGTCACAGG-1	epithelia.cuticle.Osi17_4
nc_GTCATTTAGTTGCCCG-1	epithelia.cuticle.cp.soft_3
nc_GTCATTTCACTAGGCC-1	muscle.rbm24_0
nc_GTCATTTCAGTAACCT-1	epithelia.cuticle.cp.other_1
nc_GTCATTTGTCCGAAGA-1	epithelia.tendon_5
nc_GTCATTTTCGTTATCT-1	muscle.rbm24_0
nc_GTCATTTTCTCGTCAC-1	epithelia.olfactory.support_9
nc_GTCCACTAGACTCTAC-1	epithelia.cuticle.Osi18_6
nc_GTCCACTAGGCACCAA-1	epithelia.cuticle.Osi17_4
nc_GTCCACTAGTTCCGGC-1	neuron.chol.ciliated_20
nc_GTCCACTCATATGCGT-1	glia1_8
nc_GTCCACTCATTACTCT-1	epithelia.cuticle.cp.soft_3
nc_GTCCACTGTCACTTCC-1	epithelia.cuticle.Osi14_12
nc_GTCCACTGTGCCTAAT-1	epithelia.cuticle.Osi17_4
nc_GTCCACTGTGCTAGCC-1	epithelia.cuticle.Osi17_4
nc_GTCCACTGTTGCAACT-1	epithelia.cuticle.Osi16_2
nc_GTCCACTTCATGCAGT-1	epithelia.cuticle.cp.soft_3
nc_GTCCACTTCCACGTGG-1	epithelia.cuticle.cp.other_1
nc_GTCCACTTCCTAACAG-1	epithelia.tendon_5
nc_GTCCACTTCTTCGGAA-1	neuroglioblast.castor_17
nc_GTCCCATAGAACTTCC-1	muscle.rbm24_0
nc_GTCCCATAGGAGAATG-1	muscle.rbm24_0
nc_GTCCCATCAAGCCCAC-1	muscle.rbm24_0
nc_GTCCCATCAATGCTCA-1	neuron.cholinergic_11
nc_GTCCCATCACCACATA-1	epithelia.cuticle.cp.rigid_7
nc_GTCCCATCACTAACGT-1	epithelia.tendon_5
nc_GTCCCATGTTAGGGTG-1	muscle.rbm24_0
nc_GTCCCATTCCGTATAG-1	fat.body_10
nc_GTCCCATTCGCTACAA-1	epithelia.cuticle.Osi16_2
nc_GTCCCATTCTGCGTCT-1	trachea_15
nc_GTCCTCAAGAGTCGAC-1	epithelia.cuticle.Osi16_2
nc_GTCCTCAAGCCATTCA-1	fat.body_10
nc_GTCCTCACAATTGCCA-1	muscle.tup_19
nc_GTCCTCACACTAGGCC-1	epithelia.cuticle.cp.rigid_7
nc_GTCCTCACATTGCTTT-1	epithelia.cuticle.cp.other_1
nc_GTCCTCAGTAGCTGCC-1	neuroglioblast.ol_14
nc_GTCCTCAGTGAGATCG-1	glia2_18
nc_GTCCTCATCACTTGTT-1	epithelia.cuticle.Osi16_2
nc_GTCCTCATCTCCCTAG-1	epithelia.olfactory.support_9
nc_GTCCTCATCTCTCGAC-1	muscle.rbm24_0
nc_GTCCTCATCTTGAGCA-1	epithelia.cuticle.cp.soft_3
nc_GTCGAATAGAATTGTG-1	muscle.rbm24_0
nc_GTCGAATCACGCTATA-1	epithelia.tendon_5
nc_GTCGAATTCAACCTTT-1	epithelia.cuticle.Osi16_2
nc_GTCGAATTCATGACAC-1	neuroglioblast.ol_14
nc_GTCGAATTCCCTGGTT-1	epithelia.cuticle.cp.other_1
nc_GTCGAATTCGAGAATA-1	epithelia.tendon_5
nc_GTCGAATTCGTTCAGA-1	glia1_8
nc_GTCGCGAAGCTAGAAT-1	muscle.rbm24_0
nc_GTCGCGAAGTCTACCA-1	muscle.rbm24_0
nc_GTCGCGACAACTTGGT-1	muscle.rbm24_0
nc_GTCGCGACAAGTGGTG-1	neuron.cholinergic_11
nc_GTCGCGACATGACAAA-1	epithelia.tendon_5
nc_GTCGCGAGTACGTACT-1	epithelia.cuticle.Osi16_2
nc_GTCGCGAGTCAAGCCC-1	epithelia.cuticle.Osi14_12
nc_GTCGCGATCATCGGGC-1	trachea_15
nc_GTCGCGATCCCATGGG-1	epithelia.cuticle.Osi16_2
nc_GTCGCGATCGCTTGCT-1	epithelia.cuticle.cp.soft_3
nc_GTCGTAACAGTAGTGG-1	epithelia.cuticle.biosynthesis_13
nc_GTCGTAAGTGGCTAGA-1	epithelia.cuticle.cp.rigid_7
nc_GTCGTAATCCAAAGGG-1	epithelia.olfactory.support_9
nc_GTCGTAATCCTCTCGA-1	epithelia.cuticle.Osi17_4
nc_GTCGTAATCGCAACAT-1	epithelia.cuticle.Osi16_2
nc_GTCGTAATCTTGCGCT-1	epithelia.cuticle.biosynthesis_13
nc_GTCGTTCCACTGATTG-1	epithelia.cuticle.cp.other_1
nc_GTCGTTCCAGCAGGAT-1	epithelia.cuticle.Osi18_6
nc_GTCGTTCCAGGCCTGT-1	muscle.rbm24_0
nc_GTCGTTCCATTCTTCA-1	muscle.rbm24_0
nc_GTCGTTCGTAGACAAT-1	epithelia.cuticle.Osi16_2
nc_GTCGTTCGTGAGATTA-1	epithelia.cuticle.cp.rigid_7
nc_GTCGTTCGTGCAGATG-1	epithelia.cuticle.Osi17_4
nc_GTCGTTCGTTAGAAAC-1	neuroglioblast.castor_17
nc_GTCGTTCGTTGGGAAC-1	muscle.rbm24_0
nc_GTCGTTCTCACTTATC-1	muscle.rbm24_0
nc_GTCGTTCTCAGGCGAA-1	epithelia.cuticle.Osi17_4
nc_GTCTACCAGCGAAACC-1	muscle.rbm24_0
nc_GTCTACCAGGCCTTCG-1	neuron.cholinergic_11
nc_GTCTACCAGGGCCCTT-1	muscle.rbm24_0
nc_GTCTACCCAAGCGCTC-1	epithelia.cuticle.Osi17_4
nc_GTCTACCCACTGAATC-1	muscle.rbm24_0
nc_GTCTACCCATGTTCAG-1	epithelia.tendon_5
nc_GTCTACCGTACACGCC-1	glia1_8
nc_GTCTACCGTAGTCGTT-1	neuroglioblast.ol_14
nc_GTCTACCGTCCCTAAA-1	muscle.rbm24_0
nc_GTCTACCGTCGCCACA-1	muscle.rbm24_0
nc_GTCTACCGTGCTCTTC-1	epithelia.cuticle.Osi14_12
nc_GTCTACCGTGGATACG-1	neuron.cholinergic_11
nc_GTCTACCGTGGCTGAA-1	neuroglioblast.ol_14
nc_GTCTACCTCACCGCTT-1	epithelia.cuticle.cp.other_1
nc_GTCTACCTCCATTCGC-1	epithelia.cuticle.Osi16_2
nc_GTCTACCTCGCTAAAC-1	muscle.rbm24_0
nc_GTCTACCTCGGTTCAA-1	muscle.rbm24_0
nc_GTCTACCTCGTTATCT-1	epithelia.cuticle.cp.soft_3
nc_GTCTACCTCTGAGAGG-1	epithelia.cuticle.Osi17_4
nc_GTCTAGAAGGCCACTC-1	epithelia.cuticle.Osi16_2
nc_GTCTAGACAGGTGACA-1	epithelia.olfactory.support_9
nc_GTCTAGACATGGTACT-1	epithelia.cuticle.cp.rigid_7
nc_GTCTAGAGTCGGCCTA-1	muscle.rbm24_0
nc_GTCTAGATCAAGAATG-1	muscle.rbm24_0
nc_GTCTAGATCAGTCTTT-1	muscle.rbm24_0
nc_GTCTAGATCATCGCAA-1	muscle.rbm24_0
nc_GTCTAGATCATGGAGG-1	epithelia.cuticle.Osi16_2
nc_GTCTAGATCCAACCAA-1	epithelia.cuticle.cp.other_1
nc_GTCTAGATCCAAGGGA-1	muscle.rbm24_0
nc_GTCTAGATCTCTAGGA-1	epithelia.tendon_5
nc_GTCTAGATCTGAGGCC-1	epithelia.cuticle.cp.soft_3
nc_GTCTCACAGTGACACG-1	glia1_8
nc_GTCTCACAGTGAGCCA-1	neuron.cholinergic_11
nc_GTCTCACCAAGACCGA-1	muscle.rbm24_0
nc_GTCTCACCAAGGGCAT-1	muscle.rbm24_0
nc_GTCTCACCAATTTCCT-1	muscle.rbm24_0
nc_GTCTCACCAGCTTTGA-1	muscle.rbm24_0
nc_GTCTCACCAGGACGAT-1	glia1_8
nc_GTCTCACCAGTGTACT-1	muscle.rbm24_0
nc_GTCTCACCATATCGGT-1	gland.corpora-allata_22
nc_GTCTCACGTAGTTCCA-1	epithelia.cuticle.Osi16_2
nc_GTCTCACGTTGCCATA-1	epithelia.tendon_5
nc_GTCTCACGTTGTTGAC-1	epithelia.olfactory.support_9
nc_GTCTCACTCATTGGTG-1	epithelia.cuticle.Osi16_2
nc_GTCTCACTCGAAGCCC-1	muscle.rbm24_0
nc_GTCTCACTCGCCCAGA-1	epithelia.olfactory.support_9
nc_GTCTCACTCTTACTGT-1	muscle.rbm24_0
nc_GTCTGTCAGAGAGCAA-1	epithelia.cuticle.Osi16_2
nc_GTCTGTCAGGGCCTCT-1	epithelia.cuticle.cp.other_1
nc_GTCTGTCAGTACGAGC-1	epithelia.tendon_5
nc_GTCTGTCCAACGTTAC-1	neuroglioblast.castor_17
nc_GTCTGTCCACAATGTC-1	muscle.rbm24_0
nc_GTCTGTCCACTCTCGT-1	epithelia.olfactory.support_9
nc_GTCTGTCCAGCAGTCC-1	epithelia.cuticle.Osi14_12
nc_GTCTGTCCAGCTGTAT-1	epithelia.cuticle.Osi16_2
nc_GTCTGTCGTACCGTCG-1	epithelia.olfactory.support_9
nc_GTCTGTCGTACGATTC-1	muscle.rbm24_0
nc_GTCTGTCGTCTTGGTA-1	epithelia.cuticle.Osi16_2
nc_GTCTGTCGTGGTTTAC-1	muscle.rbm24_0
nc_GTCTGTCTCAGTCACA-1	epithelia.cuticle.cp.other_1
nc_GTCTGTCTCAGTGATC-1	trachea_15
nc_GTCTGTCTCGACCTAA-1	muscle.rbm24_0
nc_GTCTGTCTCGCGCTGA-1	trachea_15
nc_GTCTGTCTCGTAATGC-1	muscle.rbm24_0
nc_GTCTTTAAGAAACACT-1	muscle.rbm24_0
nc_GTCTTTAAGTACAGCG-1	epithelia.cuticle.Osi16_2
nc_GTCTTTAAGTGATGGC-1	muscle.rbm24_0
nc_GTCTTTACAGGCTATT-1	epithelia.olfactory.support_9
nc_GTCTTTAGTACTCCCT-1	trachea_15
nc_GTCTTTAGTAGTGGCA-1	epithelia.cuticle.cp.other_1
nc_GTCTTTAGTATCCTCC-1	epithelia.cuticle.Osi16_2
nc_GTCTTTAGTGCATTTG-1	epithelia.cuticle.Osi14_12
nc_GTCTTTATCAACCTTT-1	muscle.rbm24_0
nc_GTCTTTATCAGTCATG-1	hemocyte_16
nc_GTCTTTATCATCCTAT-1	muscle.rbm24_0
nc_GTCTTTATCCCATGGG-1	muscle.rbm24_0
nc_GTCTTTATCGCACGAC-1	epithelia.cuticle.cp.rigid_7
nc_GTCTTTATCGTAACTG-1	epithelia.cuticle.cp.soft_3
nc_GTCTTTATCTAGGCCG-1	epithelia.tendon_5
nc_GTGACGCAGCTAAATG-1	fat.body_10
nc_GTGACGCAGGTCCAGA-1	muscle.rbm24_0
nc_GTGACGCAGTCTGCAT-1	muscle.rbm24_0
nc_GTGACGCCAATAGAGT-1	muscle.rbm24_0
nc_GTGACGCCAGAATCGG-1	epithelia.cuticle.Osi18_6
nc_GTGACGCCATCGAGCC-1	epithelia.cuticle.Osi14_12
nc_GTGACGCCATGACGGA-1	glia1_8
nc_GTGACGCCATTGCCGG-1	muscle.rbm24_0
nc_GTGACGCGTAGGTGCA-1	epithelia.tendon_5
nc_GTGACGCGTGACATCT-1	epithelia.cuticle.cp.soft_3
nc_GTGACGCGTGTCTCCT-1	epithelia.cuticle.cp.soft_3
nc_GTGACGCGTTGCATGT-1	epithelia.cuticle.Osi17_4
nc_GTGACGCTCACCATCC-1	fat.body_10
nc_GTGACGCTCCATGATG-1	epithelia.olfactory.support_9
nc_GTGACGCTCCTATGGA-1	epithelia.cuticle.Osi17_4
nc_GTGACGCTCTCATAGG-1	hemocyte_16
nc_GTGAGCCAGACATCAA-1	muscle.tup_19
nc_GTGAGCCAGATTGACA-1	muscle.rbm24_0
nc_GTGAGCCAGGATACAT-1	muscle.rbm24_0
nc_GTGAGCCAGGTAGTCG-1	epithelia.cuticle.Osi16_2
nc_GTGAGCCCAACTGATC-1	epithelia.cuticle.cp.other_1
nc_GTGAGCCCACACCTAA-1	muscle.rbm24_0
nc_GTGAGCCCAGCTATTG-1	epithelia.cuticle.cp.other_1
nc_GTGAGCCCAGGCTACC-1	neuroglioblast.ol_14
nc_GTGAGCCGTACTCGAT-1	muscle.rbm24_0
nc_GTGAGCCGTTCCACGG-1	epithelia.cuticle.Osi16_2
nc_GTGAGCCGTTTCACTT-1	epithelia.cuticle.cp.other_1
nc_GTGAGCCTCAGATTGC-1	epithelia.cuticle.Osi16_2
nc_GTGAGCCTCCTGTTGC-1	muscle.rbm24_0
nc_GTGAGCCTCGCAAGAG-1	muscle.rbm24_0
nc_GTGAGGAAGAAGTCCG-1	muscle.rbm24_0
nc_GTGAGGAAGACATAGT-1	epithelia.cuticle.cp.other_1
nc_GTGAGGACAACACGAG-1	epithelia.tendon_5
nc_GTGAGGATCCTTTAGT-1	epithelia.cuticle.cp.soft_3
nc_GTGAGTTAGACTAAGT-1	glia2_18
nc_GTGAGTTAGAGTCCGA-1	epithelia.cuticle.Osi17_4
nc_GTGAGTTAGAGTTGCG-1	muscle.rbm24_0
nc_GTGAGTTGTCATCGGC-1	epithelia.olfactory.support_9
nc_GTGAGTTGTGCCCGTA-1	epithelia.cuticle.cp.other_1
nc_GTGAGTTGTTTCGTGA-1	epithelia.tendon_5
nc_GTGAGTTTCACAGAGG-1	muscle.rbm24_0
nc_GTGATGTAGCAGCGAT-1	muscle.rbm24_0
nc_GTGATGTAGCATTTGC-1	epithelia.cuticle.Osi18_6
nc_GTGATGTAGGAAACGA-1	trachea_15
nc_GTGATGTAGGAGAGTA-1	neuron.cholinergic_11
nc_GTGATGTAGGGTGGGA-1	glia1_8
nc_GTGATGTAGTGGTGGT-1	trachea_15
nc_GTGATGTCACATGACT-1	epithelia.cuticle.cp.other_1
nc_GTGATGTCAGCACACC-1	epithelia.cuticle.cp.other_1
nc_GTGATGTCATCAGCGC-1	epithelia.cuticle.Osi17_4
nc_GTGATGTGTCCTGAAT-1	epithelia.cuticle.cp.soft_3
nc_GTGATGTGTCTCAGAT-1	muscle.rbm24_0
nc_GTGATGTGTGAATATG-1	epithelia.cuticle.cp.soft_3
nc_GTGATGTGTTGTGCCG-1	muscle.rbm24_0
nc_GTGATGTTCCGAACGC-1	epithelia.cuticle.cp.other_1
nc_GTGATGTTCGCTGACG-1	neuroglioblast.castor_17
nc_GTGATGTTCGTGACTA-1	epithelia.tendon_5
nc_GTGATGTTCTGCACCT-1	muscle.rbm24_0
nc_GTGCACGAGGACAGCT-1	epithelia.cuticle.cp.soft_3
nc_GTGCACGCAAACGTGG-1	epithelia.olfactory.support_9
nc_GTGCACGCACTTGAGT-1	muscle.rbm24_0
nc_GTGCACGGTCAGGCAA-1	epithelia.cuticle.cp.other_1
nc_GTGCACGGTCATCAGT-1	epithelia.cuticle.cp.soft_3
nc_GTGCACGGTCTCAAGT-1	muscle.rbm24_0
nc_GTGCACGGTGACCGTC-1	muscle.rbm24_0
nc_GTGCACGGTGACTGAG-1	epithelia.cuticle.cp.other_1
nc_GTGCACGTCCTCGCAT-1	neuron.cholinergic_11
nc_GTGCAGCAGATGGCAC-1	epithelia.olfactory.support_9
nc_GTGCAGCAGCATCAGG-1	muscle.rbm24_0
nc_GTGCAGCAGGACGCAT-1	epithelia.cuticle.Osi17_4
nc_GTGCAGCCACACCTGG-1	epithelia.olfactory.support_9
nc_GTGCAGCCACAGTCGC-1	muscle.rbm24_0
nc_GTGCAGCCACGGAAGT-1	epithelia.olfactory.support_9
nc_GTGCAGCCAGCACAAG-1	epithelia.tendon_5
nc_GTGCAGCCATTGAAGA-1	epithelia.cuticle.Osi16_2
nc_GTGCAGCGTACACGTT-1	trachea_15
nc_GTGCAGCGTGTGCCTG-1	muscle.rbm24_0
nc_GTGCAGCTCACCTTAT-1	epithelia.olfactory.support_9
nc_GTGCAGCTCTCATGGA-1	muscle.rbm24_0
nc_GTGCGTGAGTCGCCAC-1	epithelia.cuticle.cp.other_1
nc_GTGCGTGAGTCTCGTA-1	muscle.rbm24_0
nc_GTGCGTGCAACACTAC-1	fat.body_10
nc_GTGCGTGCAACTTGGT-1	epithelia.cuticle.cp.other_1
nc_GTGCGTGCAGGTTCGC-1	trachea_15
nc_GTGCGTGGTTCCGCTT-1	epithelia.cuticle.Osi17_4
nc_GTGCGTGTCGAAATCC-1	muscle.rbm24_0
nc_GTGCGTGTCTGAGCAT-1	epithelia.cuticle.Osi17_4
nc_GTGCTGGAGAAACCAT-1	muscle.rbm24_0
nc_GTGCTGGAGGAAGTCC-1	epithelia.tendon_5
nc_GTGCTGGCAAGCGCAA-1	neuron.cholinergic_11
nc_GTGCTGGCACATGAAA-1	muscle.rbm24_0
nc_GTGCTGGCATTGTCGA-1	neuroglioblast.castor_17
nc_GTGCTGGTCAACCTCC-1	epithelia.cuticle.cp.other_1
nc_GTGCTGGTCAGCTCTC-1	epithelia.cuticle.Osi17_4
nc_GTGCTGGTCATAGGCT-1	epithelia.cuticle.Osi17_4
nc_GTGCTGGTCCTCTTTC-1	epithelia.tendon_5
nc_GTGCTGGTCGTCAACA-1	epithelia.cuticle.cp.soft_3
nc_GTGCTGGTCTGAGAGG-1	epithelia.cuticle.cp.other_1
nc_GTGCTTCAGCATCCTA-1	epithelia.cuticle.cp.rigid_7
nc_GTGCTTCAGCTGCCTG-1	epithelia.cuticle.cp.soft_3
nc_GTGCTTCCACGCGCAT-1	glia1_8
nc_GTGCTTCCACGGCGTT-1	epithelia.cuticle.Osi14_12
nc_GTGCTTCCAGCTATAC-1	muscle.rbm24_0
nc_GTGCTTCCATAGGTTC-1	neuroglioblast.castor_17
nc_GTGCTTCGTAAGCTCT-1	epithelia.cuticle.Osi14_12
nc_GTGCTTCGTGCTATTG-1	muscle.rbm24_0
nc_GTGCTTCGTTGATGTC-1	muscle.rbm24_0
nc_GTGCTTCTCATCCTAT-1	epithelia.cuticle.Osi16_2
nc_GTGCTTCTCTTGCAGA-1	epithelia.olfactory.support_9
nc_GTGGAAGAGGGTCAAC-1	epithelia.cuticle.biosynthesis_13
nc_GTGGAAGAGTCACACT-1	epithelia.cuticle.Osi17_4
nc_GTGGAAGAGTCATACC-1	epithelia.cuticle.Osi18_6
nc_GTGGAAGCAAAGGCAC-1	epithelia.cuticle.Osi16_2
nc_GTGGAAGCAAGGGCAT-1	neuroglioblast.ol_14
nc_GTGGAAGCAGTGCCTG-1	epithelia.cuticle.cp.other_1
nc_GTGGAAGGTACCAGAG-1	muscle.rbm24_0
nc_GTGGAAGGTACCTATG-1	hemocyte_16
nc_GTGGAAGGTCCGGCAT-1	epithelia.cuticle.cp.rigid_7
nc_GTGGAAGGTTCAAGTC-1	neuroglioblast.ol_14
nc_GTGGAAGTCACGGAGA-1	epithelia.cuticle.Osi16_2
nc_GTGGAAGTCCCTCGAT-1	trachea_15
nc_GTGGAAGTCGCCAGTG-1	epithelia.cuticle.Osi18_6
nc_GTGGAAGTCGGAAACG-1	epithelia.cuticle.cp.soft_3
nc_GTGGAAGTCTCGTCAC-1	glia2_18
nc_GTGGAGAAGAGTCTTC-1	trachea_15
nc_GTGGAGAAGATGCGAC-1	epithelia.cuticle.cp.other_1
nc_GTGGAGAAGATTCGCT-1	epithelia.cuticle.Osi18_6
nc_GTGGAGAAGGCCATAG-1	epithelia.cuticle.Osi17_4
nc_GTGGAGACAAATGCGG-1	fat.body_10
nc_GTGGAGACACCTCTAC-1	epithelia.cuticle.cp.other_1
nc_GTGGAGACAGCAGTCC-1	epithelia.cuticle.cp.other_1
nc_GTGGAGACAGGAGGAG-1	epithelia.cuticle.Osi16_2
nc_GTGGAGACATGGGTCC-1	muscle.rbm24_0
nc_GTGGAGAGTGCGGTAA-1	muscle.rbm24_0
nc_GTGGAGATCACGATCA-1	epithelia.cuticle.cp.soft_3
nc_GTGGAGATCCAGGACC-1	neuron.cholinergic_11
nc_GTGGAGATCCAGTGTA-1	muscle.rbm24_0
nc_GTGGAGATCGGTCTAA-1	neuroglioblast.castor_17
nc_GTGGAGATCTCACCCA-1	epithelia.cuticle.Osi16_2
nc_GTGGCGTAGGAAAGAC-1	epithelia.cuticle.Osi17_4
nc_GTGGCGTCAGACATCT-1	epithelia.cuticle.cp.soft_3
nc_GTGGCGTGTCGTCGGT-1	epithelia.tendon_5
nc_GTGGCGTTCCGCTTAC-1	epithelia.cuticle.cp.soft_3
nc_GTGGCGTTCTTACGGA-1	fat.body_10
nc_GTGGGAACAAACTGCT-1	epithelia.cuticle.cp.other_1
nc_GTGGGAACATCCTCAC-1	muscle.rbm24_0
nc_GTGGTTAAGACCACGA-1	epithelia.cuticle.cp.soft_3
nc_GTGGTTAAGAGACAAG-1	epithelia.cuticle.cp.soft_3
nc_GTGGTTAAGCTGCGAA-1	muscle.rbm24_0
nc_GTGGTTACAAAGACTA-1	epithelia.cuticle.Osi16_2
nc_GTGGTTACAGTCGCTG-1	muscle.rbm24_0
nc_GTGGTTACATGCCGCA-1	epithelia.cuticle.cp.other_1
nc_GTGGTTAGTACTGACT-1	epithelia.olfactory.support_9
nc_GTGGTTAGTACTGCGC-1	epithelia.cuticle.Osi17_4
nc_GTGGTTAGTGTCTCCT-1	epithelia.cuticle.cp.soft_3
nc_GTGGTTATCATTGGTG-1	epithelia.cuticle.cp.soft_3
nc_GTGGTTATCCTGGGTG-1	epithelia.cuticle.cp.rigid_7
nc_GTGTAACAGACTTCAC-1	glia1_8
nc_GTGTAACAGATAGCAT-1	epithelia.cuticle.cp.soft_3
nc_GTGTAACAGGCCTAGA-1	epithelia.cuticle.cp.soft_3
nc_GTGTAACAGTAGCATA-1	epithelia.cuticle.cp.other_1
nc_GTGTAACAGTTACGTC-1	epithelia.cuticle.cp.soft_3
nc_GTGTAACCAGACCTGC-1	muscle.rbm24_0
nc_GTGTAACCAGCGAACA-1	epithelia.olfactory.support_9
nc_GTGTAACCATTGCAAC-1	neuron.chol.ciliated_20
nc_GTGTAACGTCGTACTA-1	epithelia.cuticle.Osi17_4
nc_GTGTAACGTGTCCCTT-1	epithelia.tendon_5
nc_GTGTAACTCCACATAG-1	epithelia.cuticle.Osi14_12
nc_GTGTAACTCCGCATAA-1	epithelia.cuticle.Osi17_4
nc_GTGTAACTCTTCCCAG-1	epithelia.cuticle.cp.other_1
nc_GTGTCCTAGCGATGAC-1	glia1_8
nc_GTGTCCTAGGGCCCTT-1	epithelia.cuticle.cp.soft_3
nc_GTGTCCTAGTGATAAC-1	epithelia.cuticle.cp.other_1
nc_GTGTCCTCACTGTGTA-1	muscle.rbm24_0
nc_GTGTCCTGTGAAGCGT-1	epithelia.tendon_5
nc_GTGTCCTTCTTACACT-1	neuroglioblast.ol_14
nc_GTGTGATAGACATACA-1	muscle.rbm24_0
nc_GTGTGATAGAGAAGGT-1	epithelia.tendon_5
nc_GTGTGATAGATGCTTC-1	epithelia.cuticle.Osi17_4
nc_GTGTGATAGTCCCAGC-1	epithelia.cuticle.cp.other_1
nc_GTGTGATCAAGTGCAG-1	epithelia.cuticle.cp.soft_3
nc_GTGTGATCAGAATTCC-1	muscle.rbm24_0
nc_GTGTGATCAGACTGCC-1	epithelia.cuticle.cp.soft_3
nc_GTGTGATCATCACGGC-1	epithelia.cuticle.Osi17_4
nc_GTGTGATGTCGAGCTC-1	epithelia.cuticle.Osi17_4
nc_GTGTGATGTTCCCAAA-1	muscle.rbm24_0
nc_GTGTGATGTTTAGTCG-1	trachea_15
nc_GTGTGATTCACTACGA-1	epithelia.cuticle.cp.other_1
nc_GTGTGATTCGAACACT-1	epithelia.cuticle.Osi18_6
nc_GTGTGATTCGACGTCG-1	muscle.rbm24_0
nc_GTGTGATTCTCAGAAC-1	epithelia.cuticle.cp.rigid_7
nc_GTGTGGCAGTCGCCAC-1	trachea_15
nc_GTGTGGCCACCTGTCT-1	epithelia.cuticle.cp.other_1
nc_GTGTGGCCACGGCGTT-1	epithelia.tendon_5
nc_GTGTGGCCACTAGTAC-1	epithelia.cuticle.Osi17_4
nc_GTGTGGCCACTCAAGT-1	muscle.tup_19
nc_GTGTGGCCAGGAATAT-1	epithelia.cuticle.Osi17_4
nc_GTGTGGCCAGTCTGGC-1	epithelia.olfactory.support_9
nc_GTGTGGCCATGCAGCC-1	epithelia.cuticle.cp.soft_3
nc_GTGTGGCGTATCCTCC-1	epithelia.cuticle.cp.soft_3
nc_GTGTGGCGTCAAGCGA-1	epithelia.cuticle.Osi17_4
nc_GTGTGGCGTCAGACGA-1	epithelia.cuticle.Osi17_4
nc_GTGTGGCGTCTGTGAT-1	neuroglioblast.castor_17
nc_GTGTGGCGTCTTTCAT-1	epithelia.cuticle.cp.rigid_7
nc_GTGTGGCTCAGTCACA-1	muscle.rbm24_0
nc_GTGTGGCTCCAAGCTA-1	epithelia.cuticle.Osi16_2
nc_GTGTGGCTCCTTCGAC-1	epithelia.cuticle.cp.soft_3
nc_GTGTGGCTCGAACCAT-1	epithelia.cuticle.Osi16_2
nc_GTGTGGCTCTCTGCCA-1	fat.body_10
nc_GTGTTAGAGATGTAGT-1	muscle.rbm24_0
nc_GTGTTAGAGGCCATAG-1	epithelia.tendon_5
nc_GTGTTAGAGTCATTGC-1	epithelia.cuticle.cp.other_1
nc_GTGTTAGCACAACCGC-1	epithelia.cuticle.cp.other_1
nc_GTGTTAGCAGGTCTCG-1	epithelia.cuticle.Osi16_2
nc_GTGTTAGGTATGTCCA-1	epithelia.tendon_5
nc_GTGTTAGTCCGTTTCG-1	epithelia.cuticle.Osi14_12
nc_GTGTTAGTCGCCGAGT-1	epithelia.cuticle.Osi14_12
nc_GTGTTAGTCTCTCGAC-1	epithelia.cuticle.Osi16_2
nc_GTGTTCCAGTAAGGGA-1	epithelia.cuticle.cp.other_1
nc_GTGTTCCAGTAGTCTC-1	muscle.rbm24_0
nc_GTGTTCCAGTGACACG-1	muscle.rbm24_0
nc_GTGTTCCCACTGTTCC-1	muscle.rbm24_0
nc_GTGTTCCGTGATTCAC-1	muscle.rbm24_0
nc_GTGTTCCTCATTGTTC-1	muscle.rbm24_0
nc_GTTACAGCAGCCTACG-1	epithelia.cuticle.Osi18_6
nc_GTTACAGCATCGCTCT-1	muscle.rbm24_0
nc_GTTACAGGTAACCCGC-1	muscle.rbm24_0
nc_GTTACAGGTCCTCAGG-1	epithelia.tendon_5
nc_GTTACAGGTTAAGAAC-1	epithelia.cuticle.biosynthesis_13
nc_GTTACAGTCACGATAC-1	muscle.rbm24_0
nc_GTTACAGTCCTCGATC-1	epithelia.cuticle.cp.other_1
nc_GTTACAGTCTTCCGTG-1	epithelia.cuticle.cp.rigid_7
nc_GTTACCCAGCTAGAGC-1	muscle.rbm24_0
nc_GTTACCCAGGCACTAG-1	muscle.rbm24_0
nc_GTTACCCAGTGAGTGC-1	epithelia.cuticle.Osi18_6
nc_GTTACCCCAAGGATGC-1	epithelia.cuticle.Osi14_12
nc_GTTACCCCACACCGCA-1	epithelia.cuticle.cp.other_1
nc_GTTACCCGTTATGTCG-1	fat.body_10
nc_GTTACCCTCATTATCC-1	epithelia.cuticle.Osi14_12
nc_GTTACCCTCCCAACTC-1	trachea_15
nc_GTTACCCTCGCAGTCG-1	epithelia.cuticle.cp.rigid_7
nc_GTTACCCTCTGGAGAG-1	neuroglioblast.castor_17
nc_GTTACGAAGGCCTTGC-1	epithelia.cuticle.cp.other_1
nc_GTTACGAAGGGTATAT-1	epithelia.cuticle.cp.other_1
nc_GTTACGAAGTTCCATG-1	epithelia.cuticle.Osi17_4
nc_GTTACGACAACCTAAC-1	epithelia.cuticle.cp.other_1
nc_GTTACGACACAGAGCA-1	epithelia.cuticle.Osi16_2
nc_GTTACGACATCGCCTT-1	epithelia.cuticle.cp.other_1
nc_GTTACGACATGACTCA-1	neuron.cholinergic_11
nc_GTTACGACATGCAGGA-1	muscle.rbm24_0
nc_GTTACGAGTAGCGCCT-1	muscle.rbm24_0
nc_GTTACGAGTCATCTAG-1	hemocyte_16
nc_GTTACGAGTCTCTCCA-1	muscle.rbm24_0
nc_GTTACGAGTGCAATGG-1	muscle.rbm24_0
nc_GTTACGAGTGCTCTCT-1	epithelia.cuticle.Osi17_4
nc_GTTACGATCCGCAACG-1	muscle.rbm24_0
nc_GTTACGATCTACGGGC-1	epithelia.cuticle.Osi18_6
nc_GTTACGATCTAGGCCG-1	epithelia.cuticle.Osi16_2
nc_GTTAGACAGACCGCCT-1	muscle.rbm24_0
nc_GTTAGACAGAGCCATG-1	epithelia.cuticle.Osi16_2
nc_GTTAGACAGTCTTCGA-1	epithelia.tendon_5
nc_GTTAGACCAAACCACT-1	epithelia.cuticle.Osi16_2
nc_GTTAGACCAACGATTC-1	epithelia.tendon_5
nc_GTTAGACCAAGGCTTT-1	epithelia.cuticle.Osi17_4
nc_GTTAGACGTCGGAAAC-1	epithelia.cuticle.Osi16_2
nc_GTTAGACGTGACCTGC-1	muscle.rbm24_0
nc_GTTAGACTCATAGACC-1	epithelia.cuticle.Osi16_2
nc_GTTAGACTCTAAACGC-1	muscle.rbm24_0
nc_GTTAGTGAGCCATGCC-1	muscle.rbm24_0
nc_GTTAGTGAGTATGCAA-1	epithelia.cuticle.Osi16_2
nc_GTTAGTGAGTCATACC-1	muscle.rbm24_0
nc_GTTAGTGCACTCCTTG-1	epithelia.cuticle.Osi16_2
nc_GTTAGTGCAGATCACT-1	epithelia.cuticle.Osi17_4
nc_GTTAGTGCAGGACATG-1	epithelia.cuticle.Osi17_4
nc_GTTAGTGCATCCGCGA-1	epithelia.cuticle.cp.other_1
nc_GTTAGTGGTGTAAATG-1	muscle.rbm24_0
nc_GTTAGTGTCGTTCTGC-1	epithelia.cuticle.Osi16_2
nc_GTTAGTGTCTGGCCTT-1	epithelia.cuticle.Osi14_12
nc_GTTATGGAGAATTGCA-1	muscle.rbm24_0
nc_GTTATGGCAAGTGGAC-1	glia2_18
nc_GTTATGGCAATAACCC-1	neuroglioblast.castor_17
nc_GTTATGGCACCGTGCA-1	muscle.rbm24_0
nc_GTTATGGCAGAAGTTA-1	epithelia.tendon_5
nc_GTTATGGCAGACCTGC-1	hemocyte_16
nc_GTTATGGCAGTCAGCC-1	hemocyte_16
nc_GTTATGGGTAGCTGTT-1	epithelia.cuticle.cp.other_1
nc_GTTATGGGTTACAGCT-1	muscle.rbm24_0
nc_GTTATGGTCATCGCAA-1	hemocyte_16
nc_GTTATGGTCGTCCTCA-1	epithelia.cuticle.cp.soft_3
nc_GTTATGGTCTCGGGAC-1	epithelia.cuticle.Osi14_12
nc_GTTCATTAGAAGTCAT-1	epithelia.cuticle.Osi16_2
nc_GTTCATTAGCTGACTT-1	epithelia.cuticle.cp.soft_3
nc_GTTCATTAGGAGGGTG-1	epithelia.olfactory.support_9
nc_GTTCATTAGGCGAACT-1	epithelia.cuticle.Osi18_6
nc_GTTCATTCACAGCGCT-1	epithelia.cuticle.Osi16_2
nc_GTTCATTCAGTGAGCA-1	epithelia.cuticle.Osi16_2
nc_GTTCATTGTAAGTCAA-1	fat.body_10
nc_GTTCATTGTATGACAA-1	epithelia.cuticle.cp.other_1
nc_GTTCATTGTCAACCAT-1	epithelia.cuticle.Osi18_6
nc_GTTCATTGTGTTCCAA-1	muscle.rbm24_0
nc_GTTCATTGTTGTGGAG-1	neuron.cholinergic_11
nc_GTTCATTTCAACACCA-1	epithelia.cuticle.biosynthesis_13
nc_GTTCATTTCGACTCCT-1	epithelia.cuticle.cp.soft_3
nc_GTTCCGTCAAGACAAT-1	epithelia.cuticle.cp.other_1
nc_GTTCCGTCAATGGCAG-1	epithelia.cuticle.cp.other_1
nc_GTTCCGTGTTATCTGG-1	epithelia.cuticle.cp.other_1
nc_GTTCCGTTCCATACAG-1	hemocyte_16
nc_GTTCCGTTCCATTCGC-1	epithelia.cuticle.Osi18_6
nc_GTTCCGTTCCTATGGA-1	muscle.rbm24_0
nc_GTTCCGTTCCTCACCA-1	epithelia.cuticle.cp.rigid_7
nc_GTTCCGTTCCTGTACC-1	epithelia.cuticle.Osi16_2
nc_GTTCGCTCACCAGCTG-1	muscle.rbm24_0
nc_GTTCGCTCACTGAGGA-1	epithelia.cuticle.Osi14_12
nc_GTTCGCTCAGCTCATA-1	epithelia.cuticle.cp.rigid_7
nc_GTTCGCTCATTCAGCA-1	muscle.rbm24_0
nc_GTTCGCTGTAGACGGT-1	muscle.rbm24_0
nc_GTTCGCTGTCTAGATC-1	epithelia.cuticle.biosynthesis_13
nc_GTTCGCTGTTGACTAC-1	epithelia.cuticle.cp.other_1
nc_GTTCGCTTCGAACACT-1	epithelia.cuticle.Osi17_4
nc_GTTCGCTTCGCTGACG-1	epithelia.cuticle.Osi16_2
nc_GTTCGCTTCTTCGCTG-1	epithelia.cuticle.cp.soft_3
nc_GTTCTATAGTAGCAAT-1	epithelia.cuticle.Osi16_2
nc_GTTCTATAGTGCTACT-1	muscle.rbm24_0
nc_GTTCTATGTCCAGCGT-1	muscle.rbm24_0
nc_GTTCTATGTGGTACAG-1	epithelia.cuticle.cp.other_1
nc_GTTCTATGTTCCTTGC-1	gland.corpora-allata_22
nc_GTTCTATTCTTCCTAA-1	muscle.rbm24_0
nc_GTTCTATTCTTGCGCT-1	epithelia.cuticle.Osi16_2
nc_GTTGAACAGGAGAGGC-1	epithelia.cuticle.cp.soft_3
nc_GTTGAACCAGCCTATA-1	epithelia.cuticle.cp.soft_3
nc_GTTGAACCAGTTTCAG-1	muscle.tup_19
nc_GTTGAACGTCTTCCGT-1	epithelia.cuticle.cp.other_1
nc_GTTGAACGTGATACCT-1	epithelia.tendon_5
nc_GTTGAACGTTGACTAC-1	epithelia.cuticle.Osi17_4
nc_GTTGAACTCATGCCGG-1	epithelia.cuticle.cp.soft_3
nc_GTTGAACTCTAGATCG-1	muscle.rbm24_0
nc_GTTGAACTCTCGCCTA-1	glia1_8
nc_GTTGAACTCTTGTTAC-1	epithelia.cuticle.cp.other_1
nc_GTTGCGGAGGGTACAC-1	epithelia.cuticle.cp.soft_3
nc_GTTGCGGAGTGGCGAT-1	neuroglioblast.ol_14
nc_GTTGCGGCACAAGCCC-1	epithelia.cuticle.cp.soft_3
nc_GTTGCGGCATCTTAGG-1	epithelia.cuticle.Osi14_12
nc_GTTGCGGGTATGTCTG-1	epithelia.cuticle.cp.other_1
nc_GTTGCGGGTGTCCGTG-1	epithelia.cuticle.cp.other_1
nc_GTTGCGGGTTCCATTT-1	epithelia.cuticle.cp.soft_3
nc_GTTGCGGGTTCGGTTA-1	epithelia.cuticle.Osi18_6
nc_GTTGCGGTCCCTCTCC-1	muscle.rbm24_0
nc_GTTGCGGTCTCACGAA-1	muscle.rbm24_0
nc_GTTGCTCAGACATGCG-1	epithelia.olfactory.support_9
nc_GTTGCTCAGGTATCTC-1	neuroglioblast.ol_14
nc_GTTGCTCAGGTCTTTG-1	muscle.rbm24_0
nc_GTTGCTCAGTATGACA-1	epithelia.olfactory.support_9
nc_GTTGCTCAGTCCGCGT-1	epithelia.cuticle.cp.soft_3
nc_GTTGCTCAGTGACCTT-1	epithelia.cuticle.Osi16_2
nc_GTTGCTCAGTGGAAAG-1	epithelia.cuticle.cp.other_1
nc_GTTGCTCAGTGTTCAC-1	epithelia.cuticle.cp.rigid_7
nc_GTTGCTCCACCTAAAC-1	epithelia.cuticle.cp.rigid_7
nc_GTTGCTCCAGAGAAAG-1	muscle.rbm24_0
nc_GTTGCTCCATCGAACT-1	epithelia.cuticle.Osi17_4
nc_GTTGCTCGTGACAGGT-1	muscle.rbm24_0
nc_GTTGCTCTCTGGCTGG-1	epithelia.cuticle.cp.other_1
nc_GTTGTAGAGACTCAAA-1	muscle.rbm24_0
nc_GTTGTAGAGCCAAGGT-1	muscle.rbm24_0
nc_GTTGTAGAGCTGTCCG-1	epithelia.cuticle.Osi17_4
nc_GTTGTAGAGGTATAGT-1	muscle.rbm24_0
nc_GTTGTAGAGTTGAATG-1	epithelia.cuticle.cp.soft_3
nc_GTTGTAGGTAACCAGG-1	muscle.rbm24_0
nc_GTTGTAGGTGCCGTAC-1	epithelia.cuticle.cp.other_1
nc_GTTGTAGTCAAAGACA-1	epithelia.cuticle.cp.other_1
nc_GTTGTAGTCCGGACTG-1	muscle.rbm24_0
nc_GTTGTAGTCGAGCACC-1	epithelia.cuticle.Osi16_2
nc_GTTGTCCAGCGGCTCT-1	muscle.rbm24_0
nc_GTTGTCCAGGCCGCTT-1	epithelia.cuticle.Osi17_4
nc_GTTGTCCCAACGATTC-1	fat.body_10
nc_GTTGTCCGTATCGCTA-1	glia1_8
nc_GTTGTCCGTCTTCAAG-1	epithelia.cuticle.cp.soft_3
nc_GTTGTCCTCCATCCGT-1	epithelia.cuticle.cp.other_1
nc_GTTGTGACAACAGTGG-1	epithelia.tendon_5
nc_GTTGTGACAATACGCT-1	glia1_8
nc_GTTGTGACACAAGCTT-1	hemocyte_16
nc_GTTGTGAGTTCCACGG-1	epithelia.cuticle.cp.rigid_7
nc_GTTGTGAGTTTGTGGT-1	epithelia.cuticle.cp.other_1
nc_GTTGTGATCCATTGCC-1	muscle.rbm24_0
nc_GTTGTGATCCTGTACC-1	epithelia.cuticle.Osi17_4
nc_GTTGTGATCTGTCCCA-1	glia1_8
nc_GTTTACTAGAACCGCA-1	neuron.chol.ciliated_20
nc_GTTTACTAGCCAGACA-1	muscle.rbm24_0
nc_GTTTACTAGCGACTTT-1	muscle.rbm24_0
nc_GTTTACTAGTAGTGCG-1	epithelia.cuticle.Osi16_2
nc_GTTTACTCAAGTGCAG-1	epithelia.cuticle.Osi16_2
nc_GTTTACTCACACCTAA-1	epithelia.cuticle.cp.other_1
nc_GTTTACTCAGCTTTCC-1	epithelia.cuticle.cp.other_1
nc_GTTTACTCATCATCCC-1	muscle.rbm24_0
nc_GTTTACTCATGACTCA-1	muscle.rbm24_0
nc_GTTTACTGTAAGTTGA-1	epithelia.cuticle.Osi16_2
nc_GTTTACTGTACAAGCG-1	epithelia.olfactory.support_9
nc_GTTTACTGTACGATTC-1	neuroglioblast.castor_17
nc_GTTTACTGTCGACGCT-1	epithelia.cuticle.Osi14_12
nc_GTTTACTGTGTGTGTT-1	muscle.rbm24_0
nc_GTTTACTTCCGCGATG-1	muscle.rbm24_0
nc_GTTTACTTCGTCAAAC-1	trachea_15
nc_GTTTGGAAGGTCACTT-1	epithelia.cuticle.cp.other_1
nc_GTTTGGAAGTTAGAAC-1	muscle.tup_19
nc_GTTTGGACACTACCGG-1	fat.body_10
nc_GTTTGGACATAGCACT-1	epithelia.cuticle.cp.soft_3
nc_GTTTGGAGTACACGCC-1	hemocyte_16
nc_GTTTGGAGTAGTTCCA-1	epithelia.cuticle.Osi18_6
nc_GTTTGGAGTTCGGCTG-1	muscle.rbm24_0
nc_GTTTGGAGTTGTTTGG-1	epithelia.cuticle.Osi16_2
nc_GTTTGGATCACTGAAC-1	epithelia.cuticle.Osi18_6
nc_GTTTGGATCCGAGATT-1	muscle.rbm24_0
nc_GTTTGGATCTGGAGAG-1	muscle.rbm24_0
nc_TAACACGAGAAGGTAG-1	neuron.cholinergic_11
nc_TAACACGAGGCTTTCA-1	epithelia.tendon_5
nc_TAACACGAGGTTACCT-1	epithelia.tendon_5
nc_TAACACGAGTGCAACG-1	glia2_18
nc_TAACACGCACAAGTGG-1	epithelia.cuticle.cp.soft_3
nc_TAACACGCAGCAATTC-1	muscle.rbm24_0
nc_TAACACGCAGGCAATG-1	muscle.rbm24_0
nc_TAACACGCATTGACAC-1	epithelia.cuticle.cp.soft_3
nc_TAACACGGTAACAAGT-1	epithelia.cuticle.cp.other_1
nc_TAACACGGTGACCTGC-1	epithelia.olfactory.support_9
nc_TAACACGGTTGCGAAG-1	glia1_8
nc_TAACACGTCCATAGGT-1	epithelia.cuticle.Osi17_4
nc_TAACACGTCGATACGT-1	fat.body_10
nc_TAACCAGAGAGCTGCA-1	muscle.rbm24_0
nc_TAACCAGAGAGTATAC-1	epithelia.cuticle.cp.soft_3
nc_TAACCAGAGCAGCGAT-1	muscle.rbm24_0
nc_TAACCAGCAAGTACCT-1	epithelia.tendon_5
nc_TAACCAGCACACTTAG-1	epithelia.cuticle.Osi16_2
nc_TAACCAGCAGAAATTG-1	muscle.rbm24_0
nc_TAACCAGCAGTTACCA-1	epithelia.cuticle.Osi17_4
nc_TAACCAGGTCACTTCC-1	epithelia.cuticle.cp.soft_3
nc_TAACCAGGTGAGGCAT-1	epithelia.tendon_5
nc_TAACCAGGTTCCTTGC-1	muscle.rbm24_0
nc_TAACCAGGTTCTCTAT-1	epithelia.cuticle.cp.other_1
nc_TAACCAGGTTGAGGAC-1	epithelia.cuticle.cp.rigid_7
nc_TAACCAGTCCGATTAG-1	epithelia.cuticle.Osi16_2
nc_TAACCAGTCGTGGAAG-1	epithelia.cuticle.cp.other_1
nc_TAACCAGTCTACGGTA-1	epithelia.cuticle.Osi16_2
nc_TAACGACAGCTATCTG-1	muscle.rbm24_0
nc_TAACGACAGTCTGGAG-1	muscle.rbm24_0
nc_TAACGACCAACAGCTT-1	epithelia.cuticle.cp.other_1
nc_TAACGACCACCGGCTA-1	muscle.rbm24_0
nc_TAACGACCATCGAGCC-1	muscle.rbm24_0
nc_TAACGACTCCCGAGTG-1	trachea_15
nc_TAACGACTCGAGTCCG-1	epithelia.tendon_5
nc_TAACTTCAGAGGCCAT-1	epithelia.tendon_5
nc_TAACTTCAGCCGATCC-1	epithelia.cuticle.Osi17_4
nc_TAACTTCAGCGCAATG-1	epithelia.cuticle.cp.soft_3
nc_TAACTTCAGGTAAGTT-1	epithelia.cuticle.cp.other_1
nc_TAACTTCCAGAACTCT-1	epithelia.cuticle.cp.other_1
nc_TAACTTCCATCCTGTC-1	epithelia.cuticle.Osi17_4
nc_TAACTTCGTCAAAGTA-1	neuroglioblast.castor_17
nc_TAACTTCGTCTGTGTA-1	epithelia.cuticle.cp.other_1
nc_TAACTTCGTGCATTTG-1	epithelia.cuticle.cp.other_1
nc_TAACTTCGTTACCGTA-1	muscle.rbm24_0
nc_TAACTTCGTTGCACGC-1	epithelia.cuticle.cp.soft_3
nc_TAACTTCGTTTACGAC-1	epithelia.cuticle.Osi17_4
nc_TAACTTCTCGAACCTA-1	neuron.chol.ciliated_20
nc_TAACTTCTCGAGAAGC-1	epithelia.cuticle.cp.other_1
nc_TAACTTCTCGTTGTGA-1	muscle.rbm24_0
nc_TAACTTCTCTACAGGT-1	neuroglioblast.ol_14
nc_TAAGCACAGAAGCTCG-1	muscle.rbm24_0
nc_TAAGCACAGCGTTCAT-1	glia1_8
nc_TAAGCACGTATTTCCT-1	epithelia.cuticle.Osi16_2
nc_TAAGCACTCATAGGCT-1	epithelia.cuticle.cp.other_1
nc_TAAGCACTCGAGTCTA-1	glia1_8
nc_TAAGCACTCTTCGGAA-1	muscle.rbm24_0
nc_TAAGCCACAAGATTGA-1	epithelia.cuticle.cp.soft_3
nc_TAAGCCAGTACAGGTG-1	muscle.rbm24_0
nc_TAAGCCAGTCAATGGG-1	muscle.rbm24_0
nc_TAAGCCAGTCGCGTCA-1	epithelia.cuticle.cp.other_1
nc_TAAGCCAGTCTGTCCT-1	epithelia.cuticle.cp.other_1
nc_TAAGCCAGTTCCCAAA-1	muscle.rbm24_0
nc_TAAGCCAGTTTCAGAC-1	epithelia.cuticle.cp.other_1
nc_TAAGCCATCGCGGACT-1	muscle.rbm24_0
nc_TAAGCCATCGCTGTCT-1	epithelia.cuticle.Osi18_6
nc_TAAGCGTAGCAGCCCT-1	muscle.rbm24_0
nc_TAAGCGTAGCTGACTT-1	epithelia.cuticle.cp.soft_3
nc_TAAGCGTAGGCCTTGC-1	epithelia.olfactory.support_9
nc_TAAGCGTAGTTGCTGT-1	epithelia.tendon_5
nc_TAAGCGTCATCCAACA-1	muscle.rbm24_0
nc_TAAGCGTCATGGCTGC-1	trachea_15
nc_TAAGCGTGTAGACGGT-1	epithelia.cuticle.cp.other_1
nc_TAAGCGTGTATGAGAT-1	muscle.rbm24_0
nc_TAAGCGTTCCCAAGCG-1	epithelia.tendon_5
nc_TAAGCGTTCCGATTAG-1	epithelia.cuticle.cp.soft_3
nc_TAAGCGTTCCTACCGT-1	muscle.rbm24_0
nc_TAAGCGTTCGCCTTGT-1	epithelia.tendon_5
nc_TAAGTCGAGATAACAC-1	epithelia.tendon_5
nc_TAAGTCGAGCAATTCC-1	epithelia.tendon_5
nc_TAAGTCGCAGTCGTTA-1	epithelia.cuticle.cp.other_1
nc_TAAGTCGGTACGTACT-1	epithelia.cuticle.cp.soft_3
nc_TAAGTCGGTCCTACGG-1	epithelia.cuticle.Osi16_2
nc_TAAGTCGGTTCTAACG-1	epithelia.tendon_5
nc_TAAGTCGTCAATCTTC-1	epithelia.cuticle.Osi17_4
nc_TAAGTCGTCATCCCGT-1	epithelia.cuticle.cp.other_1
nc_TAAGTCGTCCTTCACG-1	epithelia.cuticle.Osi18_6
nc_TAAGTCGTCGTGGACC-1	epithelia.cuticle.cp.soft_3
nc_TAAGTCGTCTGAGATC-1	epithelia.cuticle.cp.other_1
nc_TAATCTCAGAAGGCTC-1	muscle.rbm24_0
nc_TAATCTCAGACAAGCC-1	epithelia.cuticle.cp.rigid_7
nc_TAATCTCAGATGCCGA-1	epithelia.tendon_5
nc_TAATCTCAGTCCTGTA-1	muscle.rbm24_0
nc_TAATCTCCAATGAGCG-1	epithelia.cuticle.cp.other_1
nc_TAATCTCCACATTCTT-1	muscle.rbm24_0
nc_TAATCTCCACCCTTAC-1	epithelia.cuticle.Osi17_4
nc_TAATCTCCAGAGATTA-1	epithelia.cuticle.cp.soft_3
nc_TAATCTCCATAATGCC-1	muscle.rbm24_0
nc_TAATCTCGTAGTCCTA-1	epithelia.cuticle.Osi16_2
nc_TAATCTCGTATCAAGA-1	epithelia.tendon_5
nc_TAATCTCGTCGTCATA-1	epithelia.tendon_5
nc_TAATCTCGTGACAGGT-1	epithelia.cuticle.cp.other_1
nc_TAATCTCGTGATTAGA-1	epithelia.cuticle.Osi14_12
nc_TAATCTCTCAAACGTC-1	epithelia.tendon_5
nc_TAATCTCTCACCTGTC-1	epithelia.cuticle.Osi14_12
nc_TAATCTCTCGAGTCTA-1	epithelia.cuticle.cp.other_1
nc_TAATCTCTCTTGCGCT-1	hemocyte_16
nc_TAATTCCAGGTAGCAC-1	epithelia.cuticle.cp.soft_3
nc_TAATTCCCACAAATAG-1	secretory-ECM_21
nc_TAATTCCCACTACACA-1	epithelia.cuticle.Osi17_4
nc_TAATTCCCAGAGTTGG-1	epithelia.olfactory.support_9
nc_TAATTCCCATTGACAC-1	epithelia.olfactory.support_9
nc_TAATTCCTCAACCTTT-1	muscle.rbm24_0
nc_TAATTCCTCGGTTGTA-1	muscle.rbm24_0
nc_TACAACGAGTCCCAAT-1	epithelia.cuticle.Osi17_4
nc_TACAACGCAAAGCGTG-1	epithelia.cuticle.cp.other_1
nc_TACAACGCAAATCGGG-1	hemocyte_16
nc_TACAACGCAAGGTCGA-1	epithelia.tendon_5
nc_TACAACGCAATGGCCC-1	muscle.rbm24_0
nc_TACAACGCACCCTCTA-1	epithelia.cuticle.cp.soft_3
nc_TACAACGCATGACACT-1	epithelia.cuticle.Osi14_12
nc_TACAACGGTACAAACA-1	muscle.rbm24_0
nc_TACAACGGTTTCTATC-1	epithelia.olfactory.support_9
nc_TACACCCAGAAATCCA-1	epithelia.cuticle.cp.rigid_7
nc_TACACCCCAGTGTATC-1	epithelia.olfactory.support_9
nc_TACACCCCATGGAGAC-1	muscle.rbm24_0
nc_TACACCCCATTCAGCA-1	muscle.rbm24_0
nc_TACACCCGTAACAGGC-1	epithelia.cuticle.cp.rigid_7
nc_TACACCCGTAGAGTTA-1	glia1_8
nc_TACACCCGTTCAATCG-1	epithelia.cuticle.cp.soft_3
nc_TACACCCTCCTTATCA-1	epithelia.cuticle.cp.other_1
nc_TACACCCTCTAGCCAA-1	muscle.rbm24_0
nc_TACACCCTCTGGTTGA-1	epithelia.cuticle.cp.rigid_7
nc_TACAGGTAGACTCAAA-1	epithelia.cuticle.Osi18_6
nc_TACAGGTAGATGGTAT-1	muscle.rbm24_0
nc_TACAGGTAGGAGGTTC-1	epithelia.cuticle.cp.soft_3
nc_TACAGGTAGGGATCAC-1	muscle.rbm24_0
nc_TACAGGTAGGTTAAAC-1	epithelia.cuticle.cp.soft_3
nc_TACAGGTCACACACGC-1	neuroglioblast.ol_14
nc_TACAGGTCACCAAATC-1	epithelia.cuticle.Osi14_12
nc_TACAGGTCAGGTGTTT-1	epithelia.cuticle.cp.soft_3
nc_TACAGGTCATATACCG-1	epithelia.cuticle.cp.other_1
nc_TACAGGTCATGCAGCC-1	epithelia.cuticle.Osi14_12
nc_TACAGGTGTAAGGTCG-1	neuron.chol.ciliated_20
nc_TACAGGTGTATGGGAC-1	epithelia.olfactory.support_9
nc_TACAGGTGTCTTCTAT-1	epithelia.cuticle.Osi16_2
nc_TACAGGTGTGCCGTAC-1	muscle.rbm24_0
nc_TACATTCAGCCTCCAG-1	muscle.rbm24_0
nc_TACATTCAGGATGCGT-1	muscle.rbm24_0
nc_TACATTCAGTACAACA-1	muscle.rbm24_0
nc_TACATTCAGTAGCAAT-1	neuron.cholinergic_11
nc_TACATTCTCCGCGATG-1	epithelia.olfactory.support_9
nc_TACCCACAGCGTGCTC-1	epithelia.cuticle.Osi17_4
nc_TACCCACAGCTAAACA-1	epithelia.cuticle.cp.other_1
nc_TACCCACAGGATTCAA-1	epithelia.cuticle.Osi17_4
nc_TACCCACCAGTGGTGA-1	muscle.rbm24_0
nc_TACCCACCATGGACAG-1	epithelia.cuticle.Osi17_4
nc_TACCCACGTCTTCTAT-1	muscle.rbm24_0
nc_TACCCACGTGAATTGA-1	muscle.rbm24_0
nc_TACCCACTCCATAGAC-1	epithelia.cuticle.Osi16_2
nc_TACCCACTCCGTAGGC-1	glia1_8
nc_TACCCACTCTCGTGGG-1	muscle.rbm24_0
nc_TACCCACTCTTGAACG-1	epithelia.cuticle.cp.other_1
nc_TACCCGTAGAGTTGCG-1	epithelia.cuticle.Osi16_2
nc_TACCCGTAGGTGCATG-1	hemocyte_16
nc_TACCCGTAGGTTCATC-1	hemocyte_16
nc_TACCCGTAGTGGTGAC-1	muscle.rbm24_0
nc_TACCCGTCACTGTCCT-1	muscle.rbm24_0
nc_TACCCGTCAGGGACTA-1	glia1_8
nc_TACCCGTCATCTAACG-1	trachea_15
nc_TACCCGTGTACCGGCT-1	neuron.cholinergic_11
nc_TACCCGTGTCCGGCAT-1	epithelia.cuticle.cp.other_1
nc_TACCCGTGTGATTCTG-1	epithelia.cuticle.Osi17_4
nc_TACCCGTGTTTCGTTT-1	glia1_8
nc_TACCCGTTCACCATGA-1	muscle.rbm24_0
nc_TACCCGTTCGGAGATG-1	epithelia.cuticle.cp.other_1
nc_TACCGAAAGCATCTTG-1	epithelia.cuticle.Osi17_4
nc_TACCGAAAGGCTAACG-1	epithelia.cuticle.cp.rigid_7
nc_TACCGAAAGTAACCTC-1	epithelia.cuticle.cp.soft_3
nc_TACCGAAAGTAGCTCT-1	epithelia.tendon_5
nc_TACCGAACACCAGCCA-1	epithelia.cuticle.Osi14_12
nc_TACCGAACAGGCCTGT-1	epithelia.cuticle.cp.other_1
nc_TACCGAACATTAGGCT-1	muscle.rbm24_0
nc_TACCGAAGTCACCTTC-1	epithelia.cuticle.Osi17_4
nc_TACCGAATCAAGATAG-1	muscle.rbm24_0
nc_TACCGAATCCGCAACG-1	epithelia.cuticle.cp.other_1
nc_TACCGAATCGCTCCTA-1	epithelia.cuticle.cp.other_1
nc_TACCGAATCTAGAACC-1	epithelia.cuticle.cp.other_1
nc_TACCGAATCTAGGCCG-1	muscle.rbm24_0
nc_TACCGAATCTATCACT-1	fat.body_10
nc_TACCGAATCTCTAAGG-1	epithelia.cuticle.cp.soft_3
nc_TACCGGGAGCCTGGAA-1	muscle.rbm24_0
nc_TACCGGGCACAACGAG-1	epithelia.olfactory.support_9
nc_TACCGGGCACGTACAT-1	epithelia.cuticle.Osi16_2
nc_TACCGGGCATACTGAC-1	epithelia.cuticle.Osi18_6
nc_TACCGGGGTGGCGTAA-1	epithelia.tendon_5
nc_TACCGGGGTTCCGGTG-1	neuron.cholinergic_11
nc_TACCGGGTCAGTCAGT-1	muscle.rbm24_0
nc_TACCGGGTCTGGGCAC-1	epithelia.cuticle.cp.soft_3
nc_TACCTCGAGAGTGACC-1	epithelia.tendon_5
nc_TACCTCGAGCCTTCTC-1	glia1_8
nc_TACCTCGCAAACTAAG-1	fat.body_10
nc_TACCTCGCAACCGTGC-1	muscle.rbm24_0
nc_TACCTCGCAGACTGCC-1	epithelia.tendon_5
nc_TACCTCGGTAGATTAG-1	muscle.rbm24_0
nc_TACCTCGGTTGCGAAG-1	muscle.rbm24_0
nc_TACCTCGTCCACGAAT-1	epithelia.cuticle.cp.soft_3
nc_TACCTCGTCCGAGCTG-1	epithelia.cuticle.cp.soft_3
nc_TACCTCGTCGATTTCT-1	fat.body_10
nc_TACCTCGTCTCCGTGT-1	epithelia.cuticle.Osi16_2
nc_TACCTCGTCTCGCTCA-1	muscle.rbm24_0
nc_TACCTGCAGCGTTCAT-1	epithelia.olfactory.support_9
nc_TACCTGCAGGAACGTC-1	muscle.rbm24_0
nc_TACCTGCAGGCCACCT-1	muscle.rbm24_0
nc_TACCTGCAGGTCCTGC-1	muscle.rbm24_0
nc_TACCTGCAGTTGGAAT-1	neuron.cholinergic_11
nc_TACCTGCCAATCGCCG-1	muscle.rbm24_0
nc_TACCTGCCACTGTGAT-1	epithelia.cuticle.Osi17_4
nc_TACCTGCGTTTGAAAG-1	epithelia.olfactory.support_9
nc_TACCTGCTCATCACAG-1	muscle.rbm24_0
nc_TACGCTCAGTTACGAA-1	epithelia.cuticle.cp.rigid_7
nc_TACGCTCCATCGGCCA-1	epithelia.cuticle.Osi18_6
nc_TACGCTCGTTCCCAAA-1	epithelia.cuticle.Osi16_2
nc_TACGCTCTCTCTCGCA-1	epithelia.tendon_5
nc_TACGGGCAGATTGATG-1	glia1_8
nc_TACGGGCAGGTCGTAG-1	epithelia.cuticle.Osi14_12
nc_TACGGGCAGTCCCTAA-1	epithelia.cuticle.cp.soft_3
nc_TACGGGCCAAACACCT-1	epithelia.cuticle.cp.rigid_7
nc_TACGGGCCAAGCGCAA-1	epithelia.cuticle.cp.other_1
nc_TACGGGCCACGAGGAT-1	epithelia.cuticle.biosynthesis_13
nc_TACGGGCCAGAGAAAG-1	epithelia.cuticle.Osi16_2
nc_TACGGGCCATAAGCGG-1	epithelia.cuticle.cp.soft_3
nc_TACGGGCGTAGGAGGG-1	neuroglioblast.castor_17
nc_TACGGGCTCACTTGGA-1	epithelia.tendon_5
nc_TACGGGCTCGAAGCAG-1	epithelia.cuticle.cp.other_1
nc_TACGGGCTCGCGGTAC-1	neuroglioblast.castor_17
nc_TACGGTAAGACGTCCC-1	muscle.rbm24_0
nc_TACGGTAAGAGGGTAA-1	epithelia.cuticle.cp.other_1
nc_TACGGTAAGCAACTCT-1	fat.body_10
nc_TACGGTAAGGGCCCTT-1	epithelia.cuticle.Osi14_12
nc_TACGGTAAGGTATTGA-1	muscle.rbm24_0
nc_TACGGTACAGGAACCA-1	epithelia.tendon_5
nc_TACGGTACATCGATGT-1	neuroglioblast.castor_17
nc_TACGGTAGTACGTGTT-1	fat.body_10
nc_TACGGTATCGCAATTG-1	epithelia.cuticle.cp.rigid_7
nc_TACGGTATCTTACGTT-1	muscle.rbm24_0
nc_TACGTCCAGACCTGGA-1	epithelia.cuticle.cp.other_1
nc_TACGTCCAGATTGTGA-1	muscle.rbm24_0
nc_TACGTCCAGCTGCCAC-1	epithelia.cuticle.Osi16_2
nc_TACGTCCAGGACAGCT-1	epithelia.cuticle.Osi18_6
nc_TACGTCCAGGTAGTAT-1	epithelia.cuticle.cp.rigid_7
nc_TACGTCCAGGTCGAGT-1	epithelia.cuticle.cp.soft_3
nc_TACGTCCAGGTTGACG-1	glia2_18
nc_TACGTCCCAGTGTGGA-1	epithelia.olfactory.support_9
nc_TACGTCCGTCGGCTAC-1	epithelia.tendon_5
nc_TACGTCCTCAAATAGG-1	trachea_15
nc_TACGTCCTCCGAGGCT-1	muscle.rbm24_0
nc_TACGTCCTCCGCATAA-1	epithelia.cuticle.Osi17_4
nc_TACGTCCTCTAAACGC-1	epithelia.cuticle.Osi16_2
nc_TACTGCCAGCCATTTG-1	muscle.rbm24_0
nc_TACTGCCAGTAGAGTT-1	epithelia.cuticle.Osi17_4
nc_TACTGCCAGTATGAGT-1	muscle.rbm24_0
nc_TACTGCCAGTCCCTAA-1	epithelia.cuticle.Osi16_2
nc_TACTGCCCAACCACAT-1	epithelia.tendon_5
nc_TACTGCCCAAGTATCC-1	neuron.cholinergic_11
nc_TACTGCCCAGCCATTA-1	epithelia.cuticle.Osi14_12
nc_TACTGCCCAGGCACAA-1	neuron.cholinergic_11
nc_TACTGCCCATTGGCAT-1	epithelia.cuticle.cp.other_1
nc_TACTGCCTCGCCTATC-1	epithelia.cuticle.Osi14_12
nc_TACTGCCTCTGCTTTA-1	epithelia.cuticle.Osi16_2
nc_TACTTACAGCAATTAG-1	epithelia.cuticle.cp.rigid_7
nc_TACTTACAGCAGAAAG-1	epithelia.cuticle.Osi17_4
nc_TACTTACAGCGCCCAT-1	epithelia.olfactory.support_9
nc_TACTTACAGTAGTCTC-1	epithelia.cuticle.Osi17_4
nc_TACTTACAGTCGCGAA-1	epithelia.tendon_5
nc_TACTTACCATTGAAAG-1	epithelia.cuticle.Osi18_6
nc_TACTTACGTATGACAA-1	epithelia.cuticle.Osi16_2
nc_TACTTACGTGCAACAG-1	epithelia.cuticle.Osi17_4
nc_TACTTACGTGGGCTTC-1	fat.body_10
nc_TACTTACTCACCGGTG-1	epithelia.cuticle.Osi17_4
nc_TACTTACTCAGTCACA-1	neuron.chol.ciliated_20
nc_TACTTACTCATCTACT-1	epithelia.cuticle.cp.soft_3
nc_TACTTACTCTAGATCG-1	epithelia.cuticle.cp.soft_3
nc_TACTTCAAGAAGGGAT-1	epithelia.cuticle.Osi18_6
nc_TACTTCAAGCTTCATG-1	epithelia.cuticle.Osi16_2
nc_TACTTCAAGTGTACCT-1	epithelia.cuticle.cp.other_1
nc_TACTTCACAACATCGT-1	neuron.cholinergic_11
nc_TACTTCACAGAATTCC-1	epithelia.cuticle.cp.other_1
nc_TACTTCACAGACCCGT-1	epithelia.cuticle.Osi18_6
nc_TACTTCAGTACTGCCG-1	epithelia.cuticle.Osi16_2
nc_TACTTCAGTAGGCAGT-1	epithelia.tendon_5
nc_TACTTCAGTGCATCTA-1	epithelia.cuticle.Osi16_2
nc_TACTTCAGTGTTATCG-1	epithelia.cuticle.Osi18_6
nc_TACTTCAGTTTACGAC-1	epithelia.olfactory.support_9
nc_TACTTCAGTTTACTGG-1	muscle.rbm24_0
nc_TACTTCATCATTTACC-1	epithelia.cuticle.Osi16_2
nc_TACTTCATCCACAGGC-1	epithelia.tendon_5
nc_TACTTCATCCATAGGT-1	epithelia.cuticle.Osi16_2
nc_TACTTGTAGACAACAT-1	epithelia.cuticle.Osi17_4
nc_TACTTGTAGAGTGAAG-1	neuron.cholinergic_11
nc_TACTTGTAGGAGCAAA-1	glia1_8
nc_TACTTGTAGTTGGACG-1	neuroglioblast.ol_14
nc_TACTTGTCAAACAGGC-1	epithelia.cuticle.Osi16_2
nc_TACTTGTCAGACCAAG-1	epithelia.cuticle.Osi14_12
nc_TACTTGTCATCACGGC-1	muscle.rbm24_0
nc_TACTTGTGTACCGGCT-1	epithelia.cuticle.Osi16_2
nc_TACTTGTTCCCGAGAC-1	epithelia.cuticle.Osi14_12
nc_TAGACCAAGGGAGTTC-1	epithelia.cuticle.cp.other_1
nc_TAGACCACAAGCGATG-1	muscle.rbm24_0
nc_TAGACCACACGGTGTC-1	epithelia.cuticle.Osi18_6
nc_TAGACCAGTACCGCGT-1	epithelia.cuticle.cp.soft_3
nc_TAGACCAGTAGCGTTT-1	epithelia.cuticle.Osi16_2
nc_TAGACCAGTCAAAGTA-1	glia1_8
nc_TAGACCAGTCCACGCA-1	muscle.rbm24_0
nc_TAGACCAGTGTAGTGG-1	fat.body_10
nc_TAGACCAGTTCAGTAC-1	muscle.rbm24_0
nc_TAGACCATCACTTGGA-1	muscle.rbm24_0
nc_TAGACCATCCCTTCCC-1	epithelia.cuticle.cp.other_1
nc_TAGACTGAGAGGATGA-1	epithelia.cuticle.cp.other_1
nc_TAGACTGAGATCGGTG-1	epithelia.cuticle.Osi16_2
nc_TAGACTGAGGAACTCG-1	epithelia.olfactory.support_9
nc_TAGACTGAGGATTCCT-1	epithelia.cuticle.cp.other_1
nc_TAGACTGAGGTCTGGA-1	muscle.rbm24_0
nc_TAGACTGAGTCAAGCG-1	epithelia.cuticle.Osi17_4
nc_TAGACTGAGTCTTCCC-1	epithelia.cuticle.Osi18_6
nc_TAGACTGCACAGCCTG-1	epithelia.cuticle.Osi16_2
nc_TAGACTGCAGTCAACT-1	muscle.rbm24_0
nc_TAGACTGCATATGGCT-1	muscle.rbm24_0
nc_TAGACTGCATCCAATG-1	epithelia.tendon_5
nc_TAGACTGCATCCGATA-1	muscle.rbm24_0
nc_TAGACTGCATCGAGCC-1	muscle.rbm24_0
nc_TAGACTGGTATCGCAT-1	muscle.rbm24_0
nc_TAGAGTCAGCTGAAGC-1	epithelia.cuticle.Osi17_4
nc_TAGAGTCAGCTTCGTA-1	muscle.rbm24_0
nc_TAGAGTCAGGTAAGGA-1	epithelia.tendon_5
nc_TAGAGTCCACTCTGCT-1	epithelia.tendon_5
nc_TAGAGTCCAGAACCGA-1	neuroglioblast.castor_17
nc_TAGAGTCCAGTGTATC-1	epithelia.cuticle.Osi18_6
nc_TAGAGTCGTCGACTTA-1	neuron.cholinergic_11
nc_TAGAGTCTCGAACTCA-1	epithelia.cuticle.Osi14_12
nc_TAGAGTCTCGAGATAA-1	glia2_18
nc_TAGAGTCTCGTGCACG-1	epithelia.olfactory.support_9
nc_TAGATCGAGACAACTA-1	epithelia.cuticle.cp.other_1
nc_TAGATCGAGTCGAATA-1	muscle.rbm24_0
nc_TAGATCGCAGCGACCT-1	glia1_8
nc_TAGATCGGTGCCCGTA-1	epithelia.cuticle.Osi16_2
nc_TAGATCGGTGTGGACA-1	epithelia.cuticle.cp.other_1
nc_TAGATCGGTTCCTTGC-1	epithelia.cuticle.Osi14_12
nc_TAGATCGTCATAGACC-1	epithelia.cuticle.Osi17_4
nc_TAGATCGTCCATCCGT-1	glia1_8
nc_TAGATCGTCCCACAGG-1	epithelia.cuticle.Osi18_6
nc_TAGATCGTCCGTGTCT-1	epithelia.cuticle.Osi17_4
nc_TAGATCGTCGAAATCC-1	muscle.rbm24_0
nc_TAGATCGTCGATACTG-1	muscle.rbm24_0
nc_TAGCACAAGCCATGCC-1	epithelia.cuticle.cp.soft_3
nc_TAGCACAAGCGTATGG-1	epithelia.cuticle.Osi17_4
nc_TAGCACAAGGCATTTC-1	epithelia.cuticle.Osi16_2
nc_TAGCACAAGTGCACTT-1	epithelia.cuticle.cp.rigid_7
nc_TAGCACACACCCGTAG-1	epithelia.cuticle.cp.soft_3
nc_TAGCACACACTAACCA-1	muscle.rbm24_0
nc_TAGCACACATGTCAGT-1	epithelia.tendon_5
nc_TAGCACAGTCCACATA-1	epithelia.cuticle.Osi14_12
nc_TAGCACAGTCGCACGT-1	epithelia.tendon_5
nc_TAGCACATCATGCATG-1	epithelia.cuticle.Osi16_2
nc_TAGGAGGAGCAGTACG-1	epithelia.cuticle.cp.soft_3
nc_TAGGAGGAGCGAGTAC-1	epithelia.tendon_5
nc_TAGGAGGAGCGTCTCG-1	trachea_15
nc_TAGGAGGAGTCCCGGT-1	epithelia.olfactory.support_9
nc_TAGGAGGCAAACGTGG-1	epithelia.olfactory.support_9
nc_TAGGAGGCAAGAGTTA-1	epithelia.cuticle.Osi17_4
nc_TAGGAGGCAAGGAGTC-1	epithelia.cuticle.cp.soft_3
nc_TAGGAGGCACTGGATT-1	epithelia.cuticle.Osi17_4
nc_TAGGAGGCAGCAGGAT-1	muscle.rbm24_0
nc_TAGGAGGGTACAACGG-1	muscle.rbm24_0
nc_TAGGAGGGTACGTTCA-1	epithelia.cuticle.Osi17_4
nc_TAGGAGGGTCCATCTC-1	epithelia.cuticle.Osi16_2
nc_TAGGAGGGTTCAATCG-1	muscle.rbm24_0
nc_TAGGAGGTCCATACTT-1	muscle.rbm24_0
nc_TAGGAGGTCGCTATTT-1	epithelia.cuticle.cp.other_1
nc_TAGGGTTAGCTTGTGT-1	glia1_8
nc_TAGGGTTAGTTTAGGA-1	muscle.rbm24_0
nc_TAGGGTTCATCATTGG-1	fat.body_10
nc_TAGGGTTCATGGCGCT-1	epithelia.tendon_5
nc_TAGGGTTGTAGATGTA-1	muscle.rbm24_0
nc_TAGGGTTGTTTCGTAG-1	muscle.rbm24_0
nc_TAGGGTTTCAAGTGTC-1	glia2_18
nc_TAGGGTTTCACCGGGT-1	muscle.rbm24_0
nc_TAGGTACAGCCAGACA-1	muscle.rbm24_0
nc_TAGGTACAGTTGAAGT-1	muscle.rbm24_0
nc_TAGGTACCAACCGCCA-1	fat.body_10
nc_TAGGTACGTAGACAGC-1	epithelia.olfactory.support_9
nc_TAGGTACGTCTGCGCA-1	muscle.rbm24_0
nc_TAGGTACGTGAACTAA-1	epithelia.cuticle.cp.other_1
nc_TAGGTACGTTGGCCTG-1	muscle.rbm24_0
nc_TAGGTACTCAATCCAG-1	muscle.rbm24_0
nc_TAGGTACTCGTCCATC-1	muscle.rbm24_0
nc_TAGGTACTCTGTTGGA-1	neuron.cholinergic_11
nc_TAGGTTGAGTTGCCTA-1	epithelia.cuticle.Osi16_2
nc_TAGGTTGCACTAGGCC-1	epithelia.tendon_5
nc_TAGGTTGCACTATCCC-1	epithelia.tendon_5
nc_TAGGTTGCAGACCATT-1	epithelia.cuticle.cp.other_1
nc_TAGGTTGCAGCGTGCT-1	muscle.rbm24_0
nc_TAGGTTGGTAGAATAC-1	muscle.rbm24_0
nc_TAGGTTGGTCTGGTTA-1	muscle.rbm24_0
nc_TAGGTTGGTTAAGGAT-1	neuroglioblast.castor_17
nc_TAGGTTGGTTTGTTCT-1	epithelia.cuticle.cp.soft_3
nc_TAGGTTGTCATCGCAA-1	epithelia.cuticle.cp.other_1
nc_TAGGTTGTCATGGATC-1	glia1_8
nc_TAGGTTGTCCCAGGCA-1	epithelia.cuticle.cp.soft_3
nc_TAGGTTGTCCCTCAAC-1	epithelia.cuticle.cp.other_1
nc_TAGTGCAAGCAGGCAT-1	muscle.tup_19
nc_TAGTGCACAAGTTGGG-1	neuron.chol.ciliated_20
nc_TAGTGCAGTCGTACAT-1	muscle.rbm24_0
nc_TAGTGCAGTGACACAG-1	epithelia.cuticle.cp.other_1
nc_TAGTGCATCGAGTACT-1	epithelia.cuticle.cp.soft_3
nc_TAGTGCATCGGCACTG-1	hemocyte_16
nc_TAGTGCATCGTTCCCA-1	glia1_8
nc_TAGTGCATCTGGGCGT-1	muscle.rbm24_0
nc_TATACCTAGACTTCCA-1	epithelia.cuticle.cp.other_1
nc_TATACCTAGCGTCTCG-1	epithelia.cuticle.Osi14_12
nc_TATACCTAGCGTGAGT-1	neuroglioblast.ol_14
nc_TATACCTAGCTGTACT-1	neuroglioblast.castor_17
nc_TATACCTAGGAGAGGC-1	epithelia.cuticle.Osi18_6
nc_TATACCTAGGTTTACC-1	muscle.rbm24_0
nc_TATACCTAGTAGTCCT-1	muscle.rbm24_0
nc_TATACCTAGTAGTCTC-1	epithelia.cuticle.Osi16_2
nc_TATACCTAGTCGCCAC-1	epithelia.olfactory.support_9
nc_TATACCTCAGTTAAAG-1	epithelia.cuticle.Osi16_2
nc_TATACCTTCAACCGAT-1	muscle.rbm24_0
nc_TATACCTTCGGTGAAG-1	epithelia.cuticle.cp.other_1
nc_TATACCTTCGTAGAGG-1	epithelia.cuticle.Osi17_4
nc_TATATCCAGTGCAGGT-1	epithelia.olfactory.support_9
nc_TATATCCCAAAGGAGA-1	glia1_8
nc_TATATCCCACCTTCCA-1	epithelia.cuticle.cp.soft_3
nc_TATATCCCAGTAGTTC-1	epithelia.cuticle.Osi16_2
nc_TATATCCGTAGCTGAG-1	neuroglioblast.castor_17
nc_TATATCCGTAGGATAT-1	glia2_18
nc_TATATCCTCAGTGTTG-1	epithelia.cuticle.cp.soft_3
nc_TATATCCTCATGGATC-1	neuron.chol.ciliated_20
nc_TATATCCTCCCAGGAC-1	epithelia.cuticle.cp.soft_3
nc_TATATCCTCGCTATTT-1	epithelia.cuticle.Osi16_2
nc_TATATCCTCTGGTTGA-1	epithelia.cuticle.Osi14_12
nc_TATCAGGAGCTGGCCT-1	epithelia.olfactory.support_9
nc_TATCAGGAGGTTCATC-1	epithelia.cuticle.Osi14_12
nc_TATCAGGCAACCTATG-1	glia2_18
nc_TATCAGGCAATTGCAC-1	muscle.rbm24_0
nc_TATCAGGCAATTTCGG-1	epithelia.cuticle.cp.rigid_7
nc_TATCAGGCACTTTAGG-1	muscle.rbm24_0
nc_TATCAGGCAGGTCAGA-1	epithelia.cuticle.Osi17_4
nc_TATCAGGCATTCAGCA-1	epithelia.olfactory.support_9
nc_TATCAGGGTACGATTC-1	epithelia.cuticle.Osi16_2
nc_TATCAGGGTAGGAGTC-1	epithelia.cuticle.cp.other_1
nc_TATCAGGGTCTCGGGT-1	hemocyte_16
nc_TATCAGGGTCTGCATA-1	epithelia.cuticle.Osi16_2
nc_TATCAGGGTTCGAACT-1	epithelia.tendon_5
nc_TATCAGGGTTCTAACG-1	neuroglioblast.castor_17
nc_TATCAGGTCCGTATAG-1	muscle.rbm24_0
nc_TATCAGGTCGAGCACC-1	muscle.rbm24_0
nc_TATCAGGTCGTGGCGT-1	epithelia.cuticle.cp.soft_3
nc_TATCCTAAGACATAAC-1	epithelia.cuticle.cp.other_1
nc_TATCCTACAACTGTGT-1	muscle.tup_19
nc_TATCCTACAATTGAGA-1	muscle.rbm24_0
nc_TATCCTACAGAGAGGG-1	epithelia.olfactory.support_9
nc_TATCCTAGTGTTCCAA-1	muscle.rbm24_0
nc_TATCCTAGTTGCAACT-1	epithelia.cuticle.cp.other_1
nc_TATCCTAGTTGTCCCT-1	epithelia.cuticle.Osi18_6
nc_TATCCTATCGCTAATG-1	muscle.rbm24_0
nc_TATCCTATCTATTTCG-1	epithelia.tendon_5
nc_TATCGCCAGCACTAAA-1	muscle.rbm24_0
nc_TATCGCCAGGTAGCAC-1	epithelia.cuticle.Osi17_4
nc_TATCGCCAGTCAGAGC-1	neuron.cholinergic_11
nc_TATCGCCCAACCTAAC-1	glia1_8
nc_TATCGCCGTGCTAGCC-1	epithelia.cuticle.cp.soft_3
nc_TATCGCCGTGGATGAC-1	muscle.rbm24_0
nc_TATCGCCGTTACTCAG-1	trachea_15
nc_TATCGCCGTTGCTGAT-1	epithelia.cuticle.cp.other_1
nc_TATCGCCTCCCGAAAT-1	muscle.rbm24_0
nc_TATCGCCTCCTGGCTT-1	muscle.rbm24_0
nc_TATCGCCTCCTTATCA-1	muscle.rbm24_0
nc_TATCGCCTCGCCAGAC-1	muscle.rbm24_0
nc_TATCGCCTCTCGGCTT-1	epithelia.cuticle.Osi17_4
nc_TATCTGTAGTTACGGG-1	epithelia.cuticle.Osi16_2
nc_TATCTGTGTACGTGTT-1	epithelia.cuticle.Osi16_2
nc_TATCTGTGTCCTGTTC-1	epithelia.cuticle.cp.soft_3
nc_TATCTGTGTTGGACCC-1	epithelia.cuticle.cp.rigid_7
nc_TATCTGTTCAAAGCCT-1	epithelia.cuticle.cp.other_1
nc_TATCTGTTCGACCATA-1	epithelia.cuticle.cp.other_1
nc_TATCTGTTCTGTTCAT-1	epithelia.cuticle.Osi16_2
nc_TATCTTGAGCCTGAAG-1	muscle.rbm24_0
nc_TATCTTGAGCTCTGTA-1	muscle.rbm24_0
nc_TATCTTGAGGACTGGT-1	muscle.rbm24_0
nc_TATCTTGAGGTAGCCA-1	epithelia.cuticle.cp.soft_3
nc_TATCTTGCAGATCCTA-1	epithelia.cuticle.Osi17_4
nc_TATCTTGCAGGGAATC-1	fat.body_10
nc_TATCTTGCAGTTCCAA-1	glia1_8
nc_TATCTTGTCACGAACT-1	fat.body_10
nc_TATCTTGTCCACTGAA-1	fat.body_10
nc_TATCTTGTCGGAATTC-1	fat.body_10
nc_TATCTTGTCTAGAGCT-1	epithelia.cuticle.cp.soft_3
nc_TATGTTCAGCACGGAT-1	epithelia.cuticle.Osi16_2
nc_TATGTTCCAGGCTTGC-1	glia1_8
nc_TATGTTCCAGGTCAAG-1	muscle.tup_19
nc_TATGTTCCAGTCGGTC-1	epithelia.olfactory.support_9
nc_TATGTTCGTCACAGAG-1	epithelia.tendon_5
nc_TATGTTCGTGCAACAG-1	epithelia.cuticle.Osi16_2
nc_TATGTTCGTGTCATTG-1	muscle.rbm24_0
nc_TATGTTCGTTGCATCA-1	epithelia.olfactory.support_9
nc_TATGTTCGTTGTATGC-1	muscle.rbm24_0
nc_TATGTTCTCAAACCCA-1	muscle.rbm24_0
nc_TATGTTCTCCACACCT-1	epithelia.cuticle.cp.other_1
nc_TATGTTCTCGTTGTTT-1	epithelia.cuticle.Osi18_6
nc_TATGTTCTCTTGGGCG-1	muscle.rbm24_0
nc_TATTCCAAGATCACCT-1	glia1_8
nc_TATTCCAAGCTAAACA-1	muscle.rbm24_0
nc_TATTCCACAAAGAACT-1	epithelia.cuticle.cp.soft_3
nc_TATTCCACAAGAGTGC-1	muscle.rbm24_0
nc_TATTCCAGTGTGGACA-1	epithelia.cuticle.cp.soft_3
nc_TATTCCAGTTTGTGGT-1	muscle.rbm24_0
nc_TATTCCATCGATGCAT-1	muscle.rbm24_0
nc_TATTCCATCTTTCGAT-1	muscle.rbm24_0
nc_TATTGCTAGCCTTCTC-1	epithelia.cuticle.cp.other_1
nc_TATTGCTAGTGGTGAC-1	epithelia.cuticle.Osi16_2
nc_TATTGCTCAAGCTACT-1	muscle.rbm24_0
nc_TATTGCTCAATAGTAG-1	epithelia.cuticle.Osi16_2
nc_TATTGCTCAGCATCTA-1	epithelia.cuticle.Osi16_2
nc_TATTGCTCATCCGATA-1	epithelia.tendon_5
nc_TATTGCTGTATTCTCT-1	muscle.rbm24_0
nc_TATTGCTGTCAAAGTA-1	epithelia.cuticle.cp.other_1
nc_TATTGCTGTCGTACTA-1	epithelia.cuticle.Osi16_2
nc_TATTGCTGTGCTATTG-1	muscle.rbm24_0
nc_TATTGCTGTGCTGCAC-1	epithelia.cuticle.cp.other_1
nc_TATTGCTTCTGCCTCA-1	muscle.rbm24_0
nc_TATTGGGAGGCTGGAT-1	neuroglioblast.ol_14
nc_TATTGGGAGGTCGAGT-1	epithelia.tendon_5
nc_TATTGGGAGTAGACAT-1	muscle.rbm24_0
nc_TATTGGGCAACTGATC-1	epithelia.olfactory.support_9
nc_TATTGGGCACCTGCAG-1	neuroglioblast.ol_14
nc_TATTGGGCAGACTCTA-1	epithelia.cuticle.Osi16_2
nc_TATTGGGCAGCAAGAC-1	muscle.rbm24_0
nc_TATTGGGTCAACACCA-1	epithelia.tendon_5
nc_TATTGGGTCGAGTCTA-1	epithelia.cuticle.cp.soft_3
nc_TATTTCGAGAGCATCG-1	muscle.rbm24_0
nc_TATTTCGAGCACACAG-1	epithelia.cuticle.cp.other_1
nc_TATTTCGAGGCATGGT-1	epithelia.cuticle.cp.soft_3
nc_TATTTCGCACGAGAAC-1	epithelia.olfactory.support_9
nc_TATTTCGCAGAAATTG-1	muscle.rbm24_0
nc_TATTTCGCATACAGCT-1	epithelia.cuticle.cp.other_1
nc_TATTTCGCATGAGAAT-1	epithelia.cuticle.cp.other_1
nc_TATTTCGCATGCCGGT-1	epithelia.cuticle.cp.soft_3
nc_TATTTCGGTCGCTTGG-1	glia1_8
nc_TATTTCGGTGAGCTCC-1	muscle.rbm24_0
nc_TATTTCGGTTAAGGGC-1	epithelia.tendon_5
nc_TATTTCGTCATTTGTC-1	muscle.rbm24_0
nc_TATTTCGTCCTATTGT-1	trachea_15
nc_TATTTCGTCGATTGGT-1	muscle.rbm24_0
nc_TCAAGACAGAATTTGG-1	epithelia.cuticle.Osi16_2
nc_TCAAGACAGACGCCCT-1	epithelia.cuticle.Osi17_4
nc_TCAAGACAGTCGAGGT-1	neuron.cholinergic_11
nc_TCAAGACCAAGTGGTG-1	epithelia.olfactory.support_9
nc_TCAAGACCACGGCCAT-1	epithelia.tendon_5
nc_TCAAGACCATAGCACT-1	muscle.rbm24_0
nc_TCAAGACCATGGGTCC-1	muscle.tup_19
nc_TCAAGACGTACCGTGC-1	epithelia.cuticle.cp.soft_3
nc_TCAAGACGTGAATAAC-1	muscle.rbm24_0
nc_TCAAGACGTGCGAGTA-1	epithelia.cuticle.Osi14_12
nc_TCAAGACTCACCTTAT-1	epithelia.tendon_5
nc_TCAAGACTCCCTGGTT-1	epithelia.cuticle.biosynthesis_13
nc_TCAAGCAAGCTACAAA-1	epithelia.olfactory.support_9
nc_TCAAGCAAGGCTTCCG-1	muscle.rbm24_0
nc_TCAAGCACACCAAATC-1	epithelia.cuticle.Osi18_6
nc_TCAAGCACAGACACCC-1	muscle.rbm24_0
nc_TCAAGCACAGGGCTTC-1	muscle.rbm24_0
nc_TCAAGCACAGTCTTCC-1	muscle.rbm24_0
nc_TCAAGCACAGTGAGCA-1	epithelia.cuticle.Osi16_2
nc_TCAAGCAGTCACGTGC-1	epithelia.cuticle.cp.soft_3
nc_TCAAGCAGTGGACCAA-1	epithelia.cuticle.cp.soft_3
nc_TCAAGCAGTTAGCTAC-1	muscle.rbm24_0
nc_TCAAGCATCATGACAC-1	neuroglioblast.castor_17
nc_TCAAGCATCCACCTCA-1	muscle.rbm24_0
nc_TCAAGCATCGGCATCG-1	epithelia.cuticle.cp.rigid_7
nc_TCAAGCATCTTAAGGC-1	hemocyte_16
nc_TCAAGTGAGATGGCAC-1	muscle.rbm24_0
nc_TCAAGTGAGGTTGAGC-1	epithelia.olfactory.support_9
nc_TCAAGTGCAGAACTCT-1	muscle.rbm24_0
nc_TCAAGTGCATCCTTGC-1	epithelia.cuticle.Osi18_6
nc_TCAAGTGGTGGCAACA-1	muscle.rbm24_0
nc_TCAAGTGGTTACCTGA-1	neuron.chol.ciliated_20
nc_TCAAGTGGTTGACGGA-1	epithelia.tendon_5
nc_TCAAGTGGTTGCACGC-1	epithelia.cuticle.Osi14_12
nc_TCAAGTGTCCTGGGTG-1	fat.body_10
nc_TCAATCTAGCACGGAT-1	muscle.rbm24_0
nc_TCAATCTAGCTTCTAG-1	muscle.rbm24_0
nc_TCAATCTAGTAGGGTC-1	glia1_8
nc_TCAATCTCACACCTAA-1	epithelia.cuticle.cp.soft_3
nc_TCAATCTGTCTGCAAT-1	epithelia.olfactory.support_9
nc_TCAATCTGTGGGTATG-1	epithelia.cuticle.cp.soft_3
nc_TCAATCTTCAATCAGC-1	epithelia.cuticle.cp.other_1
nc_TCAATCTTCACAAGGG-1	muscle.rbm24_0
nc_TCAATCTTCTGCATGA-1	epithelia.tendon_5
nc_TCAATTCAGATACAGT-1	epithelia.cuticle.Osi16_2
nc_TCAATTCAGGAATCGC-1	epithelia.tendon_5
nc_TCAATTCCAAGTTCGT-1	muscle.rbm24_0
nc_TCAATTCCAGACAAAT-1	muscle.rbm24_0
nc_TCAATTCCATCCGTGG-1	muscle.rbm24_0
nc_TCAATTCCATTGACAC-1	epithelia.cuticle.Osi17_4
nc_TCAATTCGTACTCCGG-1	epithelia.cuticle.cp.other_1
nc_TCAATTCGTGGATCAG-1	epithelia.tendon_5
nc_TCAATTCGTTCCGGTG-1	epithelia.cuticle.cp.other_1
nc_TCAATTCTCACTGATG-1	epithelia.cuticle.Osi17_4
nc_TCAATTCTCGCGTTTC-1	epithelia.cuticle.Osi16_2
nc_TCAATTCTCTATCACT-1	epithelia.cuticle.cp.other_1
nc_TCACAAGAGGGACCAT-1	epithelia.tendon_5
nc_TCACAAGAGTCATACC-1	epithelia.cuticle.Osi17_4
nc_TCACAAGAGTGAGCCA-1	epithelia.cuticle.Osi16_2
nc_TCACAAGTCACTGATG-1	muscle.tup_19
nc_TCACAAGTCCTTTAGT-1	epithelia.cuticle.Osi16_2
nc_TCACACCAGCGACTTT-1	muscle.rbm24_0
nc_TCACACCAGGGAGATA-1	muscle.rbm24_0
nc_TCACACCAGTGGCAGT-1	muscle.rbm24_0
nc_TCACACCCACACGGTC-1	epithelia.cuticle.biosynthesis_13
nc_TCACACCCACGACCTG-1	neuroglioblast.castor_17
nc_TCACACCCACTCTGCT-1	epithelia.cuticle.cp.soft_3
nc_TCACACCCAGCGTTTA-1	epithelia.cuticle.Osi14_12
nc_TCACACCCAGCTGTGC-1	muscle.rbm24_0
nc_TCACACCCAGGGAGAG-1	epithelia.cuticle.cp.other_1
nc_TCACACCCATCTATCT-1	muscle.rbm24_0
nc_TCACACCGTCAATGGG-1	epithelia.cuticle.Osi16_2
nc_TCACACCGTCAGACTT-1	epithelia.cuticle.cp.rigid_7
nc_TCACACCGTCATCGCG-1	epithelia.cuticle.Osi14_12
nc_TCACACCGTGCCGGTT-1	epithelia.cuticle.cp.other_1
nc_TCACACCGTTACGTAC-1	muscle.rbm24_0
nc_TCACACCGTTCCGTTC-1	epithelia.cuticle.cp.soft_3
nc_TCACACCGTTTGCAGT-1	epithelia.tendon_5
nc_TCACACCTCAAGGAGC-1	trachea_15
nc_TCACATTAGCGGACAT-1	epithelia.cuticle.cp.rigid_7
nc_TCACATTAGCGTCTCG-1	epithelia.tendon_5
nc_TCACATTCACTCCACT-1	muscle.rbm24_0
nc_TCACATTCACTGAGGA-1	muscle.rbm24_0
nc_TCACATTCATGAGTAA-1	muscle.rbm24_0
nc_TCACATTTCATCCTAT-1	epithelia.cuticle.cp.soft_3
nc_TCACGCTAGCACCCAC-1	epithelia.cuticle.cp.other_1
nc_TCACGCTAGCTCCGAC-1	epithelia.cuticle.cp.soft_3
nc_TCACGCTCACCTGCTT-1	epithelia.cuticle.cp.other_1
nc_TCACGCTCATGTTCGA-1	epithelia.cuticle.Osi17_4
nc_TCACGCTGTAAGAACT-1	epithelia.cuticle.Osi16_2
nc_TCACGCTGTACAGTAA-1	epithelia.cuticle.Osi16_2
nc_TCACGCTGTCTTCCGT-1	muscle.rbm24_0
nc_TCACGCTGTGGAGAAA-1	muscle.rbm24_0
nc_TCACGCTTCACCCTGT-1	fat.body_10
nc_TCACGCTTCGCTTGAA-1	epithelia.cuticle.Osi17_4
nc_TCACGCTTCGTAACAC-1	epithelia.cuticle.Osi16_2
nc_TCACGCTTCGTTTACT-1	muscle.rbm24_0
nc_TCACGCTTCTCATTGT-1	epithelia.cuticle.Osi17_4
nc_TCACGCTTCTGCTTAT-1	epithelia.cuticle.Osi17_4
nc_TCACGGGAGCAAGTGC-1	muscle.rbm24_0
nc_TCACGGGAGTTGCTGT-1	muscle.tup_19
nc_TCACGGGCAAGCAATA-1	epithelia.cuticle.Osi16_2
nc_TCACGGGCAAGGGCAT-1	epithelia.cuticle.Osi16_2
nc_TCACGGGCATGGAGAC-1	epithelia.olfactory.support_9
nc_TCACGGGGTCCACACG-1	glia1_8
nc_TCACGGGTCGAGCTGC-1	epithelia.cuticle.Osi16_2
nc_TCACGGGTCTGGACCG-1	epithelia.tendon_5
nc_TCACTATAGCACTCTA-1	trachea_15
nc_TCACTATAGCAGTACG-1	neuron.chol.ciliated_20
nc_TCACTATGTCTGCAAT-1	epithelia.cuticle.Osi17_4
nc_TCACTATGTGCACATT-1	muscle.rbm24_0
nc_TCACTATGTGCTGTCG-1	neuroglioblast.castor_17
nc_TCACTATTCCCTCTTT-1	muscle.rbm24_0
nc_TCACTATTCGAGAAAT-1	epithelia.cuticle.Osi17_4
nc_TCACTATTCGGCCAAC-1	hemocyte_16
nc_TCACTATTCTGAGGCC-1	epithelia.cuticle.cp.soft_3
nc_TCACTCGAGCACACAG-1	muscle.rbm24_0
nc_TCACTCGAGCATGCGA-1	epithelia.cuticle.Osi16_2
nc_TCACTCGAGTGGACGT-1	neuroglioblast.ol_14
nc_TCACTCGCAACTGTGT-1	epithelia.tendon_5
nc_TCACTCGGTAGGCTGA-1	neuron.chol.ciliated_20
nc_TCACTCGGTCATAACC-1	epithelia.cuticle.cp.other_1
nc_TCACTCGGTGTTTCTT-1	epithelia.cuticle.cp.other_1
nc_TCACTCGGTTACCGTA-1	epithelia.tendon_5
nc_TCACTCGGTTCCACAA-1	muscle.rbm24_0
nc_TCACTCGTCGGTCTAA-1	muscle.rbm24_0
nc_TCAGCAAAGGATTCCT-1	epithelia.cuticle.Osi16_2
nc_TCAGCAAAGTATAGAC-1	muscle.rbm24_0
nc_TCAGCAACAGGCGTTC-1	muscle.rbm24_0
nc_TCAGCAACAGTAACGG-1	muscle.rbm24_0
nc_TCAGCAAGTCGCCACA-1	epithelia.cuticle.Osi16_2
nc_TCAGCAAGTTAGGGAC-1	epithelia.cuticle.Osi17_4
nc_TCAGCAATCATCACTT-1	epithelia.cuticle.cp.other_1
nc_TCAGCAATCCGTATAG-1	epithelia.tendon_5
nc_TCAGCAATCTTCCCGA-1	epithelia.cuticle.cp.other_1
nc_TCAGCCTAGAGGTTTA-1	muscle.rbm24_0
nc_TCAGCCTAGCGCAATG-1	neuron.cholinergic_11
nc_TCAGCCTCACAGCTGC-1	epithelia.cuticle.Osi17_4
nc_TCAGCCTCACAGTACT-1	epithelia.cuticle.cp.soft_3
nc_TCAGCCTCACATACGT-1	muscle.rbm24_0
nc_TCAGCCTGTAATCAGA-1	glia1_8
nc_TCAGCCTGTACGGTTT-1	epithelia.olfactory.support_9
nc_TCAGCCTGTAGCTGTT-1	epithelia.cuticle.Osi16_2
nc_TCAGCCTGTATTTCCT-1	hemocyte_16
nc_TCAGCCTGTCCCGCAA-1	glia1_8
nc_TCAGCCTGTCGACGCT-1	epithelia.cuticle.cp.other_1
nc_TCAGCCTTCATCGTAG-1	neuroglioblast.castor_17
nc_TCAGCCTTCCGTGGTG-1	hemocyte_16
nc_TCAGCCTTCTATGCCC-1	epithelia.cuticle.Osi16_2
nc_TCAGCCTTCTATTTCG-1	epithelia.cuticle.cp.rigid_7
nc_TCAGCCTTCTCAATCT-1	trachea_15
nc_TCAGGGCAGACGCCCT-1	epithelia.cuticle.cp.rigid_7
nc_TCAGGGCAGCCAGACA-1	muscle.rbm24_0
nc_TCAGGGCAGTACTGGG-1	muscle.rbm24_0
nc_TCAGGGCCAATGGGTG-1	epithelia.cuticle.Osi16_2
nc_TCAGGGCCAGGTATGG-1	neuron.chol.ciliated_20
nc_TCAGGGCCATAGCACT-1	hemocyte_16
nc_TCAGGGCGTAGGAGGG-1	epithelia.cuticle.Osi17_4
nc_TCAGGGCTCGGAAGGT-1	epithelia.cuticle.cp.other_1
nc_TCAGGGCTCTGGTTGA-1	epithelia.cuticle.cp.rigid_7
nc_TCAGGTAAGACCATAA-1	muscle.rbm24_0
nc_TCAGGTAAGCAACTCT-1	muscle.rbm24_0
nc_TCAGGTAAGGGAGGTG-1	muscle.rbm24_0
nc_TCAGGTAAGGTTCCAT-1	epithelia.cuticle.cp.other_1
nc_TCAGGTAAGTTGGCTT-1	muscle.rbm24_0
nc_TCAGGTACAGGGACTA-1	epithelia.tendon_5
nc_TCAGGTACATGACTTG-1	epithelia.tendon_5
nc_TCAGGTATCCCTTTGG-1	glia1_8
nc_TCAGGTATCCTTCTGG-1	epithelia.cuticle.cp.other_1
nc_TCAGGTATCGTAGGAG-1	epithelia.cuticle.cp.soft_3
nc_TCAGGTATCTAGTGTG-1	epithelia.cuticle.cp.other_1
nc_TCAGTCCAGACTCCGC-1	glia1_8
nc_TCAGTCCAGATTACCC-1	muscle.rbm24_0
nc_TCAGTCCAGGACGGAG-1	neuroglioblast.castor_17
nc_TCAGTCCCAGGTGAGT-1	epithelia.cuticle.cp.other_1
nc_TCAGTCCCAGTGGCTC-1	fat.body_10
nc_TCAGTCCGTACAAAGT-1	epithelia.cuticle.cp.soft_3
nc_TCAGTCCTCCACTAGA-1	epithelia.cuticle.cp.soft_3
nc_TCAGTCCTCGACACCG-1	muscle.rbm24_0
nc_TCAGTCCTCGATTGAC-1	glia1_8
nc_TCAGTCCTCGCTGTCT-1	muscle.rbm24_0
nc_TCAGTCCTCTACTATC-1	epithelia.cuticle.cp.rigid_7
nc_TCAGTGAAGATGAAGG-1	epithelia.tendon_5
nc_TCAGTGAAGTATAACG-1	epithelia.tendon_5
nc_TCAGTGAAGTGGTGAC-1	epithelia.tendon_5
nc_TCAGTGAAGTGGTTAA-1	neuroglioblast.ol_14
nc_TCAGTGAAGTTCCATG-1	epithelia.cuticle.cp.other_1
nc_TCAGTGACAAGTCGTT-1	epithelia.cuticle.Osi18_6
nc_TCAGTGACATCCGATA-1	epithelia.cuticle.Osi17_4
nc_TCAGTGAGTCCAATCA-1	epithelia.cuticle.Osi16_2
nc_TCAGTGAGTCGCCACA-1	epithelia.cuticle.cp.soft_3
nc_TCAGTGATCACCTGGG-1	epithelia.cuticle.cp.other_1
nc_TCAGTGATCTGTCCGT-1	muscle.rbm24_0
nc_TCAGTTTAGCAGGGAG-1	epithelia.cuticle.Osi16_2
nc_TCAGTTTAGCTGCCTG-1	neuron.cholinergic_11
nc_TCAGTTTCAAATGAGT-1	epithelia.cuticle.Osi14_12
nc_TCAGTTTCACAGACGA-1	neuroglioblast.castor_17
nc_TCAGTTTCACAGAGAC-1	epithelia.cuticle.Osi16_2
nc_TCAGTTTCATATCTCT-1	epithelia.cuticle.cp.other_1
nc_TCAGTTTCATCACAGT-1	muscle.rbm24_0
nc_TCAGTTTGTACGGCAA-1	neuroglioblast.castor_17
nc_TCAGTTTGTATTGAGA-1	epithelia.cuticle.cp.other_1
nc_TCAGTTTGTCCATAGT-1	epithelia.cuticle.cp.other_1
nc_TCAGTTTGTCTGTGCG-1	epithelia.tendon_5
nc_TCAGTTTGTGCTAGCC-1	muscle.rbm24_0
nc_TCAGTTTGTGGTCTGC-1	epithelia.olfactory.support_9
nc_TCAGTTTGTTGCAACT-1	muscle.rbm24_0
nc_TCAGTTTTCAGACCCG-1	fat.body_10
nc_TCAGTTTTCCAGTTCC-1	glia1_8
nc_TCAGTTTTCCTACACC-1	neuroglioblast.castor_17
nc_TCAGTTTTCTCCGAAA-1	epithelia.cuticle.cp.soft_3
nc_TCATACTAGCCAACCC-1	muscle.rbm24_0
nc_TCATACTTCAACACCA-1	epithelia.cuticle.Osi14_12
nc_TCATACTTCACAAGAA-1	epithelia.cuticle.Osi16_2
nc_TCATACTTCGGTCACG-1	neuroglioblast.castor_17
nc_TCATACTTCGGTCTAA-1	epithelia.cuticle.cp.soft_3
nc_TCATACTTCTACACTT-1	muscle.rbm24_0
nc_TCATATCAGTACAACA-1	trachea_15
nc_TCATATCAGTGAACAT-1	epithelia.cuticle.Osi17_4
nc_TCATATCGTACTCGTA-1	epithelia.tendon_5
nc_TCATATCGTCCCTGTT-1	epithelia.cuticle.Osi17_4
nc_TCATATCGTGATTCAC-1	muscle.rbm24_0
nc_TCATATCGTTGGGCCT-1	trachea_15
nc_TCATATCTCACCTCTG-1	muscle.rbm24_0
nc_TCATATCTCACTTTGT-1	epithelia.cuticle.cp.other_1
nc_TCATATCTCGAACTCA-1	epithelia.cuticle.Osi17_4
nc_TCATCATAGAGCCCAA-1	muscle.rbm24_0
nc_TCATCATAGGGTTTCT-1	epithelia.cuticle.cp.soft_3
nc_TCATCATAGTATAACG-1	epithelia.cuticle.cp.other_1
nc_TCATCATCAATGTTGC-1	epithelia.cuticle.cp.soft_3
nc_TCATCATCAGAACCGA-1	epithelia.cuticle.Osi16_2
nc_TCATCATGTCTTCAAG-1	trachea_15
nc_TCATCATGTGCTCGTG-1	epithelia.tendon_5
nc_TCATCATGTGTACATC-1	gland.corpora-allata_22
nc_TCATCATTCACGTCCT-1	epithelia.cuticle.Osi16_2
nc_TCATCATTCATCACAG-1	epithelia.cuticle.cp.other_1
nc_TCATCATTCCTACCAC-1	epithelia.cuticle.Osi18_6
nc_TCATCCGAGACCTCCG-1	trachea_15
nc_TCATCCGAGAGCTTTC-1	epithelia.cuticle.cp.other_1
nc_TCATCCGAGTATCCTG-1	epithelia.cuticle.cp.other_1
nc_TCATCCGCAAACTGCT-1	muscle.tup_19
nc_TCATCCGCAGAAGTTA-1	epithelia.cuticle.Osi16_2
nc_TCATCCGCAGCCGTCA-1	neuron.chol.ciliated_20
nc_TCATCCGCAGTTACCA-1	epithelia.cuticle.Osi16_2
nc_TCATCCGCATCTGGGC-1	muscle.rbm24_0
nc_TCATCCGGTATCGCTA-1	epithelia.cuticle.cp.rigid_7
nc_TCATCCGGTGTGTTTG-1	epithelia.cuticle.Osi16_2
nc_TCATCCGTCCGTGGGT-1	epithelia.tendon_5
nc_TCATCCGTCGTTATCT-1	epithelia.cuticle.Osi16_2
nc_TCATCCGTCTAGGCCG-1	epithelia.cuticle.Osi14_12
nc_TCATGAGAGCGTGTTT-1	epithelia.cuticle.Osi14_12
nc_TCATGAGAGGCCTTGC-1	glia1_8
nc_TCATGAGAGGTTGTTC-1	epithelia.olfactory.support_9
nc_TCATGAGAGTCACTAC-1	muscle.rbm24_0
nc_TCATGAGCAGGTGTTT-1	epithelia.cuticle.cp.soft_3
nc_TCATGAGCATTGACCA-1	epithelia.cuticle.cp.soft_3
nc_TCATGAGGTAGTACGG-1	trachea_15
nc_TCATGAGGTCTACTGA-1	epithelia.tendon_5
nc_TCATGAGGTGTTGATC-1	muscle.rbm24_0
nc_TCATGAGGTTCCGGTG-1	muscle.rbm24_0
nc_TCATGAGTCACCATGA-1	fat.body_10
nc_TCATGAGTCATCGGGC-1	muscle.rbm24_0
nc_TCATGCCAGCACGGAT-1	epithelia.olfactory.support_9
nc_TCATGCCAGCTGTTAC-1	neuron.cholinergic_11
nc_TCATGCCAGTTTCTTC-1	epithelia.cuticle.cp.soft_3
nc_TCATGCCCAAATTAGG-1	trachea_15
nc_TCATGCCCACGACGCT-1	epithelia.cuticle.Osi16_2
nc_TCATGCCCATGGAATA-1	epithelia.cuticle.cp.rigid_7
nc_TCATGCCGTAGGACCA-1	epithelia.cuticle.Osi16_2
nc_TCATGCCGTGTCGATT-1	epithelia.cuticle.Osi14_12
nc_TCATGCCTCTCGAACA-1	epithelia.cuticle.Osi17_4
nc_TCATGGAAGAACCGCA-1	neuroglioblast.castor_17
nc_TCATGGAAGCGCCATC-1	epithelia.cuticle.Osi16_2
nc_TCATGGAAGCGTCTCG-1	epithelia.cuticle.Osi16_2
nc_TCATGGAAGTATGATG-1	epithelia.cuticle.cp.soft_3
nc_TCATGGACACAAGTTC-1	epithelia.olfactory.support_9
nc_TCATGGAGTATGCTAC-1	epithelia.cuticle.Osi16_2
nc_TCATGGAGTCGTGCCA-1	muscle.rbm24_0
nc_TCATGGAGTGGCCACT-1	epithelia.cuticle.Osi18_6
nc_TCATGGATCGTAGGGA-1	epithelia.cuticle.cp.rigid_7
nc_TCATGTTAGACGAAGA-1	epithelia.cuticle.Osi17_4
nc_TCATGTTAGATTGGGC-1	epithelia.cuticle.Osi16_2
nc_TCATGTTAGCAGAAAG-1	epithelia.olfactory.support_9
nc_TCATGTTAGCGCAATG-1	trachea_15
nc_TCATGTTAGGTTATAG-1	epithelia.cuticle.cp.other_1
nc_TCATGTTAGTGACCTT-1	epithelia.cuticle.cp.other_1
nc_TCATGTTCACGCGCTA-1	epithelia.cuticle.cp.soft_3
nc_TCATGTTGTTGGGCCT-1	epithelia.cuticle.cp.other_1
nc_TCATGTTTCACATTGG-1	muscle.rbm24_0
nc_TCATGTTTCTATTGTC-1	epithelia.cuticle.Osi16_2
nc_TCATTACAGGTGGGTT-1	epithelia.cuticle.cp.soft_3
nc_TCATTACCAGTTAGAA-1	epithelia.cuticle.cp.other_1
nc_TCATTACCATCGTTCC-1	glia1_8
nc_TCATTACGTAAGCTCT-1	muscle.rbm24_0
nc_TCATTACGTCACCGCA-1	muscle.rbm24_0
nc_TCATTACGTCGTCTCT-1	muscle.rbm24_0
nc_TCATTACTCCAAAGGG-1	muscle.rbm24_0
nc_TCATTACTCCGGACTG-1	epithelia.cuticle.cp.other_1
nc_TCATTACTCTACCACC-1	epithelia.cuticle.biosynthesis_13
nc_TCATTACTCTTTGATC-1	epithelia.cuticle.Osi17_4
nc_TCATTCAAGTTAGTGA-1	epithelia.cuticle.Osi16_2
nc_TCATTCACAGCAAGAC-1	epithelia.tendon_5
nc_TCATTCATCTGGCCTT-1	muscle.rbm24_0
nc_TCATTCATCTTTGCTA-1	epithelia.cuticle.cp.other_1
nc_TCATTGTAGCAGCGAT-1	neuroglioblast.castor_17
nc_TCATTGTAGCGTACAG-1	epithelia.cuticle.cp.other_1
nc_TCATTGTAGGGCAGTT-1	epithelia.cuticle.cp.other_1
nc_TCATTGTCAAATACAG-1	epithelia.olfactory.support_9
nc_TCATTGTCAAATGGTA-1	epithelia.olfactory.support_9
nc_TCATTGTCAAGAAATC-1	epithelia.cuticle.cp.soft_3
nc_TCATTGTCAGAGTAAT-1	epithelia.cuticle.Osi17_4
nc_TCATTGTGTCTCACGG-1	epithelia.cuticle.cp.other_1
nc_TCATTGTGTGAGGATC-1	epithelia.cuticle.Osi18_6
nc_TCATTGTGTTACGCCG-1	epithelia.cuticle.cp.soft_3
nc_TCATTGTGTTGCATAC-1	epithelia.cuticle.cp.other_1
nc_TCATTGTTCCGTTGAA-1	muscle.rbm24_0
nc_TCATTGTTCGAACCAT-1	epithelia.tendon_5
nc_TCATTGTTCGAGTGGA-1	epithelia.cuticle.Osi18_6
nc_TCATTGTTCGTGGAAG-1	epithelia.cuticle.cp.other_1
nc_TCATTGTTCTCTGCTG-1	epithelia.cuticle.Osi16_2
nc_TCATTTGAGCCTAACT-1	epithelia.cuticle.cp.other_1
nc_TCATTTGAGCTCCGAC-1	epithelia.cuticle.Osi16_2
nc_TCATTTGAGGACGCAT-1	glia1_8
nc_TCATTTGAGGGTGAAA-1	epithelia.cuticle.cp.other_1
nc_TCATTTGAGTGCACTT-1	muscle.rbm24_0
nc_TCATTTGCACGTGTGC-1	epithelia.cuticle.Osi14_12
nc_TCATTTGCATCAACCA-1	epithelia.olfactory.support_9
nc_TCATTTGGTGTTCATG-1	muscle.rbm24_0
nc_TCATTTGGTTTAGTCG-1	epithelia.cuticle.Osi16_2
nc_TCATTTGTCACTCACC-1	trachea_15
nc_TCATTTGTCCACTAGA-1	epithelia.cuticle.Osi16_2
nc_TCATTTGTCTCATTAC-1	muscle.rbm24_0
nc_TCATTTGTCTCTAGGA-1	muscle.rbm24_0
nc_TCCACCAAGCGCTGAA-1	hemocyte_16
nc_TCCACCAAGGTGCATG-1	epithelia.cuticle.Osi17_4
nc_TCCACCAAGGTTCTAC-1	hemocyte_16
nc_TCCACCACACAATGCT-1	fat.body_10
nc_TCCACCACACAGTACT-1	muscle.rbm24_0
nc_TCCACCACAGCAGACA-1	muscle.rbm24_0
nc_TCCACCACAGCGCGTT-1	trachea_15
nc_TCCACCAGTGCATCTA-1	trachea_15
nc_TCCACCATCCGTTTCG-1	epithelia.cuticle.cp.other_1
nc_TCCACCATCTACCACC-1	muscle.rbm24_0
nc_TCCACGTAGATGACAT-1	hemocyte_16
nc_TCCACGTAGGCGAACT-1	muscle.rbm24_0
nc_TCCACGTAGTACAACA-1	muscle.rbm24_0
nc_TCCACGTCAAAGCTAA-1	muscle.rbm24_0
nc_TCCACGTCACGGTGTC-1	epithelia.cuticle.cp.soft_3
nc_TCCACGTCAGGGAATC-1	glia2_18
nc_TCCACGTCATTCTGTT-1	neuroglioblast.ol_14
nc_TCCACGTGTCGCTCGA-1	muscle.rbm24_0
nc_TCCACGTTCCAGTGTA-1	muscle.rbm24_0
nc_TCCACGTTCGGATTAC-1	epithelia.cuticle.Osi17_4
nc_TCCACGTTCTGAGGCC-1	muscle.rbm24_0
nc_TCCAGAAAGAGTCAAT-1	epithelia.cuticle.Osi16_2
nc_TCCAGAAAGCCAGAGT-1	muscle.rbm24_0
nc_TCCAGAAAGTATGGAT-1	epithelia.cuticle.cp.soft_3
nc_TCCAGAAAGTCGGCAA-1	epithelia.cuticle.cp.soft_3
nc_TCCAGAACACGGTGAA-1	epithelia.olfactory.support_9
nc_TCCAGAACACTTGTCC-1	epithelia.cuticle.cp.soft_3
nc_TCCAGAAGTATTTCCT-1	epithelia.cuticle.cp.soft_3
nc_TCCAGAAGTGGGTCAA-1	muscle.rbm24_0
nc_TCCAGAATCAATCTCT-1	epithelia.cuticle.cp.rigid_7
nc_TCCAGAATCTTTGCGC-1	epithelia.cuticle.Osi16_2
nc_TCCATCGAGACCATTC-1	epithelia.olfactory.support_9
nc_TCCATCGAGACGACGT-1	glia2_18
nc_TCCATCGCACCCTTAC-1	muscle.rbm24_0
nc_TCCATCGCACTAAACC-1	muscle.rbm24_0
nc_TCCATCGCAGGCACAA-1	epithelia.cuticle.cp.rigid_7
nc_TCCATCGCATCAGCTA-1	epithelia.tendon_5
nc_TCCATCGCATGCCATA-1	epithelia.cuticle.Osi16_2
nc_TCCATCGCATGGCACC-1	muscle.rbm24_0
nc_TCCATCGGTGCACGCT-1	epithelia.cuticle.cp.soft_3
nc_TCCATCGGTGTAGCAG-1	epithelia.cuticle.Osi18_6
nc_TCCATCGGTTAATGAG-1	epithelia.cuticle.cp.soft_3
nc_TCCATCGGTTGGTGTT-1	epithelia.cuticle.Osi18_6
nc_TCCATGCAGCAGTCTT-1	muscle.rbm24_0
nc_TCCATGCAGGAGTACC-1	muscle.rbm24_0
nc_TCCATGCCAAACTCTG-1	epithelia.cuticle.Osi16_2
nc_TCCATGCGTATGCGTT-1	epithelia.cuticle.Osi16_2
nc_TCCATGCTCCATTTAC-1	epithelia.cuticle.cp.soft_3
nc_TCCATGCTCTAACGCA-1	epithelia.cuticle.Osi14_12
nc_TCCCACACAACAACAA-1	fat.body_10
nc_TCCCACACAAGTTCGT-1	epithelia.cuticle.Osi16_2
nc_TCCCACACAATAGTAG-1	epithelia.cuticle.Osi16_2
nc_TCCCACACACGGAAGT-1	epithelia.cuticle.cp.other_1
nc_TCCCACACATAGCTGT-1	epithelia.tendon_5
nc_TCCCACACATGCCATA-1	epithelia.cuticle.Osi16_2
nc_TCCCACACATTCACAG-1	muscle.tup_19
nc_TCCCACAGTATCGTGT-1	epithelia.cuticle.biosynthesis_13
nc_TCCCACAGTATTCCGA-1	muscle.rbm24_0
nc_TCCCACATCACCTCGT-1	neuroglioblast.castor_17
nc_TCCCACATCCAAATGC-1	epithelia.cuticle.cp.soft_3
nc_TCCCACATCCTCTCGA-1	glia1_8
nc_TCCCACATCGGTGAAG-1	epithelia.cuticle.Osi16_2
nc_TCCCAGTCAAAGGGTC-1	muscle.rbm24_0
nc_TCCCAGTCAGCTAACT-1	epithelia.cuticle.cp.other_1
nc_TCCCAGTGTAGGCTGA-1	epithelia.cuticle.cp.other_1
nc_TCCCAGTGTGAAGCTG-1	trachea_15
nc_TCCCAGTGTGTAGCAG-1	hemocyte_16
nc_TCCCAGTTCTCTGGTC-1	epithelia.cuticle.Osi16_2
nc_TCCCATGAGTCATAGA-1	epithelia.cuticle.Osi16_2
nc_TCCCATGCAATGGGTG-1	epithelia.cuticle.cp.other_1
nc_TCCCATGGTACGACAG-1	epithelia.cuticle.Osi14_12
nc_TCCCATGGTCAACATC-1	epithelia.cuticle.cp.other_1
nc_TCCCATGGTCATCCGG-1	neuron.chol.ciliated_20
nc_TCCCATGGTGGAGAAA-1	muscle.rbm24_0
nc_TCCCATGTCAAGTGTC-1	fat.body_10
nc_TCCCATGTCTGCGAGC-1	epithelia.cuticle.Osi16_2
nc_TCCGAAAAGCAAATCA-1	epithelia.cuticle.Osi16_2
nc_TCCGAAAAGGTTCACT-1	epithelia.cuticle.Osi16_2
nc_TCCGAAAAGTGCTCGC-1	muscle.rbm24_0
nc_TCCGAAACAACGGCCT-1	muscle.rbm24_0
nc_TCCGAAACACTTCTCG-1	glia1_8
nc_TCCGAAACAGGCTTGC-1	epithelia.cuticle.cp.rigid_7
nc_TCCGAAACATCAGCGC-1	epithelia.tendon_5
nc_TCCGAAACATGACTCA-1	fat.body_10
nc_TCCGAAAGTGACTATC-1	epithelia.cuticle.cp.soft_3
nc_TCCGAAAGTTACCCAA-1	muscle.rbm24_0
nc_TCCGAAAGTTCGGACC-1	trachea_15
nc_TCCGAAATCCGAGCTG-1	epithelia.cuticle.cp.rigid_7
nc_TCCGATCAGTCGGCCT-1	epithelia.cuticle.cp.soft_3
nc_TCCGATCAGTTGGGAC-1	muscle.rbm24_0
nc_TCCGATCCACCTCTGT-1	muscle.rbm24_0
nc_TCCGATCGTCACGCTG-1	neuroglioblast.castor_17
nc_TCCGATCGTTTAGAGA-1	epithelia.cuticle.cp.other_1
nc_TCCGATCTCATCTACT-1	epithelia.cuticle.Osi17_4
nc_TCCGATCTCCGCACTT-1	epithelia.cuticle.cp.soft_3
nc_TCCGGGAAGCATCAAA-1	neuroglioblast.castor_17
nc_TCCGGGAAGGGTAATT-1	fat.body_10
nc_TCCGGGACAATTGGTC-1	epithelia.cuticle.Osi18_6
nc_TCCGGGACACACGGAA-1	epithelia.tendon_5
nc_TCCGGGACACCTTCCA-1	epithelia.cuticle.cp.rigid_7
nc_TCCGGGACAGCGTACC-1	epithelia.cuticle.Osi17_4
nc_TCCGGGACAGTTCACA-1	hemocyte_16
nc_TCCGGGACATGAGATA-1	fat.body_10
nc_TCCGGGAGTTGCGGCT-1	epithelia.cuticle.cp.other_1
nc_TCCGGGATCTGTCAGA-1	epithelia.cuticle.Osi14_12
nc_TCCGTGTCAAGAGCTG-1	epithelia.olfactory.support_9
nc_TCCGTGTCACAAATCC-1	epithelia.cuticle.Osi17_4
nc_TCCGTGTCAGCGGTTC-1	epithelia.tendon_5
nc_TCCGTGTCAGTAACGG-1	epithelia.cuticle.Osi18_6
nc_TCCGTGTGTACAATAG-1	muscle.rbm24_0
nc_TCCGTGTGTCAATCTG-1	muscle.rbm24_0
nc_TCCGTGTGTGTTGACT-1	epithelia.tendon_5
nc_TCCGTGTGTTGGTGTT-1	epithelia.cuticle.cp.soft_3
nc_TCCGTGTTCCCAGTGG-1	trachea_15
nc_TCCGTGTTCCGCAGTG-1	epithelia.cuticle.cp.other_1
nc_TCCGTGTTCGTAACTG-1	epithelia.olfactory.support_9
nc_TCCTAATAGTATTCCG-1	epithelia.cuticle.cp.soft_3
nc_TCCTAATCACGCAAAG-1	muscle.rbm24_0
nc_TCCTAATCAGCAGTTT-1	neuron.cholinergic_11
nc_TCCTAATCAGTGGTGA-1	epithelia.cuticle.Osi17_4
nc_TCCTAATGTACCATAC-1	epithelia.tendon_5
nc_TCCTAATGTCGCAGTC-1	glia1_8
nc_TCCTAATGTCTTACAG-1	glia2_18
nc_TCCTAATGTGTCGCTG-1	epithelia.cuticle.cp.rigid_7
nc_TCCTAATTCCACAGGC-1	epithelia.cuticle.Osi16_2
nc_TCCTAATTCGGCTCTT-1	neuroglioblast.ol_14
nc_TCCTAATTCTAAGCCA-1	epithelia.cuticle.cp.soft_3
nc_TCCTAATTCTGCTTTA-1	epithelia.cuticle.Osi16_2
nc_TCCTAATTCTTACACT-1	epithelia.tendon_5
nc_TCCTCCCAGAAGTCCG-1	epithelia.tendon_5
nc_TCCTCCCAGTATGACA-1	epithelia.cuticle.Osi17_4
nc_TCCTCCCGTAACTAAG-1	glia1_8
nc_TCCTCCCGTCACGACC-1	epithelia.olfactory.support_9
nc_TCCTCCCGTCAGGTGA-1	muscle.rbm24_0
nc_TCCTCCCGTGCAACAG-1	epithelia.tendon_5
nc_TCCTCCCTCACCCTCA-1	muscle.rbm24_0
nc_TCCTCCCTCCATGAGT-1	muscle.rbm24_0
nc_TCCTCGAAGCATCAAA-1	epithelia.cuticle.cp.other_1
nc_TCCTCGAAGTCAGGGT-1	epithelia.cuticle.cp.soft_3
nc_TCCTCGACAATATCCG-1	muscle.rbm24_0
nc_TCCTCGACACAAATAG-1	muscle.rbm24_0
nc_TCCTCGACAGCAGGAT-1	epithelia.cuticle.Osi16_2
nc_TCCTCGAGTCCAACGC-1	epithelia.cuticle.cp.soft_3
nc_TCCTCGAGTCCGGTCA-1	epithelia.tendon_5
nc_TCCTCGAGTGTTAACC-1	trachea_15
nc_TCCTCGATCAAGAAAC-1	epithelia.cuticle.biosynthesis_13
nc_TCCTCGATCGGATAAA-1	epithelia.cuticle.cp.other_1
nc_TCCTCGATCTTGGTGA-1	muscle.rbm24_0
nc_TCCTCTTAGAGCCTGA-1	epithelia.tendon_5
nc_TCCTCTTAGGCAGGTT-1	epithelia.olfactory.support_9
nc_TCCTCTTCAAATCGTC-1	neuron.chol.ciliated_20
nc_TCCTCTTCAACGATTC-1	epithelia.cuticle.cp.other_1
nc_TCCTCTTCAATCGAAA-1	epithelia.cuticle.Osi17_4
nc_TCCTCTTCAGCGGTCT-1	muscle.rbm24_0
nc_TCCTCTTCATAACTCG-1	epithelia.cuticle.Osi16_2
nc_TCCTCTTCATGCCATA-1	muscle.rbm24_0
nc_TCCTCTTGTCAGGTAG-1	muscle.rbm24_0
nc_TCCTCTTTCAAAGGAT-1	epithelia.cuticle.Osi16_2
nc_TCCTCTTTCCACCTGT-1	epithelia.cuticle.Osi16_2
nc_TCCTCTTTCTGCGGCA-1	epithelia.cuticle.cp.other_1
nc_TCCTCTTTCTGGGCCA-1	epithelia.cuticle.Osi16_2
nc_TCCTGCAAGGAGAATG-1	epithelia.cuticle.Osi16_2
nc_TCCTGCAAGGCTCAAG-1	neuron.cholinergic_11
nc_TCCTGCAAGGTTTACC-1	epithelia.cuticle.Osi16_2
nc_TCCTGCAAGTTTCAGC-1	epithelia.tendon_5
nc_TCCTGCACAAACTCTG-1	epithelia.cuticle.cp.other_1
nc_TCCTGCACACTTGACA-1	epithelia.cuticle.cp.other_1
nc_TCCTGCACATTGAGCT-1	neuron.cholinergic_11
nc_TCCTGCAGTATACCCA-1	fat.body_10
nc_TCCTGCAGTGTTTGCA-1	muscle.rbm24_0
nc_TCCTGCAGTTCTCACC-1	muscle.rbm24_0
nc_TCCTGCATCACTGTTT-1	muscle.rbm24_0
nc_TCCTGCATCCTAAGTG-1	epithelia.cuticle.cp.other_1
nc_TCCTGCATCGATCCCT-1	epithelia.cuticle.cp.other_1
nc_TCCTGCATCTGCGTCT-1	epithelia.cuticle.Osi16_2
nc_TCCTTCTCAACAGCCC-1	muscle.rbm24_0
nc_TCCTTCTCATAGGAGC-1	fat.body_10
nc_TCCTTCTGTAGACAGC-1	epithelia.cuticle.Osi16_2
nc_TCCTTCTGTATACGGG-1	muscle.rbm24_0
nc_TCCTTCTGTGGTAATA-1	epithelia.cuticle.cp.soft_3
nc_TCCTTCTGTTGTGTTG-1	secretory-ECM_21
nc_TCCTTCTGTTTCGATG-1	epithelia.cuticle.cp.soft_3
nc_TCCTTCTTCACTCCGT-1	muscle.rbm24_0
nc_TCCTTCTTCCTACTGC-1	epithelia.cuticle.Osi18_6
nc_TCCTTCTTCGTTGTGA-1	epithelia.cuticle.cp.other_1
nc_TCCTTCTTCTAACGCA-1	muscle.rbm24_0
nc_TCCTTTCCACCCTATC-1	epithelia.cuticle.cp.soft_3
nc_TCCTTTCCACGTAACT-1	muscle.rbm24_0
nc_TCCTTTCCATTAGGCT-1	glia2_18
nc_TCCTTTCGTAATTAGG-1	epithelia.cuticle.cp.rigid_7
nc_TCCTTTCGTAGCTTGT-1	muscle.rbm24_0
nc_TCCTTTCGTATAGGAT-1	epithelia.cuticle.cp.other_1
nc_TCCTTTCGTCTAGGCC-1	muscle.rbm24_0
nc_TCCTTTCGTGGGCTCT-1	muscle.rbm24_0
nc_TCCTTTCTCCACACCT-1	epithelia.tendon_5
nc_TCCTTTCTCGCCGAAC-1	epithelia.tendon_5
nc_TCCTTTCTCTCGGGAC-1	epithelia.olfactory.support_9
nc_TCCTTTCTCTGACGCG-1	epithelia.cuticle.cp.other_1
nc_TCGAACAAGATCACCT-1	muscle.rbm24_0
nc_TCGAACAAGCCATATC-1	epithelia.cuticle.cp.soft_3
nc_TCGAACAAGCTACAAA-1	epithelia.cuticle.Osi14_12
nc_TCGAACAAGGCAGCTA-1	gland.corpora-allata_22
nc_TCGAACACAAACCACT-1	neuroglioblast.castor_17
nc_TCGAACACAGCCTTCT-1	muscle.rbm24_0
nc_TCGAACACATACACCA-1	epithelia.cuticle.Osi17_4
nc_TCGAACACATAGGTAA-1	hemocyte_16
nc_TCGAACAGTAAGCTCT-1	neuron.cholinergic_11
nc_TCGAACAGTAGGACCA-1	epithelia.cuticle.biosynthesis_13
nc_TCGAACAGTCATACCA-1	neuroglioblast.ol_14
nc_TCGAACAGTGAATGTA-1	hemocyte_16
nc_TCGAACAGTTAACCTG-1	epithelia.cuticle.cp.rigid_7
nc_TCGAACATCTTGTGCC-1	epithelia.cuticle.cp.soft_3
nc_TCGAAGTAGCTTGTGT-1	glia1_8
nc_TCGAAGTCACAGTATC-1	epithelia.cuticle.Osi16_2
nc_TCGAAGTCATTCACAG-1	epithelia.cuticle.cp.other_1
nc_TCGAAGTGTATGCGGA-1	epithelia.cuticle.Osi18_6
nc_TCGAAGTGTCAGGCAA-1	epithelia.tendon_5
nc_TCGAAGTGTCCAAGAG-1	epithelia.tendon_5
nc_TCGAAGTGTCCCAAAT-1	epithelia.cuticle.Osi16_2
nc_TCGAAGTGTCTCTCCA-1	epithelia.cuticle.Osi14_12
nc_TCGAAGTTCGTTCATT-1	epithelia.cuticle.Osi18_6
nc_TCGACCTAGCGTATGG-1	muscle.rbm24_0
nc_TCGACCTAGGCCTAGA-1	fat.body_10
nc_TCGACCTAGGTAGACC-1	hemocyte_16
nc_TCGACCTAGGTTGACG-1	muscle.rbm24_0
nc_TCGACCTCAAACACCT-1	hemocyte_16
nc_TCGACCTCAAACCGGA-1	fat.body_10
nc_TCGACCTCAAGTGTCT-1	muscle.rbm24_0
nc_TCGACCTCAGGAGGTT-1	muscle.rbm24_0
nc_TCGACCTGTCTATGAC-1	hemocyte_16
nc_TCGACCTTCTTACCGC-1	epithelia.cuticle.Osi17_4
nc_TCGACGGAGAAGTGTT-1	epithelia.cuticle.biosynthesis_13
nc_TCGACGGAGCAAACAT-1	muscle.rbm24_0
nc_TCGACGGAGGAATGTT-1	neuron.cholinergic_11
nc_TCGACGGAGGAGTACC-1	epithelia.cuticle.cp.soft_3
nc_TCGACGGAGGTTACCT-1	epithelia.cuticle.Osi17_4
nc_TCGACGGAGTTGCCCG-1	epithelia.cuticle.cp.other_1
nc_TCGACGGCAAGTGGGT-1	epithelia.cuticle.Osi14_12
nc_TCGACGGCACAAACGG-1	epithelia.cuticle.cp.soft_3
nc_TCGACGGGTCTGATAC-1	epithelia.olfactory.support_9
nc_TCGACGGGTCTGCATA-1	epithelia.cuticle.cp.other_1
nc_TCGACGGTCCACACCT-1	muscle.rbm24_0
nc_TCGACGGTCGTCACCT-1	epithelia.cuticle.cp.soft_3
nc_TCGACGGTCTCGGCTT-1	muscle.rbm24_0
nc_TCGATTTAGCAGTACG-1	epithelia.cuticle.cp.soft_3
nc_TCGATTTAGGAAACGA-1	epithelia.cuticle.cp.other_1
nc_TCGATTTAGGAGACCT-1	muscle.rbm24_0
nc_TCGATTTAGGCGCTCT-1	epithelia.tendon_5
nc_TCGATTTAGTGTTCAC-1	epithelia.cuticle.Osi17_4
nc_TCGATTTCAGATCATC-1	neuron.cholinergic_11
nc_TCGATTTCATGACAGG-1	epithelia.cuticle.cp.other_1
nc_TCGATTTCATGGATCT-1	muscle.rbm24_0
nc_TCGATTTGTCGTTTCC-1	muscle.rbm24_0
nc_TCGATTTGTGGACTAG-1	epithelia.cuticle.Osi17_4
nc_TCGATTTTCCCGGTAG-1	epithelia.olfactory.support_9
nc_TCGATTTTCTGGACTA-1	trachea_15
nc_TCGCACTAGCCTGACC-1	epithelia.cuticle.Osi14_12
nc_TCGCACTAGTCGGGAT-1	epithelia.cuticle.cp.other_1
nc_TCGCACTCAACGATCT-1	epithelia.cuticle.Osi16_2
nc_TCGCACTCAAGATGTA-1	epithelia.cuticle.Osi17_4
nc_TCGCACTCACAAGTTC-1	epithelia.cuticle.cp.soft_3
nc_TCGCACTCACCAGACC-1	epithelia.olfactory.support_9
nc_TCGCACTCAGGTTACT-1	hemocyte_16
nc_TCGCACTGTCGCGTTG-1	epithelia.tendon_5
nc_TCGCACTGTTCGGTTA-1	muscle.rbm24_0
nc_TCGCACTGTTGTGGAG-1	epithelia.cuticle.Osi16_2
nc_TCGCACTGTTTGGAGG-1	muscle.rbm24_0
nc_TCGCACTTCAATCTTC-1	muscle.rbm24_0
nc_TCGCACTTCCCGAGAC-1	epithelia.cuticle.Osi16_2
nc_TCGCACTTCTCCCTAG-1	epithelia.cuticle.cp.other_1
nc_TCGCACTTCTCCTGCA-1	trachea_15
nc_TCGCACTTCTCGAACA-1	epithelia.cuticle.cp.soft_3
nc_TCGCACTTCTGGCCGA-1	epithelia.cuticle.Osi18_6
nc_TCGCAGGAGAATAACC-1	epithelia.cuticle.cp.other_1
nc_TCGCAGGAGACGCTCC-1	glia1_8
nc_TCGCAGGAGCGACTAG-1	epithelia.cuticle.Osi16_2
nc_TCGCAGGAGTTACGAA-1	muscle.rbm24_0
nc_TCGCAGGAGTTTCGAC-1	epithelia.cuticle.cp.other_1
nc_TCGCAGGCAAGAGCTG-1	hemocyte_16
nc_TCGCAGGCATGAAGGC-1	epithelia.cuticle.Osi16_2
nc_TCGCAGGCATGACTGT-1	epithelia.cuticle.cp.rigid_7
nc_TCGCAGGGTTACGCCG-1	epithelia.cuticle.cp.other_1
nc_TCGCAGGTCATACAGC-1	muscle.rbm24_0
nc_TCGCAGGTCTTCGGTC-1	muscle.rbm24_0
nc_TCGCTCAAGGTGCCTC-1	trachea_15
nc_TCGCTCAAGTCGGCCT-1	epithelia.cuticle.Osi18_6
nc_TCGCTCACACAGAGCA-1	epithelia.cuticle.Osi17_4
nc_TCGCTCACACAGTGTT-1	muscle.rbm24_0
nc_TCGCTCAGTATGGAGC-1	epithelia.cuticle.cp.other_1
nc_TCGCTCAGTCACAGTT-1	epithelia.cuticle.Osi14_12
nc_TCGCTCAGTGCCTGAC-1	epithelia.cuticle.cp.other_1
nc_TCGCTCAGTTCCTAGA-1	epithelia.cuticle.Osi17_4
nc_TCGCTCATCACTCCGT-1	trachea_15
nc_TCGCTCATCAGACCGC-1	epithelia.cuticle.Osi18_6
nc_TCGCTCATCATTGCCC-1	epithelia.cuticle.Osi14_12
nc_TCGCTCATCCTCAGGG-1	hemocyte_16
nc_TCGCTCATCGTCGCTT-1	epithelia.cuticle.Osi16_2
nc_TCGCTCATCTATACGG-1	muscle.rbm24_0
nc_TCGCTCATCTTGGTGA-1	epithelia.cuticle.Osi16_2
nc_TCGCTTGAGAGGCTGT-1	epithelia.tendon_5
nc_TCGCTTGAGGCCTGAA-1	muscle.rbm24_0
nc_TCGCTTGAGGTGAGAA-1	trachea_15
nc_TCGCTTGAGTGGTTAA-1	muscle.rbm24_0
nc_TCGCTTGCAACGCCCA-1	epithelia.cuticle.Osi17_4
nc_TCGCTTGCAATACGCT-1	epithelia.cuticle.cp.soft_3
nc_TCGCTTGCACATATGC-1	epithelia.cuticle.cp.soft_3
nc_TCGCTTGCAGATACCT-1	epithelia.cuticle.cp.other_1
nc_TCGCTTGCATTGTAGC-1	epithelia.cuticle.cp.soft_3
nc_TCGCTTGGTCAAGCGA-1	epithelia.cuticle.cp.soft_3
nc_TCGCTTGGTTAAGGAT-1	epithelia.cuticle.Osi16_2
nc_TCGCTTGTCAATCCAG-1	muscle.rbm24_0
nc_TCGCTTGTCTATACTC-1	muscle.rbm24_0
nc_TCGCTTGTCTCGCTCA-1	muscle.rbm24_0
nc_TCGCTTGTCTGGGATT-1	epithelia.cuticle.cp.rigid_7
nc_TCGGATAAGGAGTACC-1	neuron.cholinergic_11
nc_TCGGATAAGTCAAGCG-1	epithelia.cuticle.cp.other_1
nc_TCGGATAGTCCGGTGT-1	epithelia.tendon_5
nc_TCGGATAGTGGCTGAA-1	epithelia.cuticle.cp.soft_3
nc_TCGGATAGTTCGGTTA-1	epithelia.cuticle.cp.other_1
nc_TCGGATATCATCTATC-1	epithelia.tendon_5
nc_TCGGATATCCTTCTGG-1	epithelia.cuticle.Osi17_4
nc_TCGGATATCGGCTTGG-1	epithelia.tendon_5
nc_TCGGATATCGTTCCCA-1	epithelia.cuticle.Osi18_6
nc_TCGGGACAGTCATTGC-1	muscle.rbm24_0
nc_TCGGGACCACCAACAT-1	epithelia.cuticle.Osi16_2
nc_TCGGGACCAGACCATT-1	epithelia.cuticle.Osi16_2
nc_TCGGGACCAGGCAATG-1	epithelia.cuticle.Osi16_2
nc_TCGGGACCATACAGCT-1	neuron.cholinergic_11
nc_TCGGGACCATCCAATG-1	epithelia.tendon_5
nc_TCGGGACGTAACTGCT-1	fat.body_10
nc_TCGGGACGTAGCTGCC-1	epithelia.cuticle.Osi16_2
nc_TCGGGACGTGTATCCA-1	epithelia.olfactory.support_9
nc_TCGGGACTCTACACAG-1	muscle.rbm24_0
nc_TCGGGACTCTGAGGCC-1	hemocyte_16
nc_TCGGGCAAGACCGCCT-1	muscle.rbm24_0
nc_TCGGGCAAGACGCTCC-1	muscle.rbm24_0
nc_TCGGGCAAGCCGAACA-1	epithelia.cuticle.cp.other_1
nc_TCGGGCAAGCTCGGCT-1	epithelia.cuticle.Osi16_2
nc_TCGGGCAAGGCTGGAT-1	muscle.rbm24_0
nc_TCGGGCACAATAAGGT-1	glia1_8
nc_TCGGGCACAGGATCTT-1	muscle.rbm24_0
nc_TCGGGCAGTTGAGAGC-1	neuron.cholinergic_11
nc_TCGGGCATCATCGCAA-1	epithelia.cuticle.cp.other_1
nc_TCGGGTGAGACAGTCG-1	epithelia.tendon_5
nc_TCGGGTGAGCAGTACG-1	muscle.rbm24_0
nc_TCGGGTGCAGCGTGCT-1	muscle.rbm24_0
nc_TCGGGTGGTGATACCT-1	epithelia.cuticle.cp.other_1
nc_TCGGGTGTCACCGGTG-1	gland.corpora-allata_22
nc_TCGGGTGTCCTTGGAA-1	epithelia.cuticle.cp.other_1
nc_TCGGGTGTCGGCTTGG-1	glia1_8
nc_TCGGGTGTCTGCTGAA-1	epithelia.olfactory.support_9
nc_TCGGTCTAGGTACAAT-1	epithelia.cuticle.cp.soft_3
nc_TCGGTCTAGGTTCTAC-1	epithelia.tendon_5
nc_TCGGTCTAGTATGATG-1	muscle.rbm24_0
nc_TCGGTCTCACGTCGGT-1	trachea_15
nc_TCGGTCTCACTAGTAC-1	trachea_15
nc_TCGGTCTCACTGGCCA-1	muscle.tup_19
nc_TCGGTCTCAGCAGTAG-1	muscle.tup_19
nc_TCGGTCTCAGGTATGG-1	epithelia.cuticle.Osi16_2
nc_TCGGTCTCAGTGCGCT-1	epithelia.cuticle.Osi16_2
nc_TCGGTCTCATTAAAGG-1	epithelia.cuticle.Osi16_2
nc_TCGGTCTGTGCAATAA-1	epithelia.cuticle.cp.other_1
nc_TCGGTCTGTGGCTACC-1	muscle.rbm24_0
nc_TCGGTCTGTTCCTTGC-1	epithelia.cuticle.Osi17_4
nc_TCGTAGAAGACGAGCT-1	hemocyte_16
nc_TCGTAGAAGCCAGTAG-1	epithelia.cuticle.cp.soft_3
nc_TCGTAGAAGGCTATCT-1	epithelia.cuticle.cp.soft_3
nc_TCGTAGACAAACGTGG-1	neuron.cholinergic_11
nc_TCGTAGACAGTAACGG-1	epithelia.cuticle.cp.other_1
nc_TCGTAGACATACTGTG-1	epithelia.cuticle.Osi17_4
nc_TCGTAGAGTAACACCT-1	neuroglioblast.castor_17
nc_TCGTAGAGTCTCTCAC-1	muscle.rbm24_0
nc_TCGTAGAGTGACCTGC-1	epithelia.cuticle.Osi16_2
nc_TCGTAGAGTGTTGCCG-1	muscle.rbm24_0
nc_TCGTAGAGTTGCTTGA-1	muscle.rbm24_0
nc_TCGTAGATCGTGGCGT-1	epithelia.cuticle.Osi14_12
nc_TCGTAGATCTGAGCAT-1	epithelia.cuticle.cp.other_1
nc_TCGTCCAAGCTGACCC-1	muscle.rbm24_0
nc_TCGTCCACAAGCGAGT-1	epithelia.cuticle.cp.soft_3
nc_TCGTCCAGTCACATTG-1	epithelia.cuticle.Osi17_4
nc_TCGTCCAGTGGAGAAA-1	muscle.rbm24_0
nc_TCGTCCATCACTGTTT-1	epithelia.cuticle.Osi16_2
nc_TCGTCCATCATCACCC-1	muscle.rbm24_0
nc_TCGTCCATCATGGAGG-1	epithelia.cuticle.Osi16_2
nc_TCGTCCATCCCGTAAA-1	muscle.rbm24_0
nc_TCGTCCATCGATGCTA-1	muscle.rbm24_0
nc_TCGTCCATCGGTGCAC-1	muscle.rbm24_0
nc_TCGTCCATCTAGTGTG-1	epithelia.cuticle.cp.other_1
nc_TCGTGCTCACTTGAGT-1	epithelia.cuticle.Osi18_6
nc_TCGTGCTCATAGAATG-1	epithelia.cuticle.biosynthesis_13
nc_TCGTGCTCATCATGAC-1	epithelia.cuticle.Osi18_6
nc_TCGTGCTGTTCACCGG-1	epithelia.olfactory.support_9
nc_TCGTGCTTCGATACTG-1	epithelia.cuticle.cp.rigid_7
nc_TCGTGGGCAGCCCAGT-1	epithelia.cuticle.cp.rigid_7
nc_TCGTGGGCAGCGGTTC-1	epithelia.cuticle.cp.rigid_7
nc_TCGTGGGCAGGACTTT-1	epithelia.cuticle.Osi17_4
nc_TCGTGGGGTACCCGCA-1	epithelia.cuticle.cp.soft_3
nc_TCGTGGGGTCGGATTT-1	epithelia.cuticle.Osi18_6
nc_TCGTGGGGTCTTACAG-1	epithelia.cuticle.cp.other_1
nc_TCGTGGGGTGCATCTA-1	epithelia.olfactory.support_9
nc_TCGTGGGGTTATTCTC-1	epithelia.cuticle.Osi17_4
nc_TCGTGGGTCAAACTGC-1	epithelia.cuticle.Osi17_4
nc_TCGTGGGTCACTCACC-1	epithelia.cuticle.cp.rigid_7
nc_TCGTGGGTCATCGTAG-1	epithelia.cuticle.cp.other_1
nc_TCGTGGGTCCGCATAA-1	epithelia.cuticle.Osi17_4
nc_TCGTGGGTCGGCTGAC-1	muscle.rbm24_0
nc_TCTAACTAGACAGTCG-1	epithelia.cuticle.Osi16_2
nc_TCTAACTAGACCTCAT-1	fat.body_10
nc_TCTAACTCAACTGCTA-1	muscle.rbm24_0
nc_TCTAACTCAAGCGATG-1	epithelia.cuticle.cp.other_1
nc_TCTAACTCAAGTTCGT-1	muscle.rbm24_0
nc_TCTAACTCACCCTGTT-1	epithelia.cuticle.Osi16_2
nc_TCTAACTCAGGAGGTT-1	epithelia.cuticle.cp.soft_3
nc_TCTAACTGTATGCGTT-1	muscle.rbm24_0
nc_TCTAACTGTGCTGCAC-1	epithelia.cuticle.cp.soft_3
nc_TCTAACTGTGCTGTCG-1	epithelia.cuticle.cp.soft_3
nc_TCTAACTTCGAGAATA-1	epithelia.cuticle.Osi17_4
nc_TCTACATAGGGCAGGA-1	muscle.rbm24_0
nc_TCTACATGTGGTCTGC-1	muscle.rbm24_0
nc_TCTACATGTTGGAGAC-1	epithelia.cuticle.cp.other_1
nc_TCTACATTCATTTCGT-1	muscle.rbm24_0
nc_TCTACATTCTTCCTAA-1	muscle.rbm24_0
nc_TCTACCGAGGTCCCGT-1	muscle.rbm24_0
nc_TCTACCGAGTACAACA-1	epithelia.cuticle.cp.soft_3
nc_TCTACCGCAAGTTCCA-1	epithelia.cuticle.cp.soft_3
nc_TCTACCGCACGCGGTT-1	muscle.rbm24_0
nc_TCTACCGCATGAAGCG-1	muscle.rbm24_0
nc_TCTACCGGTGTAGTGG-1	muscle.rbm24_0
nc_TCTACCGTCAATCTTC-1	epithelia.cuticle.Osi16_2
nc_TCTACCGTCCGGTAAT-1	trachea_15
nc_TCTACCGTCCTAAGTG-1	epithelia.olfactory.support_9
nc_TCTATACAGGATCATA-1	muscle.rbm24_0
nc_TCTATACAGGGATGTC-1	muscle.rbm24_0
nc_TCTATACAGGTCTGGA-1	epithelia.cuticle.Osi16_2
nc_TCTATACCAACGTTAC-1	epithelia.cuticle.Osi16_2
nc_TCTATACCACAAACGG-1	epithelia.cuticle.cp.other_1
nc_TCTATACCAGAGGGTT-1	epithelia.cuticle.cp.soft_3
nc_TCTATACCATCACGGC-1	muscle.rbm24_0
nc_TCTATACCATCCAACA-1	epithelia.cuticle.cp.other_1
nc_TCTATACGTAACTGCT-1	epithelia.cuticle.cp.other_1
nc_TCTATACGTTAGGCCC-1	muscle.rbm24_0
nc_TCTATACGTTGTCATG-1	muscle.rbm24_0
nc_TCTATACGTTGTGCAT-1	epithelia.cuticle.Osi17_4
nc_TCTATACTCCAATCCC-1	muscle.rbm24_0
nc_TCTATACTCTTGGGCG-1	epithelia.cuticle.cp.other_1
nc_TCTATCAAGCCTCGTG-1	epithelia.tendon_5
nc_TCTATCAAGTCTGCAT-1	trachea_15
nc_TCTATCACAAGATGGC-1	trachea_15
nc_TCTATCACACCCGTAG-1	muscle.rbm24_0
nc_TCTATCACAGAATCGG-1	hemocyte_16
nc_TCTATCAGTAACAGTA-1	epithelia.cuticle.Osi16_2
nc_TCTATCAGTAAGGAGA-1	epithelia.cuticle.Osi16_2
nc_TCTATCAGTCCCACGA-1	epithelia.cuticle.cp.soft_3
nc_TCTATCAGTCGTACTA-1	epithelia.cuticle.cp.soft_3
nc_TCTATCAGTCGTATGT-1	epithelia.tendon_5
nc_TCTATCATCAAGCTTG-1	muscle.rbm24_0
nc_TCTATCATCCACGTAA-1	muscle.rbm24_0
nc_TCTATCATCCGCTAGG-1	muscle.rbm24_0
nc_TCTCACGAGCGAGTCA-1	epithelia.cuticle.cp.other_1
nc_TCTCACGAGCTCATAC-1	muscle.rbm24_0
nc_TCTCACGAGTCGAAAT-1	epithelia.cuticle.cp.other_1
nc_TCTCACGCAAACTAGA-1	muscle.rbm24_0
nc_TCTCACGCAAAGGCAC-1	epithelia.cuticle.Osi17_4
nc_TCTCACGCACAATGCT-1	epithelia.cuticle.Osi14_12
nc_TCTCACGCACGGTGTC-1	epithelia.tendon_5
nc_TCTCACGCATTCCTCG-1	epithelia.cuticle.Osi18_6
nc_TCTCACGGTAAGCAAT-1	glia1_8
nc_TCTCACGGTACTGCGC-1	epithelia.olfactory.support_9
nc_TCTCACGGTATCTTCT-1	epithelia.cuticle.cp.other_1
nc_TCTCACGGTCATACCA-1	epithelia.cuticle.cp.other_1
nc_TCTCACGGTGGTACAG-1	epithelia.cuticle.Osi16_2
nc_TCTCACGTCGACGTCG-1	muscle.rbm24_0
nc_TCTCAGCAGATCCTAC-1	epithelia.cuticle.cp.other_1
nc_TCTCAGCCACATTCGA-1	glia1_8
nc_TCTCAGCCAGGTCAGA-1	muscle.rbm24_0
nc_TCTCAGCGTAATGCGG-1	glia2_18
nc_TCTCAGCGTCAGACGA-1	muscle.rbm24_0
nc_TCTCAGCGTGACCTGC-1	epithelia.cuticle.cp.other_1
nc_TCTCAGCGTGCAACAG-1	epithelia.cuticle.Osi14_12
nc_TCTCAGCTCAGTGCGC-1	epithelia.cuticle.Osi16_2
nc_TCTCAGCTCCTTGGAA-1	epithelia.cuticle.cp.soft_3
nc_TCTCAGCTCGCGCTGA-1	epithelia.cuticle.Osi16_2
nc_TCTCAGCTCGGAGCAA-1	epithelia.tendon_5
nc_TCTCAGCTCTATGCCC-1	epithelia.cuticle.cp.soft_3
nc_TCTCCGAAGAAAGTCT-1	epithelia.cuticle.cp.other_1
nc_TCTCCGAAGAGGGTAA-1	trachea_15
nc_TCTCCGAAGTAAATGC-1	epithelia.cuticle.cp.other_1
nc_TCTCCGACAAGTGGAC-1	epithelia.cuticle.Osi16_2
nc_TCTCCGACAATCGCCG-1	epithelia.cuticle.Osi16_2
nc_TCTCCGACATCCGTGG-1	epithelia.cuticle.Osi18_6
nc_TCTCCGAGTTCTATCT-1	muscle.rbm24_0
nc_TCTCCGATCCCATAAG-1	muscle.rbm24_0
nc_TCTCCGATCTATCCAT-1	epithelia.cuticle.cp.other_1
nc_TCTCTGGAGTTGCATC-1	epithelia.cuticle.Osi17_4
nc_TCTCTGGCAAGACAAT-1	epithelia.cuticle.Osi18_6
nc_TCTCTGGCAATTGCAC-1	epithelia.cuticle.Osi16_2
nc_TCTCTGGCACGGCCAT-1	muscle.rbm24_0
nc_TCTCTGGCACTATCCC-1	epithelia.cuticle.cp.other_1
nc_TCTCTGGCATCGAGCC-1	epithelia.cuticle.biosynthesis_13
nc_TCTCTGGGTGAAGCGT-1	epithelia.cuticle.cp.other_1
nc_TCTCTGGTCAGTGTTG-1	epithelia.tendon_5
nc_TCTCTGGTCCGGGACT-1	muscle.rbm24_0
nc_TCTCTGGTCGCCATAA-1	epithelia.tendon_5
nc_TCTCTGGTCGGCTTCT-1	epithelia.tendon_5
nc_TCTGCCAAGCGATGAC-1	fat.body_10
nc_TCTGCCACAGTCTTCC-1	epithelia.cuticle.Osi18_6
nc_TCTGCCAGTCACTTAG-1	epithelia.cuticle.cp.soft_3
nc_TCTGCCAGTCGCATTA-1	epithelia.cuticle.Osi16_2
nc_TCTGCCAGTCGTTCAA-1	epithelia.cuticle.Osi14_12
nc_TCTGCCAGTCTACGTA-1	epithelia.cuticle.Osi17_4
nc_TCTGCCAGTCTCTCTG-1	epithelia.tendon_5
nc_TCTGCCATCCAAGCAT-1	epithelia.cuticle.Osi16_2
nc_TCTGCCATCCATCCGT-1	muscle.rbm24_0
nc_TCTGCCATCCTGTTAT-1	epithelia.cuticle.cp.soft_3
nc_TCTGCCATCTTAGTTC-1	epithelia.cuticle.Osi17_4
nc_TCTGGCTAGAGAGGGC-1	muscle.rbm24_0
nc_TCTGGCTAGAGTACCG-1	epithelia.cuticle.Osi17_4
nc_TCTGGCTAGCCTCAAT-1	muscle.rbm24_0
nc_TCTGGCTAGCTGCCAC-1	trachea_15
nc_TCTGGCTAGGACGCTA-1	muscle.rbm24_0
nc_TCTGGCTAGGTCCCGT-1	muscle.rbm24_0
nc_TCTGGCTCACTCATAG-1	epithelia.cuticle.Osi16_2
nc_TCTGGCTCATAGCACT-1	muscle.rbm24_0
nc_TCTGGCTCATCTTTCA-1	epithelia.cuticle.Osi17_4
nc_TCTGGCTGTACTAGCT-1	epithelia.cuticle.Osi16_2
nc_TCTGGCTGTCATCAGT-1	epithelia.cuticle.cp.other_1
nc_TCTGGCTTCGAAGAAT-1	epithelia.cuticle.biosynthesis_13
nc_TCTGTCGAGCATCCCG-1	epithelia.cuticle.Osi16_2
nc_TCTGTCGAGCCTTTGA-1	muscle.rbm24_0
nc_TCTGTCGAGGAACGCT-1	muscle.rbm24_0
nc_TCTGTCGAGGTTTGAA-1	neuron.chol.ciliated_20
nc_TCTGTCGAGTCTGTAC-1	epithelia.cuticle.cp.other_1
nc_TCTGTCGCAACACGAG-1	epithelia.cuticle.Osi18_6
nc_TCTGTCGCACGGTGAA-1	muscle.rbm24_0
nc_TCTGTCGCACTTACAG-1	epithelia.cuticle.cp.soft_3
nc_TCTGTCGCATGTTTGG-1	epithelia.cuticle.Osi16_2
nc_TCTGTCGTCCCACAGG-1	trachea_15
nc_TCTGTCGTCCTACGGG-1	epithelia.cuticle.cp.other_1
nc_TCTGTCGTCGCCATAA-1	muscle.rbm24_0
nc_TCTGTCGTCTGTCCGT-1	epithelia.cuticle.Osi14_12
nc_TCTTAGTAGACCTTTG-1	muscle.rbm24_0
nc_TCTTAGTAGACGGAAA-1	epithelia.cuticle.Osi17_4
nc_TCTTAGTAGTACCGGA-1	muscle.rbm24_0
nc_TCTTAGTCAACTGTGT-1	epithelia.tendon_5
nc_TCTTAGTCAAGCGCTC-1	epithelia.tendon_5
nc_TCTTAGTCACCTCAGG-1	epithelia.cuticle.cp.soft_3
nc_TCTTAGTCACTTCATT-1	muscle.rbm24_0
nc_TCTTAGTGTCCACAGC-1	epithelia.cuticle.cp.other_1
nc_TCTTAGTGTGCGAGTA-1	epithelia.olfactory.support_9
nc_TCTTAGTTCAACTGGT-1	muscle.rbm24_0
nc_TCTTAGTTCAAGCTTG-1	muscle.rbm24_0
nc_TCTTAGTTCAGTGCGC-1	epithelia.tendon_5
nc_TCTTAGTTCCTTCTAA-1	neuron.cholinergic_11
nc_TCTTAGTTCTTCACAT-1	glia1_8
nc_TCTTAGTTCTTGGCTC-1	epithelia.cuticle.cp.rigid_7
nc_TCTTAGTTCTTGGTCC-1	epithelia.cuticle.cp.soft_3
nc_TCTTAGTTCTTTACAC-1	epithelia.tendon_5
nc_TCTTCCTAGAGGTATT-1	fat.body_10
nc_TCTTCCTAGCATATGA-1	epithelia.cuticle.Osi16_2
nc_TCTTCCTAGCGACTTT-1	epithelia.cuticle.Osi14_12
nc_TCTTCCTAGCTTTCCC-1	epithelia.cuticle.cp.rigid_7
nc_TCTTCCTAGTACCATC-1	epithelia.cuticle.Osi16_2
nc_TCTTCCTAGTGAACAT-1	muscle.rbm24_0
nc_TCTTCCTAGTGCCCGT-1	muscle.rbm24_0
nc_TCTTCCTCACTCCCTA-1	epithelia.cuticle.cp.soft_3
nc_TCTTCCTCAGATTCGT-1	epithelia.cuticle.Osi16_2
nc_TCTTCCTCATCGGTTA-1	muscle.rbm24_0
nc_TCTTCCTGTAATGATG-1	epithelia.cuticle.cp.other_1
nc_TCTTCCTGTCGTGCCA-1	epithelia.tendon_5
nc_TCTTCCTGTTTACTGG-1	epithelia.cuticle.cp.soft_3
nc_TCTTGCGAGGTTAAAC-1	epithelia.cuticle.cp.soft_3
nc_TCTTGCGAGTTATGGA-1	glia1_8
nc_TCTTGCGCACCTGCGA-1	epithelia.tendon_5
nc_TCTTGCGCACGTACTA-1	epithelia.cuticle.Osi17_4
nc_TCTTGCGCACTGGCGT-1	epithelia.cuticle.cp.other_1
nc_TCTTGCGCACTTCCTG-1	epithelia.cuticle.Osi16_2
nc_TCTTGCGCAGGTCCCA-1	epithelia.cuticle.cp.other_1
nc_TCTTGCGCATGACTAC-1	glia2_18
nc_TCTTGCGGTACAGCGA-1	glia1_8
nc_TCTTGCGGTAGCGCTC-1	neuron.cholinergic_11
nc_TCTTGCGGTAGCTTGT-1	muscle.rbm24_0
nc_TCTTGCGGTCGGAACA-1	muscle.rbm24_0
nc_TCTTGCGTCTCTGGTC-1	epithelia.olfactory.support_9
nc_TCTTTGAAGCCATATC-1	epithelia.olfactory.support_9
nc_TCTTTGAAGCCTCACG-1	epithelia.cuticle.cp.rigid_7
nc_TCTTTGAAGCGATCGA-1	epithelia.tendon_5
nc_TCTTTGAAGTAACGTA-1	epithelia.tendon_5
nc_TCTTTGACACCGTCGA-1	epithelia.cuticle.cp.soft_3
nc_TCTTTGAGTACAGCGA-1	fat.body_10
nc_TCTTTGATCAGCGGAA-1	epithelia.cuticle.cp.rigid_7
nc_TCTTTGATCCTCACGT-1	glia1_8
nc_TCTTTGATCGGAAGGT-1	epithelia.cuticle.cp.other_1
nc_TCTTTGATCTAGCCTC-1	epithelia.cuticle.Osi17_4
nc_TGAACGTAGCAGTCTT-1	muscle.tup_19
nc_TGAACGTAGGCTGTAG-1	epithelia.cuticle.Osi18_6
nc_TGAACGTCAAATGGAT-1	epithelia.cuticle.cp.other_1
nc_TGAACGTCATCCTAAG-1	epithelia.cuticle.Osi14_12
nc_TGAACGTCATCTCCCA-1	neuroglioblast.castor_17
nc_TGAACGTGTCGTCATA-1	epithelia.cuticle.cp.soft_3
nc_TGAACGTGTCTGGTTA-1	muscle.rbm24_0
nc_TGAACGTGTTGAAGTA-1	epithelia.cuticle.Osi17_4
nc_TGAACGTTCCGAGCTG-1	epithelia.tendon_5
nc_TGAATCGAGACTGGGT-1	epithelia.cuticle.cp.other_1
nc_TGAATCGAGCCTTCTC-1	glia2_18
nc_TGAATCGAGTGTACAA-1	glia1_8
nc_TGAATCGCACACCGAC-1	epithelia.tendon_5
nc_TGAATCGCACATACGT-1	muscle.rbm24_0
nc_TGAATCGCACCGTGAC-1	epithelia.cuticle.cp.soft_3
nc_TGAATCGCAGATGCGA-1	neuroglioblast.ol_14
nc_TGAATCGCAGTTGTCA-1	epithelia.cuticle.cp.other_1
nc_TGAATCGCATGTCGTA-1	epithelia.cuticle.cp.other_1
nc_TGAATCGCATTCACAG-1	epithelia.cuticle.Osi16_2
nc_TGAATCGCATTGTCGA-1	epithelia.tendon_5
nc_TGAATCGGTAAGATCA-1	epithelia.cuticle.Osi16_2
nc_TGAATCGGTACAAGTA-1	epithelia.cuticle.cp.other_1
nc_TGAATCGGTATCGATC-1	muscle.rbm24_0
nc_TGAATCGGTCCTGAAT-1	epithelia.cuticle.Osi14_12
nc_TGAATCGTCCTTTGAT-1	muscle.rbm24_0
nc_TGAATGCAGAGTCTTC-1	epithelia.cuticle.Osi16_2
nc_TGAATGCAGGTACTGG-1	epithelia.olfactory.support_9
nc_TGAATGCAGTTCCTGA-1	epithelia.cuticle.cp.other_1
nc_TGAATGCCAACAGTGG-1	muscle.rbm24_0
nc_TGAATGCCACACCTAA-1	epithelia.olfactory.support_9
nc_TGAATGCCATGGCTAT-1	epithelia.tendon_5
nc_TGAATGCCATGGTGGA-1	trachea_15
nc_TGAATGCGTCACCACG-1	hemocyte_16
nc_TGAATGCGTCAGACGA-1	muscle.rbm24_0
nc_TGAATGCGTCCAGCCA-1	epithelia.cuticle.Osi14_12
nc_TGAATGCGTCTACTGA-1	epithelia.tendon_5
nc_TGAATGCGTCTGTCAA-1	epithelia.cuticle.Osi16_2
nc_TGAATGCGTGTCATTG-1	muscle.rbm24_0
nc_TGACAGTAGAAACCCG-1	glia1_8
nc_TGACAGTAGCCTGACC-1	glia2_18
nc_TGACAGTAGTCATGGG-1	muscle.rbm24_0
nc_TGACAGTCAGATCACT-1	neuron.chol.ciliated_20
nc_TGACAGTCATCCTTCG-1	epithelia.cuticle.cp.other_1
nc_TGACAGTGTATAGGAT-1	glia1_8
nc_TGACAGTGTGAAAGTT-1	epithelia.cuticle.Osi17_4
nc_TGACAGTTCAACTCTT-1	muscle.rbm24_0
nc_TGACAGTTCACCGCTT-1	epithelia.cuticle.Osi17_4
nc_TGACAGTTCCAAGCCG-1	glia1_8
nc_TGACAGTTCCTAGCCT-1	muscle.rbm24_0
nc_TGACAGTTCGAACCAT-1	epithelia.cuticle.Osi16_2
nc_TGACAGTTCGGCCTTT-1	epithelia.cuticle.Osi16_2
nc_TGACCCTAGACGATAT-1	epithelia.cuticle.cp.other_1
nc_TGACCCTAGAGCATCG-1	epithelia.tendon_5
nc_TGACCCTAGATCCAAA-1	epithelia.tendon_5
nc_TGACCCTAGGGCGAAG-1	gland.corpora-allata_22
nc_TGACCCTAGTTCCATG-1	epithelia.cuticle.Osi16_2
nc_TGACCCTCACGTTGGC-1	epithelia.olfactory.support_9
nc_TGACCCTCATAGAATG-1	muscle.rbm24_0
nc_TGACCCTCATCTCCCA-1	muscle.rbm24_0
nc_TGACCCTTCAAACCCA-1	neuroglioblast.ol_14
nc_TGACCCTTCGAGATAA-1	epithelia.cuticle.cp.soft_3
nc_TGACCCTTCGCTCCTA-1	muscle.rbm24_0
nc_TGACCCTTCGGCTGAC-1	muscle.rbm24_0
nc_TGACCCTTCTGGCTGG-1	epithelia.cuticle.Osi14_12
nc_TGACGCGAGGAGACCT-1	epithelia.cuticle.Osi16_2
nc_TGACGCGCAAGCGCAA-1	epithelia.cuticle.cp.soft_3
nc_TGACGCGCAGGATCTT-1	epithelia.tendon_5
nc_TGACGCGCAGTCAACT-1	epithelia.cuticle.Osi17_4
nc_TGACGCGGTAGATCCT-1	epithelia.cuticle.Osi18_6
nc_TGACGCGGTATCGAAA-1	glia1_8
nc_TGACGCGTCCACGGAC-1	epithelia.cuticle.Osi16_2
nc_TGACGCGTCTGAGGCC-1	epithelia.tendon_5
nc_TGACTCCAGAAGCCTG-1	muscle.tup_19
nc_TGACTCCAGCTCGGCT-1	epithelia.cuticle.cp.other_1
nc_TGACTCCAGTAGGAAG-1	muscle.rbm24_0
nc_TGACTCCAGTAGGCCA-1	muscle.rbm24_0
nc_TGACTCCCACTGGAAG-1	epithelia.tendon_5
nc_TGACTCCCAGAACGCA-1	epithelia.cuticle.Osi16_2
nc_TGACTCCCAGGCAATG-1	epithelia.cuticle.cp.other_1
nc_TGACTCCGTTCTGACA-1	neuron.cholinergic_11
nc_TGACTCCGTTTCTATC-1	epithelia.cuticle.cp.other_1
nc_TGACTCCTCATGAGGG-1	epithelia.olfactory.support_9
nc_TGAGACTAGCAGATAT-1	muscle.rbm24_0
nc_TGAGACTAGCCGATTT-1	muscle.rbm24_0
nc_TGAGACTCATGACTAC-1	epithelia.cuticle.biosynthesis_13
nc_TGAGACTCATTGGATC-1	epithelia.cuticle.Osi16_2
nc_TGAGACTGTGAAGCGT-1	epithelia.cuticle.Osi16_2
nc_TGAGACTTCATGGGAG-1	epithelia.cuticle.Osi16_2
nc_TGAGACTTCCGGGACT-1	epithelia.tendon_5
nc_TGAGACTTCGGAAACG-1	epithelia.olfactory.support_9
nc_TGAGACTTCTTCGTAT-1	muscle.rbm24_0
nc_TGAGCATAGCAGCCCT-1	epithelia.cuticle.Osi16_2
nc_TGAGCATAGCTTTCTT-1	epithelia.cuticle.cp.soft_3
nc_TGAGCATGTCGCGGTT-1	epithelia.tendon_5
nc_TGAGCATGTGCATGAG-1	epithelia.cuticle.Osi16_2
nc_TGAGCATTCCGGTAAT-1	epithelia.cuticle.Osi16_2
nc_TGAGCATTCGAACCAT-1	epithelia.cuticle.Osi16_2
nc_TGAGCATTCGACGCTG-1	epithelia.cuticle.Osi17_4
nc_TGAGCATTCGCATAGT-1	epithelia.olfactory.support_9
nc_TGAGCGCAGATGACCG-1	epithelia.cuticle.Osi16_2
nc_TGAGCGCAGCATATGA-1	epithelia.cuticle.cp.other_1
nc_TGAGCGCAGGGTCAAC-1	neuroglioblast.ol_14
nc_TGAGCGCCAAGAATGT-1	epithelia.olfactory.support_9
nc_TGAGCGCGTCGCATTA-1	muscle.tup_19
nc_TGAGCGCGTGCTGTCG-1	epithelia.cuticle.cp.other_1
nc_TGAGCGCGTTTACTTC-1	muscle.rbm24_0
nc_TGAGCGCTCAAAGGTA-1	muscle.rbm24_0
nc_TGAGCGCTCAGTGCGC-1	muscle.rbm24_0
nc_TGAGCGCTCGCCGAGT-1	epithelia.cuticle.Osi14_12
nc_TGAGGAGAGCAGGCTA-1	epithelia.cuticle.Osi16_2
nc_TGAGGAGAGCGCATCC-1	epithelia.cuticle.Osi14_12
nc_TGAGGAGCAACAAAGT-1	epithelia.cuticle.cp.other_1
nc_TGAGGAGCAGGACGAT-1	muscle.rbm24_0
nc_TGAGGAGGTCTAGGTT-1	muscle.rbm24_0
nc_TGAGGAGTCAGTGTCA-1	epithelia.cuticle.cp.other_1
nc_TGAGGAGTCCGAGGCT-1	neuron.cholinergic_11
nc_TGAGGAGTCTCCGTGT-1	epithelia.cuticle.Osi16_2
nc_TGAGGGAAGGGAGAAT-1	epithelia.cuticle.Osi16_2
nc_TGAGGGAAGGTTAGTA-1	glia1_8
nc_TGAGGGAAGTGCGACA-1	epithelia.cuticle.Osi17_4
nc_TGAGGGACAATTTCCT-1	epithelia.cuticle.cp.other_1
nc_TGAGGGACAGACATCT-1	muscle.rbm24_0
nc_TGAGGGAGTAATGTGA-1	epithelia.cuticle.cp.other_1
nc_TGAGGGAGTGGCGTAA-1	muscle.rbm24_0
nc_TGAGGGATCGAACACT-1	epithelia.cuticle.Osi16_2
nc_TGAGGGATCGTCAAAC-1	epithelia.olfactory.support_9
nc_TGAGGGATCGTCCTCA-1	epithelia.cuticle.Osi14_12
nc_TGAGGGATCTGGACCG-1	epithelia.cuticle.Osi16_2
nc_TGAGGTTAGGTTGTTC-1	epithelia.cuticle.cp.soft_3
nc_TGAGGTTCAGATCACT-1	fat.body_10
nc_TGAGGTTCAGCGATTT-1	epithelia.tendon_5
nc_TGAGGTTGTATGGAGC-1	epithelia.cuticle.Osi16_2
nc_TGAGGTTGTCTCAGAT-1	epithelia.tendon_5
nc_TGAGGTTGTTACGTAC-1	gland.corpora-allata_22
nc_TGAGGTTGTTGCATGT-1	epithelia.cuticle.cp.other_1
nc_TGAGTCAAGGCTCCCA-1	muscle.rbm24_0
nc_TGAGTCACAAGAATGT-1	muscle.rbm24_0
nc_TGAGTCACACCAATTG-1	muscle.rbm24_0
nc_TGAGTCACACCCTTGT-1	muscle.rbm24_0
nc_TGAGTCAGTATCTCTT-1	muscle.rbm24_0
nc_TGAGTCAGTGAGGAAA-1	epithelia.cuticle.cp.other_1
nc_TGAGTCAGTGCATTAC-1	epithelia.tendon_5
nc_TGAGTCAGTGCGAGTA-1	epithelia.cuticle.cp.soft_3
nc_TGAGTCAGTTAGAAGT-1	epithelia.cuticle.Osi16_2
nc_TGAGTCATCCACGTAA-1	epithelia.cuticle.Osi16_2
nc_TGATCAGAGAGACAAG-1	epithelia.cuticle.Osi18_6
nc_TGATCAGAGGCCCAAA-1	epithelia.cuticle.Osi16_2
nc_TGATCAGAGTCGGGAT-1	epithelia.cuticle.cp.soft_3
nc_TGATCAGGTCTCAAGT-1	hemocyte_16
nc_TGATCAGGTCTTGCTC-1	epithelia.cuticle.cp.soft_3
nc_TGATCAGTCGCCGTGA-1	epithelia.cuticle.cp.soft_3
nc_TGATCTTAGAGCAGTC-1	muscle.rbm24_0
nc_TGATCTTAGAGTCTTC-1	epithelia.cuticle.Osi17_4
nc_TGATCTTAGCGCCTCA-1	epithelia.cuticle.Osi17_4
nc_TGATCTTCACTAGAGG-1	muscle.rbm24_0
nc_TGATCTTCAGTCAGCC-1	epithelia.cuticle.cp.soft_3
nc_TGATCTTGTCCATACA-1	muscle.rbm24_0
nc_TGATCTTGTCGAAACG-1	muscle.rbm24_0
nc_TGATCTTGTCTCACAA-1	muscle.rbm24_0
nc_TGATCTTGTTCCTACC-1	epithelia.cuticle.Osi18_6
nc_TGATCTTGTTGAGGAC-1	epithelia.cuticle.Osi16_2
nc_TGATCTTTCACCCTTG-1	epithelia.cuticle.Osi16_2
nc_TGATCTTTCCCTTTGG-1	epithelia.cuticle.cp.other_1
nc_TGATCTTTCTGTCCGT-1	fat.body_10
nc_TGATGCAAGACCGCCT-1	epithelia.cuticle.cp.other_1
nc_TGATGCAAGCACAAAT-1	epithelia.tendon_5
nc_TGATGCAAGCTATCTG-1	epithelia.cuticle.Osi16_2
nc_TGATGCAAGTGAGGTC-1	muscle.rbm24_0
nc_TGATGCACAACTCGTA-1	epithelia.cuticle.cp.other_1
nc_TGATGCACACATGACT-1	epithelia.cuticle.Osi17_4
nc_TGATGCACACTAGGCC-1	muscle.rbm24_0
nc_TGATGCACAGGTAGTG-1	epithelia.cuticle.Osi16_2
nc_TGATGCAGTGGTTTAC-1	epithelia.cuticle.cp.other_1
nc_TGATGCAGTTCTATCT-1	muscle.rbm24_0
nc_TGATGCAGTTGCTCCT-1	epithelia.cuticle.cp.other_1
nc_TGATGCATCAACACGT-1	muscle.rbm24_0
nc_TGATGCATCCAGCTCT-1	epithelia.cuticle.Osi16_2
nc_TGATGCATCCCAGGAC-1	fat.body_10
nc_TGATGCATCCCTCGAT-1	muscle.rbm24_0
nc_TGATGCATCTTGAGCA-1	fat.body_10
nc_TGATGGTAGGGTAGCT-1	muscle.rbm24_0
nc_TGATGGTAGGTTCCAT-1	epithelia.cuticle.Osi14_12
nc_TGATGGTAGTAGCTCT-1	epithelia.cuticle.Osi14_12
nc_TGATGGTCATAAGCAA-1	epithelia.cuticle.Osi16_2
nc_TGATGGTTCGGCATAT-1	epithelia.cuticle.cp.other_1
nc_TGATTCTAGAATCGTA-1	trachea_15
nc_TGATTCTAGGCCTAGA-1	muscle.rbm24_0
nc_TGATTCTAGGGACACT-1	epithelia.tendon_5
nc_TGATTCTAGTTTCTTC-1	muscle.rbm24_0
nc_TGATTCTCAAATCGGG-1	epithelia.cuticle.Osi16_2
nc_TGATTCTCAACCGCCA-1	muscle.rbm24_0
nc_TGATTCTCAATTTCGG-1	epithelia.cuticle.cp.soft_3
nc_TGATTCTCACCCGTAG-1	epithelia.olfactory.support_9
nc_TGATTCTCATCTGTTT-1	epithelia.cuticle.cp.rigid_7
nc_TGATTCTGTAACCCGC-1	muscle.rbm24_0
nc_TGATTCTGTAATTAGG-1	epithelia.cuticle.Osi16_2
nc_TGATTCTGTACGTACT-1	epithelia.cuticle.Osi14_12
nc_TGATTCTGTCACTGAT-1	glia1_8
nc_TGATTCTGTGCCGTAC-1	hemocyte_16
nc_TGATTCTTCGCTGTCT-1	epithelia.cuticle.cp.other_1
nc_TGATTCTTCGTCTACC-1	neuroglioblast.ol_14
nc_TGATTCTTCTGACAGT-1	muscle.rbm24_0
nc_TGATTCTTCTGCAGCG-1	epithelia.cuticle.cp.other_1
nc_TGATTTCAGCGAGAAA-1	epithelia.cuticle.cp.soft_3
nc_TGATTTCAGGGTCTTT-1	epithelia.cuticle.cp.other_1
nc_TGATTTCCATCTCGTC-1	epithelia.cuticle.Osi14_12
nc_TGATTTCGTCCTTTGC-1	epithelia.cuticle.cp.soft_3
nc_TGATTTCGTCGTTATG-1	epithelia.cuticle.Osi17_4
nc_TGATTTCGTTCTCACC-1	epithelia.cuticle.cp.rigid_7
nc_TGATTTCGTTCTTAGG-1	epithelia.tendon_5
nc_TGATTTCTCCTGTTAT-1	neuroglioblast.castor_17
nc_TGATTTCTCGTGCATA-1	muscle.rbm24_0
nc_TGATTTCTCGTTACCC-1	epithelia.cuticle.Osi16_2
nc_TGATTTCTCTGGGCAC-1	muscle.rbm24_0
nc_TGCACGGAGAAATTGC-1	glia2_18
nc_TGCACGGAGAATAACC-1	fat.body_10
nc_TGCACGGAGAGCTTTC-1	glia1_8
nc_TGCACGGAGATGAACT-1	muscle.rbm24_0
nc_TGCACGGAGTACCGGA-1	epithelia.cuticle.Osi17_4
nc_TGCACGGCACCGCTGA-1	glia1_8
nc_TGCACGGCATACTGTG-1	epithelia.cuticle.Osi16_2
nc_TGCACGGCATGGCACC-1	epithelia.cuticle.Osi17_4
nc_TGCACGGGTACTCCGG-1	neuroglioblast.ol_14
nc_TGCACGGGTACTGTTG-1	muscle.rbm24_0
nc_TGCACGGGTATGAGCG-1	muscle.rbm24_0
nc_TGCACGGGTTGTGTAC-1	epithelia.cuticle.cp.other_1
nc_TGCACGGTCAAACTGC-1	neuroglioblast.ol_14
nc_TGCACGGTCAACTTTC-1	epithelia.cuticle.cp.other_1
nc_TGCACGGTCGTGGTAT-1	epithelia.cuticle.Osi17_4
nc_TGCACGGTCTTGGCTC-1	epithelia.cuticle.Osi16_2
nc_TGCAGATAGATCCCGC-1	epithelia.cuticle.Osi17_4
nc_TGCAGATAGATGACAT-1	neuroglioblast.ol_14
nc_TGCAGATAGTCTTGGT-1	epithelia.tendon_5
nc_TGCAGATCATACAGCT-1	muscle.rbm24_0
nc_TGCAGATCATATCTGG-1	epithelia.cuticle.Osi16_2
nc_TGCAGATGTAACAAGT-1	muscle.rbm24_0
nc_TGCAGATGTCATAGTC-1	epithelia.olfactory.support_9
nc_TGCAGATGTCCGACGT-1	muscle.rbm24_0
nc_TGCAGATGTGTCATGT-1	trachea_15
nc_TGCAGATTCCGATGTA-1	epithelia.cuticle.Osi14_12
nc_TGCAGATTCGATACAC-1	fat.body_10
nc_TGCAGATTCGCGCCAA-1	muscle.rbm24_0
nc_TGCAGATTCGCTAGCG-1	epithelia.cuticle.cp.other_1
nc_TGCAGGCAGTACAACA-1	epithelia.cuticle.cp.soft_3
nc_TGCAGGCCAGTCCGTG-1	muscle.rbm24_0
nc_TGCAGGCGTCACTGAT-1	muscle.rbm24_0
nc_TGCAGGCGTGTCCATA-1	epithelia.cuticle.cp.soft_3
nc_TGCAGGCTCATGCCGG-1	epithelia.olfactory.support_9
nc_TGCAGGCTCCTACTGC-1	epithelia.cuticle.biosynthesis_13
nc_TGCAGGCTCGAGCCAC-1	epithelia.cuticle.Osi18_6
nc_TGCAGGCTCTTCACAT-1	epithelia.olfactory.support_9
nc_TGCAGTAAGTAGCCAG-1	epithelia.cuticle.cp.other_1
nc_TGCAGTAAGTTTCAGC-1	epithelia.cuticle.Osi16_2
nc_TGCAGTACATTCACCC-1	epithelia.cuticle.Osi17_4
nc_TGCAGTAGTGCCTTTC-1	epithelia.cuticle.Osi16_2
nc_TGCAGTATCAGACCCG-1	epithelia.cuticle.Osi17_4
nc_TGCAGTATCCCGTGTT-1	epithelia.cuticle.cp.other_1
nc_TGCAGTATCGATCCAA-1	epithelia.tendon_5
nc_TGCATCCAGGCAGGGA-1	fat.body_10
nc_TGCATCCAGGCGTCCT-1	muscle.rbm24_0
nc_TGCATCCAGGGCAGGA-1	neuron.cholinergic_11
nc_TGCATCCAGGTTGAGC-1	glia1_8
nc_TGCATCCCAATGGGTG-1	epithelia.cuticle.cp.other_1
nc_TGCATCCCACGGATCC-1	epithelia.tendon_5
nc_TGCATCCCAGCAAGAC-1	epithelia.cuticle.Osi17_4
nc_TGCATCCGTAACATAG-1	epithelia.cuticle.Osi17_4
nc_TGCATCCTCAGCCCAG-1	muscle.rbm24_0
nc_TGCATCCTCCGATGTA-1	epithelia.cuticle.Osi14_12
nc_TGCATCCTCCGTGCGA-1	neuron.cholinergic_11
nc_TGCATCCTCCTGTTGC-1	epithelia.tendon_5
nc_TGCATGAAGCCAGACA-1	hemocyte_16
nc_TGCATGAAGCCTGTGC-1	muscle.rbm24_0
nc_TGCATGAAGCTCCACG-1	epithelia.cuticle.Osi16_2
nc_TGCATGAAGGGATCGT-1	muscle.rbm24_0
nc_TGCATGACACGTACTA-1	epithelia.tendon_5
nc_TGCATGACATCTAGAC-1	muscle.rbm24_0
nc_TGCATGAGTATCAGCT-1	fat.body_10
nc_TGCATGATCTGTGCTC-1	muscle.rbm24_0
nc_TGCCGAGAGACGCAGT-1	neuroglioblast.castor_17
nc_TGCCGAGAGTCGTCTA-1	muscle.rbm24_0
nc_TGCCGAGCAAGCGCAA-1	neuroglioblast.castor_17
nc_TGCCGAGCAATAGTCC-1	epithelia.cuticle.cp.rigid_7
nc_TGCCGAGCACAATGCT-1	muscle.rbm24_0
nc_TGCCGAGCAGGCTTGC-1	glia1_8
nc_TGCCGAGGTATGGAAT-1	epithelia.cuticle.Osi18_6
nc_TGCCGAGGTGACAACG-1	epithelia.cuticle.cp.rigid_7
nc_TGCCGAGGTGCCGGTT-1	muscle.rbm24_0
nc_TGCCGAGGTTTGGAGG-1	epithelia.cuticle.cp.soft_3
nc_TGCCGAGTCAATCCAG-1	hemocyte_16
nc_TGCCGAGTCAATCTTC-1	epithelia.cuticle.Osi16_2
nc_TGCCGAGTCGCAGTTA-1	epithelia.cuticle.Osi18_6
nc_TGCGACGAGAAATCCA-1	neuroglioblast.ol_14
nc_TGCGACGAGTACGTCT-1	muscle.rbm24_0
nc_TGCGACGCAAGCAGGT-1	epithelia.cuticle.cp.other_1
nc_TGCGACGCACCCTATC-1	neuroglioblast.castor_17
nc_TGCGACGCAGAAGCGT-1	epithelia.cuticle.Osi17_4
nc_TGCGACGCATCGATGT-1	epithelia.cuticle.cp.other_1
nc_TGCGACGGTTCGGCGT-1	muscle.rbm24_0
nc_TGCGACGTCCTCGATC-1	epithelia.cuticle.Osi16_2
nc_TGCGACGTCGTCAAAC-1	fat.body_10
nc_TGCGACGTCGTCTCAC-1	epithelia.olfactory.support_9
nc_TGCGATAAGAAACACT-1	muscle.rbm24_0
nc_TGCGATAAGCTCGTGC-1	muscle.rbm24_0
nc_TGCGATAAGGATAATC-1	epithelia.tendon_5
nc_TGCGATAAGTCTTCCC-1	epithelia.cuticle.Osi17_4
nc_TGCGATACAATTCTCT-1	epithelia.cuticle.cp.other_1
nc_TGCGATACAGAGAGGG-1	epithelia.cuticle.cp.soft_3
nc_TGCGATACAGGTAGTG-1	muscle.rbm24_0
nc_TGCGATAGTCCATAGT-1	epithelia.cuticle.Osi17_4
nc_TGCGATAGTGCTAGCC-1	epithelia.cuticle.Osi16_2
nc_TGCGATAGTGTTTCTT-1	glia1_8
nc_TGCGATAGTTGGACCC-1	muscle.rbm24_0
nc_TGCGATATCACGACTA-1	epithelia.cuticle.Osi18_6
nc_TGCGATATCAGCTGTA-1	epithelia.cuticle.Osi16_2
nc_TGCGATATCAGTGATC-1	epithelia.cuticle.cp.rigid_7
nc_TGCGATATCCATACTT-1	epithelia.cuticle.cp.other_1
nc_TGCGATATCGAACGGA-1	muscle.rbm24_0
nc_TGCGATATCGCGCTGA-1	epithelia.cuticle.cp.other_1
nc_TGCGGCAAGAGAGGGC-1	epithelia.cuticle.Osi16_2
nc_TGCGGCAAGCGCAATG-1	epithelia.cuticle.Osi16_2
nc_TGCGGCAAGCGTACAG-1	epithelia.cuticle.cp.other_1
nc_TGCGGCAAGCGTCTCG-1	neuroglioblast.ol_14
nc_TGCGGCACAATCCTAG-1	epithelia.cuticle.Osi16_2
nc_TGCGGCACACTTGAGT-1	epithelia.cuticle.cp.soft_3
nc_TGCGGCACAGATTAAG-1	epithelia.tendon_5
nc_TGCGGCACAGGTCTCG-1	epithelia.olfactory.support_9
nc_TGCGGCAGTGACGCCT-1	epithelia.cuticle.Osi16_2
nc_TGCGGCATCTTGAACG-1	muscle.rbm24_0
nc_TGCGGGTAGAACTTCC-1	epithelia.cuticle.cp.other_1
nc_TGCGGGTAGAATCGAT-1	glia2_18
nc_TGCGGGTAGGAGACCT-1	epithelia.cuticle.cp.rigid_7
nc_TGCGGGTCAGACAAGC-1	muscle.rbm24_0
nc_TGCGGGTCAGTAACGG-1	epithelia.cuticle.Osi16_2
nc_TGCGGGTCATACTTTC-1	muscle.rbm24_0
nc_TGCGGGTCATGAAGCG-1	epithelia.cuticle.cp.other_1
nc_TGCGGGTGTAGTCGTT-1	neuroglioblast.castor_17
nc_TGCGGGTGTGTCATTG-1	epithelia.cuticle.Osi14_12
nc_TGCGGGTTCGGCTCTT-1	muscle.rbm24_0
nc_TGCGGGTTCTTTCGAT-1	glia1_8
nc_TGCTCCAAGAGTCACG-1	epithelia.cuticle.cp.other_1
nc_TGCTCCAAGGAATGTT-1	epithelia.cuticle.Osi16_2
nc_TGCTCCAAGGAGATAG-1	muscle.rbm24_0
nc_TGCTCCAAGTCCGTCG-1	epithelia.cuticle.cp.rigid_7
nc_TGCTCCACAGCAGTTT-1	epithelia.cuticle.Osi17_4
nc_TGCTCCACAGTTTCGA-1	epithelia.cuticle.cp.soft_3
nc_TGCTCCACATCGCTCT-1	epithelia.olfactory.support_9
nc_TGCTCCACATGGCTGC-1	muscle.rbm24_0
nc_TGCTCCAGTACCGTGC-1	muscle.rbm24_0
nc_TGCTCCAGTTACCCTC-1	epithelia.cuticle.cp.rigid_7
nc_TGCTCCAGTTTCGTGA-1	muscle.rbm24_0
nc_TGCTCCATCCATTCAT-1	epithelia.cuticle.Osi17_4
nc_TGCTCCATCCTCATAT-1	epithelia.cuticle.Osi17_4
nc_TGCTCGTAGAGCCGTA-1	epithelia.cuticle.Osi18_6
nc_TGCTCGTAGCAGAAAG-1	epithelia.tendon_5
nc_TGCTCGTAGCGCACAA-1	epithelia.tendon_5
nc_TGCTCGTCACGATAGG-1	epithelia.cuticle.cp.other_1
nc_TGCTCGTCACTGAGGA-1	muscle.rbm24_0
nc_TGCTCGTCAGACAAGC-1	epithelia.cuticle.Osi17_4
nc_TGCTCGTCAGATCCAT-1	epithelia.tendon_5
nc_TGCTCGTCAGATCCTA-1	epithelia.cuticle.cp.other_1
nc_TGCTCGTCATTCTTCA-1	epithelia.olfactory.support_9
nc_TGCTCGTGTTCCCAAA-1	neuron.cholinergic_11
nc_TGCTCGTTCTCAAAGC-1	epithelia.cuticle.cp.soft_3
nc_TGCTGAAAGGGATGTC-1	glia2_18
nc_TGCTGAAAGGGTACAC-1	muscle.rbm24_0
nc_TGCTGAAAGTTAACGA-1	epithelia.cuticle.Osi16_2
nc_TGCTGAAAGTTACGTC-1	epithelia.olfactory.support_9
nc_TGCTGAACACATTCGA-1	muscle.rbm24_0
nc_TGCTGAACACGTCGGT-1	epithelia.cuticle.Osi14_12
nc_TGCTGAACAGCCTATA-1	epithelia.cuticle.Osi18_6
nc_TGCTGAAGTAGATCGG-1	muscle.rbm24_0
nc_TGCTGAAGTAGCACGA-1	epithelia.cuticle.Osi16_2
nc_TGCTGAAGTAGGAGTC-1	epithelia.cuticle.cp.soft_3
nc_TGCTTCGAGAAATGGG-1	epithelia.cuticle.cp.other_1
nc_TGCTTCGAGACAGCGT-1	epithelia.cuticle.cp.rigid_7
nc_TGCTTCGAGCAGATAT-1	muscle.rbm24_0
nc_TGCTTCGAGCCGATCC-1	epithelia.cuticle.cp.other_1
nc_TGCTTCGAGTCGCCAC-1	epithelia.tendon_5
nc_TGCTTCGCACCGTACG-1	glia1_8
nc_TGCTTCGCATGGGTCC-1	epithelia.cuticle.cp.other_1
nc_TGCTTCGGTACACGCC-1	muscle.rbm24_0
nc_TGCTTCGTCTGCAGCG-1	epithelia.cuticle.cp.other_1
nc_TGCTTGCAGAAGAGCA-1	neuron.cholinergic_11
nc_TGCTTGCAGCTCAGAG-1	muscle.tup_19
nc_TGCTTGCAGGACAGTC-1	epithelia.tendon_5
nc_TGCTTGCAGTGCACTT-1	epithelia.cuticle.cp.soft_3
nc_TGCTTGCCAAAGAACT-1	epithelia.cuticle.Osi16_2
nc_TGCTTGCCACATACTG-1	epithelia.tendon_5
nc_TGCTTGCGTACGGGAT-1	epithelia.cuticle.cp.soft_3
nc_TGCTTGCGTGTCTTCC-1	epithelia.tendon_5
nc_TGCTTGCTCGTTCATT-1	muscle.rbm24_0
nc_TGGAACTAGACAGCTG-1	trachea_15
nc_TGGAACTAGACTCAAA-1	epithelia.cuticle.Osi16_2
nc_TGGAACTCAGTTTGGT-1	epithelia.olfactory.support_9
nc_TGGAACTCATACTTTC-1	epithelia.cuticle.cp.soft_3
nc_TGGAACTGTACCCACG-1	epithelia.tendon_5
nc_TGGAACTGTCACTAGT-1	epithelia.cuticle.cp.soft_3
nc_TGGAACTGTGTCATCA-1	epithelia.cuticle.cp.soft_3
nc_TGGAACTTCCACATAG-1	epithelia.cuticle.Osi17_4
nc_TGGAACTTCGGCTTCT-1	epithelia.cuticle.Osi16_2
nc_TGGAACTTCTCTAGGA-1	epithelia.cuticle.Osi16_2
nc_TGGAGAGAGCAGTCTT-1	epithelia.cuticle.Osi17_4
nc_TGGAGAGAGGAATCGC-1	muscle.rbm24_0
nc_TGGAGAGAGGTACAGC-1	muscle.rbm24_0
nc_TGGAGAGCAAGCACCC-1	trachea_15
nc_TGGAGAGCACGTAGTT-1	muscle.rbm24_0
nc_TGGAGAGCAGCCCAGT-1	epithelia.cuticle.Osi18_6
nc_TGGAGAGCAGCTTTGA-1	neuron.cholinergic_11
nc_TGGAGAGCATCCGGCA-1	glia1_8
nc_TGGAGAGCATGAGGGT-1	epithelia.cuticle.cp.rigid_7
nc_TGGAGAGGTCGACGCT-1	epithelia.cuticle.cp.other_1
nc_TGGAGAGGTGGAAGTC-1	neuroglioblast.ol_14
nc_TGGAGAGTCGGTTGTA-1	neuroglioblast.ol_14
nc_TGGAGAGTCTGAGAAA-1	epithelia.cuticle.Osi18_6
nc_TGGAGGAAGTCACTCA-1	epithelia.cuticle.cp.soft_3
nc_TGGAGGAAGTCTCCTC-1	muscle.rbm24_0
nc_TGGAGGACAAACCGGA-1	epithelia.cuticle.Osi18_6
nc_TGGAGGACACGAAAGC-1	muscle.rbm24_0
nc_TGGAGGACATACCGTA-1	epithelia.cuticle.Osi14_12
nc_TGGAGGACATATGAAG-1	glia1_8
nc_TGGAGGAGTAATACCC-1	muscle.rbm24_0
nc_TGGAGGAGTAGCGAGT-1	epithelia.cuticle.cp.soft_3
nc_TGGAGGAGTCACTCAA-1	epithelia.cuticle.cp.other_1
nc_TGGAGGAGTCGCTGCA-1	muscle.rbm24_0
nc_TGGAGGAGTTCCAGGC-1	epithelia.cuticle.Osi17_4
nc_TGGAGGATCCATAGGT-1	epithelia.cuticle.cp.rigid_7
nc_TGGAGGATCGCCAATA-1	trachea_15
nc_TGGAGGATCGGAAGGT-1	epithelia.cuticle.Osi16_2
nc_TGGAGGATCGTTACCC-1	epithelia.olfactory.support_9
nc_TGGATCAAGACATGCG-1	epithelia.olfactory.support_9
nc_TGGATCAAGCGCTGCT-1	muscle.rbm24_0
nc_TGGATCAAGGACACTG-1	epithelia.olfactory.support_9
nc_TGGATCAAGTACTCGT-1	epithelia.cuticle.Osi17_4
nc_TGGATCAAGTTATGGA-1	epithelia.olfactory.support_9
nc_TGGATCACACGACAAG-1	muscle.rbm24_0
nc_TGGATCAGTACTTCCC-1	epithelia.cuticle.Osi14_12
nc_TGGATCATCAATGCAC-1	epithelia.tendon_5
nc_TGGATCATCCGATAAC-1	epithelia.cuticle.Osi14_12
nc_TGGATCATCCGCGAGT-1	epithelia.cuticle.cp.soft_3
nc_TGGATCATCCGTTGGG-1	epithelia.cuticle.Osi16_2
nc_TGGATCATCCTTCGAC-1	epithelia.cuticle.Osi17_4
nc_TGGATCATCTGTAAGC-1	epithelia.cuticle.cp.soft_3
nc_TGGATGTAGGTGCCTC-1	epithelia.cuticle.cp.other_1
nc_TGGATGTCAGCTATTG-1	fat.body_10
nc_TGGATGTCATTGACAC-1	epithelia.tendon_5
nc_TGGATGTGTCCTGTTC-1	neuron.cholinergic_11
nc_TGGATGTGTGACACGA-1	epithelia.tendon_5
nc_TGGATGTGTGATTGGG-1	muscle.rbm24_0
nc_TGGATGTGTTCCTAAG-1	muscle.rbm24_0
nc_TGGATGTTCGTTCCCA-1	epithelia.tendon_5
nc_TGGCGTGAGACCCTTA-1	muscle.rbm24_0
nc_TGGCGTGCACCCAATA-1	glia2_18
nc_TGGCGTGCACTGGCCA-1	epithelia.olfactory.support_9
nc_TGGCGTGCATGGAAGC-1	epithelia.tendon_5
nc_TGGCGTGGTATGGTAA-1	muscle.tup_19
nc_TGGCGTGGTCGATTCA-1	epithelia.cuticle.Osi16_2
nc_TGGCGTGGTTGCATGT-1	muscle.rbm24_0
nc_TGGCGTGTCATAGACC-1	epithelia.cuticle.cp.other_1
nc_TGGCGTGTCCACTTCG-1	epithelia.cuticle.cp.other_1
nc_TGGCGTGTCCCATTCG-1	trachea_15
nc_TGGCGTGTCCCTCTTT-1	neuroglioblast.ol_14
nc_TGGCGTGTCGGAGTGA-1	epithelia.tendon_5
nc_TGGCGTGTCGTTCGCT-1	muscle.rbm24_0
nc_TGGGAAGAGAGCAGTC-1	muscle.rbm24_0
nc_TGGGAAGAGCAGCCCT-1	epithelia.cuticle.Osi16_2
nc_TGGGAAGAGTTCCTGA-1	glia1_8
nc_TGGGAAGCAACCAATC-1	epithelia.cuticle.cp.other_1
nc_TGGGAAGCAAGGCAAC-1	muscle.rbm24_0
nc_TGGGAAGCACACTTAG-1	hemocyte_16
nc_TGGGAAGGTAACACCT-1	muscle.rbm24_0
nc_TGGGAAGGTATTGAGA-1	epithelia.cuticle.Osi16_2
nc_TGGGAAGTCAGTGCGC-1	epithelia.cuticle.cp.rigid_7
nc_TGGGAGAAGGCCCAAA-1	epithelia.cuticle.Osi18_6
nc_TGGGAGAAGGCGATAC-1	glia1_8
nc_TGGGAGAAGTACAGCG-1	glia1_8
nc_TGGGAGAAGTCCTACA-1	fat.body_10
nc_TGGGAGACAGCTCTGG-1	muscle.rbm24_0
nc_TGGGAGAGTGGATACG-1	muscle.rbm24_0
nc_TGGGAGATCGCTAGCG-1	epithelia.cuticle.Osi16_2
nc_TGGGAGATCTCCACTG-1	epithelia.cuticle.Osi16_2
nc_TGGGAGATCTCCTGTG-1	trachea_15
nc_TGGGAGATCTGCCTCA-1	epithelia.cuticle.Osi18_6
nc_TGGGATTAGCCATCCG-1	neuroglioblast.castor_17
nc_TGGGATTAGCGCAATG-1	epithelia.cuticle.Osi16_2
nc_TGGGATTAGGTCGTGA-1	epithelia.cuticle.cp.other_1
nc_TGGGATTAGTTGTACC-1	muscle.rbm24_0
nc_TGGGATTCATCCAACA-1	epithelia.cuticle.cp.other_1
nc_TGGGATTGTACGACAG-1	muscle.rbm24_0
nc_TGGGATTGTACTGAGG-1	epithelia.cuticle.cp.soft_3
nc_TGGGATTGTCGTGCCA-1	gland.corpora-allata_22
nc_TGGGATTGTGGTCAAG-1	epithelia.tendon_5
nc_TGGGATTGTTTCTATC-1	epithelia.cuticle.Osi17_4
nc_TGGGATTTCACGGACC-1	epithelia.cuticle.cp.soft_3
nc_TGGGATTTCGGCTCTT-1	muscle.rbm24_0
nc_TGGGATTTCTCGTTTA-1	epithelia.cuticle.cp.soft_3
nc_TGGGCGTAGAGCTGCA-1	epithelia.cuticle.cp.soft_3
nc_TGGGCGTAGCTAGAAT-1	epithelia.cuticle.cp.other_1
nc_TGGGCGTAGTAAGAGG-1	epithelia.olfactory.support_9
nc_TGGGCGTCAGACCATT-1	muscle.rbm24_0
nc_TGGGCGTGTAGAGTTA-1	glia2_18
nc_TGGGCGTGTCAGACTT-1	epithelia.olfactory.support_9
nc_TGGGCGTTCACGAACT-1	epithelia.cuticle.Osi17_4
nc_TGGGCGTTCCCATAAG-1	muscle.rbm24_0
nc_TGGGCGTTCTTGAACG-1	epithelia.cuticle.cp.other_1
nc_TGGGCTGCACACCTTC-1	epithelia.cuticle.cp.soft_3
nc_TGGGCTGCACTGGCGT-1	epithelia.tendon_5
nc_TGGGCTGCAGCGAACA-1	epithelia.tendon_5
nc_TGGGCTGCATTAGGCT-1	epithelia.cuticle.cp.other_1
nc_TGGGCTGGTCACAGTT-1	muscle.rbm24_0
nc_TGGGCTGTCATTCGTT-1	muscle.rbm24_0
nc_TGGGCTGTCGCGTCGA-1	epithelia.cuticle.cp.soft_3
nc_TGGGTTAAGCCAGAGT-1	muscle.rbm24_0
nc_TGGGTTAAGTACTCGT-1	epithelia.cuticle.cp.other_1
nc_TGGGTTAAGTCGGCAA-1	epithelia.cuticle.Osi16_2
nc_TGGGTTACAAGGTCTT-1	trachea_15
nc_TGGGTTAGTCTTACTT-1	trachea_15
nc_TGGGTTAGTGCCTACG-1	epithelia.cuticle.Osi16_2
nc_TGGGTTATCATGAGGG-1	epithelia.cuticle.Osi17_4
nc_TGGGTTATCATTGTTC-1	neuron.cholinergic_11
nc_TGGGTTATCCGAAATC-1	epithelia.cuticle.Osi16_2
nc_TGGGTTATCCGTGCGA-1	epithelia.cuticle.cp.soft_3
nc_TGGGTTATCTTCGTAT-1	muscle.rbm24_0
nc_TGGTACAAGCTATCCA-1	epithelia.cuticle.Osi16_2
nc_TGGTACACACAGTATC-1	epithelia.cuticle.Osi16_2
nc_TGGTACACACGGATCC-1	epithelia.tendon_5
nc_TGGTACACAGCTACCG-1	epithelia.cuticle.cp.rigid_7
nc_TGGTACAGTAGGAGTC-1	epithelia.cuticle.cp.rigid_7
nc_TGGTACAGTAGTTCCA-1	epithelia.cuticle.Osi16_2
nc_TGGTACAGTATACCTG-1	epithelia.cuticle.cp.soft_3
nc_TGGTACAGTATCGTGT-1	muscle.rbm24_0
nc_TGGTACAGTCCAATCA-1	muscle.rbm24_0
nc_TGGTACAGTTATGACC-1	epithelia.tendon_5
nc_TGGTACATCAACCTCC-1	neuron.cholinergic_11
nc_TGGTACATCGCATAGT-1	hemocyte_16
nc_TGGTAGTAGGTCACCC-1	muscle.rbm24_0
nc_TGGTAGTAGTCTAGCT-1	epithelia.cuticle.Osi16_2
nc_TGGTAGTCACTTCTCG-1	epithelia.cuticle.Osi17_4
nc_TGGTAGTCAGTTAAAG-1	epithelia.cuticle.Osi16_2
nc_TGGTAGTGTTCTCCAC-1	epithelia.cuticle.Osi17_4
nc_TGGTAGTTCTCGCTTG-1	fat.body_10
nc_TGGTGATAGAGGCCAT-1	epithelia.cuticle.Osi18_6
nc_TGGTGATAGAGTTCGG-1	epithelia.olfactory.support_9
nc_TGGTGATAGCGATTCT-1	epithelia.cuticle.cp.soft_3
nc_TGGTGATGTGAATATG-1	epithelia.cuticle.Osi16_2
nc_TGGTGATTCAGCGTCG-1	epithelia.tendon_5
nc_TGGTGATTCATGCATG-1	epithelia.olfactory.support_9
nc_TGGTGATTCGGAAGGT-1	epithelia.cuticle.Osi16_2
nc_TGGTGATTCTGCGATA-1	muscle.rbm24_0
nc_TGGTTAGCACGCTGCA-1	neuroglioblast.ol_14
nc_TGGTTAGCACGGGCTT-1	epithelia.cuticle.Osi14_12
nc_TGGTTAGCACTTGTGA-1	epithelia.cuticle.Osi18_6
nc_TGGTTAGCATCATTTC-1	epithelia.olfactory.support_9
nc_TGGTTAGGTAATTGGA-1	neuron.cholinergic_11
nc_TGGTTAGGTACTAACC-1	epithelia.cuticle.cp.soft_3
nc_TGGTTAGGTAGGAGTC-1	epithelia.cuticle.Osi18_6
nc_TGGTTAGGTGGGACAT-1	epithelia.tendon_5
nc_TGGTTAGTCCATACAG-1	epithelia.cuticle.cp.soft_3
nc_TGGTTAGTCGCAGAGA-1	epithelia.cuticle.Osi17_4
nc_TGGTTAGTCGGTGTAT-1	epithelia.cuticle.Osi16_2
nc_TGTAACGAGAGATCGC-1	epithelia.cuticle.Osi16_2
nc_TGTAACGAGGAGACCT-1	muscle.rbm24_0
nc_TGTAACGAGGCCACCT-1	epithelia.cuticle.Osi18_6
nc_TGTAACGAGTTCACTG-1	neuron.cholinergic_11
nc_TGTAACGCATGGTACT-1	epithelia.cuticle.Osi17_4
nc_TGTAACGGTAACTGCT-1	epithelia.cuticle.Osi16_2
nc_TGTAACGGTAAGATAC-1	epithelia.cuticle.cp.other_1
nc_TGTAACGGTACCGGAA-1	muscle.rbm24_0
nc_TGTAACGGTGTACAGG-1	epithelia.cuticle.cp.other_1
nc_TGTAACGGTGTTATCG-1	epithelia.cuticle.cp.soft_3
nc_TGTAACGTCAGGAACG-1	epithelia.cuticle.Osi16_2
nc_TGTAACGTCATTCGTT-1	epithelia.tendon_5
nc_TGTAACGTCCAGGACC-1	hemocyte_16
nc_TGTAACGTCCCAGGAC-1	epithelia.cuticle.cp.rigid_7
nc_TGTAACGTCTAGTGAC-1	epithelia.cuticle.cp.other_1
nc_TGTAACGTCTATTCGT-1	epithelia.cuticle.Osi16_2
nc_TGTAAGCCACATACTG-1	muscle.rbm24_0
nc_TGTAAGCCACCAGGTC-1	epithelia.cuticle.cp.soft_3
nc_TGTAAGCGTGCTCTTC-1	epithelia.cuticle.cp.other_1
nc_TGTAAGCTCACTTTGT-1	muscle.rbm24_0
nc_TGTAAGCTCGCCATAA-1	hemocyte_16
nc_TGTACAGAGAGAACCC-1	epithelia.cuticle.cp.soft_3
nc_TGTACAGAGTCCCGAC-1	epithelia.cuticle.cp.other_1
nc_TGTACAGGTATGGAGC-1	muscle.rbm24_0
nc_TGTACAGGTTCCAAAC-1	epithelia.olfactory.support_9
nc_TGTACAGGTTGTTTGG-1	muscle.rbm24_0
nc_TGTACAGTCGGAGCAA-1	epithelia.cuticle.cp.soft_3
nc_TGTACAGTCTATGTGG-1	epithelia.cuticle.Osi17_4
nc_TGTAGACAGATCCAAA-1	neuroglioblast.ol_14
nc_TGTAGACAGCCATATC-1	glia2_18
nc_TGTAGACAGCTGGTGA-1	epithelia.cuticle.Osi18_6
nc_TGTAGACAGCTGTTAC-1	neuron.cholinergic_11
nc_TGTAGACAGGTTTGAA-1	trachea_15
nc_TGTAGACAGTTGCTCA-1	epithelia.cuticle.cp.soft_3
nc_TGTAGACCAGCCGTCA-1	muscle.rbm24_0
nc_TGTAGACCAGGCATGA-1	epithelia.cuticle.cp.rigid_7
nc_TGTAGACCAGTCAGAG-1	glia2_18
nc_TGTAGACCATGTCAGT-1	gland.corpora-allata_22
nc_TGTAGACGTGACACGA-1	muscle.rbm24_0
nc_TGTAGACGTGCGTGCT-1	epithelia.cuticle.cp.other_1
nc_TGTAGACGTGTCCAAT-1	epithelia.cuticle.Osi17_4
nc_TGTAGACGTTAAACAG-1	hemocyte_16
nc_TGTAGACGTTTGTTCT-1	epithelia.cuticle.cp.other_1
nc_TGTCAGAAGAAAGCGA-1	epithelia.cuticle.Osi16_2
nc_TGTCAGAAGAAGCGCT-1	epithelia.cuticle.cp.soft_3
nc_TGTCAGAAGACCGCCT-1	epithelia.cuticle.Osi18_6
nc_TGTCAGAAGCAAGCCA-1	epithelia.cuticle.cp.soft_3
nc_TGTCAGAAGCGTCAAG-1	muscle.rbm24_0
nc_TGTCAGAAGGAGAATG-1	epithelia.cuticle.cp.other_1
nc_TGTCAGAAGGTATAGT-1	epithelia.olfactory.support_9
nc_TGTCAGACACTTACAG-1	muscle.rbm24_0
nc_TGTCAGACAGTCGAGA-1	epithelia.cuticle.cp.soft_3
nc_TGTCAGACAGTGGCTC-1	muscle.tup_19
nc_TGTCAGATCAACCGAT-1	epithelia.cuticle.Osi16_2
nc_TGTCAGATCAGGGATG-1	epithelia.cuticle.cp.other_1
nc_TGTCAGATCCAACTAG-1	epithelia.cuticle.Osi17_4
nc_TGTCCACCAAGGGTCA-1	muscle.rbm24_0
nc_TGTCCACCAGGTGACA-1	glia1_8
nc_TGTCCACGTACCCGCA-1	epithelia.cuticle.cp.other_1
nc_TGTCCACTCGGAGATG-1	epithelia.cuticle.Osi17_4
nc_TGTCCACTCGGTCACG-1	epithelia.cuticle.Osi16_2
nc_TGTCCACTCTACTCAT-1	muscle.rbm24_0
nc_TGTCCCAAGATTAGCA-1	muscle.rbm24_0
nc_TGTCCCAAGCACCTGC-1	glia1_8
nc_TGTCCCAAGCGTGTTT-1	epithelia.cuticle.Osi14_12
nc_TGTCCCACATACAGCT-1	epithelia.cuticle.Osi17_4
nc_TGTCCCAGTACGATCT-1	epithelia.cuticle.cp.other_1
nc_TGTCCCAGTTAAGGGC-1	epithelia.cuticle.Osi18_6
nc_TGTCCCAGTTGCCAAT-1	epithelia.cuticle.cp.soft_3
nc_TGTCCCATCGAAGTGG-1	epithelia.cuticle.Osi18_6
nc_TGTCCCATCGCCATAA-1	epithelia.cuticle.Osi14_12
nc_TGTCCCATCGGTAAGG-1	epithelia.cuticle.cp.soft_3
nc_TGTCCTGAGCAGAAAG-1	neuron.cholinergic_11
nc_TGTCCTGAGTATGTAG-1	epithelia.cuticle.cp.soft_3
nc_TGTCCTGAGTTCCGTA-1	epithelia.tendon_5
nc_TGTCCTGAGTTTCGAC-1	epithelia.cuticle.Osi16_2
nc_TGTCCTGCAAGTACCT-1	epithelia.cuticle.Osi16_2
nc_TGTCCTGCACGTCGGT-1	neuron.cholinergic_11
nc_TGTCCTGGTGGCCACT-1	epithelia.cuticle.cp.soft_3
nc_TGTCCTGTCCCGTGAG-1	epithelia.olfactory.support_9
nc_TGTCCTGTCGCTACAA-1	muscle.rbm24_0
nc_TGTCCTGTCTAGTGAC-1	neuroglioblast.castor_17
nc_TGTCCTGTCTCTGGTC-1	fat.body_10
nc_TGTCCTGTCTGCCTCA-1	trachea_15
nc_TGTGAGTAGTCATGAA-1	epithelia.cuticle.cp.other_1
nc_TGTGAGTCAAGAAACT-1	epithelia.tendon_5
nc_TGTGAGTCAATAGTAG-1	epithelia.cuticle.cp.other_1
nc_TGTGAGTGTTGGCCGT-1	epithelia.olfactory.support_9
nc_TGTGAGTTCAGGGATG-1	epithelia.cuticle.Osi17_4
nc_TGTGAGTTCATGTCTT-1	epithelia.cuticle.Osi14_12
nc_TGTGAGTTCGAGAACG-1	muscle.rbm24_0
nc_TGTGATGAGGGCAGGA-1	muscle.rbm24_0
nc_TGTGATGAGGTTGAGC-1	glia1_8
nc_TGTGATGAGTGCCAGA-1	epithelia.cuticle.cp.other_1
nc_TGTGATGCAGAAATCA-1	epithelia.cuticle.Osi16_2
nc_TGTGATGGTCGCGTCA-1	epithelia.cuticle.cp.soft_3
nc_TGTGATGGTGGATACG-1	epithelia.cuticle.cp.other_1
nc_TGTGATGGTGGGTATG-1	trachea_15
nc_TGTGATGGTGGTACAG-1	epithelia.cuticle.Osi17_4
nc_TGTGATGTCACCACAA-1	epithelia.cuticle.cp.rigid_7
nc_TGTGCGGAGATAACAC-1	epithelia.cuticle.Osi16_2
nc_TGTGCGGAGCTGTACT-1	epithelia.cuticle.cp.rigid_7
nc_TGTGCGGAGGAAAGAC-1	neuroglioblast.castor_17
nc_TGTGCGGAGTTGAATG-1	epithelia.cuticle.Osi14_12
nc_TGTGCGGGTAATGCTC-1	epithelia.tendon_5
nc_TGTGCGGGTCCAGCGT-1	epithelia.cuticle.Osi17_4
nc_TGTGCGGGTTAAAGTG-1	epithelia.cuticle.Osi18_6
nc_TGTGCGGGTTGATCGT-1	muscle.rbm24_0
nc_TGTGCGGTCAGACCGC-1	glia1_8
nc_TGTGCGGTCAGTCAGT-1	muscle.rbm24_0
nc_TGTGCGGTCGAACGGA-1	epithelia.cuticle.cp.other_1
nc_TGTGCGGTCGTCGACG-1	epithelia.cuticle.cp.soft_3
nc_TGTGCGGTCTCTCGAC-1	epithelia.olfactory.support_9
nc_TGTGGCGAGAGCAGCT-1	muscle.rbm24_0
nc_TGTGGCGAGAGTGTTA-1	neuroglioblast.castor_17
nc_TGTGGCGAGCATGAAT-1	epithelia.cuticle.cp.soft_3
nc_TGTGGCGAGGCTAAAT-1	epithelia.tendon_5
nc_TGTGGCGAGTTTCGAC-1	epithelia.cuticle.cp.soft_3
nc_TGTGGCGCACGCTTAA-1	epithelia.cuticle.cp.other_1
nc_TGTGGCGCAGAGATTA-1	muscle.rbm24_0
nc_TGTGGCGGTAACACGG-1	neuroglioblast.ol_14
nc_TGTGGCGGTATGCGTT-1	muscle.rbm24_0
nc_TGTGGCGGTCGCAACC-1	epithelia.cuticle.cp.soft_3
nc_TGTGGCGTCTCCCAAC-1	glia1_8
nc_TGTGTGAAGCCGGAAT-1	epithelia.cuticle.Osi16_2
nc_TGTGTGAAGTCCCTAA-1	muscle.rbm24_0
nc_TGTGTGAAGTCTCTGA-1	epithelia.cuticle.Osi17_4
nc_TGTGTGACATCCTATT-1	trachea_15
nc_TGTGTGAGTAATGTGA-1	epithelia.cuticle.cp.other_1
nc_TGTGTGAGTAGGCAAC-1	epithelia.cuticle.cp.rigid_7
nc_TGTGTGAGTCCAGGTC-1	epithelia.cuticle.cp.other_1
nc_TGTGTGAGTTTGGAAA-1	muscle.rbm24_0
nc_TGTGTGATCACGGGCT-1	neuron.cholinergic_11
nc_TGTGTGATCCTCTCGA-1	muscle.rbm24_0
nc_TGTGTGATCGGCATCG-1	neuron.cholinergic_11
nc_TGTGTGATCTGACCCT-1	epithelia.cuticle.cp.soft_3
nc_TGTTACTAGAGAGGGC-1	muscle.rbm24_0
nc_TGTTACTAGATTACCC-1	glia1_8
nc_TGTTACTAGCATCAAA-1	epithelia.olfactory.support_9
nc_TGTTACTAGGTCTACT-1	epithelia.cuticle.Osi17_4
nc_TGTTACTAGGTTCTTG-1	epithelia.cuticle.cp.other_1
nc_TGTTACTAGTTGAATG-1	epithelia.olfactory.support_9
nc_TGTTACTCAGGGTCTC-1	muscle.rbm24_0
nc_TGTTACTTCAGCGCGT-1	epithelia.cuticle.cp.soft_3
nc_TGTTACTTCGGAAGGT-1	epithelia.cuticle.cp.soft_3
nc_TGTTACTTCTCTTCAA-1	epithelia.cuticle.cp.other_1
nc_TGTTCATAGAGTCTGG-1	muscle.rbm24_0
nc_TGTTCATCAAGTCGTT-1	muscle.rbm24_0
nc_TGTTCATCAATCGAAA-1	epithelia.cuticle.cp.rigid_7
nc_TGTTCATCAGTTTCAG-1	epithelia.cuticle.cp.other_1
nc_TGTTCATGTGCAGATG-1	muscle.rbm24_0
nc_TGTTCATGTGGGACAT-1	epithelia.cuticle.cp.other_1
nc_TGTTCATGTGTGAGCA-1	epithelia.cuticle.Osi18_6
nc_TGTTCATGTTGGCTAT-1	epithelia.cuticle.cp.soft_3
nc_TGTTCATTCAGCTCTC-1	muscle.tup_19
nc_TGTTCATTCAGTGATC-1	muscle.rbm24_0
nc_TGTTCATTCTGGGCCA-1	muscle.rbm24_0
nc_TGTTCCGAGACTTAAG-1	epithelia.tendon_5
nc_TGTTCCGAGGAGCTGT-1	trachea_15
nc_TGTTCCGCAAGGCGTA-1	epithelia.cuticle.cp.other_1
nc_TGTTCCGCAATGGCAG-1	muscle.rbm24_0
nc_TGTTCCGCAGATGCGA-1	epithelia.cuticle.cp.rigid_7
nc_TGTTCCGCAGCTATAC-1	epithelia.cuticle.cp.other_1
nc_TGTTCCGCAGTTCTAG-1	epithelia.cuticle.cp.other_1
nc_TGTTCCGCATAATCCG-1	muscle.rbm24_0
nc_TGTTCCGGTAGGACTG-1	trachea_15
nc_TGTTCCGGTAGTCGTT-1	epithelia.cuticle.cp.soft_3
nc_TGTTCCGGTAGTTCCA-1	epithelia.cuticle.cp.rigid_7
nc_TGTTCCGGTGACCGAA-1	glia1_8
nc_TGTTCCGGTTCCGGTG-1	muscle.rbm24_0
nc_TGTTCCGTCATCACCC-1	epithelia.cuticle.Osi16_2
nc_TGTTCCGTCCAAGCTA-1	epithelia.cuticle.cp.soft_3
nc_TGTTCCGTCGTTCGCT-1	neuroglioblast.castor_17
nc_TGTTCCGTCTGCTTAT-1	epithelia.tendon_5
nc_TGTTCTACAATTGAAG-1	epithelia.tendon_5
nc_TGTTCTACACACAGAG-1	muscle.rbm24_0
nc_TGTTCTACAGAGTCTT-1	epithelia.cuticle.cp.other_1
nc_TGTTCTAGTATGAGAT-1	muscle.rbm24_0
nc_TGTTCTAGTATGGAAT-1	neuroglioblast.ol_14
nc_TGTTCTATCCCGAGAC-1	glia1_8
nc_TGTTCTATCCCTCGAT-1	neuron.cholinergic_11
nc_TGTTCTATCCTGTACC-1	epithelia.cuticle.Osi16_2
nc_TGTTCTATCTTACACT-1	muscle.rbm24_0
nc_TGTTGAGAGGCTCACC-1	trachea_15
nc_TGTTGAGAGGCTCTAT-1	muscle.rbm24_0
nc_TGTTGAGAGGGACACT-1	muscle.rbm24_0
nc_TGTTGAGAGTAGGGTC-1	epithelia.cuticle.cp.other_1
nc_TGTTGAGGTGCATACT-1	epithelia.cuticle.Osi17_4
nc_TGTTGAGGTTCGTTCC-1	epithelia.cuticle.Osi17_4
nc_TGTTGAGTCCATTGTT-1	neuroglioblast.castor_17
nc_TGTTGAGTCCCAAGTA-1	muscle.rbm24_0
nc_TGTTGAGTCGCAGAGA-1	muscle.rbm24_0
nc_TGTTGAGTCTCCCATG-1	muscle.rbm24_0
nc_TGTTGGAAGAAAGTCT-1	muscle.rbm24_0
nc_TGTTGGAAGAACTGAT-1	neuron.cholinergic_11
nc_TGTTGGAAGATAGCTA-1	epithelia.cuticle.Osi16_2
nc_TGTTGGAAGCCATGCC-1	neuron.cholinergic_11
nc_TGTTGGAAGTCCGCCA-1	epithelia.cuticle.Osi16_2
nc_TGTTGGACACGCCAGT-1	epithelia.tendon_5
nc_TGTTGGACAGAATCGG-1	glia1_8
nc_TGTTGGACAGCATTGT-1	muscle.rbm24_0
nc_TGTTGGAGTAGGAGGG-1	epithelia.cuticle.cp.soft_3
nc_TGTTGGAGTATCCCAA-1	epithelia.cuticle.cp.soft_3
nc_TGTTGGAGTCTACACA-1	epithelia.cuticle.cp.other_1
nc_TGTTGGAGTGCAGTGA-1	glia1_8
nc_TGTTGGATCGAGTGGA-1	muscle.rbm24_0
nc_TGTTGGATCGCAATTG-1	muscle.rbm24_0
nc_TGTTTGTAGAAACACT-1	muscle.rbm24_0
nc_TGTTTGTAGACTTAAG-1	epithelia.cuticle.cp.other_1
nc_TGTTTGTAGCGTATGG-1	trachea_15
nc_TGTTTGTAGGCACTCC-1	epithelia.cuticle.Osi16_2
nc_TGTTTGTCACATTACG-1	neuroglioblast.castor_17
nc_TGTTTGTCACTAGGTT-1	epithelia.cuticle.Osi16_2
nc_TGTTTGTCAGCACCCA-1	muscle.rbm24_0
nc_TGTTTGTGTAGCTTTG-1	muscle.tup_19
nc_TGTTTGTGTTAGCGGA-1	epithelia.cuticle.cp.soft_3
nc_TGTTTGTTCGCCGAAC-1	muscle.rbm24_0
nc_TGTTTGTTCGGCTATA-1	epithelia.cuticle.cp.rigid_7
nc_TGTTTGTTCGGTTCAA-1	epithelia.cuticle.Osi16_2
nc_TGTTTGTTCTGTGTGA-1	epithelia.cuticle.cp.other_1
nc_TTAATCCAGATCACCT-1	epithelia.olfactory.support_9
nc_TTAATCCAGCACCAGA-1	epithelia.tendon_5
nc_TTAATCCAGGACAGTC-1	epithelia.olfactory.support_9
nc_TTAATCCAGGTCGTCC-1	trachea_15
nc_TTAATCCCAAGAGGCT-1	epithelia.olfactory.support_9
nc_TTAATCCCACGACGTC-1	epithelia.cuticle.cp.rigid_7
nc_TTAATCCCACGTAGAG-1	glia1_8
nc_TTAATCCGTCAGATTC-1	muscle.rbm24_0
nc_TTAATCCGTCATCTAG-1	epithelia.cuticle.cp.soft_3
nc_TTAATCCGTCCACTCT-1	epithelia.cuticle.cp.rigid_7
nc_TTAATCCGTCGCCACA-1	muscle.rbm24_0
nc_TTAATCCGTCTCTCAC-1	muscle.rbm24_0
nc_TTAATCCGTGCATGAG-1	epithelia.cuticle.Osi16_2
nc_TTAATCCGTGCCGTTG-1	muscle.rbm24_0
nc_TTAATCCGTGCTATTG-1	epithelia.cuticle.Osi18_6
nc_TTAATCCTCAACCCGG-1	neuron.cholinergic_11
nc_TTAATCCTCATGCGGC-1	epithelia.cuticle.Osi17_4
nc_TTAATCCTCGAGAGCA-1	muscle.rbm24_0
nc_TTACAGGAGAGGCCAT-1	muscle.rbm24_0
nc_TTACAGGAGATGCTTC-1	epithelia.olfactory.support_9
nc_TTACAGGAGTATGGCG-1	epithelia.cuticle.cp.soft_3
nc_TTACAGGAGTCTAGAA-1	neuron.cholinergic_11
nc_TTACAGGCAATAACCC-1	epithelia.cuticle.biosynthesis_13
nc_TTACAGGCAGCCTACG-1	epithelia.olfactory.support_9
nc_TTACAGGCAGCTGTCG-1	muscle.rbm24_0
nc_TTACAGGCAGTAGATA-1	epithelia.tendon_5
nc_TTACAGGGTAACGTTC-1	epithelia.cuticle.Osi16_2
nc_TTACAGGGTACGCTAT-1	epithelia.cuticle.Osi16_2
nc_TTACAGGGTATCACCA-1	muscle.rbm24_0
nc_TTACAGGGTCAACATC-1	epithelia.tendon_5
nc_TTACAGGGTCCCTGAG-1	epithelia.cuticle.Osi18_6
nc_TTACAGGGTTCTCCAC-1	epithelia.cuticle.Osi16_2
nc_TTACAGGTCCATCAGA-1	epithelia.cuticle.cp.soft_3
nc_TTACAGGTCTACAGGT-1	trachea_15
nc_TTACCATAGAGAACCC-1	epithelia.olfactory.support_9
nc_TTACCATAGAGATCGC-1	muscle.rbm24_0
nc_TTACCATAGTTCGCAT-1	epithelia.cuticle.Osi16_2
nc_TTACCATCACTGGCGT-1	muscle.rbm24_0
nc_TTACCATCATCCTGTC-1	muscle.rbm24_0
nc_TTACCATTCAAGCCCG-1	epithelia.cuticle.Osi16_2
nc_TTACCATTCGTGGAAG-1	muscle.rbm24_0
nc_TTACCATTCTAGGCCG-1	neuroglioblast.ol_14
nc_TTACCATTCTTGTTAC-1	epithelia.cuticle.cp.soft_3
nc_TTACCGCAGCTCAGAG-1	epithelia.cuticle.cp.other_1
nc_TTACCGCAGGGCTGAT-1	epithelia.olfactory.support_9
nc_TTACCGCAGGTGCTAG-1	epithelia.tendon_5
nc_TTACCGCCACCTTCCA-1	epithelia.tendon_5
nc_TTACCGCCACGGCCAT-1	epithelia.cuticle.Osi17_4
nc_TTACCGCCAGACTGCC-1	muscle.rbm24_0
nc_TTACCGCCAGTTGCGC-1	epithelia.tendon_5
nc_TTACCGCCATTGGGAG-1	epithelia.cuticle.cp.rigid_7
nc_TTACCGCTCCTCTCTT-1	trachea_15
nc_TTACGCCAGACTCAAA-1	epithelia.olfactory.support_9
nc_TTACGCCCAAAGCTCT-1	muscle.rbm24_0
nc_TTACGCCCAACTACGT-1	epithelia.cuticle.cp.soft_3
nc_TTACGCCCACACGCCA-1	muscle.rbm24_0
nc_TTACGCCGTAAGGCCA-1	fat.body_10
nc_TTACGCCGTAGAATAC-1	epithelia.olfactory.support_9
nc_TTACGCCGTGGCCACT-1	epithelia.cuticle.biosynthesis_13
nc_TTACGCCGTTAAGAAC-1	epithelia.cuticle.Osi17_4
nc_TTACGCCGTTTCACTT-1	muscle.rbm24_0
nc_TTACGTTAGGCCACTC-1	epithelia.cuticle.cp.soft_3
nc_TTACGTTAGTAGCTCT-1	muscle.rbm24_0
nc_TTACGTTCAAACTAGA-1	epithelia.cuticle.cp.soft_3
nc_TTACGTTCAATCCTTT-1	epithelia.cuticle.Osi17_4
nc_TTACGTTCAGAACTAA-1	epithelia.cuticle.Osi16_2
nc_TTACGTTCATGCCGGT-1	epithelia.tendon_5
nc_TTACGTTGTCGAATGG-1	neuroglioblast.ol_14
nc_TTACGTTGTTCCAGGC-1	epithelia.cuticle.cp.other_1
nc_TTACGTTTCAAACGTC-1	muscle.rbm24_0
nc_TTACGTTTCACCTCTG-1	epithelia.cuticle.cp.other_1
nc_TTACGTTTCCGTGTGG-1	muscle.rbm24_0
nc_TTACGTTTCTATACTC-1	epithelia.cuticle.cp.soft_3
nc_TTACGTTTCTCTTGCG-1	hemocyte_16
nc_TTACTGTAGCAGCGAT-1	muscle.rbm24_0
nc_TTACTGTAGTATCCTG-1	glia2_18
nc_TTACTGTCAAGCCATT-1	muscle.rbm24_0
nc_TTACTGTCACTGCGTG-1	hemocyte_16
nc_TTACTGTGTGATTAGA-1	epithelia.cuticle.cp.other_1
nc_TTACTGTTCCATCACC-1	muscle.rbm24_0
nc_TTACTGTTCGATAACC-1	muscle.rbm24_0
nc_TTAGGCAAGATGTAGT-1	epithelia.tendon_5
nc_TTAGGCAAGGAAACGA-1	neuroglioblast.ol_14
nc_TTAGGCAAGGCATTTC-1	epithelia.cuticle.cp.soft_3
nc_TTAGGCAAGGGCAAGG-1	muscle.rbm24_0
nc_TTAGGCAAGGTAAGTT-1	epithelia.olfactory.support_9
nc_TTAGGCACAAATAGCA-1	muscle.rbm24_0
nc_TTAGGCACAAGCTGCC-1	epithelia.cuticle.Osi18_6
nc_TTAGGCACAGATCATC-1	glia2_18
nc_TTAGGCACAGGGACTA-1	epithelia.cuticle.Osi16_2
nc_TTAGGCAGTCAGTCTA-1	muscle.rbm24_0
nc_TTAGGCAGTGTAGGAC-1	muscle.rbm24_0
nc_TTAGGCAGTTACCGTA-1	epithelia.tendon_5
nc_TTAGGCAGTTCGTGCG-1	hemocyte_16
nc_TTAGGCATCGAATGCT-1	epithelia.cuticle.cp.rigid_7
nc_TTAGGGTAGCGACCCT-1	hemocyte_16
nc_TTAGGGTAGCTCGGCT-1	neuroglioblast.ol_14
nc_TTAGGGTAGGATACGC-1	epithelia.tendon_5
nc_TTAGGGTAGTCATGCT-1	epithelia.olfactory.support_9
nc_TTAGGGTAGTTGGGAC-1	epithelia.cuticle.cp.other_1
nc_TTAGGGTCACCAGTAT-1	epithelia.cuticle.cp.soft_3
nc_TTAGGGTCAGAGTTGG-1	epithelia.tendon_5
nc_TTAGGGTCAGGACATG-1	muscle.rbm24_0
nc_TTAGGGTGTCTAACTG-1	epithelia.cuticle.cp.other_1
nc_TTAGGGTTCAATGTCG-1	epithelia.cuticle.Osi17_4
nc_TTAGGGTTCATGCCGG-1	epithelia.cuticle.cp.other_1
nc_TTAGGGTTCGGTGTAT-1	epithelia.cuticle.cp.soft_3
nc_TTAGTCTAGCAGGCAT-1	epithelia.cuticle.Osi16_2
nc_TTAGTCTAGGCTAGCA-1	muscle.rbm24_0
nc_TTAGTCTAGTCCGCCA-1	epithelia.cuticle.cp.other_1
nc_TTAGTCTGTATGTCCA-1	epithelia.cuticle.cp.soft_3
nc_TTAGTCTGTCTAATCG-1	glia1_8
nc_TTAGTCTGTGCAGGAT-1	epithelia.tendon_5
nc_TTAGTCTTCCGCTTAC-1	epithelia.cuticle.cp.other_1
nc_TTAGTCTTCCGTGACG-1	epithelia.cuticle.cp.soft_3
nc_TTAGTCTTCGCAATTG-1	muscle.rbm24_0
nc_TTAGTCTTCGCTCCTA-1	muscle.rbm24_0
nc_TTATTGCAGACGGTTG-1	muscle.rbm24_0
nc_TTATTGCAGAGCTTTC-1	epithelia.cuticle.cp.other_1
nc_TTATTGCAGGACAGTC-1	neuron.cholinergic_11
nc_TTATTGCAGTCAGAGC-1	muscle.rbm24_0
nc_TTATTGCAGTCTGGAG-1	epithelia.cuticle.Osi16_2
nc_TTATTGCAGTGGTTGG-1	epithelia.olfactory.support_9
nc_TTATTGCCAACCCTAA-1	muscle.rbm24_0
nc_TTATTGCCAGGCTACC-1	epithelia.cuticle.cp.other_1
nc_TTATTGCCAGTAGAAT-1	epithelia.cuticle.Osi16_2
nc_TTATTGCTCAAACGAA-1	epithelia.olfactory.support_9
nc_TTATTGCTCTAGTGAC-1	muscle.rbm24_0
nc_TTATTGCTCTCCAATT-1	epithelia.cuticle.Osi17_4
nc_TTCAATCAGACTTCGT-1	muscle.rbm24_0
nc_TTCAATCAGGAGATAG-1	epithelia.cuticle.cp.soft_3
nc_TTCAATCAGGAGGGTG-1	epithelia.cuticle.cp.rigid_7
nc_TTCAATCAGTCTCCTC-1	muscle.rbm24_0
nc_TTCAATCAGTTATGGA-1	muscle.rbm24_0
nc_TTCAATCCAAGTTCCA-1	muscle.rbm24_0
nc_TTCAATCCACTCCTGT-1	epithelia.olfactory.support_9
nc_TTCAATCGTCAAGTTC-1	muscle.rbm24_0
nc_TTCAATCGTTGCCATA-1	muscle.rbm24_0
nc_TTCAATCTCCGCAGTG-1	muscle.rbm24_0
nc_TTCAATCTCCTACAAG-1	muscle.rbm24_0
nc_TTCACCGCAAGAAACT-1	muscle.rbm24_0
nc_TTCACCGCAAGTGTCT-1	epithelia.cuticle.Osi16_2
nc_TTCACCGCACCCTATC-1	epithelia.cuticle.Osi16_2
nc_TTCACCGCACCCTGAG-1	epithelia.cuticle.Osi17_4
nc_TTCACCGGTGTATTCG-1	muscle.rbm24_0
nc_TTCACCGGTTTGAACC-1	epithelia.cuticle.Osi18_6
nc_TTCACCGTCCATGATG-1	muscle.rbm24_0
nc_TTCACCGTCCATTCAT-1	muscle.rbm24_0
nc_TTCACCGTCCGATGTA-1	glia1_8
nc_TTCACCGTCCGGACTG-1	epithelia.cuticle.cp.other_1
nc_TTCACCGTCGAGTTGT-1	epithelia.cuticle.cp.other_1
nc_TTCACCGTCGCCACTT-1	epithelia.cuticle.Osi17_4
nc_TTCACGCAGAAACCCG-1	glia1_8
nc_TTCACGCAGAGACAAG-1	trachea_15
nc_TTCACGCAGATCGCCC-1	fat.body_10
nc_TTCACGCAGTCTAACC-1	fat.body_10
nc_TTCACGCCACGACGCT-1	epithelia.cuticle.Osi16_2
nc_TTCACGCCACGTAACT-1	epithelia.olfactory.support_9
nc_TTCACGCCATAGACTC-1	epithelia.cuticle.Osi16_2
nc_TTCACGCCATCAGCAT-1	epithelia.cuticle.cp.soft_3
nc_TTCACGCCATGCAGGA-1	epithelia.tendon_5
nc_TTCACGCGTCGATTCA-1	epithelia.cuticle.cp.soft_3
nc_TTCACGCGTGATACCT-1	epithelia.cuticle.cp.other_1
nc_TTCACGCGTGCACGCT-1	epithelia.cuticle.Osi17_4
nc_TTCACGCGTTCTGACA-1	epithelia.olfactory.support_9
nc_TTCACGCTCAAGTAAG-1	muscle.rbm24_0
nc_TTCACGCTCACCGCTT-1	muscle.rbm24_0
nc_TTCACGCTCAGCGCAC-1	epithelia.cuticle.cp.soft_3
nc_TTCACGCTCCCTCGAT-1	muscle.rbm24_0
nc_TTCAGGACAAGCCCAC-1	epithelia.cuticle.Osi14_12
nc_TTCAGGACACCCGTAG-1	neuroglioblast.castor_17
nc_TTCAGGACATGGGTCC-1	muscle.rbm24_0
nc_TTCAGGAGTGACCGAA-1	epithelia.cuticle.Osi14_12
nc_TTCAGGAGTGAGAACC-1	muscle.rbm24_0
nc_TTCAGGAGTTACGGAG-1	epithelia.cuticle.cp.soft_3
nc_TTCAGGATCGCAATTG-1	trachea_15
nc_TTCAGGATCTAATTCC-1	muscle.rbm24_0
nc_TTCAGGATCTTTACAC-1	epithelia.cuticle.Osi18_6
nc_TTCATGTAGAGTTGCG-1	glia1_8
nc_TTCATGTAGCTGCGAA-1	epithelia.cuticle.Osi17_4
nc_TTCATGTCATGACTCA-1	epithelia.tendon_5
nc_TTCATGTGTAACTAAG-1	epithelia.cuticle.Osi18_6
nc_TTCATGTGTACGGATG-1	muscle.rbm24_0
nc_TTCATGTGTCTAGGCC-1	epithelia.cuticle.Osi16_2
nc_TTCATGTGTGTTCAGT-1	muscle.rbm24_0
nc_TTCATGTTCTCTTCAA-1	epithelia.cuticle.Osi17_4
nc_TTCATGTTCTGTACAG-1	epithelia.cuticle.cp.other_1
nc_TTCATTGAGAACCCGA-1	fat.body_10
nc_TTCATTGAGACTCATC-1	epithelia.cuticle.Osi16_2
nc_TTCATTGAGAGACAAG-1	epithelia.tendon_5
nc_TTCATTGAGCATTGAA-1	muscle.rbm24_0
nc_TTCATTGAGTACTGTC-1	trachea_15
nc_TTCATTGCACGACCTG-1	epithelia.cuticle.cp.other_1
nc_TTCATTGCATGACTCA-1	neuroglioblast.castor_17
nc_TTCATTGGTCTTCTAT-1	muscle.rbm24_0
nc_TTCATTGTCAGCTTGA-1	epithelia.cuticle.Osi16_2
nc_TTCATTGTCATCGGGC-1	epithelia.cuticle.cp.soft_3
nc_TTCATTGTCTTCTTCC-1	epithelia.cuticle.cp.soft_3
nc_TTCCAATAGGATACGC-1	muscle.rbm24_0
nc_TTCCAATAGGGCAGGA-1	epithelia.olfactory.support_9
nc_TTCCAATAGTAGTCTC-1	epithelia.cuticle.Osi16_2
nc_TTCCAATAGTGTTGTC-1	muscle.rbm24_0
nc_TTCCAATAGTTTCAGC-1	neuroglioblast.ol_14
nc_TTCCAATCACTACACA-1	epithelia.cuticle.Osi16_2
nc_TTCCAATCAGAACTAA-1	epithelia.cuticle.Osi17_4
nc_TTCCAATCAGCGTGCT-1	trachea_15
nc_TTCCAATCATTGAGCT-1	epithelia.cuticle.cp.soft_3
nc_TTCCAATGTTAATGAG-1	epithelia.cuticle.Osi16_2
nc_TTCCAATTCAGCATTG-1	epithelia.cuticle.cp.soft_3
nc_TTCCAATTCCAATGCA-1	epithelia.tendon_5
nc_TTCCAATTCGGATTAC-1	epithelia.cuticle.Osi16_2
nc_TTCCAATTCTCGAGTA-1	epithelia.olfactory.support_9
nc_TTCCAATTCTTGCGCT-1	glia1_8
nc_TTCCACGAGACGTCGA-1	epithelia.cuticle.Osi17_4
nc_TTCCACGAGGTCTACT-1	epithelia.cuticle.Osi16_2
nc_TTCCACGAGTAAAGCT-1	epithelia.cuticle.Osi16_2
nc_TTCCACGAGTAACAGT-1	muscle.rbm24_0
nc_TTCCACGAGTGCGACA-1	epithelia.cuticle.Osi18_6
nc_TTCCACGAGTGGTTAA-1	muscle.rbm24_0
nc_TTCCACGCACTAACGT-1	epithelia.cuticle.Osi18_6
nc_TTCCACGCAGGCGAAT-1	neuroglioblast.castor_17
nc_TTCCACGCATCAGTGT-1	muscle.rbm24_0
nc_TTCCACGCATCCGGCA-1	epithelia.cuticle.Osi16_2
nc_TTCCACGCATGGGTTT-1	glia1_8
nc_TTCCACGGTATCGCAT-1	hemocyte_16
nc_TTCCACGGTCTGCAAT-1	glia2_18
nc_TTCCACGGTTCACGAT-1	muscle.rbm24_0
nc_TTCCGGTAGATGGCGT-1	epithelia.cuticle.Osi16_2
nc_TTCCGGTAGCGTGAAC-1	neuron.cholinergic_11
nc_TTCCGGTAGTACGTCT-1	epithelia.cuticle.Osi18_6
nc_TTCCGGTAGTCATCGT-1	muscle.tup_19
nc_TTCCGGTCATCTTCGC-1	muscle.rbm24_0
nc_TTCCGGTTCCTAAGTG-1	neuroglioblast.castor_17
nc_TTCCGGTTCCTCCACA-1	epithelia.cuticle.biosynthesis_13
nc_TTCCGGTTCGCCAACG-1	epithelia.cuticle.Osi16_2
nc_TTCCGGTTCTAAGAAG-1	neuron.cholinergic_11
nc_TTCCGTGAGAAACTAC-1	muscle.rbm24_0
nc_TTCCGTGAGCACTAGG-1	neuron.cholinergic_11
nc_TTCCGTGAGGACAGCT-1	muscle.rbm24_0
nc_TTCCGTGAGGCTCTAT-1	neuroglioblast.ol_14
nc_TTCCGTGAGGTCTGGA-1	epithelia.cuticle.Osi17_4
nc_TTCCGTGCAACTTGCA-1	epithelia.tendon_5
nc_TTCCGTGCAAGCAATA-1	glia1_8
nc_TTCCGTGCACCACTGG-1	muscle.rbm24_0
nc_TTCCGTGCACGCCACA-1	epithelia.cuticle.Osi18_6
nc_TTCCGTGCAGGAATCG-1	epithelia.cuticle.cp.rigid_7
nc_TTCCGTGGTTGTTTGG-1	epithelia.cuticle.Osi16_2
nc_TTCCGTGTCTTCCTAA-1	muscle.rbm24_0
nc_TTCCTAAAGACGAGCT-1	muscle.rbm24_0
nc_TTCCTAAAGTCACACT-1	epithelia.cuticle.Osi18_6
nc_TTCCTAACAACTCATG-1	muscle.rbm24_0
nc_TTCCTAACAAGTCCCG-1	fat.body_10
nc_TTCCTAAGTGACAACG-1	epithelia.olfactory.support_9
nc_TTCCTAAGTGCAATAA-1	epithelia.cuticle.cp.rigid_7
nc_TTCCTAAGTGTGTACT-1	epithelia.cuticle.cp.soft_3
nc_TTCCTAAGTTGGGAAC-1	glia2_18
nc_TTCCTAATCGACATTG-1	muscle.rbm24_0
nc_TTCCTCTAGCAAATCA-1	hemocyte_16
nc_TTCCTCTAGGCGACAT-1	fat.body_10
nc_TTCCTCTCACACGTGC-1	epithelia.tendon_5
nc_TTCCTCTCATAGACTC-1	muscle.rbm24_0
nc_TTCCTCTGTCATAAAG-1	epithelia.cuticle.cp.other_1
nc_TTCCTCTTCACTTGTT-1	epithelia.cuticle.cp.soft_3
nc_TTCCTCTTCATCGTAG-1	epithelia.cuticle.Osi16_2
nc_TTCCTCTTCCGAAATC-1	neuroglioblast.castor_17
nc_TTCCTCTTCGCTAAAC-1	epithelia.cuticle.Osi17_4
nc_TTCCTTCAGCTACGTT-1	epithelia.cuticle.Osi16_2
nc_TTCCTTCAGCTAGATA-1	epithelia.cuticle.cp.other_1
nc_TTCCTTCAGTCAACAA-1	epithelia.olfactory.support_9
nc_TTCCTTCAGTCATAGA-1	epithelia.cuticle.cp.other_1
nc_TTCCTTCCAATTGGTC-1	muscle.rbm24_0
nc_TTCCTTCCACTGTCCT-1	muscle.rbm24_0
nc_TTCCTTCCAGCAGTAG-1	glia1_8
nc_TTCCTTCCAGGACTAG-1	neuron.cholinergic_11
nc_TTCCTTCCATAGATCC-1	epithelia.cuticle.cp.rigid_7
nc_TTCCTTCGTAACACCT-1	hemocyte_16
nc_TTCCTTCGTAGATCGG-1	muscle.tup_19
nc_TTCCTTCGTGGTTTGT-1	fat.body_10
nc_TTCCTTCTCAAGCGTT-1	epithelia.olfactory.support_9
nc_TTCCTTCTCACTGGTA-1	epithelia.tendon_5
nc_TTCCTTCTCACTTGGA-1	epithelia.cuticle.cp.other_1
nc_TTCCTTCTCCACATAG-1	gland.corpora-allata_22
nc_TTCCTTCTCCTAGCCT-1	muscle.rbm24_0
nc_TTCGATTAGGGATGTC-1	epithelia.cuticle.Osi16_2
nc_TTCGATTCAATACCCA-1	epithelia.cuticle.cp.soft_3
nc_TTCGATTCACCAATTG-1	neuroglioblast.castor_17
nc_TTCGATTCATATTCGG-1	muscle.rbm24_0
nc_TTCGATTCATTCCTCG-1	epithelia.cuticle.cp.soft_3
nc_TTCGATTCATTGCTGA-1	epithelia.olfactory.support_9
nc_TTCGATTGTATTTCTC-1	epithelia.cuticle.Osi16_2
nc_TTCGATTGTCAAAGCG-1	muscle.rbm24_0
nc_TTCGATTGTTCATCGA-1	muscle.rbm24_0
nc_TTCGATTGTTCGGTCG-1	epithelia.cuticle.Osi16_2
nc_TTCGATTGTTCTAACG-1	muscle.rbm24_0
nc_TTCGATTGTTTCTTAC-1	epithelia.cuticle.cp.other_1
nc_TTCGATTTCTATCCAT-1	muscle.rbm24_0
nc_TTCGATTTCTGCCTGT-1	epithelia.cuticle.Osi16_2
nc_TTCGCTGCAAAGACTA-1	epithelia.cuticle.Osi16_2
nc_TTCGCTGCACATTGTG-1	epithelia.tendon_5
nc_TTCGCTGCACCTGTCT-1	muscle.rbm24_0
nc_TTCGCTGCACGACCTG-1	muscle.rbm24_0
nc_TTCGCTGGTATATGGA-1	epithelia.cuticle.cp.soft_3
nc_TTCGCTGGTATCAGGG-1	epithelia.olfactory.support_9
nc_TTCGGTCAGAGGCGGA-1	muscle.rbm24_0
nc_TTCGGTCAGCGTCAAG-1	epithelia.tendon_5
nc_TTCGGTCAGGATGAGA-1	epithelia.cuticle.Osi14_12
nc_TTCGGTCAGGCGACAT-1	epithelia.cuticle.cp.soft_3
nc_TTCGGTCGTAATACCC-1	epithelia.cuticle.Osi17_4
nc_TTCGGTCGTCATTCCC-1	epithelia.olfactory.support_9
nc_TTCGGTCGTGACTGAG-1	epithelia.cuticle.cp.other_1
nc_TTCGGTCTCTTTCTAG-1	neuroglioblast.ol_14
nc_TTCTAACAGACATGCG-1	muscle.rbm24_0
nc_TTCTAACAGCAACAGC-1	epithelia.cuticle.cp.other_1
nc_TTCTAACGTACGATTC-1	epithelia.cuticle.Osi14_12
nc_TTCTAACGTGGTTTGT-1	fat.body_10
nc_TTCTAACGTTAGAGAT-1	epithelia.cuticle.cp.rigid_7
nc_TTCTAACGTTATGGTC-1	epithelia.cuticle.Osi16_2
nc_TTCTAACTCATCTACT-1	epithelia.cuticle.Osi16_2
nc_TTCTAACTCCCGTGAG-1	muscle.rbm24_0
nc_TTCTAACTCGGTAAGG-1	muscle.rbm24_0
nc_TTCTAACTCTGTGTGA-1	muscle.rbm24_0
nc_TTCTAGTAGACTTGTC-1	epithelia.tendon_5
nc_TTCTAGTAGCAACCAG-1	epithelia.cuticle.biosynthesis_13
nc_TTCTAGTAGCACTCTA-1	epithelia.cuticle.cp.rigid_7
nc_TTCTAGTAGTCGGCAA-1	epithelia.cuticle.cp.other_1
nc_TTCTAGTCAGACAATA-1	epithelia.cuticle.cp.other_1
nc_TTCTAGTCAGGCAATG-1	muscle.rbm24_0
nc_TTCTAGTCATCCTCAC-1	muscle.rbm24_0
nc_TTCTAGTGTGAGATAT-1	epithelia.cuticle.cp.soft_3
nc_TTCTAGTGTGCCGTAC-1	muscle.tup_19
nc_TTCTAGTGTGCGTGCT-1	muscle.rbm24_0
nc_TTCTAGTGTGGTTCTA-1	muscle.rbm24_0
nc_TTCTAGTTCATAAGGA-1	neuron.cholinergic_11
nc_TTCTAGTTCCGTGTCT-1	muscle.rbm24_0
nc_TTCTAGTTCTCCTGAC-1	muscle.rbm24_0
nc_TTCTCTCAGGGTGGGA-1	neuroglioblast.ol_14
nc_TTCTCTCAGTCGCCCA-1	epithelia.cuticle.cp.rigid_7
nc_TTCTCTCAGTTGCTGT-1	epithelia.olfactory.support_9
nc_TTCTCTCCAAACCGGA-1	epithelia.cuticle.cp.rigid_7
nc_TTCTCTCCAAGACCTT-1	epithelia.cuticle.cp.soft_3
nc_TTCTCTCCAAGAGTAT-1	epithelia.cuticle.cp.soft_3
nc_TTCTCTCCAATCAGCT-1	muscle.rbm24_0
nc_TTCTCTCCATGGTGGA-1	epithelia.tendon_5
nc_TTCTCTCGTACTGGGA-1	epithelia.cuticle.Osi17_4
nc_TTCTCTCGTAGAAACT-1	muscle.rbm24_0
nc_TTCTCTCTCCTAGCGG-1	epithelia.cuticle.cp.other_1
nc_TTCTCTCTCTCTAAGG-1	epithelia.cuticle.Osi16_2
nc_TTCTGTAAGAATAACC-1	muscle.rbm24_0
nc_TTCTGTAAGATCGCTT-1	epithelia.cuticle.Osi16_2
nc_TTCTGTAAGATGCTTC-1	epithelia.cuticle.cp.other_1
nc_TTCTGTACACTCTGCT-1	glia1_8
nc_TTCTGTACACTTACAG-1	epithelia.cuticle.cp.soft_3
nc_TTCTGTAGTATCCCAA-1	epithelia.cuticle.Osi14_12
nc_TTCTGTAGTTCTAAGC-1	epithelia.cuticle.cp.rigid_7
nc_TTCTGTATCACAGTGT-1	muscle.rbm24_0
nc_TTCTGTATCCACGGAC-1	glia1_8
nc_TTCTGTATCCGATCGG-1	neuron.cholinergic_11
nc_TTCTGTATCTCCTGAC-1	epithelia.cuticle.cp.other_1
nc_TTCTTCCAGCAGGGAG-1	glia1_8
nc_TTCTTCCAGGTTCTAC-1	glia2_18
nc_TTCTTCCAGTAGGTTA-1	fat.body_10
nc_TTCTTCCAGTTGAAAC-1	muscle.rbm24_0
nc_TTCTTCCCAAAGGAGA-1	fat.body_10
nc_TTCTTCCCAAAGGGCT-1	epithelia.cuticle.cp.other_1
nc_TTCTTCCCAACAGCCC-1	muscle.rbm24_0
nc_TTCTTCCCACGCTTAA-1	muscle.rbm24_0
nc_TTCTTCCGTATAGGAT-1	muscle.rbm24_0
nc_TTCTTCCGTTAAACAG-1	epithelia.cuticle.Osi17_4
nc_TTCTTCCTCATCGACA-1	neuron.cholinergic_11
nc_TTCTTCCTCCATATGG-1	epithelia.cuticle.cp.other_1
nc_TTCTTCCTCGCAGTCG-1	epithelia.cuticle.Osi17_4
nc_TTCTTCCTCTGCGATA-1	trachea_15
nc_TTCTTGAAGAATTGTG-1	epithelia.cuticle.cp.other_1
nc_TTCTTGAAGACGCCCT-1	muscle.rbm24_0
nc_TTCTTGAAGATCCGAG-1	muscle.rbm24_0
nc_TTCTTGAAGCTCTATG-1	epithelia.cuticle.cp.other_1
nc_TTCTTGACAAACACCT-1	muscle.tup_19
nc_TTCTTGACAAATAAGC-1	epithelia.olfactory.support_9
nc_TTCTTGACAGGACATG-1	muscle.rbm24_0
nc_TTCTTGACATCGGCCA-1	muscle.rbm24_0
nc_TTCTTGAGTAGGTGCA-1	epithelia.olfactory.support_9
nc_TTCTTGAGTAGTGTGG-1	muscle.rbm24_0
nc_TTCTTGAGTGGGTCAA-1	epithelia.cuticle.cp.soft_3
nc_TTCTTGATCAGGAAGC-1	epithelia.cuticle.cp.other_1
nc_TTCTTGATCCAACTAG-1	epithelia.cuticle.Osi17_4
nc_TTCTTGATCCTCTAAT-1	epithelia.cuticle.Osi16_2
nc_TTCTTGATCGCCACTT-1	muscle.rbm24_0
nc_TTCTTGATCTCCCTAG-1	epithelia.tendon_5
nc_TTCTTGATCTGAATCG-1	epithelia.cuticle.Osi17_4
nc_TTCTTGATCTGGACCG-1	muscle.rbm24_0
nc_TTCTTGATCTTACTGT-1	epithelia.cuticle.Osi17_4
nc_TTGAACGAGACCTCCG-1	neuroglioblast.ol_14
nc_TTGAACGCACAAGTGG-1	muscle.rbm24_0
nc_TTGAACGCAGCGTAGA-1	epithelia.cuticle.Osi17_4
nc_TTGAACGCATCATTGG-1	epithelia.cuticle.cp.other_1
nc_TTGAACGGTAAGATCA-1	glia1_8
nc_TTGAACGGTTCCCAAA-1	muscle.rbm24_0
nc_TTGAACGGTTTCACAG-1	epithelia.olfactory.support_9
nc_TTGAACGTCAACTCTT-1	neuron.cholinergic_11
nc_TTGAACGTCACTTCTA-1	gland.corpora-allata_22
nc_TTGAACGTCTACTCAT-1	epithelia.tendon_5
nc_TTGACCCAGACCCGCT-1	neuron.cholinergic_11
nc_TTGACCCAGCCTCACG-1	epithelia.cuticle.cp.other_1
nc_TTGACCCCAATAGGGC-1	muscle.rbm24_0
nc_TTGACCCCAGCTAACT-1	fat.body_10
nc_TTGACCCGTTTATGCG-1	epithelia.cuticle.Osi17_4
nc_TTGACCCTCACGGTCG-1	epithelia.cuticle.cp.soft_3
nc_TTGACCCTCGAAGTGG-1	epithelia.tendon_5
nc_TTGAGTGAGACATAGT-1	muscle.rbm24_0
nc_TTGAGTGAGGTCACTT-1	epithelia.cuticle.cp.other_1
nc_TTGAGTGCAAACTAAG-1	epithelia.cuticle.Osi16_2
nc_TTGAGTGCAATATCCG-1	epithelia.olfactory.support_9
nc_TTGAGTGCAATCTCTT-1	muscle.tup_19
nc_TTGAGTGCACACGCCA-1	epithelia.cuticle.cp.soft_3
nc_TTGAGTGCAGTCGAGA-1	epithelia.cuticle.Osi17_4
nc_TTGAGTGCATCGAAGG-1	neuron.cholinergic_11
nc_TTGAGTGGTACTCCGG-1	glia1_8
nc_TTGAGTGGTCCCGTGA-1	epithelia.cuticle.Osi16_2
nc_TTGAGTGTCATTCACT-1	epithelia.cuticle.Osi16_2
nc_TTGAGTGTCGTTCCTG-1	epithelia.tendon_5
nc_TTGAGTGTCTCTCCGA-1	epithelia.cuticle.Osi16_2
nc_TTGATGGAGGACTGGT-1	epithelia.cuticle.cp.other_1
nc_TTGATGGAGTCTCTGA-1	epithelia.cuticle.cp.soft_3
nc_TTGATGGAGTTTAGGA-1	epithelia.tendon_5
nc_TTGATGGCAATCGAAA-1	epithelia.cuticle.cp.other_1
nc_TTGATGGGTATGCTTG-1	glia1_8
nc_TTGATGGTCGCTGATA-1	epithelia.cuticle.Osi17_4
nc_TTGATGGTCTCTGAGA-1	neuron.chol.ciliated_20
nc_TTGATGGTCTTTGGAG-1	muscle.rbm24_0
nc_TTGCATTAGAAACTAC-1	epithelia.cuticle.Osi16_2
nc_TTGCATTAGATCCGAG-1	muscle.rbm24_0
nc_TTGCATTAGCACTCGC-1	epithelia.cuticle.cp.rigid_7
nc_TTGCATTAGCCGAACA-1	epithelia.cuticle.Osi16_2
nc_TTGCATTAGCGGACAT-1	muscle.rbm24_0
nc_TTGCATTAGCTAGATA-1	muscle.rbm24_0
nc_TTGCATTCAAGACCGA-1	epithelia.tendon_5
nc_TTGCATTCAGTCGTTA-1	epithelia.cuticle.cp.other_1
nc_TTGCATTCATTAAGCC-1	epithelia.cuticle.cp.other_1
nc_TTGCATTGTATCGCTA-1	muscle.rbm24_0
nc_TTGCATTGTCCAGCGT-1	epithelia.tendon_5
nc_TTGCATTGTCCTCCTA-1	neuron.cholinergic_11
nc_TTGCATTTCAAACGAA-1	epithelia.cuticle.cp.other_1
nc_TTGCATTTCGCATGAT-1	epithelia.cuticle.cp.other_1
nc_TTGCCTGAGACGATAT-1	muscle.rbm24_0
nc_TTGCCTGAGCGCTGCT-1	muscle.rbm24_0
nc_TTGCCTGAGGCCACCT-1	hemocyte_16
nc_TTGCCTGAGGGTTAAT-1	muscle.rbm24_0
nc_TTGCCTGAGTAACAGT-1	muscle.rbm24_0
nc_TTGCCTGAGTATGAAC-1	epithelia.cuticle.Osi16_2
nc_TTGCCTGCAACGTAAA-1	epithelia.cuticle.Osi17_4
nc_TTGCCTGCATGAAGCG-1	epithelia.cuticle.Osi17_4
nc_TTGCCTGGTCGATTAC-1	epithelia.cuticle.Osi17_4
nc_TTGCCTGTCCGTGTCT-1	neuron.chol.ciliated_20
nc_TTGCCTGTCTCTCTAA-1	epithelia.cuticle.Osi17_4
nc_TTGCCTGTCTTGATTC-1	muscle.rbm24_0
nc_TTGCGTCAGTGCGCTC-1	epithelia.cuticle.cp.rigid_7
nc_TTGCGTCCACGGTGTC-1	muscle.tup_19
nc_TTGCGTCGTCTCACGG-1	glia2_18
nc_TTGCGTCTCTCCTGTG-1	glia2_18
nc_TTGCTGCAGCAAATCA-1	epithelia.cuticle.cp.other_1
nc_TTGCTGCAGCCTGTCG-1	epithelia.cuticle.cp.soft_3
nc_TTGCTGCAGCGAGTAC-1	epithelia.tendon_5
nc_TTGCTGCAGGAGATAG-1	glia2_18
nc_TTGCTGCCAGCTAACT-1	epithelia.cuticle.Osi16_2
nc_TTGCTGCCAGGATCTT-1	epithelia.cuticle.cp.other_1
nc_TTGCTGCCAGGTATGG-1	epithelia.cuticle.cp.other_1
nc_TTGCTGCCATTCACAG-1	trachea_15
nc_TTGCTGCGTAGTGGCA-1	epithelia.tendon_5
nc_TTGCTGCGTGGTCTAT-1	epithelia.cuticle.cp.other_1
nc_TTGCTGCTCACCACAA-1	epithelia.cuticle.cp.other_1
nc_TTGCTGCTCATACGAC-1	epithelia.cuticle.Osi14_12
nc_TTGCTGCTCTGATGGT-1	epithelia.cuticle.cp.soft_3
nc_TTGGATGAGCAGGGAG-1	epithelia.cuticle.Osi16_2
nc_TTGGATGCAGGAATAT-1	muscle.rbm24_0
nc_TTGGATGGTATAGCTC-1	glia1_8
nc_TTGGATGGTGAGGATC-1	muscle.rbm24_0
nc_TTGGATGGTGGTTTAC-1	epithelia.cuticle.cp.soft_3
nc_TTGGATGTCACGGAGA-1	epithelia.cuticle.Osi14_12
nc_TTGGGATAGCGACTTT-1	epithelia.olfactory.support_9
nc_TTGGGATAGTACCCTA-1	muscle.rbm24_0
nc_TTGGGATAGTAGCAAT-1	neuron.chol.ciliated_20
nc_TTGGGATCACAGTCGC-1	epithelia.cuticle.cp.soft_3
nc_TTGGGATCAGAGTTCT-1	muscle.rbm24_0
nc_TTGGGATCATCGATAC-1	epithelia.cuticle.cp.other_1
nc_TTGGGATCATGGCTAT-1	epithelia.tendon_5
nc_TTGGGATGTACGGTTT-1	epithelia.cuticle.cp.soft_3
nc_TTGGGATGTCCAAATC-1	hemocyte_16
nc_TTGGGATGTGATTCTG-1	epithelia.cuticle.cp.soft_3
nc_TTGGGATGTTACACAC-1	muscle.rbm24_0
nc_TTGGGATGTTCTCAGA-1	epithelia.cuticle.cp.other_1
nc_TTGGGATGTTGTTGTG-1	epithelia.cuticle.Osi14_12
nc_TTGGGATTCATGCTAG-1	epithelia.cuticle.Osi17_4
nc_TTGGGATTCGTGCACG-1	epithelia.cuticle.Osi16_2
nc_TTGGGATTCTGAACGT-1	epithelia.cuticle.cp.other_1
nc_TTGGGCGAGATAACAC-1	epithelia.cuticle.cp.other_1
nc_TTGGGCGCAATACCCA-1	epithelia.tendon_5
nc_TTGGGCGCATGCCATA-1	epithelia.olfactory.support_9
nc_TTGGGCGGTATCCCTC-1	muscle.rbm24_0
nc_TTGGGCGGTATCGAAA-1	muscle.rbm24_0
nc_TTGGGCGGTTCGTTCC-1	epithelia.tendon_5
nc_TTGGGCGGTTGTCTAG-1	epithelia.cuticle.Osi16_2
nc_TTGGGTAAGCCGTTGC-1	muscle.rbm24_0
nc_TTGGGTAAGCCTTTCC-1	epithelia.tendon_5
nc_TTGGGTACATAGATGA-1	epithelia.cuticle.Osi16_2
nc_TTGGGTACATATGAAG-1	neuroglioblast.castor_17
nc_TTGGGTAGTCCGGACT-1	epithelia.tendon_5
nc_TTGGGTAGTCGTATTG-1	epithelia.olfactory.support_9
nc_TTGGGTATCCGTTGGG-1	epithelia.cuticle.cp.soft_3
nc_TTGGGTATCTAAGCGT-1	muscle.rbm24_0
nc_TTGGGTATCTCAGGCG-1	epithelia.olfactory.support_9
nc_TTGGGTATCTCTAAGG-1	muscle.rbm24_0
nc_TTGGTTTAGGCGATAC-1	epithelia.tendon_5
nc_TTGGTTTAGTGGACTG-1	epithelia.cuticle.cp.soft_3
nc_TTGGTTTCAACAAGTA-1	gland.corpora-allata_22
nc_TTGGTTTCAAGACGGT-1	epithelia.cuticle.Osi18_6
nc_TTGGTTTCACCTCTAC-1	muscle.rbm24_0
nc_TTGGTTTCAGAGTGTG-1	epithelia.cuticle.Osi18_6
nc_TTGGTTTCATCGGTTA-1	neuron.cholinergic_11
nc_TTGGTTTGTTGCACGC-1	epithelia.cuticle.cp.soft_3
nc_TTGGTTTGTTTCTATC-1	muscle.rbm24_0
nc_TTGGTTTTCCCGAGTG-1	epithelia.cuticle.cp.other_1
nc_TTGGTTTTCCTGTAAG-1	epithelia.cuticle.cp.other_1
nc_TTGGTTTTCTTCGTGC-1	epithelia.cuticle.cp.other_1
nc_TTGTGGAAGAGGGTGG-1	hemocyte_16
nc_TTGTGGACAATTGCCA-1	muscle.rbm24_0
nc_TTGTGGACAGTTGTCA-1	epithelia.cuticle.cp.other_1
nc_TTGTGGAGTAGTTACC-1	muscle.rbm24_0
nc_TTGTGGAGTGTATCCA-1	epithelia.tendon_5
nc_TTGTGGAGTTCCGGTG-1	epithelia.cuticle.Osi17_4
nc_TTGTGGATCCAGGACC-1	neuroglioblast.castor_17
nc_TTGTGGATCTAGTTCT-1	epithelia.cuticle.biosynthesis_13
nc_TTGTGTTAGTTTGGCT-1	epithelia.cuticle.cp.soft_3
nc_TTGTGTTCATGTGGTT-1	epithelia.cuticle.Osi18_6
nc_TTGTGTTGTGAGATTA-1	fat.body_10
nc_TTGTGTTGTTAGAGAT-1	epithelia.cuticle.cp.soft_3
nc_TTGTGTTTCAAGAGGC-1	neuroglioblast.castor_17
nc_TTGTGTTTCACGGACC-1	trachea_15
nc_TTGTGTTTCCTCGATC-1	muscle.rbm24_0
nc_TTGTGTTTCGGAAGGT-1	epithelia.cuticle.cp.soft_3
nc_TTGTTCAAGCCGATCC-1	fat.body_10
nc_TTGTTCAAGCGAACTG-1	epithelia.olfactory.support_9
nc_TTGTTCAAGGCAGCTA-1	epithelia.tendon_5
nc_TTGTTCAAGTCCTACA-1	epithelia.olfactory.support_9
nc_TTGTTCACAACCTAAC-1	epithelia.cuticle.cp.other_1
nc_TTGTTCACACAACGAG-1	neuroglioblast.ol_14
nc_TTGTTCACACAGAAGC-1	hemocyte_16
nc_TTGTTCATCAGTGTCA-1	epithelia.tendon_5
nc_TTGTTCATCATTACGG-1	epithelia.cuticle.cp.rigid_7
nc_TTGTTCATCCTGATAG-1	epithelia.cuticle.cp.other_1
nc_TTGTTCATCGCATTGA-1	epithelia.cuticle.cp.other_1
nc_TTGTTCATCTAGCCAA-1	epithelia.cuticle.Osi17_4
nc_TTGTTCATCTTCGGAA-1	epithelia.cuticle.Osi16_2
nc_TTGTTCATCTTGTGCC-1	muscle.rbm24_0
nc_TTGTTCATCTTTGCAT-1	epithelia.cuticle.cp.soft_3
nc_TTGTTGTAGAAGCCTG-1	epithelia.olfactory.support_9
nc_TTGTTGTAGTATAGAC-1	epithelia.cuticle.Osi17_4
nc_TTGTTGTAGTCCCAAT-1	muscle.rbm24_0
nc_TTGTTGTCAGAGTCTT-1	epithelia.cuticle.cp.other_1
nc_TTGTTGTGTACCAATC-1	muscle.rbm24_0
nc_TTGTTGTGTCTTGTCC-1	epithelia.cuticle.Osi16_2
nc_TTGTTGTTCATCTCTA-1	muscle.rbm24_0
nc_TTGTTGTTCCCGTAAA-1	trachea_15
nc_TTGTTGTTCTCCTGTG-1	neuroglioblast.ol_14
nc_TTGTTTGAGCACCGTC-1	muscle.rbm24_0
nc_TTGTTTGAGCGCCGTT-1	epithelia.cuticle.cp.rigid_7
nc_TTGTTTGAGTTGGCTT-1	epithelia.cuticle.cp.other_1
nc_TTGTTTGCAACGTATC-1	epithelia.cuticle.Osi16_2
nc_TTGTTTGCAAGAGGCT-1	epithelia.cuticle.cp.soft_3
nc_TTGTTTGCAATCACGT-1	epithelia.cuticle.Osi17_4
nc_TTGTTTGCACGGTGTC-1	neuroglioblast.ol_14
nc_TTGTTTGCATGACACT-1	fat.body_10
nc_TTGTTTGGTAACTGCT-1	epithelia.tendon_5
nc_TTGTTTGGTATCACCA-1	epithelia.cuticle.Osi16_2
nc_TTGTTTGTCATGCTAG-1	epithelia.cuticle.cp.other_1
nc_TTGTTTGTCTGTCTCG-1	neuroglioblast.ol_14
nc_TTTACCAAGGCACTAG-1	epithelia.cuticle.Osi17_4
nc_TTTACCACAGTCTCTC-1	epithelia.cuticle.Osi17_4
nc_TTTACCACATCGATAC-1	epithelia.cuticle.Osi16_2
nc_TTTACCAGTCGCTTGG-1	muscle.rbm24_0
nc_TTTACCATCAATGCAC-1	muscle.rbm24_0
nc_TTTACCATCAGGAAGC-1	epithelia.cuticle.cp.soft_3
nc_TTTACGTAGAGCATCG-1	muscle.rbm24_0
nc_TTTACGTAGCTACTAC-1	fat.body_10
nc_TTTACGTAGGTACATA-1	muscle.rbm24_0
nc_TTTACGTCACCGTGGT-1	epithelia.cuticle.Osi17_4
nc_TTTACGTGTACCGGCT-1	epithelia.tendon_5
nc_TTTACGTGTCCAGCCA-1	epithelia.cuticle.Osi16_2
nc_TTTACGTGTCGGCCTA-1	muscle.rbm24_0
nc_TTTACGTTCCACCCTA-1	muscle.rbm24_0
nc_TTTACTGAGACCAGAC-1	epithelia.cuticle.Osi16_2
nc_TTTACTGAGCAGCCCT-1	glia1_8
nc_TTTACTGAGGCACAAC-1	muscle.rbm24_0
nc_TTTACTGAGGTCGCCT-1	epithelia.cuticle.cp.other_1
nc_TTTACTGAGTCATCGT-1	epithelia.cuticle.cp.other_1
nc_TTTACTGCACGTCTCT-1	epithelia.tendon_5
nc_TTTACTGCAGAGTTGG-1	muscle.rbm24_0
nc_TTTACTGCATTACTCT-1	neuron.cholinergic_11
nc_TTTACTGGTCGTATTG-1	epithelia.tendon_5
nc_TTTACTGGTGATGTAA-1	epithelia.cuticle.Osi16_2
nc_TTTACTGGTGGATTTC-1	muscle.rbm24_0
nc_TTTACTGGTGTCCAAT-1	epithelia.cuticle.cp.other_1
nc_TTTACTGTCAGTCACA-1	epithelia.cuticle.cp.soft_3
nc_TTTACTGTCATACGAC-1	epithelia.cuticle.Osi14_12
nc_TTTAGTCCAGAATGTA-1	epithelia.cuticle.Osi18_6
nc_TTTAGTCCAGTATTCG-1	muscle.rbm24_0
nc_TTTAGTCCATCTATCT-1	epithelia.cuticle.cp.rigid_7
nc_TTTAGTCGTAGCCAGA-1	muscle.rbm24_0
nc_TTTAGTCGTCCACACG-1	epithelia.tendon_5
nc_TTTAGTCGTGCGCTCA-1	muscle.rbm24_0
nc_TTTAGTCGTTTGGGAG-1	muscle.rbm24_0
nc_TTTAGTCTCTTCTAAC-1	muscle.rbm24_0
nc_TTTATGCAGCGCTTCG-1	muscle.rbm24_0
nc_TTTATGCCACAAGTTC-1	epithelia.cuticle.Osi16_2
nc_TTTATGCGTCTAACTG-1	glia1_8
nc_TTTATGCGTCTCAAGT-1	epithelia.cuticle.cp.other_1
nc_TTTATGCGTGACCGAA-1	epithelia.cuticle.Osi16_2
nc_TTTATGCTCGCAATTG-1	epithelia.cuticle.cp.soft_3
nc_TTTATGCTCTATTTCG-1	muscle.rbm24_0
nc_TTTATGCTCTGGTTGA-1	neuroglioblast.ol_14
nc_TTTCACAAGACAGTCG-1	epithelia.cuticle.Osi16_2
nc_TTTCACAAGAGCTTTC-1	epithelia.cuticle.cp.other_1
nc_TTTCACAAGTGGACTG-1	epithelia.cuticle.cp.other_1
nc_TTTCACACAAGCGCAA-1	epithelia.cuticle.cp.soft_3
nc_TTTCACACACGAGAAC-1	epithelia.cuticle.Osi17_4
nc_TTTCACACACTTCCTG-1	epithelia.cuticle.cp.other_1
nc_TTTCACACAGCAGTGA-1	fat.body_10
nc_TTTCACAGTACGGTTT-1	muscle.rbm24_0
nc_TTTCACAGTCTGTGTA-1	epithelia.cuticle.cp.soft_3
nc_TTTCACAGTTCAGCTA-1	epithelia.cuticle.Osi16_2
nc_TTTCACAGTTCAGTAC-1	epithelia.cuticle.cp.soft_3
nc_TTTCACATCATTTGGG-1	epithelia.cuticle.Osi16_2
nc_TTTCACATCCAGTACA-1	epithelia.cuticle.Osi17_4
nc_TTTCACATCTCAACCC-1	epithelia.cuticle.Osi16_2
nc_TTTCAGTAGCAGGCTA-1	epithelia.cuticle.cp.other_1
nc_TTTCAGTAGCATCCTA-1	muscle.rbm24_0
nc_TTTCAGTAGTAAGGGA-1	epithelia.cuticle.cp.other_1
nc_TTTCAGTAGTTGGCGA-1	epithelia.tendon_5
nc_TTTCAGTCAAATTGCC-1	hemocyte_16
nc_TTTCAGTCACAATCTG-1	epithelia.olfactory.support_9
nc_TTTCAGTCACTTCTCG-1	muscle.rbm24_0
nc_TTTCAGTCAGAACCGA-1	muscle.rbm24_0
nc_TTTCAGTCAGGCTATT-1	glia1_8
nc_TTTCAGTCATCCTCAC-1	epithelia.cuticle.cp.other_1
nc_TTTCAGTGTAATGCTC-1	muscle.rbm24_0
nc_TTTCAGTGTCCTGAAT-1	epithelia.cuticle.Osi16_2
nc_TTTCAGTGTGAGATCG-1	epithelia.cuticle.cp.other_1
nc_TTTCAGTGTTGTTGAC-1	muscle.rbm24_0
nc_TTTCAGTTCACTTATC-1	epithelia.cuticle.Osi18_6
nc_TTTCAGTTCAGACTGT-1	epithelia.cuticle.cp.other_1
nc_TTTCAGTTCCGGGACT-1	trachea_15
nc_TTTCATGAGACCGTTT-1	neuroglioblast.ol_14
nc_TTTCATGAGGCGATAC-1	muscle.rbm24_0
nc_TTTCATGAGTGACCTT-1	epithelia.tendon_5
nc_TTTCATGCAAGGTCGA-1	muscle.rbm24_0
nc_TTTCATGCACTCACTC-1	epithelia.cuticle.cp.other_1
nc_TTTCATGGTCGCCTAG-1	muscle.rbm24_0
nc_TTTCATGGTCTTACAG-1	trachea_15
nc_TTTCATGGTGGCTGCT-1	muscle.rbm24_0
nc_TTTCATGGTTATTCCT-1	muscle.rbm24_0
nc_TTTCATGTCAGCATTG-1	muscle.rbm24_0
nc_TTTCATGTCAGCTGAT-1	epithelia.olfactory.support_9
nc_TTTCATGTCGATGCAT-1	epithelia.cuticle.cp.other_1
nc_TTTCATGTCGATTTCT-1	epithelia.cuticle.Osi18_6
nc_TTTCATGTCTGCTAGA-1	epithelia.cuticle.Osi16_2
nc_TTTCCTCAGCACTCTA-1	epithelia.cuticle.Osi16_2
nc_TTTCCTCAGCAGCCTC-1	muscle.rbm24_0
nc_TTTCCTCCAACTCGTA-1	epithelia.cuticle.Osi16_2
nc_TTTCCTCCAATGTTGC-1	epithelia.olfactory.support_9
nc_TTTCCTCCACAAATGA-1	muscle.rbm24_0
nc_TTTCCTCCACAAGCCC-1	epithelia.cuticle.cp.rigid_7
nc_TTTCCTCCACTGCTTC-1	muscle.rbm24_0
nc_TTTCCTCCAGCAGACA-1	epithelia.cuticle.cp.other_1
nc_TTTCCTCCATAGGAGC-1	neuroglioblast.castor_17
nc_TTTCCTCGTCGGTACC-1	neuroglioblast.ol_14
nc_TTTCCTCTCATCTGTT-1	epithelia.cuticle.Osi18_6
nc_TTTCCTCTCTATCCAT-1	epithelia.tendon_5
nc_TTTCGATAGACTTCAC-1	muscle.rbm24_0
nc_TTTCGATAGCGTGCCT-1	fat.body_10
nc_TTTCGATAGCTCCGAC-1	epithelia.cuticle.cp.rigid_7
nc_TTTCGATAGGAACGCT-1	epithelia.cuticle.Osi14_12
nc_TTTCGATCAAGTGATA-1	epithelia.cuticle.Osi17_4
nc_TTTCGATCACGTACAT-1	epithelia.cuticle.cp.soft_3
nc_TTTCGATCACTTGGGC-1	glia1_8
nc_TTTCGATCAGAACCGA-1	epithelia.cuticle.cp.soft_3
nc_TTTCGATCAGGGATAC-1	epithelia.cuticle.Osi18_6
nc_TTTCGATCATATTCGG-1	epithelia.cuticle.cp.other_1
nc_TTTCGATTCACGATCA-1	muscle.rbm24_0
nc_TTTCGATTCGATCCAA-1	fat.body_10
nc_TTTGACTAGGGTATAT-1	epithelia.cuticle.cp.soft_3
nc_TTTGACTAGTCGGCCT-1	epithelia.cuticle.cp.other_1
nc_TTTGACTCAAGGCAAC-1	epithelia.tendon_5
nc_TTTGACTCAGGAATCG-1	muscle.rbm24_0
nc_TTTGACTGTGACACGA-1	epithelia.cuticle.Osi17_4
nc_TTTGACTTCATGTCAG-1	muscle.rbm24_0
nc_TTTGACTTCCGATAAC-1	muscle.rbm24_0
nc_TTTGACTTCTCATAGG-1	muscle.rbm24_0
nc_TTTGATCAGTAGCTCT-1	neuroglioblast.ol_14
nc_TTTGATCCAACCAATC-1	epithelia.cuticle.Osi16_2
nc_TTTGATCCAACCTAAC-1	muscle.rbm24_0
nc_TTTGATCCAATGGGTG-1	epithelia.cuticle.cp.other_1
nc_TTTGATCGTTGCTCGG-1	trachea_15
nc_TTTGATCGTTGGCCGT-1	epithelia.cuticle.cp.soft_3
nc_TTTGATCTCCTCTCTT-1	epithelia.cuticle.cp.other_1
nc_TTTGGAGAGACCAACG-1	epithelia.cuticle.cp.other_1
nc_TTTGGAGAGCCAAGCA-1	epithelia.tendon_5
nc_TTTGGAGAGGGCAGAG-1	neuron.cholinergic_11
nc_TTTGGAGCACACCGCA-1	muscle.rbm24_0
nc_TTTGGAGCACCTCTGT-1	neuroglioblast.castor_17
nc_TTTGGAGCAGCGAGTA-1	fat.body_10
nc_TTTGGAGGTACTCGCG-1	hemocyte_16
nc_TTTGGAGTCAACGAGG-1	epithelia.cuticle.Osi17_4
nc_TTTGGAGTCACGAACT-1	epithelia.tendon_5
nc_TTTGGAGTCTAACACG-1	epithelia.cuticle.Osi17_4
nc_TTTGGTTAGACAGCTG-1	epithelia.tendon_5
nc_TTTGGTTAGCCGTCGT-1	neuron.cholinergic_11
nc_TTTGGTTAGCGTGCTC-1	epithelia.cuticle.Osi16_2
nc_TTTGGTTAGGTTGCCC-1	epithelia.cuticle.cp.other_1
nc_TTTGGTTAGTTGGCTT-1	muscle.rbm24_0
nc_TTTGGTTCACACGTGC-1	neuron.cholinergic_11
nc_TTTGGTTCACATATCG-1	epithelia.cuticle.Osi16_2
nc_TTTGGTTCACGTACTA-1	epithelia.cuticle.Osi16_2
nc_TTTGGTTCAGAGGCAT-1	epithelia.cuticle.cp.other_1
nc_TTTGGTTGTACCGTGC-1	glia1_8
nc_TTTGGTTGTGCATTAC-1	epithelia.cuticle.Osi17_4
nc_TTTGGTTTCATAGACC-1	epithelia.tendon_5
nc_TTTGGTTTCTTTGCTA-1	gland.corpora-allata_22
nc_TTTGTTGAGAGCACTG-1	epithelia.tendon_5
nc_TTTGTTGAGATAGTCA-1	epithelia.cuticle.Osi17_4
nc_TTTGTTGAGCCTCTCT-1	muscle.rbm24_0
nc_TTTGTTGCAAGCACCC-1	glia1_8
nc_TTTGTTGCACAACATC-1	epithelia.cuticle.cp.soft_3
nc_TTTGTTGCAGGAACCA-1	muscle.rbm24_0
nc_TTTGTTGCAGGGCTTC-1	neuron.chol.ciliated_20
nc_TTTGTTGCAGGTGTTT-1	epithelia.cuticle.cp.other_1
nc_TTTGTTGCATCGCTGG-1	epithelia.cuticle.cp.other_1
nc_TTTGTTGCATCTATCT-1	muscle.rbm24_0
nc_TTTGTTGGTAAGATTG-1	epithelia.cuticle.Osi16_2
nc_TTTGTTGGTAGGAGTC-1	epithelia.cuticle.cp.other_1
nc_TTTGTTGGTCAGACTT-1	epithelia.cuticle.cp.other_1
nc_TTTGTTGGTCCATACA-1	epithelia.tendon_5
nc_TTTGTTGGTGGCGCTT-1	epithelia.tendon_5
nc_TTTGTTGTCAGAGCAG-1	epithelia.tendon_5
nc_TTTGTTGTCGGCCAAC-1	epithelia.cuticle.Osi16_2
nc_TTTGTTGTCTTAAGGC-1	epithelia.cuticle.cp.soft_3
fc_AAACCCAAGAAATGGG-1	glia1_8
fc_AAACCCAAGGCACTAG-1	epithelia.cuticle.cp.other_1
fc_AAACCCAAGGGCTTCC-1	secretory-ECM_21
fc_AAACCCACAAGATGGC-1	epithelia.cuticle.cp.rigid_7
fc_AAACCCACATCGATGT-1	epithelia.cuticle.Osi18_6
fc_AAACCCAGTGTGATGG-1	muscle.rbm24_0
fc_AAACCCATCCAATCCC-1	neuroglioblast.castor_17
fc_AAACGAAAGACAGCTG-1	fat.body_10
fc_AAACGAAAGCTTGTTG-1	epithelia.cuticle.biosynthesis_13
fc_AAACGAAAGTCGCGAA-1	muscle.rbm24_0
fc_AAACGAAGTTCACCGG-1	hemocyte_16
fc_AAACGAAGTTGTACGT-1	neuron.cholinergic_11
fc_AAACGAATCAAGCCCG-1	epithelia.cuticle.cp.other_1
fc_AAACGCTCACTACAGT-1	muscle.rbm24_0
fc_AAACGCTGTCGATTAC-1	muscle.rbm24_0
fc_AAAGAACAGAGAGTGA-1	epithelia.cuticle.Osi16_2
fc_AAAGAACCAACGGGTA-1	muscle.rbm24_0
fc_AAAGAACCATTGCTTT-1	epithelia.cuticle.Osi17_4
fc_AAAGAACTCACTCACC-1	epithelia.cuticle.Osi18_6
fc_AAAGAACTCCTGTACC-1	glia2_18
fc_AAAGAACTCTAGTCAG-1	muscle.rbm24_0
fc_AAAGAACTCTTACTGT-1	epithelia.cuticle.cp.rigid_7
fc_AAAGGATGTGATAGTA-1	epithelia.cuticle.cp.soft_3
fc_AAAGGATTCCATCTGC-1	epithelia.cuticle.Osi16_2
fc_AAAGGGCAGCCATTGT-1	muscle.rbm24_0
fc_AAAGGGCAGCGATGCA-1	muscle.rbm24_0
fc_AAAGGGCAGGGACCAT-1	muscle.rbm24_0
fc_AAAGGGCCACCGTACG-1	muscle.rbm24_0
fc_AAAGGGCGTTCCCAAA-1	epithelia.cuticle.cp.soft_3
fc_AAAGGGCTCACGGGAA-1	epithelia.cuticle.Osi17_4
fc_AAAGGGCTCCAACCAA-1	epithelia.cuticle.Osi18_6
fc_AAAGGGCTCCCGTGAG-1	epithelia.cuticle.cp.soft_3
fc_AAAGGGCTCTTACGGA-1	epithelia.cuticle.biosynthesis_13
fc_AAAGGTACAAGAGTGC-1	neuron.cholinergic_11
fc_AAAGGTAGTAAGATAC-1	neuron.chol.ciliated_20
fc_AAAGGTATCGCGCCAA-1	epithelia.cuticle.Osi17_4
fc_AAAGTCCAGATGGCAC-1	epithelia.cuticle.cp.rigid_7
fc_AAAGTCCAGCCTCTCT-1	epithelia.cuticle.cp.rigid_7
fc_AAAGTCCCAGAGGAAA-1	glia2_18
fc_AAAGTCCCAGCAGAAC-1	epithelia.cuticle.biosynthesis_13
fc_AAAGTCCGTACGCTTA-1	hemocyte_16
fc_AAAGTCCGTAGATCGG-1	epithelia.cuticle.Osi17_4
fc_AAAGTCCGTCTACGTA-1	epithelia.cuticle.cp.soft_3
fc_AAAGTCCGTCTGTAGT-1	epithelia.cuticle.Osi17_4
fc_AAAGTCCGTGACCGAA-1	epithelia.cuticle.biosynthesis_13
fc_AAAGTCCTCGGAAGGT-1	muscle.rbm24_0
fc_AAAGTCCTCGGACTTA-1	epithelia.cuticle.Osi17_4
fc_AAAGTGAAGCCTCACG-1	epithelia.cuticle.cp.other_1
fc_AAAGTGAAGCGAGGAG-1	neuroglioblast.ol_14
fc_AAAGTGACAACATCGT-1	epithelia.cuticle.cp.other_1
fc_AAAGTGACAATCGCCG-1	glia1_8
fc_AAAGTGACACAGAAGC-1	epithelia.cuticle.Osi17_4
fc_AAAGTGACACCCAATA-1	epithelia.tendon_5
fc_AAAGTGACAGCTCATA-1	epithelia.cuticle.Osi17_4
fc_AAAGTGAGTGTTGACT-1	neuron.cholinergic_11
fc_AAATGGAAGTATTGCC-1	epithelia.cuticle.cp.rigid_7
fc_AAATGGAAGTCATAGA-1	neuron.cholinergic_11
fc_AAATGGAAGTGTCATC-1	muscle.rbm24_0
fc_AAATGGATCATTTGGG-1	muscle.rbm24_0
fc_AACAAAGAGAAGAGCA-1	muscle.rbm24_0
fc_AACAAAGCACTACACA-1	epithelia.cuticle.Osi17_4
fc_AACAAAGGTATGGGAC-1	muscle.rbm24_0
fc_AACAAAGGTGGTATGG-1	glia2_18
fc_AACAAAGGTTGGACCC-1	muscle.rbm24_0
fc_AACAAAGTCATGGGAG-1	epithelia.cuticle.Osi17_4
fc_AACAAAGTCTGCATGA-1	epithelia.cuticle.Osi17_4
fc_AACAACCAGCTGACCC-1	glia2_18
fc_AACAACCCAAGTGACG-1	epithelia.cuticle.cp.other_1
fc_AACAACCCAATAGTGA-1	epithelia.cuticle.Osi17_4
fc_AACAACCGTACAAGTA-1	epithelia.cuticle.Osi14_12
fc_AACAACCGTCACCTTC-1	epithelia.cuticle.Osi16_2
fc_AACAACCTCAAGTCTG-1	muscle.rbm24_0
fc_AACAACCTCAGCACCG-1	epithelia.cuticle.Osi16_2
fc_AACAACCTCGCTTACC-1	epithelia.cuticle.cp.other_1
fc_AACAACCTCTTAGTTC-1	neuron.chol.ciliated_20
fc_AACAAGAAGTTAACGA-1	glia1_8
fc_AACAAGACAAGTTTGC-1	glia1_8
fc_AACAAGACATAGCTGT-1	epithelia.cuticle.cp.rigid_7
fc_AACAAGAGTCTCCTGT-1	neuron.chol.ciliated_20
fc_AACAAGAGTGAATATG-1	neuroglioblast.castor_17
fc_AACACACCACAGTGTT-1	epithelia.cuticle.cp.soft_3
fc_AACACACCAGCGAACA-1	muscle.rbm24_0
fc_AACACACTCACTTGGA-1	epithelia.cuticle.biosynthesis_13
fc_AACACACTCTAGTCAG-1	glia1_8
fc_AACAGGGCATGACCCG-1	epithelia.cuticle.biosynthesis_13
fc_AACAGGGGTGCTTCAA-1	epithelia.cuticle.cp.rigid_7
fc_AACAGGGGTTATAGCC-1	epithelia.cuticle.Osi17_4
fc_AACAGGGGTTGGTACT-1	epithelia.cuticle.Osi18_6
fc_AACCAACAGCATGATA-1	epithelia.cuticle.cp.soft_3
fc_AACCAACAGTCACACT-1	epithelia.cuticle.cp.other_1
fc_AACCAACCAGCAGATG-1	muscle.tup_19
fc_AACCAACGTACGACTT-1	neuron.cholinergic_11
fc_AACCAACGTATTCCGA-1	muscle.rbm24_0
fc_AACCAACGTCACCCTT-1	epithelia.cuticle.biosynthesis_13
fc_AACCAACGTCCTCCAT-1	muscle.rbm24_0
fc_AACCAACTCGAACTCA-1	neuron.cholinergic_11
fc_AACCACAAGAGGGTAA-1	glia2_18
fc_AACCACACAGTCACGC-1	epithelia.cuticle.cp.rigid_7
fc_AACCACAGTAACAAGT-1	muscle.rbm24_0
fc_AACCACAGTCATTGCA-1	epithelia.cuticle.cp.other_1
fc_AACCACAGTCGTGGAA-1	muscle.rbm24_0
fc_AACCATGAGCCACAAG-1	epithelia.cuticle.cp.other_1
fc_AACCATGAGGGCAGGA-1	epithelia.cuticle.cp.soft_3
fc_AACCATGCAAGTCATC-1	epithelia.cuticle.Osi17_4
fc_AACCATGTCGGAATGG-1	epithelia.cuticle.Osi16_2
fc_AACCCAACACTAAACC-1	epithelia.cuticle.cp.other_1
fc_AACCCAACATACAGAA-1	hemocyte_16
fc_AACCCAATCGCGGACT-1	epithelia.cuticle.cp.other_1
fc_AACCTGACACTTCATT-1	hemocyte_16
fc_AACCTGACAGATTCGT-1	epithelia.cuticle.biosynthesis_13
fc_AACCTGATCGGACTGC-1	fat.body_10
fc_AACCTGATCGGACTTA-1	glia1_8
fc_AACCTTTAGCTAATGA-1	epithelia.cuticle.Osi17_4
fc_AACCTTTAGTTGCCCG-1	epithelia.cuticle.cp.soft_3
fc_AACCTTTCAGGCGATA-1	fat.body_10
fc_AACCTTTGTCGGAAAC-1	epithelia.cuticle.cp.rigid_7
fc_AACCTTTTCACCGACG-1	muscle.rbm24_0
fc_AACCTTTTCTTCCCGA-1	neuron.cholinergic_11
fc_AACGAAAAGCACTCGC-1	epithelia.cuticle.cp.other_1
fc_AACGAAACAAATTAGG-1	epithelia.cuticle.Osi16_2
fc_AACGGGAGTAGGCAAC-1	hemocyte_16
fc_AACGGGAGTCATTCCC-1	epithelia.cuticle.cp.other_1
fc_AACGGGATCGTTCATT-1	hemocyte_16
fc_AACGTCAAGAACAGGA-1	epithelia.cuticle.cp.other_1
fc_AACGTCAAGCAAGTGC-1	muscle.rbm24_0
fc_AACGTCAAGTGCAGGT-1	epithelia.cuticle.Osi18_6
fc_AACGTCACAAACACGG-1	epithelia.cuticle.Osi17_4
fc_AACGTCACATATGGCT-1	trachea_15
fc_AACGTCAGTACAATAG-1	muscle.rbm24_0
fc_AACGTCAGTTGTACGT-1	epithelia.cuticle.biosynthesis_13
fc_AACGTCAGTTGTCAGT-1	muscle.rbm24_0
fc_AACGTCATCCCTTGTG-1	muscle.rbm24_0
fc_AACGTCATCCGAGCTG-1	epithelia.cuticle.cp.rigid_7
fc_AACGTCATCGGTAAGG-1	epithelia.cuticle.Osi17_4
fc_AACTTCTCATAAGCAA-1	fat.body_10
fc_AACTTCTCATTGTGCA-1	neuroglioblast.ol_14
fc_AACTTCTTCAATCCGA-1	muscle.rbm24_0
fc_AACTTCTTCAGAACCT-1	muscle.rbm24_0
fc_AACTTCTTCTCTAAGG-1	fat.body_10
fc_AAGAACATCGAGAGAC-1	epithelia.cuticle.cp.other_1
fc_AAGACAATCAATCTCT-1	epithelia.cuticle.Osi17_4
fc_AAGACAATCCGTGGTG-1	muscle.rbm24_0
fc_AAGACTCTCCAAACCA-1	fat.body_10
fc_AAGACTCTCTCCGATC-1	muscle.rbm24_0
fc_AAGACTCTCTGTAACG-1	epithelia.tendon_5
fc_AAGATAGAGAGGGTAA-1	muscle.rbm24_0
fc_AAGATAGAGCACTGGA-1	epithelia.cuticle.cp.other_1
fc_AAGATAGAGGCTGGAT-1	glia1_8
fc_AAGATAGCAACCACGC-1	epithelia.cuticle.cp.rigid_7
fc_AAGATAGTCTAAACGC-1	epithelia.cuticle.Osi16_2
fc_AAGCATCAGACGGTCA-1	neuroglioblast.castor_17
fc_AAGCATCGTAGCTTGT-1	epithelia.cuticle.Osi18_6
fc_AAGCATCGTCGTCTCT-1	neuroglioblast.castor_17
fc_AAGCATCTCAAACCCA-1	epithelia.cuticle.Osi17_4
fc_AAGCATCTCCGCCTAT-1	epithelia.cuticle.Osi17_4
fc_AAGCATCTCGTTCATT-1	muscle.rbm24_0
fc_AAGCCATCAATCGCCG-1	muscle.rbm24_0
fc_AAGCCATGTCGAATGG-1	epithelia.cuticle.biosynthesis_13
fc_AAGCCATTCCCGAATA-1	epithelia.cuticle.Osi18_6
fc_AAGCCATTCCGCATAA-1	hemocyte_16
fc_AAGCCATTCGACCCAG-1	epithelia.cuticle.biosynthesis_13
fc_AAGCGAGAGAGTCCGA-1	neuroglioblast.castor_17
fc_AAGCGAGAGCCTTCTC-1	epithelia.olfactory.support_9
fc_AAGCGAGAGTCCCGAC-1	fat.body_10
fc_AAGCGAGCAACCGGAA-1	muscle.rbm24_0
fc_AAGCGAGCAGCAAGAC-1	epithelia.cuticle.Osi18_6
fc_AAGCGAGCATATCGGT-1	muscle.rbm24_0
fc_AAGCGAGTCATGCGGC-1	muscle.rbm24_0
fc_AAGCGTTGTCAGCTTA-1	muscle.rbm24_0
fc_AAGCGTTTCTCCCTAG-1	epithelia.olfactory.support_9
fc_AAGGAATCACGAAAGC-1	muscle.rbm24_0
fc_AAGGAATCATCATTGG-1	epithelia.cuticle.cp.rigid_7
fc_AAGGAATGTCAGACGA-1	hemocyte_16
fc_AAGGAATGTTTCCATT-1	epithelia.cuticle.cp.rigid_7
fc_AAGGAATTCAGCAATC-1	glia1_8
fc_AAGGAATTCTTGGTGA-1	neuroglioblast.ol_14
fc_AAGGTAAAGAATTGTG-1	epithelia.cuticle.cp.rigid_7
fc_AAGGTAAAGCCTCTGG-1	glia2_18
fc_AAGGTAAAGTCCTACA-1	epithelia.cuticle.cp.other_1
fc_AAGGTAAAGTCTTGGT-1	epithelia.cuticle.Osi18_6
fc_AAGGTAACACACCGCA-1	epithelia.cuticle.cp.soft_3
fc_AAGGTAACACTACTTT-1	glia1_8
fc_AAGTACCAGCAACCAG-1	epithelia.cuticle.cp.other_1
fc_AAGTACCCAAGCGGAT-1	epithelia.cuticle.cp.soft_3
fc_AAGTACCCACAGAAGC-1	epithelia.cuticle.Osi17_4
fc_AAGTACCCATCGGAGA-1	epithelia.cuticle.cp.other_1
fc_AAGTACCTCCCATGGG-1	epithelia.cuticle.biosynthesis_13
fc_AAGTACCTCGATAACC-1	muscle.rbm24_0
fc_AAGTCGTAGATCCAAA-1	epithelia.cuticle.biosynthesis_13
fc_AAGTCGTAGATCGCTT-1	hemocyte_16
fc_AAGTCGTAGTACCGGA-1	glia1_8
fc_AAGTCGTAGTAGGAAG-1	epithelia.cuticle.cp.rigid_7
fc_AAGTCGTAGTGGCAGT-1	secretory-ECM_21
fc_AAGTCGTAGTTTCAGC-1	epithelia.cuticle.biosynthesis_13
fc_AAGTCGTCAGCAATTC-1	epithelia.cuticle.biosynthesis_13
fc_AAGTCGTCAGCTCTGG-1	epithelia.cuticle.cp.other_1
fc_AAGTCGTTCACATCAG-1	epithelia.cuticle.Osi18_6
fc_AAGTCGTTCCGTGACG-1	epithelia.cuticle.biosynthesis_13
fc_AAGTCGTTCGGAATTC-1	muscle.rbm24_0
fc_AAGTCGTTCGGCTATA-1	epithelia.cuticle.Osi17_4
fc_AAGTCGTTCTGAGGCC-1	muscle.rbm24_0
fc_AAGTGAAAGCGCCGTT-1	muscle.rbm24_0
fc_AAGTGAACAGCGGTTC-1	neuron.cholinergic_11
fc_AAGTGAACATATCTGG-1	muscle.rbm24_0
fc_AAGTGAAGTATTTCCT-1	epithelia.cuticle.Osi17_4
fc_AAGTGAATCGAACGGA-1	epithelia.cuticle.cp.soft_3
fc_AAGTGAATCGCTCATC-1	epithelia.cuticle.cp.soft_3
fc_AAGTTCGCAAGTCATC-1	neuron.cholinergic_11
fc_AAGTTCGCATGAGAAT-1	muscle.rbm24_0
fc_AAGTTCGTCCATCTGC-1	hemocyte_16
fc_AATAGAGCATACTTTC-1	epithelia.cuticle.cp.other_1
fc_AATAGAGGTATGGAGC-1	trachea_15
fc_AATAGAGTCTAGTCAG-1	neuroglioblast.ol_14
fc_AATCACGAGCGTTGTT-1	epithelia.cuticle.Osi18_6
fc_AATCACGAGGGTGGGA-1	epithelia.cuticle.biosynthesis_13
fc_AATCACGCACTATCCC-1	muscle.rbm24_0
fc_AATCACGCACTGAATC-1	epithelia.cuticle.Osi18_6
fc_AATCACGCAGAGATGC-1	neuron.chol.ciliated_20
fc_AATCACGCAGAGTCAG-1	epithelia.cuticle.biosynthesis_13
fc_AATCACGGTAGTATAG-1	epithelia.cuticle.cp.other_1
fc_AATCACGTCCATTTCA-1	muscle.rbm24_0
fc_AATCACGTCTTCTGGC-1	muscle.rbm24_0
fc_AATCGACAGTAATTGG-1	neuroglioblast.ol_14
fc_AATCGACCAGCTCATA-1	muscle.rbm24_0
fc_AATCGACGTAAGCGGT-1	epithelia.cuticle.cp.other_1
fc_AATCGACGTGGGATTG-1	muscle.rbm24_0
fc_AATCGTGAGAATTGCA-1	epithelia.cuticle.Osi17_4
fc_AATCGTGAGCATAGGC-1	epithelia.cuticle.Osi17_4
fc_AATCGTGCAAGCGAGT-1	epithelia.cuticle.Osi14_12
fc_AATCGTGCATAGAATG-1	neuron.cholinergic_11
fc_AATCGTGGTAACCCGC-1	epithelia.cuticle.cp.soft_3
fc_AATCGTGGTGCCCAGT-1	epithelia.tendon_5
fc_AATCGTGGTTACCTTT-1	muscle.rbm24_0
fc_AATCGTGTCCCGTGAG-1	epithelia.cuticle.Osi16_2
fc_AATCGTGTCCCTTGGT-1	muscle.rbm24_0
fc_AATCGTGTCCGACGGT-1	epithelia.cuticle.cp.other_1
fc_AATGAAGAGCTTCTAG-1	muscle.rbm24_0
fc_AATGAAGGTAACATGA-1	epithelia.cuticle.Osi17_4
fc_AATGAAGGTAATGATG-1	fat.body_10
fc_AATGAAGTCTCCAAGA-1	epithelia.tendon_5
fc_AATGACCAGTCACAGG-1	epithelia.cuticle.cp.other_1
fc_AATGACCCACCACTGG-1	muscle.rbm24_0
fc_AATGACCGTCTCGCGA-1	epithelia.cuticle.Osi16_2
fc_AATGACCTCACCTGGG-1	epithelia.cuticle.cp.other_1
fc_AATGACCTCCAACACA-1	epithelia.cuticle.cp.soft_3
fc_AATGCCAAGATAGTCA-1	epithelia.cuticle.cp.rigid_7
fc_AATGCCACATAACCCA-1	epithelia.tendon_5
fc_AATGCCAGTAATGTGA-1	muscle.rbm24_0
fc_AATGCCATCCCGGTAG-1	epithelia.cuticle.Osi17_4
fc_AATGGAAAGTCAGGGT-1	epithelia.cuticle.Osi17_4
fc_AATGGAACACGAAGAC-1	neuron.cholinergic_11
fc_AATGGAAGTCATAGTC-1	epithelia.cuticle.Osi18_6
fc_AATGGAAGTTGAGAGC-1	epithelia.cuticle.Osi14_12
fc_AATGGAATCGACACCG-1	muscle.rbm24_0
fc_AATGGAATCGAGTGAG-1	muscle.rbm24_0
fc_AATGGCTAGAGGTTAT-1	epithelia.cuticle.biosynthesis_13
fc_AATGGCTCAAAGAGTT-1	epithelia.cuticle.Osi17_4
fc_AATGGCTGTCACCCTT-1	neuron.cholinergic_11
fc_AATGGCTGTTCGGTAT-1	neuron.cholinergic_11
fc_AATTCCTAGGTATAGT-1	epithelia.cuticle.Osi16_2
fc_AATTCCTCAATTCTTC-1	muscle.rbm24_0
fc_AATTCCTGTAAGGCTG-1	epithelia.cuticle.cp.other_1
fc_AATTCCTGTATCGCTA-1	fat.body_10
fc_AATTCCTGTCGGAAAC-1	muscle.rbm24_0
fc_AATTCCTGTGGTAACG-1	neuroglioblast.ol_14
fc_AATTCCTTCTCATAGG-1	muscle.rbm24_0
fc_AATTCCTTCTTTCCAA-1	epithelia.cuticle.Osi17_4
fc_AATTTCCAGCGATTCT-1	muscle.rbm24_0
fc_AATTTCCAGCTGCGAA-1	muscle.rbm24_0
fc_AATTTCCAGGATGCGT-1	epithelia.cuticle.Osi17_4
fc_AATTTCCCACCAGTAT-1	muscle.rbm24_0
fc_AATTTCCCAGCAGTGA-1	muscle.rbm24_0
fc_AATTTCCTCTCAACGA-1	epithelia.cuticle.Osi16_2
fc_ACAAAGAAGGTTTACC-1	hemocyte_16
fc_ACAAAGACAGTTGTTG-1	epithelia.tendon_5
fc_ACAAAGATCCCGTGTT-1	muscle.rbm24_0
fc_ACAAAGATCCGATCGG-1	trachea_15
fc_ACAACCACAAAGACTA-1	epithelia.cuticle.Osi18_6
fc_ACAACCACACCAGCTG-1	muscle.rbm24_0
fc_ACAACCACACCCTGTT-1	epithelia.cuticle.cp.soft_3
fc_ACAACCACAGGCTTGC-1	fat.body_10
fc_ACAACCAGTCAACATC-1	epithelia.cuticle.Osi17_4
fc_ACAACCATCAGCAGAG-1	epithelia.tendon_5
fc_ACAACCATCGTCGCTT-1	muscle.rbm24_0
fc_ACAAGCTAGGCATGGT-1	epithelia.cuticle.Osi18_6
fc_ACAAGCTAGGCATTTC-1	neuroglioblast.ol_14
fc_ACAAGCTAGGTCACTT-1	muscle.rbm24_0
fc_ACAAGCTGTCTATGAC-1	epithelia.cuticle.cp.rigid_7
fc_ACAAGCTGTCTCAGGC-1	muscle.rbm24_0
fc_ACAAGCTGTCTCCCTA-1	epithelia.cuticle.Osi17_4
fc_ACAAGCTGTTAATCGC-1	epithelia.cuticle.cp.other_1
fc_ACAAGCTTCCTAGCCT-1	fat.body_10
fc_ACAAGCTTCTGCGGGT-1	epithelia.cuticle.cp.other_1
fc_ACACAGTAGTATGCAA-1	muscle.rbm24_0
fc_ACACAGTCATCAGTCA-1	muscle.rbm24_0
fc_ACACAGTGTCGGCTAC-1	epithelia.cuticle.cp.soft_3
fc_ACACAGTGTTGTGGAG-1	epithelia.cuticle.cp.other_1
fc_ACACAGTTCAAGCGTT-1	epithelia.tendon_5
fc_ACACCAAAGAAGTATC-1	fat.body_10
fc_ACACCAACAGGGAATC-1	epithelia.cuticle.cp.rigid_7
fc_ACACCAACATCCGGCA-1	muscle.rbm24_0
fc_ACACCAAGTAACGCGA-1	epithelia.cuticle.Osi17_4
fc_ACACCAATCGCTAATG-1	fat.body_10
fc_ACACCAATCTCCCTAG-1	epithelia.cuticle.cp.rigid_7
fc_ACACGCGAGGCCTTCG-1	epithelia.cuticle.Osi17_4
fc_ACACGCGCATTACGGT-1	glia1_8
fc_ACACGCGGTGGTAATA-1	epithelia.tendon_5
fc_ACACGCGGTGTTCCTC-1	epithelia.cuticle.Osi17_4
fc_ACACGCGTCTTGGATG-1	epithelia.cuticle.cp.soft_3
fc_ACACTGAAGAAATTGC-1	neuroglioblast.ol_14
fc_ACACTGAGTGCATACT-1	epithelia.cuticle.Osi17_4
fc_ACACTGATCATGTCAG-1	epithelia.cuticle.Osi16_2
fc_ACAGAAAAGATAACAC-1	epithelia.cuticle.biosynthesis_13
fc_ACAGAAAAGTAACGAT-1	epithelia.cuticle.Osi16_2
fc_ACAGAAAAGTCCCGGT-1	epithelia.cuticle.cp.other_1
fc_ACAGAAAGTATGCGTT-1	muscle.rbm24_0
fc_ACAGAAATCGACGAGA-1	epithelia.cuticle.Osi18_6
fc_ACAGCCGCACACCGAC-1	epithelia.cuticle.cp.rigid_7
fc_ACAGCCGGTACTCGAT-1	glia1_8
fc_ACAGCCGGTGTTGAGG-1	gland.corpora-allata_22
fc_ACAGCCGTCAACTGGT-1	epithelia.cuticle.cp.other_1
fc_ACAGCCGTCCATGCAA-1	epithelia.tendon_5
fc_ACAGGGAAGCGATGAC-1	epithelia.cuticle.biosynthesis_13
fc_ACAGGGACACTTCCTG-1	epithelia.cuticle.cp.other_1
fc_ACAGGGAGTGAATATG-1	epithelia.cuticle.cp.other_1
fc_ACAGGGAGTGATGAAT-1	epithelia.cuticle.Osi14_12
fc_ACAGGGAGTGTTCAGT-1	epithelia.cuticle.cp.soft_3
fc_ACAGGGAGTTCCGCGA-1	epithelia.cuticle.cp.other_1
fc_ACAGGGAGTTCTTAGG-1	fat.body_10
fc_ACAGGGATCAGTGTCA-1	muscle.rbm24_0
fc_ACATCCCAGTAACAGT-1	epithelia.cuticle.cp.other_1
fc_ACATCCCAGTCTGTAC-1	epithelia.cuticle.Osi17_4
fc_ACATCCCCAATTTCTC-1	muscle.rbm24_0
fc_ACATCCCCACTGTCCT-1	glia2_18
fc_ACATCCCGTCAGTTTG-1	muscle.rbm24_0
fc_ACATCCCGTGTGGTCC-1	glia1_8
fc_ACATCCCGTTCGAGCC-1	neuroglioblast.ol_14
fc_ACATCCCTCACACGAT-1	epithelia.tendon_5
fc_ACATCCCTCCATACAG-1	muscle.rbm24_0
fc_ACATCGACAACTGCCG-1	epithelia.cuticle.Osi16_2
fc_ACATCGAGTGCGCTCA-1	epithelia.cuticle.cp.other_1
fc_ACATCGAGTGGGATTG-1	epithelia.cuticle.cp.rigid_7
fc_ACATCGAGTGGTCAAG-1	epithelia.cuticle.Osi17_4
fc_ACATCGATCACGATCA-1	epithelia.cuticle.cp.other_1
fc_ACATCGATCCCAGCGA-1	muscle.rbm24_0
fc_ACATCGATCGCAGTGC-1	trachea_15
fc_ACATCGATCTAACGCA-1	neuron.cholinergic_11
fc_ACATGCAAGCTAATCC-1	muscle.rbm24_0
fc_ACATGCACAATACCTG-1	muscle.rbm24_0
fc_ACATGCACACTTGGGC-1	muscle.rbm24_0
fc_ACATGCACAGCACAAG-1	epithelia.cuticle.cp.other_1
fc_ACATGCACATAGGCGA-1	trachea_15
fc_ACATGCAGTTAGCTAC-1	muscle.rbm24_0
fc_ACATTTCAGAACAGGA-1	epithelia.cuticle.Osi17_4
fc_ACATTTCCACAAGCTT-1	muscle.rbm24_0
fc_ACATTTCGTAGAGATT-1	fat.body_10
fc_ACATTTCGTATTTCGG-1	muscle.rbm24_0
fc_ACATTTCGTTTGACAC-1	secretory-ECM_21
fc_ACCAAACAGAGAGTTT-1	muscle.rbm24_0
fc_ACCAAACAGAGATCGC-1	epithelia.cuticle.Osi14_12
fc_ACCAAACAGCATCTTG-1	muscle.rbm24_0
fc_ACCAAACCACAAGCCC-1	muscle.rbm24_0
fc_ACCAAACGTGCCTTTC-1	fat.body_10
fc_ACCAAACTCACCGACG-1	epithelia.cuticle.cp.soft_3
fc_ACCAAACTCGCCTCTA-1	epithelia.cuticle.Osi16_2
fc_ACCAACATCGAGTCTA-1	muscle.rbm24_0
fc_ACCACAAAGACTGGGT-1	glia1_8
fc_ACCACAACAAACAGGC-1	epithelia.cuticle.Osi18_6
fc_ACCACAACATGGCTAT-1	glia1_8
fc_ACCACAAGTCAATGGG-1	glia1_8
fc_ACCACAAGTTCAAGTC-1	muscle.rbm24_0
fc_ACCACAATCCCATAGA-1	epithelia.cuticle.cp.soft_3
fc_ACCACAATCGTTGTTT-1	trachea_15
fc_ACCATTTAGACATGCG-1	epithelia.cuticle.Osi17_4
fc_ACCATTTAGACTAAGT-1	epithelia.cuticle.biosynthesis_13
fc_ACCATTTAGCGTGTTT-1	epithelia.cuticle.cp.other_1
fc_ACCATTTAGCGTTACT-1	muscle.rbm24_0
fc_ACCATTTCACGGCTAC-1	muscle.rbm24_0
fc_ACCCAAAAGCGTGCTC-1	epithelia.cuticle.cp.soft_3
fc_ACCCAAAAGTGGTCAG-1	epithelia.cuticle.cp.rigid_7
fc_ACCCAAACACCACATA-1	epithelia.cuticle.cp.other_1
fc_ACCCAAACATAGGTTC-1	fat.body_10
fc_ACCCAAAGTCCTCATC-1	glia1_8
fc_ACCCAAATCCAGTACA-1	muscle.rbm24_0
fc_ACCCTCACAAGAGTAT-1	epithelia.cuticle.cp.rigid_7
fc_ACCCTCACACAGCCTG-1	muscle.rbm24_0
fc_ACCCTCACACGCTTAA-1	neuron.chol.ciliated_20
fc_ACCCTCAGTACTCGTA-1	epithelia.cuticle.cp.other_1
fc_ACCCTCATCACACCCT-1	glia1_8
fc_ACCCTCATCCCGAGAC-1	muscle.rbm24_0
fc_ACCCTCATCGCGCCAA-1	glia1_8
fc_ACCCTCATCTGTAAGC-1	muscle.rbm24_0
fc_ACCCTTGAGTGACACG-1	trachea_15
fc_ACCCTTGAGTTCGGTT-1	epithelia.cuticle.cp.soft_3
fc_ACCCTTGGTCCTACGG-1	epithelia.cuticle.Osi17_4
fc_ACCCTTGGTGTTACAC-1	epithelia.cuticle.Osi16_2
fc_ACCCTTGTCCAATCTT-1	epithelia.cuticle.Osi14_12
fc_ACCCTTGTCCCTTTGG-1	neuroglioblast.ol_14
fc_ACCGTTCCACGCTGAC-1	epithelia.cuticle.cp.other_1
fc_ACCGTTCCAGCACCCA-1	epithelia.tendon_5
fc_ACCGTTCCAGCGTATT-1	fat.body_10
fc_ACCGTTCGTACCGTGC-1	neuroglioblast.ol_14
fc_ACCGTTCGTCGCTCGA-1	muscle.rbm24_0
fc_ACCGTTCGTGTGTCGC-1	neuron.cholinergic_11
fc_ACCGTTCGTTGGGAAC-1	muscle.rbm24_0
fc_ACCGTTCTCCCGTTGT-1	neuroglioblast.castor_17
fc_ACCGTTCTCGTCGGGT-1	trachea_15
fc_ACCTACCAGGCACCAA-1	neuron.cholinergic_11
fc_ACCTACCGTCTACACA-1	trachea_15
fc_ACCTACCGTTCTCCAC-1	epithelia.cuticle.cp.other_1
fc_ACCTGAAAGCCTGTCG-1	epithelia.cuticle.Osi18_6
fc_ACCTGAAAGTCGAATA-1	muscle.rbm24_0
fc_ACCTGAACAGCAGGAT-1	trachea_15
fc_ACCTGAACATCGCTCT-1	epithelia.cuticle.Osi17_4
fc_ACCTGAAGTACTCCCT-1	hemocyte_16
fc_ACCTGAAGTGGATCGA-1	neuroglioblast.castor_17
fc_ACCTGAATCGAACACT-1	glia1_8
fc_ACCTGAATCGCCGAAC-1	muscle.rbm24_0
fc_ACCTGTCAGCCGTTAT-1	muscle.rbm24_0
fc_ACCTGTCCATTGTGCA-1	glia2_18
fc_ACCTGTCGTATCTCTT-1	muscle.rbm24_0
fc_ACCTGTCGTCTGTCAA-1	epithelia.cuticle.Osi17_4
fc_ACCTGTCGTTATTCTC-1	epithelia.cuticle.biosynthesis_13
fc_ACCTGTCTCACGACTA-1	neuroglioblast.ol_14
fc_ACGATCAAGGGCAGTT-1	muscle.rbm24_0
fc_ACGATCAGTAGGTAGC-1	muscle.rbm24_0
fc_ACGATCATCTCAACGA-1	epithelia.cuticle.Osi17_4
fc_ACGATGTAGAAACACT-1	epithelia.cuticle.cp.other_1
fc_ACGATGTAGAGAGGTA-1	epithelia.cuticle.Osi16_2
fc_ACGATGTCATCCGAGC-1	epithelia.cuticle.Osi17_4
fc_ACGATGTGTTACGTAC-1	epithelia.cuticle.biosynthesis_13
fc_ACGCACGAGGAGGCAG-1	epithelia.cuticle.cp.other_1
fc_ACGCACGGTGAGCCAA-1	muscle.rbm24_0
fc_ACGCACGTCGCATTAG-1	fat.body_10
fc_ACGGAAGCAGTAGTGG-1	fat.body_10
fc_ACGGAAGGTTATAGCC-1	neuroglioblast.ol_14
fc_ACGGAAGGTTGTATGC-1	epithelia.cuticle.Osi17_4
fc_ACGGAAGGTTTCCCAC-1	muscle.rbm24_0
fc_ACGGGTCAGAAGTGTT-1	hemocyte_16
fc_ACGGGTCAGAGCTGCA-1	epithelia.cuticle.Osi17_4
fc_ACGGGTCCACCAGGTC-1	trachea_15
fc_ACGGGTCGTACGCTTA-1	epithelia.cuticle.Osi17_4
fc_ACGGGTCGTCAAATCC-1	muscle.rbm24_0
fc_ACGGGTCGTGCCTTTC-1	epithelia.cuticle.cp.soft_3
fc_ACGGGTCGTTCGGTTA-1	epithelia.cuticle.cp.other_1
fc_ACGGGTCGTTGTCATG-1	epithelia.cuticle.Osi18_6
fc_ACGGGTCTCCACGAAT-1	epithelia.cuticle.biosynthesis_13
fc_ACGGGTCTCCTGCTAC-1	epithelia.cuticle.Osi17_4
fc_ACGGGTCTCGAACCTA-1	epithelia.cuticle.Osi17_4
fc_ACGGTCGAGGATAATC-1	epithelia.cuticle.Osi16_2
fc_ACGGTCGGTACCGTCG-1	epithelia.cuticle.Osi16_2
fc_ACGGTCGGTCGACTTA-1	epithelia.cuticle.cp.other_1
fc_ACGGTCGGTGATCGTT-1	epithelia.cuticle.Osi14_12
fc_ACGGTCGTCCACTAGA-1	neuron.cholinergic_11
fc_ACGGTCGTCCCGATCT-1	neuroglioblast.ol_14
fc_ACGGTCGTCCCTCTAG-1	epithelia.cuticle.cp.other_1
fc_ACGGTTAAGGTCACCC-1	epithelia.cuticle.cp.soft_3
fc_ACGGTTAGTCGTAATC-1	epithelia.cuticle.biosynthesis_13
fc_ACGGTTATCCCAGGAC-1	muscle.rbm24_0
fc_ACGTAACCAATGGCCC-1	epithelia.cuticle.Osi17_4
fc_ACGTAACGTACCTTCC-1	neuron.cholinergic_11
fc_ACGTAACGTAGAAACT-1	muscle.rbm24_0
fc_ACGTAACGTAGAGATT-1	muscle.rbm24_0
fc_ACGTAACTCTCAACCC-1	epithelia.cuticle.cp.other_1
fc_ACGTAACTCTCTTGCG-1	epithelia.cuticle.cp.rigid_7
fc_ACGTACAAGTGTAGTA-1	epithelia.cuticle.cp.rigid_7
fc_ACGTACATCTATACGG-1	epithelia.cuticle.Osi18_6
fc_ACGTAGTAGATGCTAA-1	muscle.rbm24_0
fc_ACGTAGTCACGTCTCT-1	epithelia.cuticle.cp.soft_3
fc_ACGTAGTCACTCCCTA-1	epithelia.cuticle.cp.other_1
fc_ACGTAGTTCGCAGTCG-1	muscle.rbm24_0
fc_ACGTAGTTCTCACGAA-1	glia2_18
fc_ACGTCCTCACCAAAGG-1	epithelia.cuticle.Osi18_6
fc_ACGTCCTCACTGGATT-1	muscle.rbm24_0
fc_ACGTCCTCAGCCGTTG-1	fat.body_10
fc_ACGTCCTGTCAGGAGT-1	muscle.rbm24_0
fc_ACGTCCTGTTAGGCTT-1	epithelia.cuticle.Osi17_4
fc_ACGTTCCAGATGTTCC-1	hemocyte_16
fc_ACGTTCCAGGCTAGCA-1	secretory-ECM_21
fc_ACGTTCCCAACTCGAT-1	secretory-ECM_21
fc_ACGTTCCCAGAGTCTT-1	muscle.rbm24_0
fc_ACGTTCCGTTGTCTAG-1	epithelia.cuticle.cp.soft_3
fc_ACTACGACATTAAAGG-1	epithelia.cuticle.Osi18_6
fc_ACTACGAGTATGGAAT-1	muscle.rbm24_0
fc_ACTACGAGTCATCCCT-1	epithelia.cuticle.Osi18_6
fc_ACTACGATCCATACAG-1	epithelia.cuticle.Osi17_4
fc_ACTACGATCTTTACAC-1	epithelia.cuticle.cp.other_1
fc_ACTATCTAGGAGGCAG-1	epithelia.cuticle.cp.soft_3
fc_ACTATCTCACAGCATT-1	epithelia.cuticle.Osi17_4
fc_ACTATCTTCAGCATTG-1	glia1_8
fc_ACTATCTTCAGGTGTT-1	epithelia.cuticle.Osi17_4
fc_ACTATCTTCCTCTCTT-1	epithelia.cuticle.cp.other_1
fc_ACTATCTTCGGTGTAT-1	epithelia.cuticle.cp.soft_3
fc_ACTATCTTCTTACGTT-1	epithelia.cuticle.cp.soft_3
fc_ACTATGGAGATGCGAC-1	epithelia.cuticle.cp.rigid_7
fc_ACTATGGAGTATGCAA-1	muscle.rbm24_0
fc_ACTATGGGTCGACGCT-1	epithelia.cuticle.Osi18_6
fc_ACTATGGTCATTCGGA-1	muscle.rbm24_0
fc_ACTATTCAGAACTCCT-1	epithelia.cuticle.cp.other_1
fc_ACTATTCAGCTAATCC-1	fat.body_10
fc_ACTATTCCAAGTTCGT-1	glia1_8
fc_ACTATTCGTTAGCTAC-1	epithelia.cuticle.Osi18_6
fc_ACTATTCTCCCGTAAA-1	epithelia.cuticle.cp.other_1
fc_ACTCCCAAGCGGTAAC-1	epithelia.cuticle.cp.rigid_7
fc_ACTCCCAGTACTCAAC-1	trachea_15
fc_ACTCCCATCACTCACC-1	muscle.rbm24_0
fc_ACTCCCATCCATAAGC-1	epithelia.tendon_5
fc_ACTCCCATCTGGCTGG-1	trachea_15
fc_ACTCTCGAGCTTTGTG-1	neuron.cholinergic_11
fc_ACTCTCGAGGACGCAT-1	epithelia.cuticle.Osi16_2
fc_ACTCTCGCATTATGCG-1	muscle.rbm24_0
fc_ACTCTCGGTCACTCGG-1	epithelia.cuticle.cp.rigid_7
fc_ACTCTCGTCATTACCT-1	epithelia.cuticle.Osi17_4
fc_ACTCTCGTCGATTTCT-1	epithelia.cuticle.Osi18_6
fc_ACTCTCGTCTCCGCAT-1	muscle.rbm24_0
fc_ACTGATGAGGGAGATA-1	epithelia.cuticle.Osi16_2
fc_ACTGATGCAAACGAGC-1	fat.body_10
fc_ACTGATGGTGGGTCAA-1	epithelia.cuticle.biosynthesis_13
fc_ACTGATGGTTTGGAGG-1	epithelia.cuticle.cp.rigid_7
fc_ACTGATGTCGATCCAA-1	epithelia.cuticle.cp.soft_3
fc_ACTGATGTCTTCGGTC-1	epithelia.cuticle.biosynthesis_13
fc_ACTGCAACAAACGGCA-1	glia1_8
fc_ACTGCAACACATTCTT-1	epithelia.cuticle.biosynthesis_13
fc_ACTGCAACACTTCCTG-1	glia1_8
fc_ACTGCAAGTACTGTTG-1	epithelia.cuticle.Osi17_4
fc_ACTGCAATCGTGGGAA-1	muscle.rbm24_0
fc_ACTGTCCAGGCATGGT-1	epithelia.cuticle.cp.soft_3
fc_ACTGTCCAGTGCAGCA-1	secretory-ECM_21
fc_ACTGTCCTCCGGCAGT-1	epithelia.cuticle.Osi18_6
fc_ACTGTGAAGCACCTGC-1	neuron.chol.ciliated_20
fc_ACTGTGAAGCCGCACT-1	neuron.chol.ciliated_20
fc_ACTGTGAAGGGCATGT-1	muscle.rbm24_0
fc_ACTGTGAAGGTTCTTG-1	epithelia.cuticle.cp.soft_3
fc_ACTGTGAAGTTGTCGT-1	epithelia.cuticle.Osi17_4
fc_ACTGTGACAGACGCTC-1	muscle.rbm24_0
fc_ACTGTGACAGTGTGCC-1	neuroglioblast.castor_17
fc_ACTGTGACATGACTTG-1	epithelia.cuticle.Osi17_4
fc_ACTGTGATCCAAAGGG-1	muscle.rbm24_0
fc_ACTGTGATCCGAGAAG-1	epithelia.cuticle.cp.rigid_7
fc_ACTGTGATCTCATGCC-1	muscle.rbm24_0
fc_ACTTAGGCAACAGCCC-1	epithelia.cuticle.cp.other_1
fc_ACTTAGGCAAGACAAT-1	neuroglioblast.ol_14
fc_ACTTAGGGTAACATAG-1	hemocyte_16
fc_ACTTAGGGTTAGAGAT-1	epithelia.olfactory.support_9
fc_ACTTAGGGTTGCAACT-1	epithelia.cuticle.biosynthesis_13
fc_ACTTATCAGACTACGG-1	muscle.rbm24_0
fc_ACTTATCAGCCTCATA-1	muscle.rbm24_0
fc_ACTTATCAGTCCCAAT-1	fat.body_10
fc_ACTTATCCAGGAATCG-1	epithelia.cuticle.cp.soft_3
fc_ACTTATCCATGCTGCG-1	epithelia.tendon_5
fc_ACTTATCGTACAACGG-1	epithelia.cuticle.biosynthesis_13
fc_ACTTATCGTTCCTAGA-1	muscle.rbm24_0
fc_ACTTATCTCGTTGCCT-1	muscle.rbm24_0
fc_ACTTCCGAGCAAATCA-1	epithelia.cuticle.cp.rigid_7
fc_ACTTCCGCACTACCGG-1	fat.body_10
fc_ACTTCCGCAGCGTTGC-1	fat.body_10
fc_ACTTCCGTCAGGAAGC-1	epithelia.cuticle.Osi17_4
fc_ACTTCGCAGACGTCGA-1	hemocyte_16
fc_ACTTCGCAGTACTGTC-1	epithelia.cuticle.Osi18_6
fc_ACTTCGCCAACGGTAG-1	epithelia.cuticle.Osi17_4
fc_ACTTCGCCAGTACTAC-1	epithelia.cuticle.cp.soft_3
fc_ACTTCGCTCGATGCTA-1	epithelia.cuticle.Osi17_4
fc_ACTTCGCTCGCCAGTG-1	epithelia.cuticle.cp.rigid_7
fc_ACTTTCAGTAATCAGA-1	muscle.rbm24_0
fc_ACTTTCATCAAGCTGT-1	hemocyte_16
fc_ACTTTGTAGCTCTGTA-1	epithelia.cuticle.cp.rigid_7
fc_ACTTTGTCAGCTACCG-1	glia1_8
fc_ACTTTGTCATCCTAAG-1	hemocyte_16
fc_ACTTTGTGTCATCACA-1	epithelia.cuticle.biosynthesis_13
fc_ACTTTGTGTCGAGTGA-1	epithelia.cuticle.Osi18_6
fc_ACTTTGTTCAGAGTGG-1	muscle.rbm24_0
fc_AGAAATGAGGTAGTAT-1	epithelia.cuticle.Osi18_6
fc_AGAAATGCAAGATGGC-1	epithelia.olfactory.support_9
fc_AGAAATGCAGGCACTC-1	epithelia.cuticle.cp.other_1
fc_AGAAATGCATCTCAAG-1	muscle.rbm24_0
fc_AGAAATGTCCACTGAA-1	epithelia.cuticle.Osi17_4
fc_AGAAATGTCCTTCTAA-1	muscle.rbm24_0
fc_AGAACAACAACCGATT-1	glia1_8
fc_AGAACAATCTCATGCC-1	epithelia.cuticle.cp.other_1
fc_AGAACCTCAATCCTTT-1	hemocyte_16
fc_AGAACCTGTAGGCTGA-1	epithelia.cuticle.cp.other_1
fc_AGAACCTTCATCACTT-1	hemocyte_16
fc_AGAACCTTCCCAAGTA-1	muscle.rbm24_0
fc_AGAACCTTCCGCATAA-1	epithelia.cuticle.Osi16_2
fc_AGAACCTTCCTATGGA-1	muscle.rbm24_0
fc_AGAAGCGAGCCGTAAG-1	glia1_8
fc_AGAAGCGGTCAGTCGC-1	neuron.cholinergic_11
fc_AGAAGCGGTTCAGCGC-1	fat.body_10
fc_AGAAGCGTCCTACAAG-1	glia2_18
fc_AGAAGTAAGAAGCCAC-1	epithelia.cuticle.Osi14_12
fc_AGAAGTAAGACTCTTG-1	epithelia.cuticle.Osi17_4
fc_AGAAGTACACAACATC-1	epithelia.cuticle.cp.other_1
fc_AGAAGTACACTAGTAC-1	muscle.rbm24_0
fc_AGAAGTAGTAACTTCG-1	neuron.cholinergic_11
fc_AGAAGTATCTGCCTGT-1	muscle.rbm24_0
fc_AGACAAAAGCAGTACG-1	epithelia.cuticle.cp.other_1
fc_AGACAAAAGCGATTCT-1	muscle.rbm24_0
fc_AGACAAAAGGAACTCG-1	muscle.rbm24_0
fc_AGACAAAAGGTGAGCT-1	gland.corpora-allata_22
fc_AGACACTAGACAACTA-1	glia1_8
fc_AGACACTAGACACACG-1	epithelia.cuticle.biosynthesis_13
fc_AGACACTGTGGCCACT-1	muscle.rbm24_0
fc_AGACACTGTTAGTCGT-1	epithelia.cuticle.Osi14_12
fc_AGACACTTCAAGTCGT-1	glia2_18
fc_AGACACTTCACTGGGC-1	epithelia.cuticle.cp.rigid_7
fc_AGACAGGAGCTAAACA-1	neuroglioblast.castor_17
fc_AGACAGGAGCTGGCTC-1	epithelia.cuticle.Osi17_4
fc_AGACAGGAGGGTACAC-1	neuroglioblast.castor_17
fc_AGACAGGAGTTCCGGC-1	epithelia.cuticle.cp.rigid_7
fc_AGACAGGCAACGACAG-1	epithelia.cuticle.Osi16_2
fc_AGACAGGCACCGTCGA-1	epithelia.cuticle.cp.other_1
fc_AGACAGGCAGTAGATA-1	muscle.rbm24_0
fc_AGACAGGTCCACCTCA-1	epithelia.tendon_5
fc_AGACAGGTCCCTCGTA-1	epithelia.cuticle.Osi16_2
fc_AGACAGGTCCTGGCTT-1	epithelia.olfactory.support_9
fc_AGACCATAGCATATGA-1	epithelia.cuticle.cp.soft_3
fc_AGACCATAGGCTGGAT-1	epithelia.cuticle.biosynthesis_13
fc_AGACCATAGTTTGGCT-1	glia2_18
fc_AGACCATGTACGTGTT-1	muscle.rbm24_0
fc_AGACCATGTCAGGAGT-1	epithelia.cuticle.cp.soft_3
fc_AGACCATGTGATGGCA-1	muscle.rbm24_0
fc_AGACCATTCAAGTGGG-1	neuron.cholinergic_11
fc_AGACCATTCACCGCTT-1	epithelia.cuticle.Osi17_4
fc_AGACCATTCGTGCATA-1	secretory-ECM_21
fc_AGACCCGAGAAAGCGA-1	epithelia.cuticle.cp.other_1
fc_AGACCCGAGAAATGGG-1	epithelia.cuticle.Osi18_6
fc_AGACCCGAGTCTTCCC-1	epithelia.cuticle.Osi16_2
fc_AGACCCGAGTGCACTT-1	muscle.rbm24_0
fc_AGACCCGCACAATCTG-1	muscle.rbm24_0
fc_AGACCCGCACCCTTAC-1	muscle.rbm24_0
fc_AGACCCGCAGCGAGTA-1	epithelia.cuticle.cp.rigid_7
fc_AGACCCGTCCAGCCTT-1	epithelia.cuticle.Osi18_6
fc_AGACCCGTCGAGCACC-1	epithelia.cuticle.cp.rigid_7
fc_AGACCCGTCGTTGCCT-1	neuron.cholinergic_11
fc_AGACTCAAGACATAAC-1	muscle.tup_19
fc_AGACTCAAGTCGGGAT-1	glia1_8
fc_AGACTCACACTTCCTG-1	neuroglioblast.ol_14
fc_AGACTCAGTCTCTCCA-1	muscle.rbm24_0
fc_AGACTCATCCTCTCTT-1	epithelia.cuticle.cp.rigid_7
fc_AGAGAATAGGCAGGTT-1	epithelia.cuticle.Osi16_2
fc_AGAGAATAGGCCTAGA-1	epithelia.cuticle.Osi18_6
fc_AGAGAATAGTAGCCAG-1	muscle.rbm24_0
fc_AGAGAATCACGCCACA-1	glia1_8
fc_AGAGAATGTAGTTAGA-1	epithelia.cuticle.Osi18_6
fc_AGAGAATGTCAAACGG-1	epithelia.cuticle.cp.other_1
fc_AGAGAATGTCCTTAAG-1	fat.body_10
fc_AGAGAATGTGATCATC-1	epithelia.cuticle.Osi18_6
fc_AGAGAATTCGCAAGAG-1	epithelia.cuticle.cp.other_1
fc_AGAGAATTCGTGTTCC-1	epithelia.tendon_5
fc_AGAGAGCCAAAGGCTG-1	epithelia.cuticle.cp.rigid_7
fc_AGAGAGCCAGGAATCG-1	epithelia.tendon_5
fc_AGAGAGCCATTGTAGC-1	muscle.rbm24_0
fc_AGAGAGCGTTACGTAC-1	muscle.rbm24_0
fc_AGAGAGCTCACTGGTA-1	muscle.rbm24_0
fc_AGAGAGCTCCAATCTT-1	epithelia.cuticle.cp.rigid_7
fc_AGAGCAGAGCATTGTC-1	secretory-ECM_21
fc_AGAGCAGCATGTTCGA-1	neuroglioblast.ol_14
fc_AGAGCAGGTCCAAAGG-1	epithelia.cuticle.cp.rigid_7
fc_AGAGCAGTCATGTCTT-1	fat.body_10
fc_AGAGCCCTCTTCCCGA-1	epithelia.tendon_5
fc_AGATAGAAGTTGTAAG-1	neuron.cholinergic_11
fc_AGATAGACAGGTCCGT-1	epithelia.cuticle.cp.soft_3
fc_AGATAGAGTAAGGCTG-1	hemocyte_16
fc_AGATAGAGTGTTACTG-1	epithelia.cuticle.cp.rigid_7
fc_AGATAGAGTTGCAACT-1	epithelia.cuticle.cp.other_1
fc_AGATAGATCTGTGCAA-1	epithelia.cuticle.Osi17_4
fc_AGATCCAAGCTCACTA-1	muscle.rbm24_0
fc_AGATCCAAGTTTCGAC-1	muscle.rbm24_0
fc_AGATCCACAACTCCAA-1	muscle.rbm24_0
fc_AGATCCACACTTCCTG-1	muscle.rbm24_0
fc_AGATCCAGTACAACGG-1	muscle.rbm24_0
fc_AGATCCAGTCTCGGGT-1	epithelia.cuticle.biosynthesis_13
fc_AGATCCATCACTTTGT-1	epithelia.cuticle.cp.other_1
fc_AGATCCATCGGTAACT-1	epithelia.cuticle.biosynthesis_13
fc_AGATCGTAGAGTGGCT-1	epithelia.cuticle.Osi16_2
fc_AGATCGTAGCGACTGA-1	epithelia.olfactory.support_9
fc_AGATCGTAGGTCCCTG-1	epithelia.cuticle.Osi17_4
fc_AGATCGTTCAGGAACG-1	epithelia.cuticle.cp.other_1
fc_AGATCGTTCCACAAGT-1	muscle.rbm24_0
fc_AGATCGTTCTTGGATG-1	muscle.rbm24_0
fc_AGATGAAAGCTGGCTC-1	muscle.rbm24_0
fc_AGATGAAAGGATAATC-1	muscle.rbm24_0
fc_AGATGAAAGGTGAGAA-1	fat.body_10
fc_AGATGAACACGTAACT-1	epithelia.cuticle.cp.other_1
fc_AGATGAACAGACAAGC-1	epithelia.cuticle.cp.rigid_7
fc_AGATGAAGTGCCTGAC-1	epithelia.cuticle.Osi18_6
fc_AGATGAAGTGCTGATT-1	glia1_8
fc_AGATGCTCACGGATCC-1	epithelia.cuticle.cp.rigid_7
fc_AGATGCTCAGCGATTT-1	epithelia.cuticle.cp.other_1
fc_AGCATCAAGAGTTCGG-1	epithelia.cuticle.cp.rigid_7
fc_AGCATCAAGGCACAAC-1	muscle.rbm24_0
fc_AGCATCAAGTCTGCAT-1	muscle.rbm24_0
fc_AGCATCACATGTCAGT-1	neuroglioblast.ol_14
fc_AGCATCAGTACAGCGA-1	muscle.rbm24_0
fc_AGCATCAGTCTCCCTA-1	epithelia.cuticle.Osi16_2
fc_AGCATCAGTTGCTCCT-1	muscle.rbm24_0
fc_AGCATCATCTCAACCC-1	muscle.rbm24_0
fc_AGCATCATCTGAGTCA-1	epithelia.cuticle.cp.other_1
fc_AGCCAATAGTTGCCTA-1	epithelia.cuticle.Osi17_4
fc_AGCCAATGTCGTTGCG-1	epithelia.cuticle.Osi16_2
fc_AGCCAATGTGATCGTT-1	muscle.rbm24_0
fc_AGCCAATTCACTACGA-1	epithelia.cuticle.Osi18_6
fc_AGCCAATTCCACTAGA-1	epithelia.cuticle.biosynthesis_13
fc_AGCCAATTCGAATGCT-1	epithelia.cuticle.cp.other_1
fc_AGCCAATTCGTGCACG-1	neuron.cholinergic_11
fc_AGCCACGAGCCATGCC-1	epithelia.cuticle.cp.other_1
fc_AGCCACGAGTACTCGT-1	glia1_8
fc_AGCCACGCAGGCACTC-1	muscle.rbm24_0
fc_AGCCACGCAGGGCTTC-1	muscle.rbm24_0
fc_AGCCACGGTAGATCCT-1	epithelia.cuticle.cp.other_1
fc_AGCCACGGTGCCCGTA-1	trachea_15
fc_AGCCACGGTTTACCAG-1	neuroglioblast.castor_17
fc_AGCCACGTCTCCTGAC-1	epithelia.cuticle.Osi16_2
fc_AGCCAGCAGCGATTCT-1	glia1_8
fc_AGCCAGCCACGGCACT-1	muscle.rbm24_0
fc_AGCCAGCCAGGCATTT-1	epithelia.cuticle.cp.soft_3
fc_AGCCAGCGTGTTGACT-1	epithelia.cuticle.Osi17_4
fc_AGCCAGCTCAACCCGG-1	epithelia.cuticle.cp.soft_3
fc_AGCCAGCTCCGCGAGT-1	muscle.rbm24_0
fc_AGCCAGCTCCTGTTAT-1	epithelia.cuticle.Osi17_4
fc_AGCGATTAGCTGACCC-1	fat.body_10
fc_AGCGATTAGGGTACGT-1	epithelia.cuticle.Osi14_12
fc_AGCGATTAGGTCCTGC-1	neuron.cholinergic_11
fc_AGCGATTCAAATAAGC-1	muscle.rbm24_0
fc_AGCGATTTCATGCTAG-1	epithelia.cuticle.Osi14_12
fc_AGCGATTTCGTTGTGA-1	epithelia.cuticle.cp.other_1
fc_AGCGATTTCTTGTTAC-1	epithelia.cuticle.Osi17_4
fc_AGCGCCACAACCAGAG-1	muscle.rbm24_0
fc_AGCGCCACAGCGACCT-1	muscle.tup_19
fc_AGCGCCAGTAGGAAAG-1	secretory-ECM_21
fc_AGCGCCAGTCACAATC-1	epithelia.cuticle.Osi16_2
fc_AGCGCCAGTCGTTGCG-1	muscle.rbm24_0
fc_AGCGCCAGTTCGAGCC-1	epithelia.cuticle.biosynthesis_13
fc_AGCGCCATCACTGTCC-1	muscle.tup_19
fc_AGCGCCATCATTTGGG-1	epithelia.cuticle.Osi17_4
fc_AGCGCCATCGCATGAT-1	muscle.rbm24_0
fc_AGCGCCATCGGTCACG-1	epithelia.cuticle.Osi18_6
fc_AGCGCTGCAGTCGGTC-1	fat.body_10
fc_AGCGCTGGTAGCTAAA-1	epithelia.cuticle.Osi18_6
fc_AGCGCTGTCTCAGAAC-1	epithelia.cuticle.Osi16_2
fc_AGCGTATAGCAACCAG-1	epithelia.cuticle.cp.soft_3
fc_AGCGTATAGCAGTAAT-1	neuroglioblast.ol_14
fc_AGCGTATAGGTCATTC-1	muscle.rbm24_0
fc_AGCGTATCAAGGCCTC-1	muscle.rbm24_0
fc_AGCGTATTCCATTCAT-1	epithelia.cuticle.Osi17_4
fc_AGCGTATTCCGTCACT-1	epithelia.cuticle.Osi16_2
fc_AGCTACAAGATGCTAA-1	muscle.rbm24_0
fc_AGCTACAAGCGACAGT-1	muscle.rbm24_0
fc_AGCTACAAGGTGCCAA-1	muscle.rbm24_0
fc_AGCTACAAGTGCCGAA-1	glia1_8
fc_AGCTACACAGTTGAAA-1	hemocyte_16
fc_AGCTACACATACTGAC-1	muscle.rbm24_0
fc_AGCTACAGTCTTTATC-1	trachea_15
fc_AGCTACATCGGTGTAT-1	glia2_18
fc_AGCTCAAAGAGGTTTA-1	epithelia.cuticle.Osi16_2
fc_AGCTCAAAGGGCTGAT-1	neuron.chol.ciliated_20
fc_AGCTCAAAGGTCATAA-1	epithelia.cuticle.Osi16_2
fc_AGCTCAAAGTGCGACA-1	epithelia.cuticle.biosynthesis_13
fc_AGCTCAAGTAACGGTG-1	secretory-ECM_21
fc_AGCTCAAGTCAACCTA-1	secretory-ECM_21
fc_AGCTCAAGTCGAGCTC-1	epithelia.cuticle.Osi16_2
fc_AGCTCAAGTCTGTGTA-1	neuroglioblast.castor_17
fc_AGCTCAAGTTGGGAAC-1	epithelia.cuticle.cp.other_1
fc_AGCTCAATCCCGAGAC-1	epithelia.cuticle.Osi18_6
fc_AGCTTCCAGATACCAA-1	muscle.rbm24_0
fc_AGCTTCCAGTTCCGGC-1	muscle.rbm24_0
fc_AGCTTCCCAAACTCTG-1	epithelia.cuticle.biosynthesis_13
fc_AGCTTCCCACTGGCCA-1	muscle.rbm24_0
fc_AGCTTCCCAGCTACTA-1	epithelia.cuticle.Osi16_2
fc_AGGAAATCAATGCAGG-1	epithelia.cuticle.cp.rigid_7
fc_AGGAAATCACGGGCTT-1	epithelia.cuticle.cp.other_1
fc_AGGAAATCAGCGTTGC-1	fat.body_10
fc_AGGAAATCATCTCATT-1	epithelia.cuticle.Osi18_6
fc_AGGAAATGTAAGGCCA-1	epithelia.cuticle.cp.soft_3
fc_AGGAAATGTCTGTGGC-1	muscle.rbm24_0
fc_AGGAAATGTGCTCCGA-1	epithelia.cuticle.cp.soft_3
fc_AGGAATAAGACCAACG-1	fat.body_10
fc_AGGAATAAGAGCTGCA-1	muscle.rbm24_0
fc_AGGAATACAGTCAGAG-1	neuroglioblast.ol_14
fc_AGGAATAGTAGCCCTG-1	epithelia.cuticle.Osi18_6
fc_AGGAATAGTCCATCTC-1	epithelia.cuticle.Osi18_6
fc_AGGAATATCTCCTACG-1	neuroglioblast.castor_17
fc_AGGACGAAGCCGGATA-1	epithelia.tendon_5
fc_AGGACGAGTTCCGTTC-1	glia1_8
fc_AGGACGATCCACTGGG-1	epithelia.tendon_5
fc_AGGACTTCAAAGGCAC-1	muscle.tup_19
fc_AGGACTTCAGAGTTCT-1	epithelia.cuticle.biosynthesis_13
fc_AGGACTTGTCGAGTGA-1	hemocyte_16
fc_AGGACTTGTTGTGCAT-1	neuron.chol.ciliated_20
fc_AGGACTTTCAGACCGC-1	muscle.rbm24_0
fc_AGGAGGTAGACGAGCT-1	epithelia.cuticle.Osi17_4
fc_AGGAGGTAGAGGCGTT-1	fat.body_10
fc_AGGAGGTAGCGATCGA-1	muscle.rbm24_0
fc_AGGAGGTAGGGACTGT-1	epithelia.cuticle.Osi16_2
fc_AGGAGGTCACTTCATT-1	fat.body_10
fc_AGGAGGTGTACAGAAT-1	muscle.rbm24_0
fc_AGGAGGTGTATGAAGT-1	neuron.cholinergic_11
fc_AGGAGGTGTGGACTGA-1	muscle.rbm24_0
fc_AGGAGGTTCCACGGAC-1	muscle.rbm24_0
fc_AGGATAAAGCTTTCCC-1	secretory-ECM_21
fc_AGGATAATCTTCCACG-1	epithelia.cuticle.Osi14_12
fc_AGGATCTCACAGCCTG-1	muscle.rbm24_0
fc_AGGCATTCAAACAGGC-1	muscle.rbm24_0
fc_AGGCATTCAATTCTTC-1	muscle.rbm24_0
fc_AGGCATTCATGCAGGA-1	epithelia.cuticle.cp.other_1
fc_AGGCATTGTGTGTTTG-1	glia1_8
fc_AGGCCACAGCTTTCTT-1	trachea_15
fc_AGGCCACAGTCGCTAT-1	muscle.rbm24_0
fc_AGGCCACAGTGGACGT-1	neuron.cholinergic_11
fc_AGGCCACCACCATTCC-1	neuroglioblast.castor_17
fc_AGGCCACCATGACAAA-1	epithelia.cuticle.biosynthesis_13
fc_AGGCCACTCATTTGTC-1	muscle.rbm24_0
fc_AGGCCACTCTCTTGCG-1	muscle.rbm24_0
fc_AGGCTGCAGACCATTC-1	epithelia.cuticle.biosynthesis_13
fc_AGGCTGCAGAGCGACT-1	epithelia.cuticle.Osi18_6
fc_AGGCTGCCACCAGTTA-1	neuroglioblast.ol_14
fc_AGGCTGCCATATCTGG-1	epithelia.cuticle.Osi17_4
fc_AGGGAGTAGCTTTCTT-1	epithelia.cuticle.Osi17_4
fc_AGGGAGTCACCTTCGT-1	epithelia.cuticle.Osi17_4
fc_AGGGAGTGTATGCGTT-1	epithelia.cuticle.Osi18_6
fc_AGGGAGTTCATGCAGT-1	epithelia.cuticle.cp.soft_3
fc_AGGGCCTAGACATCCT-1	epithelia.cuticle.Osi18_6
fc_AGGGCCTGTACGTACT-1	hemocyte_16
fc_AGGGCCTGTATCGAGG-1	muscle.rbm24_0
fc_AGGGCCTTCCGGACTG-1	neuron.chol.ciliated_20
fc_AGGGCCTTCCGTTTCG-1	epithelia.cuticle.cp.rigid_7
fc_AGGGCTCTCACTTCTA-1	muscle.rbm24_0
fc_AGGGCTCTCGTCGGGT-1	epithelia.cuticle.biosynthesis_13
fc_AGGGTCCCAGCTGAAG-1	muscle.rbm24_0
fc_AGGGTCCCATCCCACT-1	neuron.cholinergic_11
fc_AGGGTCCCATGATCTG-1	fat.body_10
fc_AGGGTCCGTCCAGGTC-1	epithelia.cuticle.cp.other_1
fc_AGGGTGACACCCAAGC-1	fat.body_10
fc_AGGGTGAGTATTCTCT-1	muscle.rbm24_0
fc_AGGGTGATCTTACTGT-1	epithelia.tendon_5
fc_AGGGTTTAGAATGTTG-1	neuroglioblast.castor_17
fc_AGGGTTTGTCACCTTC-1	neuroglioblast.castor_17
fc_AGGGTTTGTGGCTACC-1	muscle.rbm24_0
fc_AGGGTTTTCGTGGACC-1	epithelia.cuticle.Osi17_4
fc_AGGTAGGCAACACAGG-1	glia2_18
fc_AGGTAGGCATTGTAGC-1	epithelia.cuticle.Osi18_6
fc_AGGTAGGTCGACATAC-1	glia1_8
fc_AGGTCATCACAGTGAG-1	epithelia.cuticle.Osi18_6
fc_AGGTCATCATTCAGGT-1	epithelia.cuticle.cp.other_1
fc_AGGTCATGTATGGTTC-1	neuroglioblast.ol_14
fc_AGGTCATTCGGCTGTG-1	glia2_18
fc_AGGTCTAGTATCTCTT-1	epithelia.cuticle.cp.other_1
fc_AGGTCTATCTGCTAGA-1	muscle.rbm24_0
fc_AGGTGTTAGCTTGTTG-1	epithelia.cuticle.cp.other_1
fc_AGGTGTTAGTGACACG-1	epithelia.cuticle.Osi17_4
fc_AGGTGTTCAGCACAAG-1	epithelia.cuticle.Osi16_2
fc_AGGTGTTGTGCCTACG-1	neuroglioblast.ol_14
fc_AGGTGTTTCACCGCTT-1	epithelia.cuticle.cp.other_1
fc_AGGTGTTTCCGAAATC-1	fat.body_10
fc_AGGTGTTTCCGACATA-1	muscle.rbm24_0
fc_AGGTTACCAGCGTATT-1	epithelia.cuticle.Osi17_4
fc_AGGTTACGTCTTTCTA-1	neuroglioblast.ol_14
fc_AGGTTACGTTCCACGG-1	muscle.rbm24_0
fc_AGGTTACTCATTTCGT-1	epithelia.cuticle.biosynthesis_13
fc_AGGTTGTAGTCGTTAC-1	epithelia.cuticle.biosynthesis_13
fc_AGGTTGTAGTTTCGAC-1	muscle.rbm24_0
fc_AGGTTGTCACGGTGAA-1	fat.body_10
fc_AGGTTGTCAGCGTTTA-1	fat.body_10
fc_AGGTTGTTCTAAGCCA-1	glia1_8
fc_AGTAACCAGAAATGGG-1	neuroglioblast.castor_17
fc_AGTAACCAGATGGCGT-1	epithelia.cuticle.Osi18_6
fc_AGTAACCCAAGGTACG-1	epithelia.cuticle.Osi17_4
fc_AGTAACCCATTGGATC-1	epithelia.cuticle.cp.other_1
fc_AGTAACCGTTGCGTAT-1	epithelia.cuticle.Osi16_2
fc_AGTAACCTCTAGTACG-1	muscle.tup_19
fc_AGTACCAAGCACTAGG-1	neuron.chol.ciliated_20
fc_AGTACCACACGACAGA-1	epithelia.tendon_5
fc_AGTACCAGTCTGCATA-1	muscle.rbm24_0
fc_AGTACTGAGAGTCTTC-1	glia2_18
fc_AGTACTGCAATCTAGC-1	epithelia.cuticle.Osi16_2
fc_AGTACTGCAGTAGAGC-1	epithelia.cuticle.Osi17_4
fc_AGTACTGCATCTAACG-1	muscle.rbm24_0
fc_AGTACTGCATGCAGGA-1	epithelia.cuticle.Osi17_4
fc_AGTACTGGTGAATTGA-1	hemocyte_16
fc_AGTACTGTCAAGCTGT-1	epithelia.cuticle.Osi17_4
fc_AGTACTGTCCAGGACC-1	epithelia.cuticle.cp.rigid_7
fc_AGTACTGTCCGATGCG-1	epithelia.cuticle.cp.rigid_7
fc_AGTACTGTCGTCACCT-1	epithelia.cuticle.Osi17_4
fc_AGTAGCTAGCGCTGAA-1	epithelia.cuticle.Osi18_6
fc_AGTAGCTAGTCTTGGT-1	epithelia.cuticle.Osi17_4
fc_AGTAGCTCAGTGGGTA-1	epithelia.cuticle.cp.soft_3
fc_AGTAGCTTCAGTGTGT-1	muscle.rbm24_0
fc_AGTAGCTTCTAGAGCT-1	glia1_8
fc_AGTAGTCAGGTAAGGA-1	muscle.rbm24_0
fc_AGTAGTCAGTACGTCT-1	epithelia.cuticle.cp.rigid_7
fc_AGTAGTCGTCGGTGTC-1	epithelia.cuticle.cp.rigid_7
fc_AGTAGTCGTTTGGCTA-1	muscle.rbm24_0
fc_AGTAGTCTCTGTTCAT-1	epithelia.cuticle.Osi18_6
fc_AGTCAACAGACTTAAG-1	muscle.rbm24_0
fc_AGTCAACCAAACGGCA-1	epithelia.cuticle.cp.rigid_7
fc_AGTCAACCAACACACT-1	muscle.rbm24_0
fc_AGTCAACCATGAAGGC-1	muscle.rbm24_0
fc_AGTCAACGTGACAACG-1	epithelia.cuticle.Osi17_4
fc_AGTCAACGTTTCCCAC-1	epithelia.cuticle.Osi16_2
fc_AGTCAACTCTTCTGTA-1	epithelia.cuticle.cp.rigid_7
fc_AGTCACAAGACCAACG-1	muscle.rbm24_0
fc_AGTCACAAGATGACCG-1	epithelia.cuticle.cp.other_1
fc_AGTCACAAGCGGGTAT-1	epithelia.cuticle.cp.soft_3
fc_AGTCACACAAGAAACT-1	hemocyte_16
fc_AGTCACACAATCACGT-1	secretory-ECM_21
fc_AGTCACAGTGCAGGAT-1	muscle.rbm24_0
fc_AGTCACATCAACTTTC-1	hemocyte_16
fc_AGTCACATCAATCAGC-1	muscle.rbm24_0
fc_AGTCACATCGAACGGA-1	muscle.rbm24_0
fc_AGTCATGAGAATAGTC-1	epithelia.cuticle.cp.soft_3
fc_AGTCATGCAGCTGTCG-1	muscle.rbm24_0
fc_AGTCATGGTGTCACAT-1	epithelia.cuticle.cp.other_1
fc_AGTCATGTCGTACCTC-1	epithelia.cuticle.cp.other_1
fc_AGTCTCCAGCACTCTA-1	epithelia.cuticle.cp.soft_3
fc_AGTCTCCCAAGGCAAC-1	epithelia.cuticle.biosynthesis_13
fc_AGTCTCCCAGAGCGTA-1	epithelia.cuticle.cp.soft_3
fc_AGTCTCCCAGCACAGA-1	epithelia.tendon_5
fc_AGTCTCCCATAGCACT-1	muscle.rbm24_0
fc_AGTCTCCGTGACCGAA-1	epithelia.cuticle.Osi17_4
fc_AGTCTCCTCTCCCTAG-1	glia1_8
fc_AGTGACTTCGGACGTC-1	fat.body_10
fc_AGTGATCGTGGCAGAT-1	muscle.rbm24_0
fc_AGTGCCGAGAGAACCC-1	epithelia.cuticle.cp.soft_3
fc_AGTGCCGCAATCGCAT-1	hemocyte_16
fc_AGTGCCGCAGCTTCCT-1	epithelia.cuticle.cp.other_1
fc_AGTGCCGCAGTCAGCC-1	epithelia.cuticle.Osi17_4
fc_AGTGCCGGTGCCTACG-1	epithelia.cuticle.cp.soft_3
fc_AGTGCCGGTTAGAAGT-1	epithelia.cuticle.Osi18_6
fc_AGTGCCGTCGACGACC-1	epithelia.cuticle.cp.rigid_7
fc_AGTGTTGAGACGTCCC-1	epithelia.cuticle.cp.other_1
fc_AGTGTTGAGCGGCTCT-1	secretory-ECM_21
fc_AGTGTTGAGCTAATCC-1	hemocyte_16
fc_AGTGTTGCATACTGAC-1	fat.body_10
fc_AGTGTTGTCAATCCGA-1	epithelia.cuticle.cp.other_1
fc_AGTGTTGTCACTACTT-1	epithelia.cuticle.cp.soft_3
fc_AGTGTTGTCGGTCACG-1	epithelia.cuticle.Osi16_2
fc_AGTGTTGTCGTGCAGC-1	muscle.rbm24_0
fc_AGTGTTGTCGTTCTCG-1	hemocyte_16
fc_AGTTAGCAGATAGTGT-1	epithelia.cuticle.cp.soft_3
fc_AGTTAGCAGCCGGAAT-1	neuroglioblast.ol_14
fc_AGTTAGCAGGCTCTCG-1	muscle.rbm24_0
fc_AGTTAGCAGTCATAGA-1	muscle.rbm24_0
fc_AGTTAGCCAGTTGGTT-1	neuroglioblast.ol_14
fc_AGTTAGCGTCTCTCAC-1	neuron.cholinergic_11
fc_AGTTCCCAGATGCTGG-1	trachea_15
fc_AGTTCCCCAGTTAAAG-1	muscle.rbm24_0
fc_AGTTCCCTCCGATAGT-1	neuron.chol.ciliated_20
fc_AGTTCCCTCGTAGGGA-1	epithelia.cuticle.Osi17_4
fc_AGTTCGAAGAATCCCT-1	epithelia.cuticle.biosynthesis_13
fc_AGTTCGAAGCTTGTGT-1	muscle.rbm24_0
fc_AGTTCGATCATACGAC-1	muscle.rbm24_0
fc_AGTTCGATCGACGTCG-1	epithelia.cuticle.Osi17_4
fc_AGTTCGATCTCTGAGA-1	epithelia.tendon_5
fc_ATACCGACATCATTGG-1	glia1_8
fc_ATACCGAGTACGCTAT-1	epithelia.cuticle.Osi18_6
fc_ATACCGATCTAACACG-1	epithelia.tendon_5
fc_ATACCGATCTATCGGA-1	epithelia.cuticle.cp.rigid_7
fc_ATACCTTAGGAAAGAC-1	epithelia.cuticle.Osi17_4
fc_ATACCTTCAATCACGT-1	muscle.rbm24_0
fc_ATACCTTGTGACCGAA-1	muscle.rbm24_0
fc_ATACCTTGTTGGGATG-1	glia2_18
fc_ATACCTTGTTGTGTAC-1	muscle.rbm24_0
fc_ATACCTTTCGAGCCTG-1	muscle.rbm24_0
fc_ATACCTTTCGGTCACG-1	glia1_8
fc_ATACCTTTCTAACGCA-1	glia2_18
fc_ATACCTTTCTCCCTAG-1	muscle.rbm24_0
fc_ATACTTCAGAACCCGA-1	epithelia.cuticle.cp.rigid_7
fc_ATACTTCCATTGCTGA-1	neuroglioblast.ol_14
fc_ATACTTCGTGCGGTAA-1	neuroglioblast.ol_14
fc_ATACTTCTCAAGCCTA-1	epithelia.cuticle.Osi17_4
fc_ATACTTCTCAAGTGTC-1	epithelia.tendon_5
fc_ATACTTCTCTTACCAT-1	epithelia.cuticle.biosynthesis_13
fc_ATAGACCAGTCTAGCT-1	epithelia.cuticle.cp.other_1
fc_ATAGACCCAAATACGA-1	epithelia.cuticle.biosynthesis_13
fc_ATAGACCCAATACGCT-1	neuroglioblast.ol_14
fc_ATAGACCCATACAGGG-1	muscle.rbm24_0
fc_ATAGACCCATCCGGCA-1	fat.body_10
fc_ATAGACCTCCCTTTGG-1	muscle.rbm24_0
fc_ATAGACCTCGACACTA-1	muscle.rbm24_0
fc_ATAGACCTCTGGCCAG-1	muscle.rbm24_0
fc_ATAGAGAAGTATGAAC-1	muscle.rbm24_0
fc_ATAGAGACAAATACGA-1	muscle.rbm24_0
fc_ATAGAGACAGAACGCA-1	trachea_15
fc_ATAGAGACATCGATCA-1	epithelia.cuticle.Osi14_12
fc_ATAGAGAGTACCGTGC-1	neuroglioblast.castor_17
fc_ATAGGCTAGAATCGAT-1	neuroglioblast.castor_17
fc_ATAGGCTAGGTTCCGC-1	neuron.chol.ciliated_20
fc_ATAGGCTGTTCGTACA-1	neuroglioblast.ol_14
fc_ATAGGCTTCATTGAGC-1	trachea_15
fc_ATAGGCTTCTTCGCTG-1	epithelia.cuticle.Osi16_2
fc_ATATCCTAGCACTCTA-1	epithelia.cuticle.cp.rigid_7
fc_ATATCCTCAAGATCCT-1	muscle.rbm24_0
fc_ATATCCTCACCAGGTC-1	epithelia.cuticle.cp.rigid_7
fc_ATATCCTCACGTGTGC-1	fat.body_10
fc_ATATCCTGTCTCAAGT-1	neuroglioblast.ol_14
fc_ATATCCTGTGCCGAAA-1	muscle.rbm24_0
fc_ATATCCTGTTCACGAT-1	epithelia.cuticle.cp.other_1
fc_ATATCCTTCCTGATAG-1	epithelia.cuticle.cp.rigid_7
fc_ATATCCTTCTCGGTCT-1	epithelia.cuticle.cp.other_1
fc_ATATCCTTCTTTGCAT-1	epithelia.cuticle.Osi16_2
fc_ATCACAGAGGTCGTCC-1	epithelia.cuticle.Osi17_4
fc_ATCACAGAGTTGGACG-1	muscle.rbm24_0
fc_ATCACAGGTCAGTCGC-1	secretory-ECM_21
fc_ATCACAGTCAACCTTT-1	epithelia.cuticle.biosynthesis_13
fc_ATCACAGTCCCTCTTT-1	neuroglioblast.ol_14
fc_ATCACAGTCCGTAATG-1	epithelia.cuticle.cp.rigid_7
fc_ATCACGAAGCACGGAT-1	epithelia.cuticle.Osi16_2
fc_ATCACGAAGCGTTCAT-1	neuron.cholinergic_11
fc_ATCACGAAGGGATCTG-1	epithelia.cuticle.cp.other_1
fc_ATCACGACATAACAGA-1	gland.corpora-allata_22
fc_ATCACGAGTGCCTAAT-1	muscle.rbm24_0
fc_ATCACGAGTGCTCGTG-1	muscle.rbm24_0
fc_ATCACGATCAAATGAG-1	epithelia.cuticle.cp.rigid_7
fc_ATCACGATCATGCCGG-1	muscle.rbm24_0
fc_ATCACTTCAAGACCGA-1	muscle.rbm24_0
fc_ATCACTTGTCTACACA-1	epithelia.tendon_5
fc_ATCACTTGTTCTCCCA-1	glia1_8
fc_ATCAGGTAGTGATGGC-1	muscle.rbm24_0
fc_ATCAGGTCACGCTGAC-1	epithelia.cuticle.cp.soft_3
fc_ATCAGGTCAGACGCTC-1	epithelia.cuticle.cp.other_1
fc_ATCAGGTCATAGCTGT-1	epithelia.cuticle.biosynthesis_13
fc_ATCAGGTGTACGATGG-1	epithelia.cuticle.cp.other_1
fc_ATCAGGTTCAACGTGT-1	epithelia.cuticle.Osi17_4
fc_ATCAGGTTCACTCTTA-1	neuron.cholinergic_11
fc_ATCAGGTTCATACGAC-1	epithelia.cuticle.cp.other_1
fc_ATCAGGTTCTGAGGCC-1	hemocyte_16
fc_ATCATTCAGCACCTGC-1	muscle.rbm24_0
fc_ATCATTCAGGTAAGTT-1	epithelia.cuticle.biosynthesis_13
fc_ATCATTCAGGTGCCTC-1	epithelia.olfactory.support_9
fc_ATCATTCAGTAGTCCT-1	muscle.rbm24_0
fc_ATCATTCCACATATCG-1	epithelia.cuticle.cp.rigid_7
fc_ATCATTCCACATTCGA-1	epithelia.cuticle.Osi17_4
fc_ATCATTCGTAGATGTA-1	epithelia.cuticle.Osi17_4
fc_ATCCACCAGCACTTTG-1	muscle.rbm24_0
fc_ATCCACCAGCAGGCAT-1	epithelia.cuticle.Osi17_4
fc_ATCCACCAGCAGGTCA-1	muscle.rbm24_0
fc_ATCCACCAGGGCCAAT-1	epithelia.cuticle.Osi16_2
fc_ATCCACCCAAGGCGTA-1	epithelia.cuticle.Osi16_2
fc_ATCCACCCAATAGGAT-1	glia1_8
fc_ATCCACCCAATTCTTC-1	epithelia.cuticle.cp.rigid_7
fc_ATCCACCCACACGGAA-1	muscle.rbm24_0
fc_ATCCACCCACTGCTTC-1	epithelia.cuticle.cp.rigid_7
fc_ATCCACCGTGGCCTCA-1	epithelia.cuticle.biosynthesis_13
fc_ATCCACCTCCTGGGTG-1	epithelia.cuticle.cp.other_1
fc_ATCCACCTCTGGGAGA-1	epithelia.cuticle.cp.soft_3
fc_ATCCATTAGAGGTCAC-1	epithelia.cuticle.Osi17_4
fc_ATCCATTCAGCTTTCC-1	muscle.rbm24_0
fc_ATCCATTGTAGGCAAC-1	epithelia.cuticle.cp.rigid_7
fc_ATCCATTGTCCCACGA-1	epithelia.tendon_5
fc_ATCCATTGTGGCTTAT-1	epithelia.cuticle.Osi18_6
fc_ATCCATTGTTATGACC-1	epithelia.cuticle.Osi16_2
fc_ATCCATTTCGTGCATA-1	epithelia.cuticle.biosynthesis_13
fc_ATCCCTGAGACATAAC-1	epithelia.cuticle.biosynthesis_13
fc_ATCCCTGAGCGACCCT-1	epithelia.cuticle.cp.rigid_7
fc_ATCCCTGAGGCCCACT-1	epithelia.cuticle.Osi18_6
fc_ATCCCTGAGTATGATG-1	epithelia.cuticle.Osi17_4
fc_ATCCCTGCATGTGACT-1	muscle.rbm24_0
fc_ATCCCTGGTGGTCCCA-1	epithelia.cuticle.cp.other_1
fc_ATCCCTGTCACCCATC-1	epithelia.cuticle.Osi18_6
fc_ATCCCTGTCTACCACC-1	muscle.rbm24_0
fc_ATCCGTCAGAACAAGG-1	neuron.cholinergic_11
fc_ATCCGTCAGAGCGACT-1	epithelia.cuticle.Osi16_2
fc_ATCCGTCAGGAGAGTA-1	glia2_18
fc_ATCCGTCAGTCACTAC-1	epithelia.cuticle.cp.rigid_7
fc_ATCCGTCCACTGCATA-1	epithelia.cuticle.cp.soft_3
fc_ATCCGTCCATCGGAGA-1	epithelia.cuticle.Osi16_2
fc_ATCCGTCGTGATTCTG-1	epithelia.cuticle.cp.other_1
fc_ATCCGTCGTTCTCAGA-1	fat.body_10
fc_ATCCGTCTCGCACTCT-1	muscle.rbm24_0
fc_ATCCTATAGCCAAGCA-1	hemocyte_16
fc_ATCCTATCAGCCGGTT-1	muscle.rbm24_0
fc_ATCCTATCATGAGGGT-1	epithelia.cuticle.biosynthesis_13
fc_ATCGATGAGTCTAACC-1	muscle.rbm24_0
fc_ATCGATGAGTGAGGCT-1	glia1_8
fc_ATCGATGCAAATACAG-1	neuron.cholinergic_11
fc_ATCGATGCAGACCTAT-1	epithelia.cuticle.Osi17_4
fc_ATCGATGCAGCGGTTC-1	fat.body_10
fc_ATCGATGCATGACTCA-1	epithelia.cuticle.cp.other_1
fc_ATCGATGCATTGCTTT-1	muscle.rbm24_0
fc_ATCGATGTCTGTGCAA-1	hemocyte_16
fc_ATCGCCTCAATGCAGG-1	muscle.rbm24_0
fc_ATCGCCTCATCGTCCT-1	fat.body_10
fc_ATCGCCTCATTGACTG-1	epithelia.cuticle.cp.rigid_7
fc_ATCGCCTTCCGACGGT-1	fat.body_10
fc_ATCGGATAGAGCAGAA-1	epithelia.cuticle.cp.rigid_7
fc_ATCGGATAGGATGCGT-1	glia1_8
fc_ATCGGATCAACCCTAA-1	muscle.rbm24_0
fc_ATCGGATCAATTGCCA-1	epithelia.cuticle.Osi16_2
fc_ATCGGATCATAGCACT-1	muscle.rbm24_0
fc_ATCGGATGTACAAACA-1	epithelia.cuticle.cp.other_1
fc_ATCGGATGTGTGGACA-1	muscle.rbm24_0
fc_ATCGGATGTTACGTAC-1	glia1_8
fc_ATCGGATGTTTGAAAG-1	neuron.cholinergic_11
fc_ATCGGATTCGAAGGAC-1	epithelia.cuticle.Osi17_4
fc_ATCGGCGAGAGGGTGG-1	glia2_18
fc_ATCGGCGCAACAGTGG-1	epithelia.cuticle.biosynthesis_13
fc_ATCGGCGTCCTAGCCT-1	muscle.rbm24_0
fc_ATCGTAGAGATGCTAA-1	muscle.rbm24_0
fc_ATCGTAGAGGCTTTCA-1	muscle.rbm24_0
fc_ATCGTAGAGTTGAATG-1	muscle.rbm24_0
fc_ATCGTAGCAACCAACT-1	epithelia.cuticle.Osi17_4
fc_ATCGTAGCAAGCAGGT-1	epithelia.cuticle.cp.other_1
fc_ATCGTAGCATGACGGA-1	epithelia.cuticle.cp.rigid_7
fc_ATCGTAGGTCTGTAGT-1	neuroglioblast.castor_17
fc_ATCGTAGTCTATCCAT-1	muscle.rbm24_0
fc_ATCGTCCAGTACAGAT-1	muscle.tup_19
fc_ATCGTCCAGTTGAAAC-1	muscle.rbm24_0
fc_ATCGTCCCACCAAAGG-1	muscle.rbm24_0
fc_ATCGTCCCACTCTAGA-1	epithelia.cuticle.Osi14_12
fc_ATCGTCCCATCGTTCC-1	glia2_18
fc_ATCGTCCTCCACTTTA-1	epithelia.cuticle.cp.soft_3
fc_ATCGTCCTCTCACTCG-1	muscle.rbm24_0
fc_ATCGTCCTCTCGTCAC-1	fat.body_10
fc_ATCGTGAAGGAGAATG-1	epithelia.cuticle.biosynthesis_13
fc_ATCGTGAAGTCGTCTA-1	hemocyte_16
fc_ATCGTGAGTGCTGCAC-1	glia1_8
fc_ATCGTGAGTGGAATGC-1	glia2_18
fc_ATCGTGATCGAGAACG-1	epithelia.cuticle.Osi18_6
fc_ATCTCTAAGAGTAACT-1	epithelia.cuticle.Osi17_4
fc_ATCTCTACATAGTCGT-1	epithelia.cuticle.Osi14_12
fc_ATCTCTACATGGCCCA-1	hemocyte_16
fc_ATCTCTAGTATCGCTA-1	epithelia.cuticle.Osi17_4
fc_ATCTCTATCTAGATCG-1	epithelia.cuticle.biosynthesis_13
fc_ATCTCTATCTTGTGCC-1	epithelia.cuticle.Osi18_6
fc_ATCTTCAAGAATTTGG-1	muscle.rbm24_0
fc_ATCTTCAAGACCAACG-1	muscle.rbm24_0
fc_ATCTTCAAGCAGTCTT-1	muscle.rbm24_0
fc_ATCTTCACAACTGTGT-1	hemocyte_16
fc_ATCTTCACACTGGCCA-1	epithelia.cuticle.cp.rigid_7
fc_ATCTTCAGTGTGTCGC-1	epithelia.cuticle.Osi17_4
fc_ATCTTCAGTTTAAGGA-1	epithelia.cuticle.cp.rigid_7
fc_ATGAAAGAGCCTTGAT-1	epithelia.cuticle.Osi18_6
fc_ATGAAAGAGGCTCCCA-1	fat.body_10
fc_ATGAAAGAGGTCATAA-1	epithelia.cuticle.cp.soft_3
fc_ATGAAAGGTCTCACGG-1	epithelia.cuticle.Osi16_2
fc_ATGAAAGTCACCATAG-1	glia1_8
fc_ATGACCAAGATGCGAC-1	muscle.rbm24_0
fc_ATGACCAAGGTTCAGG-1	muscle.rbm24_0
fc_ATGACCACAACTCGTA-1	epithelia.cuticle.cp.soft_3
fc_ATGACCACAGTTGAAA-1	muscle.rbm24_0
fc_ATGACCACATGCGGTC-1	epithelia.cuticle.Osi17_4
fc_ATGACCACATTCTTCA-1	muscle.rbm24_0
fc_ATGACCAGTCACTCTC-1	epithelia.cuticle.biosynthesis_13
fc_ATGAGGGAGCAATAAC-1	muscle.rbm24_0
fc_ATGAGGGAGCCGGATA-1	muscle.rbm24_0
fc_ATGAGGGAGTCAGCCC-1	neuron.cholinergic_11
fc_ATGAGGGCACCCTCTA-1	neuroglioblast.castor_17
fc_ATGAGGGCAGATGCGA-1	neuron.chol.ciliated_20
fc_ATGAGGGCAGGACATG-1	epithelia.cuticle.cp.other_1
fc_ATGAGGGGTCGATTAC-1	epithelia.cuticle.cp.rigid_7
fc_ATGAGGGTCGAGCCAC-1	neuroglioblast.ol_14
fc_ATGAGGGTCTCGTGGG-1	epithelia.cuticle.biosynthesis_13
fc_ATGAGTCCACCGTACG-1	epithelia.cuticle.cp.rigid_7
fc_ATGAGTCCACCTCTAC-1	neuroglioblast.castor_17
fc_ATGAGTCGTAACTAAG-1	epithelia.cuticle.Osi16_2
fc_ATGAGTCTCGGACGTC-1	epithelia.cuticle.Osi18_6
fc_ATGATCGAGCCGAATG-1	neuron.chol.ciliated_20
fc_ATGATCGCACGCGTCA-1	muscle.rbm24_0
fc_ATGATCGGTACTGGGA-1	epithelia.cuticle.cp.rigid_7
fc_ATGCATGAGCAGCAGT-1	glia1_8
fc_ATGCATGAGGACATCG-1	epithelia.cuticle.cp.rigid_7
fc_ATGCATGCAACTGATC-1	epithelia.cuticle.cp.other_1
fc_ATGCATGCAAGTAGTA-1	epithelia.cuticle.cp.soft_3
fc_ATGCATGCAAGTCATC-1	trachea_15
fc_ATGCATGCAGCTCGGT-1	epithelia.cuticle.biosynthesis_13
fc_ATGCATGCAGTTACCA-1	epithelia.cuticle.Osi16_2
fc_ATGCATGGTCTTCTAT-1	neuroglioblast.ol_14
fc_ATGCATGTCGTGCTCT-1	glia1_8
fc_ATGCCTCAGGTGCTGA-1	muscle.rbm24_0
fc_ATGCCTCCATCCGAGC-1	muscle.rbm24_0
fc_ATGCCTCGTTCTAACG-1	muscle.rbm24_0
fc_ATGCCTCTCATAAGGA-1	epithelia.cuticle.cp.soft_3
fc_ATGCGATAGAACTGAT-1	muscle.rbm24_0
fc_ATGCGATAGAGTGTGC-1	epithelia.cuticle.cp.other_1
fc_ATGCGATAGCTAATCC-1	neuroglioblast.ol_14
fc_ATGCGATCAACAAGTA-1	muscle.rbm24_0
fc_ATGCGATCAACTGCTA-1	muscle.tup_19
fc_ATGCGATTCCCGATCT-1	epithelia.cuticle.Osi17_4
fc_ATGCGATTCTGCGTCT-1	epithelia.cuticle.Osi18_6
fc_ATGGAGGCAAGCGCAA-1	epithelia.cuticle.cp.rigid_7
fc_ATGGAGGGTAGGTGCA-1	epithelia.cuticle.Osi18_6
fc_ATGGAGGGTGGCTCTG-1	epithelia.cuticle.cp.other_1
fc_ATGGATCAGAATTGCA-1	muscle.rbm24_0
fc_ATGGATCAGACGCCCT-1	epithelia.cuticle.Osi16_2
fc_ATGGATCAGCAACCAG-1	neuroglioblast.castor_17
fc_ATGGATCAGGTAAAGG-1	secretory-ECM_21
fc_ATGGATCAGGTTTACC-1	epithelia.cuticle.cp.soft_3
fc_ATGGATCCACGGCCAT-1	epithelia.cuticle.Osi17_4
fc_ATGGATCCAGAGGTAC-1	muscle.rbm24_0
fc_ATGGATCCAGTGTATC-1	neuroglioblast.castor_17
fc_ATGGATCCAGTTGAAA-1	muscle.rbm24_0
fc_ATGGATCGTTCTAACG-1	epithelia.cuticle.biosynthesis_13
fc_ATGGATCTCTCCGTGT-1	glia1_8
fc_ATGGGAGAGAAGAGCA-1	epithelia.cuticle.Osi18_6
fc_ATGGGAGAGACATCAA-1	muscle.rbm24_0
fc_ATGGGAGAGCTGGTGA-1	epithelia.cuticle.biosynthesis_13
fc_ATGGGAGCATGTTCAG-1	hemocyte_16
fc_ATGGGAGGTGAGCGAT-1	muscle.rbm24_0
fc_ATGGGAGTCTATGTGG-1	epithelia.cuticle.cp.other_1
fc_ATGGGTTCAACACACT-1	epithelia.cuticle.cp.soft_3
fc_ATGGGTTGTAGTGCGA-1	epithelia.cuticle.Osi16_2
fc_ATGGGTTGTTCCTACC-1	muscle.rbm24_0
fc_ATGGGTTGTTCTCTAT-1	epithelia.cuticle.Osi18_6
fc_ATGGGTTTCCCAAGCG-1	epithelia.cuticle.Osi17_4
fc_ATGGTTGAGACGGTTG-1	muscle.tup_19
fc_ATGGTTGAGGTGCATG-1	epithelia.cuticle.cp.soft_3
fc_ATGGTTGCACCAGGTC-1	glia1_8
fc_ATGGTTGGTGTAAACA-1	epithelia.cuticle.cp.rigid_7
fc_ATGTCCCAGAAGCTGC-1	epithelia.cuticle.cp.rigid_7
fc_ATGTCCCAGATGCTAA-1	epithelia.cuticle.cp.other_1
fc_ATGTCCCAGTAGGGTC-1	trachea_15
fc_ATGTCCCCAAGAGTAT-1	epithelia.cuticle.Osi17_4
fc_ATGTCCCGTGAATTAG-1	epithelia.cuticle.biosynthesis_13
fc_ATGTCCCTCTAGCATG-1	muscle.rbm24_0
fc_ATGTCCCTCTGACCCT-1	epithelia.cuticle.Osi16_2
fc_ATGTCTTAGGCTTTCA-1	glia1_8
fc_ATGTCTTCAGGATTCT-1	neuron.cholinergic_11
fc_ATGTCTTGTCACAATC-1	epithelia.cuticle.cp.soft_3
fc_ATGTCTTGTTACCTTT-1	muscle.rbm24_0
fc_ATGTCTTGTTATAGCC-1	muscle.rbm24_0
fc_ATGTCTTTCGACACTA-1	muscle.rbm24_0
fc_ATTACCTAGCTATCCA-1	epithelia.cuticle.Osi17_4
fc_ATTACCTAGGGACAGG-1	glia1_8
fc_ATTACCTCAAGTTTGC-1	epithelia.cuticle.cp.other_1
fc_ATTACCTCAGTAGAAT-1	muscle.rbm24_0
fc_ATTACCTGTATGATCC-1	epithelia.cuticle.Osi14_12
fc_ATTACCTGTCTACGTA-1	muscle.rbm24_0
fc_ATTACCTTCACTTTGT-1	muscle.rbm24_0
fc_ATTACCTTCCATCAGA-1	muscle.rbm24_0
fc_ATTACCTTCTTAGCCC-1	epithelia.cuticle.Osi14_12
fc_ATTACTCAGCATGCAG-1	muscle.rbm24_0
fc_ATTACTCAGTAGCCAG-1	epithelia.cuticle.Osi16_2
fc_ATTACTCAGTCTCCTC-1	epithelia.cuticle.cp.rigid_7
fc_ATTATCCCAGGTGTGA-1	epithelia.cuticle.Osi17_4
fc_ATTATCCGTGGTAACG-1	epithelia.cuticle.cp.other_1
fc_ATTATCCGTTTCGTGA-1	muscle.rbm24_0
fc_ATTATCCTCATCTACT-1	epithelia.cuticle.Osi18_6
fc_ATTATCCTCGGACAAG-1	epithelia.cuticle.cp.soft_3
fc_ATTATCCTCTCCGTGT-1	epithelia.cuticle.cp.rigid_7
fc_ATTATCCTCTTTCTAG-1	epithelia.cuticle.Osi17_4
fc_ATTCACTAGACTCAAA-1	muscle.rbm24_0
fc_ATTCACTAGATCGCTT-1	neuroglioblast.ol_14
fc_ATTCACTAGCATTTGC-1	neuroglioblast.ol_14
fc_ATTCACTAGGTGCAGT-1	glia1_8
fc_ATTCACTCAGCACAAG-1	muscle.rbm24_0
fc_ATTCACTGTAACATCC-1	epithelia.cuticle.Osi17_4
fc_ATTCACTGTGTGACCC-1	epithelia.cuticle.Osi16_2
fc_ATTCAGGAGGCACTAG-1	muscle.rbm24_0
fc_ATTCAGGCAGCAGTCC-1	epithelia.cuticle.cp.other_1
fc_ATTCAGGGTACTAGCT-1	muscle.rbm24_0
fc_ATTCATCAGCTTCGTA-1	neuroglioblast.castor_17
fc_ATTCATCGTGTTACTG-1	glia2_18
fc_ATTCATCTCGCAATGT-1	muscle.rbm24_0
fc_ATTCCATAGCATCGAG-1	glia1_8
fc_ATTCCATAGGCGTTGA-1	epithelia.cuticle.cp.rigid_7
fc_ATTCCATAGGTGAGAA-1	fat.body_10
fc_ATTCCATCACACCAGC-1	epithelia.cuticle.Osi18_6
fc_ATTCCATGTACGTGTT-1	epithelia.cuticle.cp.other_1
fc_ATTCCATGTGGTAACG-1	epithelia.cuticle.Osi14_12
fc_ATTCCATTCCACGGAC-1	neuroglioblast.ol_14
fc_ATTCCCGAGTTACGGG-1	epithelia.cuticle.Osi17_4
fc_ATTCCCGGTACGGGAT-1	epithelia.cuticle.Osi18_6
fc_ATTCCCGGTAGATTGA-1	epithelia.cuticle.cp.rigid_7
fc_ATTCCCGGTAGCTGAG-1	neuroglioblast.ol_14
fc_ATTCCCGTCATTGCTT-1	muscle.rbm24_0
fc_ATTCCCGTCGGAAGGT-1	epithelia.cuticle.cp.rigid_7
fc_ATTCCTAAGGGCAGGA-1	epithelia.cuticle.biosynthesis_13
fc_ATTCCTACACAATCTG-1	epithelia.cuticle.Osi17_4
fc_ATTCCTATCAAGTCGT-1	secretory-ECM_21
fc_ATTCCTATCACTTTGT-1	muscle.rbm24_0
fc_ATTCGTTAGGATATAC-1	muscle.rbm24_0
fc_ATTCGTTCAAGTCATC-1	epithelia.olfactory.support_9
fc_ATTCGTTGTACTAACC-1	glia1_8
fc_ATTCGTTGTGCATCTA-1	epithelia.cuticle.Osi17_4
fc_ATTCGTTTCCTCTCTT-1	muscle.rbm24_0
fc_ATTCGTTTCGATAACC-1	epithelia.cuticle.cp.other_1
fc_ATTCTACAGACGCCCT-1	muscle.tup_19
fc_ATTCTACAGAGGCTGT-1	hemocyte_16
fc_ATTCTACAGCAACTTC-1	muscle.rbm24_0
fc_ATTCTACAGCTAATCC-1	glia1_8
fc_ATTCTACAGGTTGCCC-1	muscle.rbm24_0
fc_ATTCTACAGTTTCGGT-1	muscle.rbm24_0
fc_ATTCTACGTCTACTGA-1	neuron.cholinergic_11
fc_ATTCTTGAGCTAAATG-1	epithelia.cuticle.cp.other_1
fc_ATTCTTGAGTCAATCC-1	epithelia.cuticle.Osi17_4
fc_ATTCTTGCAAGAGGTC-1	epithelia.cuticle.Osi17_4
fc_ATTCTTGGTCCCAAAT-1	muscle.rbm24_0
fc_ATTCTTGGTTCTCGCT-1	muscle.rbm24_0
fc_ATTCTTGTCCGATAGT-1	muscle.rbm24_0
fc_ATTGGGTAGCTAGATA-1	epithelia.cuticle.cp.other_1
fc_ATTGGGTAGGGCAGGA-1	muscle.rbm24_0
fc_ATTGGGTAGTCAGCCC-1	epithelia.cuticle.Osi17_4
fc_ATTGGGTAGTCCCGGT-1	glia1_8
fc_ATTGGGTCATGACCCG-1	epithelia.cuticle.cp.soft_3
fc_ATTGGGTGTAACCCTA-1	epithelia.cuticle.cp.other_1
fc_ATTGGGTGTCCTACAA-1	epithelia.cuticle.cp.rigid_7
fc_ATTGGGTTCGGTCTAA-1	epithelia.cuticle.cp.other_1
fc_ATTGGGTTCTTCTGGC-1	neuron.chol.ciliated_20
fc_ATTGTTCAGCAATAGT-1	neuron.chol.ciliated_20
fc_ATTGTTCAGTCTTCCC-1	neuroglioblast.castor_17
fc_ATTGTTCGTCAAATCC-1	epithelia.cuticle.cp.rigid_7
fc_ATTGTTCGTTCGTGCG-1	muscle.rbm24_0
fc_ATTGTTCTCAAAGGAT-1	epithelia.cuticle.cp.soft_3
fc_ATTGTTCTCACAGTGT-1	epithelia.cuticle.cp.soft_3
fc_ATTGTTCTCATACGAC-1	epithelia.cuticle.biosynthesis_13
fc_ATTGTTCTCGCATGAT-1	epithelia.cuticle.cp.rigid_7
fc_ATTTACCAGCAGCACA-1	neuroglioblast.ol_14
fc_ATTTACCAGCTTTCCC-1	epithelia.cuticle.Osi18_6
fc_ATTTACCCACATGAAA-1	secretory-ECM_21
fc_ATTTCACAGACATATG-1	epithelia.cuticle.cp.soft_3
fc_ATTTCACAGAGAGTGA-1	epithelia.cuticle.cp.other_1
fc_ATTTCACAGGAATTAC-1	epithelia.cuticle.biosynthesis_13
fc_ATTTCACAGGCTGGAT-1	muscle.rbm24_0
fc_ATTTCACAGTAGGAAG-1	epithelia.cuticle.Osi17_4
fc_ATTTCACAGTATTAGG-1	neuroglioblast.ol_14
fc_ATTTCACCAGGATGAC-1	muscle.rbm24_0
fc_ATTTCTGAGATTGTGA-1	glia1_8
fc_ATTTCTGAGCTAGCCC-1	epithelia.cuticle.cp.rigid_7
fc_ATTTCTGAGTTACTCG-1	muscle.rbm24_0
fc_ATTTCTGCAAATTGGA-1	muscle.rbm24_0
fc_ATTTCTGCAAGGACAC-1	muscle.rbm24_0
fc_ATTTCTGCACGATTCA-1	epithelia.cuticle.biosynthesis_13
fc_ATTTCTGGTCGTATGT-1	glia1_8
fc_ATTTCTGGTGGTCTGC-1	epithelia.cuticle.Osi18_6
fc_ATTTCTGGTTTCGATG-1	glia1_8
fc_ATTTCTGTCTGTGCAA-1	muscle.rbm24_0
fc_CAAAGAAAGCGATGAC-1	muscle.rbm24_0
fc_CAAAGAACAGGTGTGA-1	epithelia.cuticle.cp.other_1
fc_CAAAGAAGTACGACAG-1	fat.body_10
fc_CAAAGAAGTAGGCAAC-1	epithelia.cuticle.Osi17_4
fc_CAAAGAAGTCTCTCTG-1	muscle.rbm24_0
fc_CAAAGAAGTGCGAGTA-1	epithelia.cuticle.biosynthesis_13
fc_CAAAGAAGTTTGGGTT-1	epithelia.cuticle.Osi16_2
fc_CAACAACAGGCCCGTT-1	epithelia.cuticle.cp.soft_3
fc_CAACAACAGTAGCAAT-1	epithelia.cuticle.Osi17_4
fc_CAACAACCAAGCGGAT-1	epithelia.cuticle.Osi17_4
fc_CAACAACCACAGAAGC-1	neuroglioblast.ol_14
fc_CAACAACCAGATCCTA-1	epithelia.cuticle.cp.rigid_7
fc_CAACAGTAGCATGAAT-1	epithelia.cuticle.Osi18_6
fc_CAACAGTAGCTTTCCC-1	epithelia.tendon_5
fc_CAACAGTAGGGCAAGG-1	fat.body_10
fc_CAACAGTCAATTGCAC-1	epithelia.cuticle.cp.other_1
fc_CAACAGTCACTACCGG-1	epithelia.cuticle.Osi18_6
fc_CAACAGTGTCACTACA-1	epithelia.cuticle.cp.other_1
fc_CAACAGTGTGGTCTCG-1	neuron.chol.ciliated_20
fc_CAACAGTTCGACCACG-1	epithelia.cuticle.Osi14_12
fc_CAACAGTTCTTCCACG-1	epithelia.cuticle.Osi17_4
fc_CAACCAAAGCAAACAT-1	epithelia.cuticle.cp.soft_3
fc_CAACCAAAGTCCTGTA-1	fat.body_10
fc_CAACCAACAACTCGAT-1	epithelia.tendon_5
fc_CAACCAACAATTCTCT-1	muscle.rbm24_0
fc_CAACCAAGTCCGGACT-1	muscle.rbm24_0
fc_CAACCAAGTTCTCACC-1	epithelia.cuticle.Osi17_4
fc_CAACCTCCAACCGCTG-1	epithelia.cuticle.cp.other_1
fc_CAACCTCCACTGTCGG-1	fat.body_10
fc_CAACCTCTCCAAAGGG-1	epithelia.cuticle.biosynthesis_13
fc_CAACCTCTCGCTACAA-1	muscle.rbm24_0
fc_CAACCTCTCTTCCAGC-1	fat.body_10
fc_CAACGATGTGTTTGCA-1	epithelia.cuticle.cp.soft_3
fc_CAACGATTCACTGCTC-1	epithelia.cuticle.Osi17_4
fc_CAACGATTCAGTGATC-1	muscle.rbm24_0
fc_CAACGGCCAACTCGAT-1	epithelia.cuticle.Osi18_6
fc_CAACGGCCAAGCTCTA-1	epithelia.cuticle.cp.soft_3
fc_CAACGGCCAAGTCCCG-1	epithelia.tendon_5
fc_CAACGGCCAAGTGTCT-1	epithelia.cuticle.Osi17_4
fc_CAACGGCCACAATGAA-1	epithelia.cuticle.Osi17_4
fc_CAACGGCGTAGGAGGG-1	neuron.cholinergic_11
fc_CAACGGCTCAGTCACA-1	epithelia.cuticle.Osi17_4
fc_CAACGGCTCATCGCTC-1	muscle.rbm24_0
fc_CAACGGCTCCGTGGCA-1	epithelia.cuticle.cp.rigid_7
fc_CAACGGCTCCTTATAC-1	epithelia.cuticle.Osi16_2
fc_CAAGACTAGTAGTCAA-1	glia2_18
fc_CAAGACTCAATACAGA-1	glia2_18
fc_CAAGACTTCGTTACCC-1	epithelia.cuticle.biosynthesis_13
fc_CAAGAGGAGAGGTTTA-1	glia2_18
fc_CAAGAGGAGTTAACAG-1	neuron.chol.ciliated_20
fc_CAAGAGGCATAGGTAA-1	muscle.rbm24_0
fc_CAAGAGGGTAGTAAGT-1	neuroglioblast.castor_17
fc_CAAGAGGGTTTGTTCT-1	hemocyte_16
fc_CAAGAGGTCCGACATA-1	glia2_18
fc_CAAGAGGTCCTTATGT-1	epithelia.cuticle.Osi17_4
fc_CAAGCTAAGCACTCCG-1	neuroglioblast.ol_14
fc_CAAGCTAAGTTAGAAC-1	epithelia.cuticle.biosynthesis_13
fc_CAAGCTACACCAGGTC-1	epithelia.cuticle.Osi17_4
fc_CAAGCTACAGTCTTCC-1	epithelia.cuticle.Osi17_4
fc_CAAGCTACATACAGAA-1	epithelia.cuticle.cp.other_1
fc_CAAGCTAGTAGTACGG-1	epithelia.cuticle.cp.other_1
fc_CAAGCTAGTTGTTGCA-1	trachea_15
fc_CAAGCTATCTCAATCT-1	muscle.rbm24_0
fc_CAAGGGAAGTAGTGCG-1	epithelia.cuticle.Osi16_2
fc_CAAGGGAGTCGCTGCA-1	epithelia.cuticle.Osi14_12
fc_CAAGGGAGTGTCTTAG-1	neuroglioblast.ol_14
fc_CAAGGGATCCGTGTAA-1	epithelia.cuticle.cp.other_1
fc_CAAGGGATCGCGATCG-1	fat.body_10
fc_CAAGGGATCTATTTCG-1	neuroglioblast.ol_14
fc_CAAGGGATCTGTGCGG-1	epithelia.cuticle.Osi17_4
fc_CAATACGAGAGAGCGG-1	muscle.rbm24_0
fc_CAATACGAGATTGACA-1	epithelia.cuticle.biosynthesis_13
fc_CAATACGAGCGCCTCA-1	epithelia.cuticle.cp.other_1
fc_CAATACGAGTGATTCC-1	epithelia.cuticle.cp.soft_3
fc_CAATACGGTAGTGGCA-1	epithelia.cuticle.Osi16_2
fc_CAATACGGTTGGGTTT-1	muscle.rbm24_0
fc_CAATACGTCTCATAGG-1	fat.body_10
fc_CAATCGAAGCTCCCTT-1	glia1_8
fc_CAATCGAAGGCACTCC-1	epithelia.cuticle.cp.rigid_7
fc_CAATCGAAGGTCCGAA-1	fat.body_10
fc_CAATCGATCCACCCTA-1	epithelia.cuticle.Osi18_6
fc_CAATGACAGACGGTCA-1	epithelia.cuticle.biosynthesis_13
fc_CAATGACAGGGTGAAA-1	muscle.rbm24_0
fc_CAATGACAGTGGCCTC-1	glia1_8
fc_CAATGACCAACAACAA-1	epithelia.cuticle.cp.other_1
fc_CAATGACCACGGATCC-1	secretory-ECM_21
fc_CAATGACGTGGCTGAA-1	epithelia.cuticle.cp.other_1
fc_CAATGACGTTGCAAGG-1	epithelia.cuticle.Osi18_6
fc_CAATGACTCCTACACC-1	neuroglioblast.castor_17
fc_CAATGACTCGAGAAAT-1	muscle.rbm24_0
fc_CAATGACTCTACGCAA-1	epithelia.cuticle.Osi18_6
fc_CAATGACTCTCCGAGG-1	neuron.cholinergic_11
fc_CAATTTCAGGTCGTAG-1	epithelia.cuticle.biosynthesis_13
fc_CAATTTCCATAACAGA-1	muscle.rbm24_0
fc_CAATTTCCATTGACCA-1	hemocyte_16
fc_CAATTTCGTACTCAAC-1	fat.body_10
fc_CACAACAAGAGAAGGT-1	secretory-ECM_21
fc_CACAACAAGATTGCGG-1	epithelia.cuticle.cp.rigid_7
fc_CACAACAAGCAGCGAT-1	fat.body_10
fc_CACAACAAGGAGCTGT-1	neuroglioblast.ol_14
fc_CACAACAAGGTTGCCC-1	epithelia.cuticle.Osi17_4
fc_CACAACAGTAGTGGCA-1	epithelia.cuticle.cp.other_1
fc_CACAACAGTTCAATCG-1	fat.body_10
fc_CACAACATCCATTTAC-1	epithelia.cuticle.Osi18_6
fc_CACAACATCTTGATTC-1	neuroglioblast.ol_14
fc_CACACAAAGCCTATCA-1	epithelia.cuticle.cp.other_1
fc_CACACAAAGCTGAGCA-1	glia1_8
fc_CACACAAAGGTTTACC-1	epithelia.cuticle.cp.other_1
fc_CACACAAAGTCATGCT-1	epithelia.cuticle.cp.other_1
fc_CACACAATCAAGCCCG-1	epithelia.cuticle.Osi17_4
fc_CACACAATCACCCTGT-1	epithelia.cuticle.cp.other_1
fc_CACACAATCTGCGGCA-1	epithelia.cuticle.Osi18_6
fc_CACAGATAGAAGGATG-1	epithelia.cuticle.Osi18_6
fc_CACAGATAGGTGCGAT-1	epithelia.cuticle.cp.other_1
fc_CACAGATCATATGGCT-1	epithelia.cuticle.Osi17_4
fc_CACAGATTCATGAAAG-1	muscle.rbm24_0
fc_CACAGGCCATAGGTTC-1	epithelia.cuticle.cp.other_1
fc_CACATGAAGGCGTTAG-1	neuroglioblast.ol_14
fc_CACATGAAGTGGAATT-1	trachea_15
fc_CACATGACAAAGGGCT-1	glia1_8
fc_CACATGAGTTCTGAGT-1	muscle.rbm24_0
fc_CACATGATCAGCCTTC-1	muscle.rbm24_0
fc_CACCAAAAGCATTTGC-1	muscle.rbm24_0
fc_CACCAAAAGTTCACTG-1	muscle.rbm24_0
fc_CACCAAACAGTGACCC-1	epithelia.cuticle.Osi17_4
fc_CACCAAAGTATTCTCT-1	muscle.rbm24_0
fc_CACCAAATCACTACGA-1	epithelia.cuticle.cp.rigid_7
fc_CACCGTTAGAGCCGAT-1	trachea_15
fc_CACCGTTAGCGCCATC-1	epithelia.cuticle.Osi17_4
fc_CACCGTTAGGGTTAGC-1	muscle.rbm24_0
fc_CACCGTTCAAATGGTA-1	muscle.rbm24_0
fc_CACCGTTCACATCATG-1	epithelia.cuticle.Osi17_4
fc_CACCGTTCACTTTAGG-1	neuroglioblast.castor_17
fc_CACCGTTCAGGCCCTA-1	epithelia.cuticle.cp.other_1
fc_CACCGTTCATGCAGCC-1	hemocyte_16
fc_CACCGTTGTATCGAGG-1	muscle.rbm24_0
fc_CACCGTTGTGGTCCGT-1	epithelia.cuticle.cp.other_1
fc_CACCGTTTCACCTGTC-1	muscle.rbm24_0
fc_CACGAATAGAAGGCTC-1	muscle.tup_19
fc_CACGAATAGGTGGGTT-1	epithelia.cuticle.cp.other_1
fc_CACGAATGTATGGTAA-1	neuroglioblast.ol_14
fc_CACGAATGTGTTTACG-1	epithelia.cuticle.Osi17_4
fc_CACGAATTCAGACTGT-1	fat.body_10
fc_CACGAATTCGCGCCAA-1	epithelia.cuticle.Osi17_4
fc_CACGAATTCTCTGCTG-1	gland.corpora-allata_22
fc_CACGGGTAGATGACCG-1	epithelia.cuticle.Osi17_4
fc_CACGGGTAGCAGAAAG-1	muscle.rbm24_0
fc_CACGGGTAGCCATTGT-1	epithelia.cuticle.cp.other_1
fc_CACGGGTGTAGGTTTC-1	epithelia.cuticle.cp.other_1
fc_CACGGGTTCTGAGATC-1	muscle.rbm24_0
fc_CACGTGGAGCTAGTTC-1	muscle.rbm24_0
fc_CACGTGGAGGTAAGTT-1	muscle.rbm24_0
fc_CACGTGGCACACCGCA-1	muscle.rbm24_0
fc_CACGTGGCATTGTCGA-1	epithelia.cuticle.cp.rigid_7
fc_CACGTGGGTACGCTTA-1	muscle.rbm24_0
fc_CACGTTCAGACCAGAC-1	neuron.cholinergic_11
fc_CACGTTCAGGGCTGAT-1	epithelia.cuticle.cp.other_1
fc_CACGTTCCAATCGTCA-1	fat.body_10
fc_CACGTTCGTTAGTCGT-1	epithelia.cuticle.Osi18_6
fc_CACTAAGCACGGCGTT-1	gland.corpora-allata_22
fc_CACTAAGCATCCCGTT-1	epithelia.cuticle.biosynthesis_13
fc_CACTAAGGTACCAATC-1	muscle.rbm24_0
fc_CACTAAGTCAGACATC-1	epithelia.cuticle.Osi18_6
fc_CACTAAGTCATGACAC-1	muscle.rbm24_0
fc_CACTAAGTCCACTGGG-1	epithelia.cuticle.cp.soft_3
fc_CACTAAGTCGCTAATG-1	epithelia.cuticle.cp.other_1
fc_CACTGAAAGGTTGGAC-1	epithelia.cuticle.Osi18_6
fc_CACTGAACAATTGGTC-1	muscle.rbm24_0
fc_CACTGAATCAACCTCC-1	muscle.rbm24_0
fc_CACTGGGAGGAAGTGA-1	muscle.rbm24_0
fc_CACTGGGAGGGACTGT-1	fat.body_10
fc_CACTGGGCAACGGTAG-1	epithelia.cuticle.Osi17_4
fc_CACTGGGCAATACCTG-1	epithelia.cuticle.Osi16_2
fc_CACTGGGCAGATAAAC-1	muscle.rbm24_0
fc_CACTGGGGTAGAGGAA-1	hemocyte_16
fc_CACTGGGGTCATATGC-1	glia1_8
fc_CACTGGGGTGTTAGCT-1	epithelia.cuticle.cp.rigid_7
fc_CACTGGGGTTCCAAAC-1	epithelia.cuticle.cp.rigid_7
fc_CACTGTCAGACTGGGT-1	epithelia.cuticle.Osi17_4
fc_CACTGTCAGCTATCCA-1	epithelia.cuticle.cp.rigid_7
fc_CACTGTCAGTTACGGG-1	epithelia.cuticle.Osi18_6
fc_CACTGTCCATAAGCGG-1	epithelia.cuticle.Osi17_4
fc_CACTGTCGTGTTCCTC-1	gland.corpora-allata_22
fc_CACTTCGAGAAGTCAT-1	muscle.rbm24_0
fc_CACTTCGAGCTAAACA-1	epithelia.cuticle.cp.soft_3
fc_CACTTCGCAGGATTCT-1	epithelia.cuticle.Osi17_4
fc_CACTTCGCAGGTACGA-1	epithelia.cuticle.Osi16_2
fc_CACTTCGCATGCCGGT-1	epithelia.cuticle.cp.rigid_7
fc_CACTTCGGTAACAAGT-1	muscle.rbm24_0
fc_CACTTCGGTCCTTTGC-1	glia1_8
fc_CACTTCGGTGCGTTTA-1	epithelia.tendon_5
fc_CACTTCGTCAGCCCAG-1	epithelia.cuticle.cp.soft_3
fc_CACTTCGTCCGCGGAT-1	epithelia.cuticle.Osi18_6
fc_CACTTCGTCGCCTTTG-1	epithelia.cuticle.Osi17_4
fc_CAGAGCCAGCACCAGA-1	epithelia.cuticle.cp.soft_3
fc_CAGAGCCAGGAATGTT-1	epithelia.cuticle.Osi18_6
fc_CAGAGCCCAACCCTAA-1	epithelia.cuticle.Osi17_4
fc_CAGAGCCCATCCGGCA-1	hemocyte_16
fc_CAGAGCCTCCCGTTGT-1	hemocyte_16
fc_CAGAGCCTCGCCGAAC-1	muscle.rbm24_0
fc_CAGATACAGAGCGACT-1	muscle.rbm24_0
fc_CAGATACAGGTTGAGC-1	hemocyte_16
fc_CAGATACAGTCCCAAT-1	epithelia.cuticle.Osi17_4
fc_CAGATACAGTCTGTAC-1	epithelia.cuticle.biosynthesis_13
fc_CAGATACCAAGGTACG-1	muscle.rbm24_0
fc_CAGATACCAATCTCGA-1	epithelia.cuticle.cp.other_1
fc_CAGATACGTGCGTGCT-1	neuroglioblast.ol_14
fc_CAGATACTCACGGTCG-1	epithelia.cuticle.Osi18_6
fc_CAGATACTCTTTCCGG-1	neuron.cholinergic_11
fc_CAGATCAAGACTACCT-1	muscle.rbm24_0
fc_CAGATCAAGATGGTAT-1	secretory-ECM_21
fc_CAGATCAAGTTTCGAC-1	epithelia.cuticle.Osi17_4
fc_CAGATCACAAGGCCTC-1	epithelia.cuticle.biosynthesis_13
fc_CAGATCACAGAACATA-1	epithelia.cuticle.Osi16_2
fc_CAGATCACAGAGATTA-1	epithelia.cuticle.cp.other_1
fc_CAGATCAGTAACACGG-1	epithelia.tendon_5
fc_CAGATCAGTCACTCTC-1	glia1_8
fc_CAGATCAGTCGAAGCA-1	secretory-ECM_21
fc_CAGATTGAGAAGAACG-1	epithelia.cuticle.cp.other_1
fc_CAGATTGAGAAGTGTT-1	epithelia.cuticle.cp.rigid_7
fc_CAGATTGAGACTGAGC-1	muscle.rbm24_0
fc_CAGATTGAGCACCGAA-1	neuron.cholinergic_11
fc_CAGATTGCAGTGTGCC-1	hemocyte_16
fc_CAGATTGGTCTACTGA-1	muscle.rbm24_0
fc_CAGATTGGTGATACCT-1	epithelia.cuticle.Osi17_4
fc_CAGATTGTCAGGAGAC-1	neuroglioblast.ol_14
fc_CAGCAATCAGAATTCC-1	neuroglioblast.castor_17
fc_CAGCAATCATGGAAGC-1	epithelia.cuticle.Osi17_4
fc_CAGCAATGTCACCCTT-1	epithelia.cuticle.Osi17_4
fc_CAGCAATTCACCTACC-1	muscle.rbm24_0
fc_CAGCAATTCTTGGATG-1	epithelia.cuticle.Osi16_2
fc_CAGCACGCAAGCGAGT-1	glia1_8
fc_CAGCACGTCCATTCGC-1	epithelia.cuticle.cp.other_1
fc_CAGCACGTCGGCTCTT-1	glia1_8
fc_CAGCAGCAGTGGACTG-1	neuroglioblast.ol_14
fc_CAGCAGCCACTCCGAG-1	muscle.rbm24_0
fc_CAGCAGCCAGCTGCCA-1	epithelia.cuticle.biosynthesis_13
fc_CAGCAGCCAGTATTCG-1	trachea_15
fc_CAGCAGCTCCACTGGG-1	epithelia.cuticle.Osi16_2
fc_CAGCCAGCAGTCAGCC-1	neuroglioblast.castor_17
fc_CAGCCAGGTCTTGCGG-1	epithelia.cuticle.Osi16_2
fc_CAGCCAGTCATCCCGT-1	fat.body_10
fc_CAGCCAGTCATTCGGA-1	epithelia.cuticle.biosynthesis_13
fc_CAGCCAGTCCATTCAT-1	epithelia.cuticle.Osi16_2
fc_CAGCCAGTCGTGCATA-1	neuron.cholinergic_11
fc_CAGCCAGTCTTTGCTA-1	epithelia.cuticle.Osi17_4
fc_CAGCGTGCAATTCTTC-1	epithelia.cuticle.Osi17_4
fc_CAGCGTGGTCCCGTGA-1	muscle.rbm24_0
fc_CAGCGTGGTGCAAGAC-1	epithelia.cuticle.cp.soft_3
fc_CAGCGTGGTGGAACCA-1	epithelia.cuticle.cp.soft_3
fc_CAGCGTGGTTTCGCTC-1	epithelia.cuticle.cp.other_1
fc_CAGCGTGTCAGGTAAA-1	muscle.tup_19
fc_CAGCGTGTCCATTTCA-1	neuroglioblast.ol_14
fc_CAGCGTGTCTGCCCTA-1	muscle.rbm24_0
fc_CAGGCCAAGAGCACTG-1	neuroglioblast.ol_14
fc_CAGGCCAGTACATACC-1	epithelia.cuticle.cp.other_1
fc_CAGGCCAGTCTATGAC-1	muscle.rbm24_0
fc_CAGGCCAGTGAGGAAA-1	neuroglioblast.castor_17
fc_CAGGCCATCGACGCTG-1	muscle.rbm24_0
fc_CAGGGCTAGGAACGTC-1	muscle.rbm24_0
fc_CAGGGCTAGTAGTCCT-1	glia2_18
fc_CAGGGCTCAAATGAGT-1	epithelia.cuticle.cp.other_1
fc_CAGGGCTCAATAGGGC-1	epithelia.cuticle.Osi18_6
fc_CAGGGCTCACGAAGAC-1	muscle.rbm24_0
fc_CAGGGCTGTAGATTGA-1	muscle.rbm24_0
fc_CAGGGCTGTCGTGGTC-1	muscle.rbm24_0
fc_CAGGGCTGTGAAGCTG-1	epithelia.cuticle.cp.other_1
fc_CAGGGCTGTGCTCGTG-1	epithelia.cuticle.Osi17_4
fc_CAGGGCTGTTCTTGTT-1	neuron.cholinergic_11
fc_CAGGGCTTCGATTGGT-1	neuron.chol.ciliated_20
fc_CAGGTATAGATTACCC-1	muscle.rbm24_0
fc_CAGGTATCAGACCTAT-1	fat.body_10
fc_CAGGTATCATCCGCGA-1	muscle.rbm24_0
fc_CAGGTATGTTGCTAGT-1	epithelia.tendon_5
fc_CAGGTATTCTATTTCG-1	epithelia.cuticle.cp.rigid_7
fc_CAGTGCGAGAGAGCGG-1	epithelia.cuticle.cp.other_1
fc_CAGTGCGAGATTCGCT-1	muscle.rbm24_0
fc_CAGTGCGAGCATGCAG-1	hemocyte_16
fc_CAGTGCGAGCCAGACA-1	trachea_15
fc_CAGTGCGCACGGCACT-1	muscle.rbm24_0
fc_CAGTGCGCAGACCTAT-1	neuron.cholinergic_11
fc_CAGTGCGTCTGGGCAC-1	epithelia.cuticle.Osi18_6
fc_CAGTTAGAGGCCTTCG-1	epithelia.cuticle.cp.rigid_7
fc_CAGTTAGCACCGTCGA-1	epithelia.cuticle.biosynthesis_13
fc_CAGTTAGCAGGATGAC-1	epithelia.tendon_5
fc_CAGTTAGGTGTCTCCT-1	epithelia.tendon_5
fc_CAGTTAGGTGTGTTTG-1	trachea_15
fc_CAGTTAGGTTTACGTG-1	muscle.rbm24_0
fc_CAGTTAGTCCAGTACA-1	muscle.rbm24_0
fc_CAGTTAGTCTATACTC-1	epithelia.tendon_5
fc_CAGTTCCCACGTAACT-1	epithelia.cuticle.Osi16_2
fc_CAGTTCCCAGGGACTA-1	muscle.rbm24_0
fc_CAGTTCCGTCGTGTTA-1	fat.body_10
fc_CAGTTCCTCTATTGTC-1	neuron.cholinergic_11
fc_CATAAGCAGGCATCAG-1	muscle.rbm24_0
fc_CATAAGCAGGTGCTTT-1	epithelia.cuticle.cp.other_1
fc_CATAAGCCACGTGTGC-1	muscle.rbm24_0
fc_CATAAGCCAGAGTGTG-1	muscle.rbm24_0
fc_CATAAGCGTAGCCCTG-1	muscle.rbm24_0
fc_CATAAGCGTCAAAGAT-1	epithelia.cuticle.cp.other_1
fc_CATAAGCGTTGTGGAG-1	neuroglioblast.ol_14
fc_CATAAGCTCATCGCAA-1	epithelia.cuticle.Osi17_4
fc_CATAAGCTCCACGAAT-1	epithelia.cuticle.cp.soft_3
fc_CATACAGCAAATGAGT-1	epithelia.cuticle.cp.other_1
fc_CATACAGCACGTCTCT-1	epithelia.cuticle.Osi18_6
fc_CATACAGTCCGTCACT-1	glia1_8
fc_CATACAGTCTTCTTCC-1	epithelia.tendon_5
fc_CATACCCAGCACTAGG-1	muscle.rbm24_0
fc_CATACCCAGCTAATCC-1	glia1_8
fc_CATACCCAGTGGATTA-1	epithelia.cuticle.cp.rigid_7
fc_CATACCCCAGACGATG-1	epithelia.tendon_5
fc_CATACCCGTAGTGTGG-1	epithelia.cuticle.Osi17_4
fc_CATACCCGTATTTCTC-1	muscle.rbm24_0
fc_CATACCCTCTGCTTAT-1	epithelia.olfactory.support_9
fc_CATACTTAGTTGTCAC-1	epithelia.cuticle.cp.rigid_7
fc_CATACTTCATGCACTA-1	epithelia.cuticle.Osi16_2
fc_CATACTTGTAGCTTGT-1	muscle.rbm24_0
fc_CATACTTGTCCTCCTA-1	epithelia.cuticle.Osi17_4
fc_CATAGACAGAGGCGTT-1	glia1_8
fc_CATAGACAGGCTCACC-1	muscle.rbm24_0
fc_CATAGACGTCAGCTTA-1	epithelia.cuticle.Osi17_4
fc_CATAGACTCATAGCAC-1	muscle.tup_19
fc_CATCAAGAGCCAGTAG-1	neuron.cholinergic_11
fc_CATCAAGGTCGACGCT-1	fat.body_10
fc_CATCAAGGTGACTAAA-1	epithelia.cuticle.Osi18_6
fc_CATCAAGTCAGAACCT-1	muscle.rbm24_0
fc_CATCAAGTCGAAGTGG-1	muscle.rbm24_0
fc_CATCAAGTCTGTCAGA-1	epithelia.cuticle.Osi18_6
fc_CATCCACAGACTTGTC-1	epithelia.cuticle.cp.rigid_7
fc_CATCCACGTATCGTTG-1	hemocyte_16
fc_CATCCACTCGTCAGAT-1	neuron.cholinergic_11
fc_CATCCACTCGTGTCAA-1	epithelia.cuticle.cp.rigid_7
fc_CATCCACTCTCTTAAC-1	fat.body_10
fc_CATCCACTCTTAGGAC-1	neuron.chol.ciliated_20
fc_CATCCCAAGGTTGACG-1	trachea_15
fc_CATCCCAAGTATGTAG-1	fat.body_10
fc_CATCCCACAAGCCCAC-1	epithelia.cuticle.Osi17_4
fc_CATCCCACACTTGGGC-1	epithelia.cuticle.Osi17_4
fc_CATCCCAGTATAATGG-1	epithelia.cuticle.cp.other_1
fc_CATCCCAGTTCAATCG-1	epithelia.cuticle.Osi17_4
fc_CATCCCAGTTCGGGTC-1	hemocyte_16
fc_CATCCGTAGCAGTACG-1	epithelia.cuticle.cp.soft_3
fc_CATCCGTTCAAGTTGC-1	epithelia.cuticle.cp.rigid_7
fc_CATCGCTGTGCTATTG-1	epithelia.cuticle.cp.rigid_7
fc_CATCGCTGTGTATTGC-1	muscle.rbm24_0
fc_CATCGCTTCGCCAGAC-1	epithelia.cuticle.Osi17_4
fc_CATCGGGAGTCTGTAC-1	hemocyte_16
fc_CATCGGGAGTGTACCT-1	epithelia.cuticle.cp.other_1
fc_CATCGGGCAAATCGTC-1	epithelia.cuticle.cp.other_1
fc_CATCGGGGTTCCGCGA-1	epithelia.cuticle.cp.soft_3
fc_CATCGTCAGTGTAGTA-1	epithelia.cuticle.Osi16_2
fc_CATCGTCCAAGCCCAC-1	epithelia.cuticle.Osi17_4
fc_CATCGTCTCAAGGCTT-1	hemocyte_16
fc_CATCGTCTCAGAGTGG-1	muscle.rbm24_0
fc_CATCGTCTCTCAGTCC-1	fat.body_10
fc_CATGAGTCATGACTTG-1	epithelia.cuticle.Osi14_12
fc_CATGAGTTCGCCTATC-1	epithelia.cuticle.Osi17_4
fc_CATGCAAAGCTATCCA-1	neuron.cholinergic_11
fc_CATGCAAAGCTGCCTG-1	epithelia.cuticle.cp.other_1
fc_CATGCAACATCCGATA-1	epithelia.cuticle.biosynthesis_13
fc_CATGCAAGTTGCATCA-1	muscle.rbm24_0
fc_CATGCAATCCCATAAG-1	epithelia.cuticle.Osi17_4
fc_CATGCCTCATATGAAG-1	epithelia.tendon_5
fc_CATGCCTGTCAAGCGA-1	muscle.rbm24_0
fc_CATGCCTTCAGCAGAG-1	neuroglioblast.castor_17
fc_CATGCGGAGCTCGGCT-1	secretory-ECM_21
fc_CATGCGGAGGTGCCTC-1	epithelia.cuticle.cp.rigid_7
fc_CATGCGGAGTGAGCCA-1	epithelia.cuticle.Osi16_2
fc_CATGCGGGTCACATTG-1	neuroglioblast.ol_14
fc_CATGCTCAGAAACTAC-1	glia1_8
fc_CATGCTCAGGGCCAAT-1	epithelia.cuticle.Osi16_2
fc_CATGCTCAGGTGTGAC-1	epithelia.cuticle.Osi18_6
fc_CATGCTCCAAGTACCT-1	epithelia.cuticle.Osi18_6
fc_CATGCTCGTACGACAG-1	secretory-ECM_21
fc_CATGCTCGTATGCAAA-1	muscle.rbm24_0
fc_CATGCTCGTCTTGCTC-1	epithelia.cuticle.cp.rigid_7
fc_CATGCTCGTGTTCATG-1	muscle.rbm24_0
fc_CATGGATAGCATACTC-1	fat.body_10
fc_CATGGATCATCGAGCC-1	muscle.rbm24_0
fc_CATGGATTCATTCTTG-1	epithelia.tendon_5
fc_CATGGTAAGAAATTCG-1	epithelia.cuticle.cp.rigid_7
fc_CATGGTAAGGATCACG-1	muscle.rbm24_0
fc_CATGGTAAGTGCACCC-1	epithelia.cuticle.Osi17_4
fc_CATGGTACATGAGTAA-1	neuroglioblast.castor_17
fc_CATGGTATCACAAGGG-1	epithelia.cuticle.Osi16_2
fc_CATTCATAGGTGCCAA-1	epithelia.cuticle.cp.other_1
fc_CATTCATAGTGGTGAC-1	glia1_8
fc_CATTCATGTACTAAGA-1	muscle.rbm24_0
fc_CATTCATGTTTGGGAG-1	muscle.rbm24_0
fc_CATTCATTCCAGCACG-1	glia2_18
fc_CATTCATTCGCTAAAC-1	muscle.rbm24_0
fc_CATTCATTCGGCTCTT-1	epithelia.tendon_5
fc_CATTCATTCTGCCTCA-1	muscle.rbm24_0
fc_CATTCCGCACAAAGTA-1	epithelia.cuticle.cp.other_1
fc_CATTCCGCATGTTTGG-1	epithelia.cuticle.cp.other_1
fc_CATTCCGGTAAGACCG-1	glia1_8
fc_CATTCCGGTGCATCTA-1	epithelia.cuticle.Osi16_2
fc_CATTCCGGTGGAAGTC-1	neuroglioblast.castor_17
fc_CATTCCGGTTCCGTTC-1	epithelia.cuticle.Osi18_6
fc_CATTCCGTCACGACTA-1	muscle.rbm24_0
fc_CATTCTAAGCGTTGTT-1	epithelia.cuticle.cp.other_1
fc_CATTCTAAGTCCCAGC-1	muscle.rbm24_0
fc_CATTCTACAAGTCCAT-1	epithelia.cuticle.cp.other_1
fc_CATTCTACACGGGTAA-1	epithelia.cuticle.cp.rigid_7
fc_CATTCTATCTTCCACG-1	muscle.rbm24_0
fc_CATTGAGCACGACAGA-1	epithelia.cuticle.biosynthesis_13
fc_CATTGAGCACGTGAGA-1	epithelia.cuticle.Osi18_6
fc_CATTGAGGTAGTCTGT-1	glia2_18
fc_CATTGAGGTCCAATCA-1	muscle.rbm24_0
fc_CATTGAGTCCATTTAC-1	hemocyte_16
fc_CATTGCCAGTACCGGA-1	epithelia.cuticle.Osi18_6
fc_CATTGCCTCCCAGCGA-1	muscle.rbm24_0
fc_CATTGCCTCGAACTCA-1	epithelia.cuticle.Osi18_6
fc_CATTGCCTCTTGGCTC-1	epithelia.cuticle.biosynthesis_13
fc_CATTGTTCACTAACCA-1	glia1_8
fc_CATTGTTGTGCTTATG-1	epithelia.cuticle.cp.rigid_7
fc_CATTGTTTCGAGGCAA-1	fat.body_10
fc_CATTGTTTCGGTCGAC-1	epithelia.cuticle.cp.soft_3
fc_CATTTCAAGTGAATAC-1	epithelia.cuticle.cp.rigid_7
fc_CATTTCACATGTCTAG-1	neuron.cholinergic_11
fc_CATTTCACATTACGGT-1	neuron.cholinergic_11
fc_CATTTCATCACTCACC-1	neuroglioblast.castor_17
fc_CATTTCATCGTTTACT-1	epithelia.cuticle.cp.rigid_7
fc_CATTTCATCTCCCTAG-1	neuron.cholinergic_11
fc_CATTTCATCTGTTGGA-1	epithelia.cuticle.cp.other_1
fc_CCAAGCGAGAGTATAC-1	epithelia.cuticle.cp.soft_3
fc_CCAAGCGGTAGGCTCC-1	epithelia.cuticle.cp.soft_3
fc_CCAAGCGGTCGCGTCA-1	epithelia.cuticle.cp.soft_3
fc_CCAAGCGGTGACACGA-1	epithelia.cuticle.Osi17_4
fc_CCAAGCGGTTCCTAGA-1	muscle.rbm24_0
fc_CCAAGCGTCACCATCC-1	neuroglioblast.castor_17
fc_CCAAGCGTCAGGCGAA-1	epithelia.olfactory.support_9
fc_CCAATGAAGAGCAAGA-1	epithelia.cuticle.Osi14_12
fc_CCAATGACAAGATGTA-1	epithelia.cuticle.cp.soft_3
fc_CCAATGACACTCCACT-1	epithelia.cuticle.Osi17_4
fc_CCAATGACACTGCACG-1	epithelia.tendon_5
fc_CCAATGACAGCATTGT-1	epithelia.cuticle.cp.rigid_7
fc_CCAATGAGTTGCGTAT-1	muscle.rbm24_0
fc_CCAATGATCCATTCGC-1	muscle.rbm24_0
fc_CCAATTTAGCGTCTCG-1	glia1_8
fc_CCAATTTCACATTCTT-1	neuron.cholinergic_11
fc_CCAATTTCACTAGAGG-1	muscle.rbm24_0
fc_CCAATTTCAGAAGTTA-1	epithelia.cuticle.Osi16_2
fc_CCAATTTTCTGAGGCC-1	epithelia.cuticle.Osi17_4
fc_CCACAAAAGGACAGCT-1	glia1_8
fc_CCACAAAAGGGACCAT-1	muscle.rbm24_0
fc_CCACAAACACTGTGAT-1	neuroglioblast.ol_14
fc_CCACAAAGTAATGCTC-1	muscle.rbm24_0
fc_CCACAAAGTAGCGTTT-1	epithelia.cuticle.cp.other_1
fc_CCACAAAGTATCACCA-1	muscle.rbm24_0
fc_CCACAAAGTCCTACGG-1	muscle.rbm24_0
fc_CCACAAAGTCTTGAAC-1	epithelia.tendon_5
fc_CCACAAATCTATTCGT-1	neuroglioblast.ol_14
fc_CCACACTAGCTGCGAA-1	muscle.rbm24_0
fc_CCACACTCAGACGCTC-1	neuron.cholinergic_11
fc_CCACACTGTAGTTACC-1	epithelia.cuticle.Osi16_2
fc_CCACACTGTGCAACGA-1	epithelia.cuticle.Osi17_4
fc_CCACACTTCGAGATAA-1	epithelia.cuticle.biosynthesis_13
fc_CCACCATAGGTTGAGC-1	muscle.rbm24_0
fc_CCACCATGTGACTCGC-1	muscle.rbm24_0
fc_CCACCATTCATCTACT-1	neuroglioblast.ol_14
fc_CCACCATTCTCTGCTG-1	epithelia.cuticle.biosynthesis_13
fc_CCACGAGAGCAGCCCT-1	muscle.rbm24_0
fc_CCACGAGAGTAGGTTA-1	neuroglioblast.castor_17
fc_CCACGAGCAATCTAGC-1	muscle.rbm24_0
fc_CCACGAGCACAGACGA-1	hemocyte_16
fc_CCACGAGGTCCATAGT-1	epithelia.cuticle.cp.other_1
fc_CCACGAGGTTGACGGA-1	neuron.cholinergic_11
fc_CCACGAGTCAGCTTCC-1	epithelia.cuticle.Osi16_2
fc_CCACGAGTCGTAGCTA-1	epithelia.cuticle.Osi16_2
fc_CCACGTTAGCCATATC-1	muscle.rbm24_0
fc_CCACGTTAGCGTTCCG-1	epithelia.cuticle.biosynthesis_13
fc_CCACGTTAGGTCCTGC-1	epithelia.cuticle.cp.other_1
fc_CCACGTTCAATTCACG-1	epithelia.cuticle.cp.other_1
fc_CCACGTTCATTCTCTA-1	muscle.rbm24_0
fc_CCACGTTGTCCGTACG-1	epithelia.cuticle.cp.soft_3
fc_CCACGTTGTCTCAGGC-1	epithelia.cuticle.Osi16_2
fc_CCACGTTTCACAGTGT-1	muscle.rbm24_0
fc_CCACGTTTCGTAACCA-1	neuron.cholinergic_11
fc_CCACTTGAGAGCAAGA-1	epithelia.cuticle.cp.other_1
fc_CCACTTGCACTTGAAC-1	epithelia.cuticle.Osi17_4
fc_CCACTTGCAGTCTTCC-1	epithelia.cuticle.cp.rigid_7
fc_CCACTTGTCGTCTCAC-1	epithelia.cuticle.cp.other_1
fc_CCATAAGAGGGCATGT-1	epithelia.cuticle.Osi17_4
fc_CCATAAGAGTACAACA-1	epithelia.tendon_5
fc_CCATAAGCAACGGCTC-1	epithelia.cuticle.cp.rigid_7
fc_CCATAAGCAGATAAAC-1	muscle.rbm24_0
fc_CCATAAGCAGCACCCA-1	epithelia.cuticle.biosynthesis_13
fc_CCATAAGGTAGCTGCC-1	muscle.rbm24_0
fc_CCATAAGGTTTACACG-1	epithelia.cuticle.cp.rigid_7
fc_CCATCACAGGCACTCC-1	epithelia.cuticle.Osi17_4
fc_CCATCACCAAACTCTG-1	epithelia.tendon_5
fc_CCATCACCACGGGTAA-1	neuron.cholinergic_11
fc_CCATCACGTAAGGCTG-1	epithelia.cuticle.cp.other_1
fc_CCATCACGTACTCGCG-1	hemocyte_16
fc_CCATCACGTGATATAG-1	muscle.rbm24_0
fc_CCATCACTCTAGAGCT-1	epithelia.cuticle.Osi18_6
fc_CCCAACTAGCGCTGAA-1	glia1_8
fc_CCCAACTAGCTCCACG-1	epithelia.cuticle.Osi17_4
fc_CCCAACTAGCTCCGAC-1	fat.body_10
fc_CCCAACTAGGGCAGGA-1	epithelia.cuticle.cp.soft_3
fc_CCCAACTAGTCCCAGC-1	hemocyte_16
fc_CCCAACTCACGAAAGC-1	epithelia.cuticle.cp.rigid_7
fc_CCCAACTGTCGTCAGC-1	epithelia.cuticle.Osi16_2
fc_CCCAACTGTGCATACT-1	epithelia.tendon_5
fc_CCCAACTTCCTCGCAT-1	epithelia.cuticle.cp.other_1
fc_CCCATTGAGATTACCC-1	epithelia.cuticle.cp.other_1
fc_CCCATTGAGTGTTCCA-1	epithelia.cuticle.Osi18_6
fc_CCCATTGGTCCGGACT-1	epithelia.cuticle.Osi18_6
fc_CCCATTGTCGCGTGAC-1	fat.body_10
fc_CCCGAAGAGAAAGTCT-1	epithelia.cuticle.Osi17_4
fc_CCCGAAGAGGCGATAC-1	epithelia.cuticle.cp.rigid_7
fc_CCCGAAGCACATACGT-1	epithelia.cuticle.cp.other_1
fc_CCCGAAGCACTTACAG-1	hemocyte_16
fc_CCCGAAGCATAGAGGC-1	epithelia.cuticle.cp.rigid_7
fc_CCCGAAGGTATGTGTC-1	epithelia.cuticle.biosynthesis_13
fc_CCCGAAGGTTAAACAG-1	neuron.cholinergic_11
fc_CCCGAAGGTTCCACGG-1	epithelia.cuticle.cp.rigid_7
fc_CCCGAAGTCCATCTAT-1	muscle.rbm24_0
fc_CCCGGAAAGTAACAGT-1	neuroglioblast.castor_17
fc_CCCGGAAAGTAATCCC-1	epithelia.cuticle.Osi17_4
fc_CCCGGAATCACCTGGG-1	fat.body_10
fc_CCCGGAATCACGGAGA-1	epithelia.cuticle.cp.other_1
fc_CCCTAACAGACCACGA-1	epithelia.olfactory.support_9
fc_CCCTAACCAAGACGAC-1	muscle.rbm24_0
fc_CCCTAACCAATTTCCT-1	muscle.rbm24_0
fc_CCCTAACCACAAACGG-1	muscle.tup_19
fc_CCCTAACGTGAGTCAG-1	neuron.cholinergic_11
fc_CCCTAACTCCGTGGCA-1	muscle.rbm24_0
fc_CCCTCAAAGGTCTACT-1	epithelia.cuticle.cp.soft_3
fc_CCCTCAACAAATCAGA-1	epithelia.cuticle.Osi18_6
fc_CCCTCAACATCCTATT-1	secretory-ECM_21
fc_CCCTCAAGTAATGCTC-1	epithelia.cuticle.Osi17_4
fc_CCCTCAATCTCTTAAC-1	epithelia.tendon_5
fc_CCCTCTCCACTCTAGA-1	epithelia.cuticle.biosynthesis_13
fc_CCCTCTCTCAACTGGT-1	epithelia.tendon_5
fc_CCCTGATAGACTGTTC-1	muscle.rbm24_0
fc_CCCTGATAGAGAGGTA-1	neuroglioblast.castor_17
fc_CCCTGATTCAAGCGTT-1	neuroglioblast.castor_17
fc_CCCTGATTCACCGGGT-1	epithelia.cuticle.cp.other_1
fc_CCCTGATTCAGACTGT-1	epithelia.cuticle.cp.rigid_7
fc_CCCTGATTCATTGAGC-1	epithelia.cuticle.Osi18_6
fc_CCCTTAGAGATGTAGT-1	muscle.rbm24_0
fc_CCCTTAGAGGAACGAA-1	muscle.rbm24_0
fc_CCCTTAGAGTTTCTTC-1	hemocyte_16
fc_CCCTTAGCAAGGACAC-1	epithelia.cuticle.Osi16_2
fc_CCCTTAGCATTGGCAT-1	epithelia.olfactory.support_9
fc_CCCTTAGGTCGAGTGA-1	epithelia.cuticle.cp.soft_3
fc_CCCTTAGTCAGACCGC-1	epithelia.cuticle.cp.soft_3
fc_CCGAACGAGAGCATTA-1	muscle.rbm24_0
fc_CCGAACGAGTCCCGAC-1	epithelia.cuticle.cp.rigid_7
fc_CCGAACGCACGTACTA-1	muscle.rbm24_0
fc_CCGAACGGTAAGTTAG-1	neuroglioblast.castor_17
fc_CCGAACGGTCTTTCTA-1	epithelia.cuticle.Osi18_6
fc_CCGAACGGTGAGACGT-1	epithelia.cuticle.cp.other_1
fc_CCGAACGTCATGGTAC-1	neuroglioblast.ol_14
fc_CCGAACGTCATTCATC-1	epithelia.cuticle.cp.other_1
fc_CCGATCTAGCAAATGT-1	epithelia.cuticle.cp.other_1
fc_CCGATCTAGGACTAAT-1	epithelia.cuticle.Osi17_4
fc_CCGATCTAGGTACATA-1	muscle.rbm24_0
fc_CCGATCTGTAAGCGGT-1	muscle.rbm24_0
fc_CCGATCTGTCATCCGG-1	epithelia.cuticle.Osi17_4
fc_CCGATCTTCGAACGGA-1	epithelia.cuticle.cp.other_1
fc_CCGATCTTCGCGCCAA-1	epithelia.cuticle.Osi18_6
fc_CCGATGGGTCGCTGCA-1	epithelia.cuticle.cp.soft_3
fc_CCGATGGTCACTGAAC-1	muscle.rbm24_0
fc_CCGATGGTCAGGACAG-1	epithelia.cuticle.cp.other_1
fc_CCGCAAGCAATTGCGT-1	neuroglioblast.castor_17
fc_CCGCAAGCATTCACCC-1	epithelia.tendon_5
fc_CCGCAAGGTTAATCGC-1	muscle.rbm24_0
fc_CCGCAAGTCATGAAAG-1	epithelia.cuticle.Osi18_6
fc_CCGCAAGTCGCGCTGA-1	epithelia.cuticle.Osi14_12
fc_CCGGACAAGAAACACT-1	epithelia.cuticle.cp.soft_3
fc_CCGGACAAGCTGAGCA-1	epithelia.cuticle.Osi17_4
fc_CCGGACAAGGATTTGA-1	muscle.rbm24_0
fc_CCGGACAAGTAATTGG-1	epithelia.cuticle.cp.other_1
fc_CCGGACAAGTATGAAC-1	neuron.cholinergic_11
fc_CCGGACAAGTGATCGG-1	neuroglioblast.castor_17
fc_CCGGACACAACTAGAA-1	neuron.cholinergic_11
fc_CCGGACACACGAAGAC-1	neuroglioblast.ol_14
fc_CCGGACACAGAACCGA-1	muscle.rbm24_0
fc_CCGGACAGTCTTTCAT-1	epithelia.cuticle.cp.soft_3
fc_CCGGACAGTGGAACAC-1	glia1_8
fc_CCGGACATCCGAACGC-1	epithelia.cuticle.cp.other_1
fc_CCGGACATCTACTGAG-1	epithelia.cuticle.cp.other_1
fc_CCGGACATCTATTTCG-1	epithelia.cuticle.cp.other_1
fc_CCGGGTAGTCGCAACC-1	fat.body_10
fc_CCGGGTAGTTTCGTTT-1	epithelia.cuticle.Osi17_4
fc_CCGGGTATCCGTGTGG-1	epithelia.tendon_5
fc_CCGGTAGAGGATACAT-1	muscle.rbm24_0
fc_CCGGTAGAGGTCACTT-1	muscle.rbm24_0
fc_CCGGTAGAGTGGAATT-1	epithelia.cuticle.biosynthesis_13
fc_CCGGTAGCATCATGAC-1	neuroglioblast.castor_17
fc_CCGGTAGGTACTGACT-1	secretory-ECM_21
fc_CCGGTGAAGCTCATAC-1	epithelia.cuticle.cp.other_1
fc_CCGGTGAAGCTCTTCC-1	muscle.rbm24_0
fc_CCGGTGAAGTGGTCAG-1	epithelia.cuticle.cp.soft_3
fc_CCGGTGACAATCTAGC-1	neuroglioblast.castor_17
fc_CCGGTGACAGGCGATA-1	epithelia.cuticle.cp.rigid_7
fc_CCGGTGATCGCTACGG-1	muscle.rbm24_0
fc_CCGTAGGAGTAGTCAA-1	hemocyte_16
fc_CCGTAGGCATCTATCT-1	muscle.rbm24_0
fc_CCGTAGGGTAGCGAGT-1	epithelia.cuticle.Osi18_6
fc_CCGTAGGGTGAATGAT-1	epithelia.cuticle.Osi17_4
fc_CCGTAGGGTGGACTGA-1	epithelia.cuticle.cp.rigid_7
fc_CCGTAGGTCGAAACAA-1	muscle.rbm24_0
fc_CCGTAGGTCTTACGTT-1	muscle.rbm24_0
fc_CCGTGAGAGTGCTCGC-1	epithelia.cuticle.cp.other_1
fc_CCGTGAGCACTCGATA-1	muscle.rbm24_0
fc_CCGTGAGCAGTCAACT-1	neuroglioblast.castor_17
fc_CCGTGAGCATGGGATG-1	neuroglioblast.ol_14
fc_CCGTTCAAGTAAGGGA-1	hemocyte_16
fc_CCGTTCAAGTATGGAT-1	epithelia.cuticle.cp.rigid_7
fc_CCGTTCAGTGTCCTAA-1	epithelia.cuticle.Osi16_2
fc_CCGTTCATCAAGAATG-1	muscle.rbm24_0
fc_CCTAACCAGGGTACGT-1	muscle.rbm24_0
fc_CCTAACCAGTGTAGAT-1	neuron.cholinergic_11
fc_CCTAACCCAAACCGGA-1	epithelia.cuticle.Osi16_2
fc_CCTAACCTCCGGCAGT-1	muscle.rbm24_0
fc_CCTAAGAAGATGCCGA-1	epithelia.cuticle.Osi16_2
fc_CCTAAGAAGCCTCTTC-1	epithelia.cuticle.Osi16_2
fc_CCTAAGAAGGGAGGTG-1	neuron.cholinergic_11
fc_CCTAAGAAGGGCATGT-1	muscle.rbm24_0
fc_CCTAAGAGTCCTATAG-1	epithelia.cuticle.cp.rigid_7
fc_CCTAAGATCCAACTAG-1	epithelia.cuticle.cp.rigid_7
fc_CCTACGTAGCGAGAAA-1	epithelia.cuticle.cp.soft_3
fc_CCTACGTAGCTAGCCC-1	epithelia.cuticle.Osi16_2
fc_CCTACGTAGGAGTACC-1	muscle.rbm24_0
fc_CCTACGTAGGTTCTAC-1	epithelia.cuticle.Osi16_2
fc_CCTACGTCAAATTGGA-1	neuroglioblast.ol_14
fc_CCTACGTCAGCTACAT-1	glia1_8
fc_CCTACGTCAGCTGAAG-1	epithelia.cuticle.Osi16_2
fc_CCTACGTGTTCGTACA-1	neuron.cholinergic_11
fc_CCTATCGAGAGTTGTA-1	muscle.rbm24_0
fc_CCTATCGAGTCGAATA-1	muscle.rbm24_0
fc_CCTATCGGTTTAGACC-1	epithelia.cuticle.cp.other_1
fc_CCTCAACAGACATACA-1	epithelia.cuticle.cp.other_1
fc_CCTCAACAGCCAGAGT-1	epithelia.cuticle.cp.other_1
fc_CCTCAACAGCGTACAG-1	glia1_8
fc_CCTCAACAGGCGTTAG-1	epithelia.cuticle.cp.other_1
fc_CCTCAACCACACCTGG-1	epithelia.cuticle.cp.other_1
fc_CCTCAACCAGCTCATA-1	hemocyte_16
fc_CCTCAACCAGTGACCC-1	fat.body_10
fc_CCTCAACGTAGAATGT-1	neuron.cholinergic_11
fc_CCTCAACGTGTGACCC-1	epithelia.cuticle.Osi17_4
fc_CCTCAACGTTCAAAGA-1	epithelia.cuticle.biosynthesis_13
fc_CCTCAACGTTTGAACC-1	epithelia.cuticle.cp.other_1
fc_CCTCACAAGGCTAGCA-1	muscle.rbm24_0
fc_CCTCACAAGGGTCACA-1	fat.body_10
fc_CCTCACAAGTCCGTCG-1	epithelia.cuticle.cp.other_1
fc_CCTCACACAAATTAGG-1	epithelia.cuticle.cp.soft_3
fc_CCTCACACACAAACGG-1	epithelia.cuticle.Osi18_6
fc_CCTCACACACAGCGCT-1	muscle.rbm24_0
fc_CCTCACACATCATCTT-1	epithelia.cuticle.cp.other_1
fc_CCTCACAGTAACTGCT-1	glia2_18
fc_CCTCACAGTTGTGGCC-1	muscle.rbm24_0
fc_CCTCACATCATAAGGA-1	hemocyte_16
fc_CCTCACATCCAATCCC-1	fat.body_10
fc_CCTCACATCCACTTCG-1	epithelia.cuticle.Osi16_2
fc_CCTCACATCCTCTAGC-1	epithelia.cuticle.Osi16_2
fc_CCTCAGTAGAGAGCGG-1	fat.body_10
fc_CCTCAGTAGGCCTTGC-1	muscle.rbm24_0
fc_CCTCAGTAGTACCATC-1	epithelia.cuticle.Osi14_12
fc_CCTCAGTGTAGTTAGA-1	epithelia.cuticle.biosynthesis_13
fc_CCTCAGTGTCATGGCC-1	epithelia.cuticle.cp.soft_3
fc_CCTCAGTGTGGTCTCG-1	neuron.cholinergic_11
fc_CCTCAGTTCACTCCGT-1	muscle.rbm24_0
fc_CCTCATGAGAATAACC-1	glia1_8
fc_CCTCATGCAGTAGTGG-1	epithelia.cuticle.Osi18_6
fc_CCTCATGCATAGCTGT-1	trachea_15
fc_CCTCATGCATGTTCAG-1	epithelia.cuticle.cp.soft_3
fc_CCTCATGGTCATGCAT-1	epithelia.cuticle.Osi18_6
fc_CCTCATGTCAGTCAGT-1	epithelia.tendon_5
fc_CCTCATGTCCCGAGGT-1	epithelia.cuticle.biosynthesis_13
fc_CCTCATGTCTCAGTCC-1	muscle.rbm24_0
fc_CCTCCAAAGGCTTCCG-1	neuron.cholinergic_11
fc_CCTCCAAAGTAGTCTC-1	neuroglioblast.ol_14
fc_CCTCCAACAACTGAAA-1	muscle.rbm24_0
fc_CCTCCAAGTCCAACGC-1	muscle.rbm24_0
fc_CCTCCAATCACGGACC-1	muscle.rbm24_0
fc_CCTCCAATCGACCACG-1	epithelia.cuticle.Osi17_4
fc_CCTCCAATCGGTAAGG-1	muscle.rbm24_0
fc_CCTCCAATCTCGGTAA-1	muscle.rbm24_0
fc_CCTCCTCAGTACCCTA-1	muscle.tup_19
fc_CCTCCTCAGTCAGCGA-1	muscle.rbm24_0
fc_CCTCCTCCAGTCCCGA-1	muscle.rbm24_0
fc_CCTCCTCCATGCCGCA-1	epithelia.cuticle.cp.rigid_7
fc_CCTCCTCGTCATCGGC-1	muscle.rbm24_0
fc_CCTCCTCTCATCTACT-1	epithelia.tendon_5
fc_CCTCCTCTCTGCCTGT-1	neuron.cholinergic_11
fc_CCTCTAGAGACTCAAA-1	epithelia.cuticle.cp.rigid_7
fc_CCTCTAGCATAACCCA-1	trachea_15
fc_CCTCTAGGTGGCAGAT-1	epithelia.tendon_5
fc_CCTCTAGGTTCTTGCC-1	muscle.rbm24_0
fc_CCTCTAGTCATTTGGG-1	neuroglioblast.ol_14
fc_CCTCTCCAGCTCGTGC-1	epithelia.cuticle.cp.other_1
fc_CCTCTCCCAAGCCTGC-1	epithelia.cuticle.Osi16_2
fc_CCTCTCCCAATCTCGA-1	neuron.cholinergic_11
fc_CCTCTCCCACCAGTTA-1	muscle.rbm24_0
fc_CCTCTCCGTTTCAGAC-1	muscle.rbm24_0
fc_CCTCTCCTCCTAGCCT-1	epithelia.cuticle.cp.other_1
fc_CCTGCATCAAATTGCC-1	muscle.rbm24_0
fc_CCTGCATGTACAGTCT-1	epithelia.cuticle.Osi17_4
fc_CCTGCATTCCAACCAA-1	hemocyte_16
fc_CCTGCATTCGACCTAA-1	epithelia.cuticle.Osi17_4
fc_CCTGCATTCTGCAGCG-1	muscle.rbm24_0
fc_CCTGCATTCTGGGAGA-1	epithelia.cuticle.Osi17_4
fc_CCTGTTGAGCCAAGTG-1	muscle.rbm24_0
fc_CCTGTTGCACTCAGAT-1	epithelia.cuticle.cp.soft_3
fc_CCTGTTGCACTGCATA-1	glia2_18
fc_CCTGTTGCAGCTTCGG-1	epithelia.cuticle.cp.rigid_7
fc_CCTGTTGCATTGACAC-1	neuroglioblast.castor_17
fc_CCTGTTGTCTCAACGA-1	fat.body_10
fc_CCTTCAGAGAGGGTCT-1	epithelia.cuticle.Osi16_2
fc_CCTTCAGCAATCGCAT-1	fat.body_10
fc_CCTTCAGCATATCTGG-1	epithelia.cuticle.Osi17_4
fc_CCTTCAGGTTGGTGTT-1	epithelia.cuticle.Osi18_6
fc_CCTTGTGGTAACAGTA-1	muscle.rbm24_0
fc_CCTTGTGGTAGAGATT-1	epithelia.tendon_5
fc_CCTTGTGGTGAAGCTG-1	muscle.rbm24_0
fc_CCTTGTGGTGATTAGA-1	epithelia.cuticle.Osi17_4
fc_CCTTGTGGTGTCCGGT-1	epithelia.cuticle.Osi17_4
fc_CCTTGTGTCGACCAAT-1	epithelia.tendon_5
fc_CCTTTGGAGACATCAA-1	epithelia.cuticle.cp.rigid_7
fc_CCTTTGGAGAGCTTTC-1	glia1_8
fc_CCTTTGGAGGTAAGGA-1	neuroglioblast.castor_17
fc_CCTTTGGGTATACAGA-1	hemocyte_16
fc_CCTTTGGGTGGACTGA-1	muscle.rbm24_0
fc_CCTTTGGTCGCCATAA-1	muscle.rbm24_0
fc_CCTTTGGTCGCCGTGA-1	epithelia.cuticle.cp.soft_3
fc_CGAAGGAAGATCACCT-1	neuroglioblast.ol_14
fc_CGAAGGAAGGAGTATT-1	epithelia.cuticle.Osi16_2
fc_CGAAGGAAGGTCCAGA-1	epithelia.cuticle.cp.other_1
fc_CGAAGGAAGTTCGGTT-1	epithelia.cuticle.Osi18_6
fc_CGAAGGACAGTCAGTT-1	epithelia.cuticle.cp.rigid_7
fc_CGAAGGAGTATACCCA-1	epithelia.cuticle.cp.soft_3
fc_CGAAGGAGTCGTTCAA-1	epithelia.cuticle.cp.other_1
fc_CGAAGGAGTTCACCGG-1	glia2_18
fc_CGAAGGATCAAAGGAT-1	muscle.rbm24_0
fc_CGAAGTTAGGTGCCTC-1	epithelia.cuticle.Osi18_6
fc_CGAAGTTAGTGCCCGT-1	muscle.tup_19
fc_CGAAGTTCAACTAGAA-1	muscle.rbm24_0
fc_CGAAGTTCAAGGGCAT-1	epithelia.cuticle.cp.soft_3
fc_CGAAGTTCATATGCGT-1	epithelia.cuticle.cp.other_1
fc_CGAAGTTGTACGATTC-1	epithelia.cuticle.Osi14_12
fc_CGAAGTTGTGGTAACG-1	epithelia.cuticle.Osi16_2
fc_CGAATTGAGCTAATGA-1	glia2_18
fc_CGAATTGAGTTGCCTA-1	epithelia.cuticle.Osi17_4
fc_CGAATTGCACAAATGA-1	epithelia.cuticle.biosynthesis_13
fc_CGAATTGGTGTCATCA-1	epithelia.cuticle.biosynthesis_13
fc_CGAATTGTCCAGTGCG-1	muscle.rbm24_0
fc_CGACAGCAGAAGGCTC-1	epithelia.cuticle.cp.other_1
fc_CGACAGCCAAGACCGA-1	epithelia.cuticle.Osi17_4
fc_CGACAGCCAATGCAAA-1	muscle.rbm24_0
fc_CGACAGCGTAGGATAT-1	epithelia.cuticle.Osi16_2
fc_CGACAGCTCGTGCAGC-1	epithelia.cuticle.cp.soft_3
fc_CGACAGCTCTGGCCTT-1	muscle.rbm24_0
fc_CGAGAAGAGACATATG-1	epithelia.cuticle.cp.other_1
fc_CGAGAAGCAACCAATC-1	epithelia.cuticle.cp.other_1
fc_CGAGAAGGTATCAGCT-1	epithelia.cuticle.cp.other_1
fc_CGAGGAAAGCCGTAAG-1	secretory-ECM_21
fc_CGAGGCTCATTGTGCA-1	epithelia.cuticle.Osi16_2
fc_CGAGGCTGTTCGGACC-1	hemocyte_16
fc_CGAGGCTTCAGATTGC-1	epithelia.cuticle.cp.other_1
fc_CGAGTGCCAAACGGCA-1	epithelia.cuticle.cp.other_1
fc_CGAGTGCCAAAGGATT-1	neuron.chol.ciliated_20
fc_CGAGTGCCAAATCGGG-1	epithelia.cuticle.Osi17_4
fc_CGAGTGCCACTGAGTT-1	muscle.rbm24_0
fc_CGAGTGCCAGAGGTAC-1	muscle.rbm24_0
fc_CGAGTTAAGATTGATG-1	neuroglioblast.ol_14
fc_CGAGTTAAGCTTAAGA-1	epithelia.tendon_5
fc_CGAGTTACAAATCGGG-1	epithelia.cuticle.biosynthesis_13
fc_CGAGTTACAATCCTAG-1	epithelia.cuticle.cp.soft_3
fc_CGAGTTACACAATGTC-1	epithelia.cuticle.Osi17_4
fc_CGAGTTAGTACTGAGG-1	neuron.cholinergic_11
fc_CGAGTTATCGGAGTGA-1	epithelia.cuticle.Osi18_6
fc_CGAGTTATCTCAGGCG-1	epithelia.cuticle.Osi16_2
fc_CGATCGGAGAGGTATT-1	muscle.rbm24_0
fc_CGATCGGCACCAATTG-1	trachea_15
fc_CGATCGGCATCAGCGC-1	neuron.cholinergic_11
fc_CGATCGGGTCTGTAGT-1	muscle.rbm24_0
fc_CGATCGGGTGAGCAGT-1	epithelia.cuticle.Osi17_4
fc_CGATCGGGTGTCACAT-1	epithelia.cuticle.Osi16_2
fc_CGATCGGGTTACACTG-1	epithelia.cuticle.cp.other_1
fc_CGATCGGTCATCGCTC-1	epithelia.cuticle.Osi17_4
fc_CGATCGGTCCGTAGTA-1	glia2_18
fc_CGATGCGCATGTCTAG-1	epithelia.cuticle.cp.other_1
fc_CGATGCGGTATTCCTT-1	epithelia.cuticle.biosynthesis_13
fc_CGATGCGTCAGGAAGC-1	epithelia.cuticle.Osi18_6
fc_CGATGCGTCCGCGAGT-1	muscle.rbm24_0
fc_CGATGGCAGAGAGTGA-1	epithelia.cuticle.cp.soft_3
fc_CGATGGCAGATCCGAG-1	epithelia.cuticle.cp.other_1
fc_CGATGGCAGGCTAGCA-1	epithelia.cuticle.Osi18_6
fc_CGATGGCAGTAGGGTC-1	epithelia.cuticle.Osi18_6
fc_CGATGGCAGTTGAAGT-1	epithelia.cuticle.cp.other_1
fc_CGATGGCCAAGTCATC-1	muscle.rbm24_0
fc_CGATGGCGTGCATTTG-1	epithelia.tendon_5
fc_CGATGGCGTGTCCTAA-1	epithelia.cuticle.cp.other_1
fc_CGATGGCTCAAACTGC-1	epithelia.cuticle.cp.soft_3
fc_CGATGGCTCGTTCTGC-1	muscle.rbm24_0
fc_CGCAGGTAGCTTTCTT-1	epithelia.cuticle.Osi18_6
fc_CGCAGGTAGTTATGGA-1	epithelia.cuticle.biosynthesis_13
fc_CGCAGGTGTTATCTTC-1	epithelia.cuticle.Osi17_4
fc_CGCATAAAGTCTAGAA-1	epithelia.cuticle.cp.other_1
fc_CGCATAACAATGTCAC-1	epithelia.olfactory.support_9
fc_CGCATAACAGCATGCC-1	muscle.rbm24_0
fc_CGCATAACAGTAGATA-1	epithelia.cuticle.Osi17_4
fc_CGCATAAGTGCTTATG-1	trachea_15
fc_CGCATAATCACGACTA-1	neuroglioblast.ol_14
fc_CGCATGGCAGGGTTGA-1	muscle.rbm24_0
fc_CGCATGGGTGTATTCG-1	epithelia.cuticle.cp.other_1
fc_CGCATGGTCCTATTTG-1	muscle.rbm24_0
fc_CGCATGGTCTATCACT-1	epithelia.cuticle.Osi17_4
fc_CGCATGGTCTGGGCAC-1	epithelia.cuticle.cp.other_1
fc_CGCCAGACACTCCACT-1	trachea_15
fc_CGCCAGACATAAGCGG-1	epithelia.cuticle.cp.rigid_7
fc_CGCCAGAGTCGTATTG-1	neuroglioblast.castor_17
fc_CGCCAGAGTGCAGTGA-1	glia1_8
fc_CGCCAGAGTTCCGGTG-1	epithelia.cuticle.Osi18_6
fc_CGCCAGAGTTCGGCTG-1	epithelia.cuticle.Osi17_4
fc_CGCCAGATCCCACAGG-1	muscle.tup_19
fc_CGCCATTCAACCGACC-1	fat.body_10
fc_CGCCATTCAATAAGGT-1	muscle.rbm24_0
fc_CGCCATTGTCATAACC-1	muscle.rbm24_0
fc_CGCCATTGTCGCACGT-1	epithelia.cuticle.cp.other_1
fc_CGCCATTGTTGTGCAT-1	fat.body_10
fc_CGCCATTTCAAGCCCG-1	fat.body_10
fc_CGCCATTTCACGAACT-1	epithelia.cuticle.Osi17_4
fc_CGCGTGACAACTGGTT-1	epithelia.cuticle.Osi18_6
fc_CGCGTGACACCTTCCA-1	muscle.rbm24_0
fc_CGCGTGACATGATAGA-1	fat.body_10
fc_CGCGTGAGTAGCACGA-1	muscle.rbm24_0
fc_CGCGTGATCATCACCC-1	muscle.rbm24_0
fc_CGGAACCCAAACAGGC-1	epithelia.cuticle.Osi17_4
fc_CGGAACCCAATATCCG-1	epithelia.cuticle.cp.soft_3
fc_CGGAACCCACAAACGG-1	trachea_15
fc_CGGAACCCAGATAAAC-1	muscle.rbm24_0
fc_CGGAACCGTCTGCCTT-1	epithelia.cuticle.cp.rigid_7
fc_CGGAACCGTTCCGTTC-1	epithelia.cuticle.cp.soft_3
fc_CGGAACCTCCCTTGTG-1	epithelia.cuticle.cp.soft_3
fc_CGGAACCTCCTATTTG-1	neuroglioblast.ol_14
fc_CGGAATTCAGGGCTTC-1	epithelia.cuticle.Osi16_2
fc_CGGAATTGTAACCCTA-1	hemocyte_16
fc_CGGAATTGTGTTAAAG-1	epithelia.cuticle.biosynthesis_13
fc_CGGAATTTCGCACGAC-1	epithelia.cuticle.cp.rigid_7
fc_CGGACACAGAGCTGCA-1	epithelia.cuticle.Osi18_6
fc_CGGACACGTTAGGGTG-1	epithelia.cuticle.biosynthesis_13
fc_CGGACACTCAATCCAG-1	epithelia.tendon_5
fc_CGGACACTCTTGTTAC-1	muscle.rbm24_0
fc_CGGAGAAAGAAATTGC-1	muscle.rbm24_0
fc_CGGAGAACAGGGAGAG-1	neuron.cholinergic_11
fc_CGGAGAAGTGAGAGGG-1	epithelia.olfactory.support_9
fc_CGGAGAAGTGAGCGAT-1	epithelia.cuticle.Osi17_4
fc_CGGAGAAGTGCGTGCT-1	neuroglioblast.ol_14
fc_CGGAGAAGTTACGATC-1	muscle.rbm24_0
fc_CGGAGAATCATCGCCT-1	muscle.rbm24_0
fc_CGGAGAATCGCCATAA-1	epithelia.cuticle.cp.soft_3
fc_CGGCAGTAGAGAGGTA-1	epithelia.cuticle.cp.other_1
fc_CGGCAGTCACAGTGAG-1	epithelia.cuticle.cp.rigid_7
fc_CGGGACTAGCGCTGCT-1	glia1_8
fc_CGGGACTAGTCATCGT-1	epithelia.cuticle.cp.rigid_7
fc_CGGGACTAGTGGATTA-1	muscle.rbm24_0
fc_CGGGACTCAAGACCGA-1	epithelia.cuticle.Osi17_4
fc_CGGGACTGTAGGTACG-1	muscle.rbm24_0
fc_CGGGACTGTCGCAGTC-1	epithelia.cuticle.Osi17_4
fc_CGGGCATCATCTTCGC-1	epithelia.cuticle.cp.soft_3
fc_CGGGCATGTGCCGAAA-1	epithelia.cuticle.cp.other_1
fc_CGGGCATTCGGCCCAA-1	muscle.rbm24_0
fc_CGGGCATTCTCACTCG-1	hemocyte_16
fc_CGGGCATTCTTGGATG-1	epithelia.cuticle.cp.other_1
fc_CGGGTCAAGAAGCTGC-1	epithelia.cuticle.biosynthesis_13
fc_CGGGTCAAGCAGCCTC-1	epithelia.tendon_5
fc_CGGGTCAAGCGACTAG-1	muscle.rbm24_0
fc_CGGGTCAAGGGACTGT-1	epithelia.tendon_5
fc_CGGGTCACAAGGGTCA-1	muscle.rbm24_0
fc_CGGGTCAGTAGTCTGT-1	muscle.rbm24_0
fc_CGGGTCAGTCCCAAAT-1	muscle.rbm24_0
fc_CGGGTCAGTCGTACTA-1	epithelia.tendon_5
fc_CGGGTCAGTTTCGTGA-1	epithelia.cuticle.Osi16_2
fc_CGGGTCATCATGCTAG-1	epithelia.cuticle.cp.other_1
fc_CGGGTGTAGACTCGAG-1	fat.body_10
fc_CGGGTGTCAATACCTG-1	epithelia.tendon_5
fc_CGGGTGTCAGTATTCG-1	muscle.rbm24_0
fc_CGGGTGTTCAGTCACA-1	epithelia.tendon_5
fc_CGGGTGTTCGTGTGAT-1	secretory-ECM_21
fc_CGGTCAGAGCTGTCCG-1	epithelia.cuticle.Osi16_2
fc_CGGTCAGCAAGGTTGG-1	epithelia.cuticle.Osi18_6
fc_CGGTCAGCAGACACCC-1	muscle.rbm24_0
fc_CGGTCAGCATCTTTCA-1	epithelia.cuticle.cp.rigid_7
fc_CGGTCAGGTTACACTG-1	epithelia.cuticle.cp.rigid_7
fc_CGTAAGTAGATGGTAT-1	epithelia.cuticle.Osi16_2
fc_CGTAAGTCAAGTGGCA-1	epithelia.cuticle.biosynthesis_13
fc_CGTAAGTCACACACTA-1	epithelia.cuticle.cp.other_1
fc_CGTAAGTGTCATCAGT-1	epithelia.cuticle.cp.soft_3
fc_CGTAAGTGTCGAACAG-1	epithelia.cuticle.Osi17_4
fc_CGTAAGTTCCTCTAAT-1	epithelia.cuticle.Osi16_2
fc_CGTAATGAGAATTGTG-1	neuroglioblast.ol_14
fc_CGTAATGAGCTGACCC-1	muscle.rbm24_0
fc_CGTAATGAGCTTGTGT-1	muscle.rbm24_0
fc_CGTAATGAGTGCCGAA-1	epithelia.cuticle.Osi17_4
fc_CGTAATGAGTGTCATC-1	epithelia.cuticle.Osi17_4
fc_CGTAATGCAAGAGTGC-1	muscle.rbm24_0
fc_CGTAATGCAGGATCTT-1	glia1_8
fc_CGTAATGGTACTGGGA-1	epithelia.cuticle.biosynthesis_13
fc_CGTAATGGTGAAGCTG-1	muscle.rbm24_0
fc_CGTAATGGTGTGTCCG-1	epithelia.cuticle.cp.other_1
fc_CGTAATGTCACTTGGA-1	secretory-ECM_21
fc_CGTAGTACAAGTTTGC-1	epithelia.cuticle.Osi17_4
fc_CGTAGTACACCGAATT-1	neuroglioblast.castor_17
fc_CGTAGTACATGGAGAC-1	muscle.rbm24_0
fc_CGTAGTAGTAGTACGG-1	epithelia.cuticle.Osi16_2
fc_CGTAGTATCATGGCCG-1	muscle.rbm24_0
fc_CGTAGTATCCAAACCA-1	epithelia.cuticle.Osi17_4
fc_CGTAGTATCCGATGCG-1	muscle.rbm24_0
fc_CGTAGTATCGAACCTA-1	glia1_8
fc_CGTAGTATCTCTATGT-1	epithelia.cuticle.Osi16_2
fc_CGTCAAAAGGTGATAT-1	muscle.rbm24_0
fc_CGTCAAAAGTAGTCCT-1	epithelia.cuticle.Osi18_6
fc_CGTCAAACAACCAGAG-1	muscle.rbm24_0
fc_CGTCAAACACACAGAG-1	muscle.rbm24_0
fc_CGTCAAAGTCCATAGT-1	epithelia.tendon_5
fc_CGTCCATGTTAGGCTT-1	epithelia.cuticle.Osi16_2
fc_CGTGAATAGCTAAATG-1	epithelia.cuticle.Osi18_6
fc_CGTGAATCAAGTGGGT-1	epithelia.cuticle.Osi17_4
fc_CGTGAATCAGAAATTG-1	epithelia.cuticle.Osi17_4
fc_CGTGAATGTCGATTTG-1	muscle.rbm24_0
fc_CGTGAATGTCTCACAA-1	muscle.rbm24_0
fc_CGTGAATTCATTGGTG-1	glia1_8
fc_CGTGAATTCGCCGTGA-1	muscle.rbm24_0
fc_CGTGATACAAACTCGT-1	epithelia.cuticle.Osi16_2
fc_CGTGATACAAGCACAG-1	muscle.rbm24_0
fc_CGTGATACAATGCAGG-1	epithelia.cuticle.cp.rigid_7
fc_CGTGATACATATTCGG-1	epithelia.cuticle.cp.other_1
fc_CGTGATATCAGAGCGA-1	neuroglioblast.castor_17
fc_CGTGATATCGTCGGGT-1	epithelia.cuticle.Osi16_2
fc_CGTGCTTAGTATAGGT-1	epithelia.cuticle.Osi17_4
fc_CGTGCTTAGTTACGAA-1	epithelia.cuticle.Osi17_4
fc_CGTGCTTGTAACCCTA-1	epithelia.cuticle.Osi16_2
fc_CGTGCTTTCCTTCTTC-1	glia1_8
fc_CGTGCTTTCCTTTGAT-1	muscle.tup_19
fc_CGTGTCTAGGACAACC-1	epithelia.cuticle.cp.rigid_7
fc_CGTGTCTCACTCCACT-1	muscle.rbm24_0
fc_CGTGTCTCATAATCCG-1	epithelia.cuticle.Osi14_12
fc_CGTGTCTCATGGATCT-1	muscle.rbm24_0
fc_CGTGTCTGTAGATTAG-1	fat.body_10
fc_CGTGTCTTCACTTTGT-1	muscle.rbm24_0
fc_CGTGTCTTCGCCAGAC-1	epithelia.cuticle.cp.soft_3
fc_CGTGTCTTCTGTCCCA-1	fat.body_10
fc_CGTTAGAAGAACTCCT-1	muscle.rbm24_0
fc_CGTTAGAAGGCCTGAA-1	epithelia.cuticle.biosynthesis_13
fc_CGTTAGACAACCGACC-1	epithelia.cuticle.Osi16_2
fc_CGTTAGAGTATGTCAC-1	glia1_8
fc_CGTTAGATCAAACGTC-1	neuroglioblast.ol_14
fc_CGTTAGATCGGCTCTT-1	epithelia.cuticle.cp.other_1
fc_CGTTAGATCTCGGTCT-1	fat.body_10
fc_CGTTCTGAGAGGGCGA-1	epithelia.cuticle.cp.other_1
fc_CGTTCTGAGCCTCAAT-1	epithelia.cuticle.cp.other_1
fc_CGTTCTGCAGGTTCGC-1	glia1_8
fc_CGTTCTGGTAGCCCTG-1	epithelia.cuticle.biosynthesis_13
fc_CGTTCTGGTAGGGAGG-1	fat.body_10
fc_CGTTCTGGTCACCTTC-1	epithelia.cuticle.cp.rigid_7
fc_CGTTCTGGTCAGACTT-1	epithelia.tendon_5
fc_CGTTCTGGTGACTAAA-1	epithelia.cuticle.Osi17_4
fc_CGTTCTGTCTAACACG-1	muscle.rbm24_0
fc_CGTTCTGTCTGAGATC-1	neuroglioblast.ol_14
fc_CGTTGGGAGAATCCCT-1	epithelia.cuticle.Osi16_2
fc_CGTTGGGAGAGTTGTA-1	muscle.rbm24_0
fc_CGTTGGGGTTTGGGAG-1	epithelia.cuticle.cp.other_1
fc_CTAACCCCACCGCTAG-1	fat.body_10
fc_CTAACCCGTACGTACT-1	epithelia.cuticle.cp.rigid_7
fc_CTAACCCGTCCAATCA-1	secretory-ECM_21
fc_CTAACCCGTTTCGGCG-1	epithelia.cuticle.cp.soft_3
fc_CTAACTTCAACGATCT-1	glia1_8
fc_CTAACTTCACCATAAC-1	hemocyte_16
fc_CTAACTTCAGAGTTCT-1	epithelia.cuticle.Osi18_6
fc_CTAACTTCATCGATGT-1	glia1_8
fc_CTAACTTGTATTAAGG-1	epithelia.cuticle.Osi16_2
fc_CTAACTTGTCTTCCGT-1	fat.body_10
fc_CTAACTTGTTTCACAG-1	epithelia.cuticle.Osi16_2
fc_CTAAGTGAGGCATCTT-1	muscle.rbm24_0
fc_CTAAGTGAGGCCTGAA-1	muscle.rbm24_0
fc_CTAAGTGGTGATGTAA-1	muscle.rbm24_0
fc_CTAAGTGTCGCAGAGA-1	neuron.cholinergic_11
fc_CTACAGACAGCGGTTC-1	muscle.rbm24_0
fc_CTACAGAGTCGCAGTC-1	muscle.rbm24_0
fc_CTACAGAGTGCGTTTA-1	epithelia.tendon_5
fc_CTACAGATCAGACTGT-1	epithelia.cuticle.Osi18_6
fc_CTACAGATCAGCAGAG-1	epithelia.cuticle.cp.other_1
fc_CTACAGATCGCATAGT-1	epithelia.cuticle.Osi17_4
fc_CTACATTAGCAATAGT-1	muscle.rbm24_0
fc_CTACATTAGGCTAACG-1	neuron.chol.ciliated_20
fc_CTACATTCAAAGCACG-1	epithelia.cuticle.cp.soft_3
fc_CTACATTGTTGTCAGT-1	epithelia.cuticle.cp.rigid_7
fc_CTACATTGTTTGCAGT-1	epithelia.cuticle.cp.rigid_7
fc_CTACATTTCACTGGTA-1	epithelia.cuticle.Osi18_6
fc_CTACATTTCTGTTCAT-1	epithelia.cuticle.Osi18_6
fc_CTACCCAAGGAGCAAA-1	neuroglioblast.ol_14
fc_CTACCCACAACGGGTA-1	secretory-ECM_21
fc_CTACCCAGTTTCGCTC-1	epithelia.cuticle.Osi18_6
fc_CTACCCATCCAAGCCG-1	epithelia.cuticle.Osi16_2
fc_CTACCTGAGCGAGGAG-1	epithelia.cuticle.cp.rigid_7
fc_CTACCTGCATCGTCCT-1	epithelia.cuticle.biosynthesis_13
fc_CTACCTGGTAGACTGG-1	muscle.rbm24_0
fc_CTACGGGAGAGGTATT-1	epithelia.cuticle.cp.other_1
fc_CTACGGGAGGGTCTTT-1	neuron.cholinergic_11
fc_CTACGGGCAAGGTCGA-1	fat.body_10
fc_CTACGGGGTACAACGG-1	epithelia.cuticle.Osi17_4
fc_CTACGGGTCCAGGACC-1	epithelia.cuticle.Osi17_4
fc_CTACTATGTACCGGAA-1	epithelia.cuticle.Osi16_2
fc_CTACTATGTTAAAGTG-1	epithelia.cuticle.Osi14_12
fc_CTACTATGTTCAAGGG-1	epithelia.cuticle.cp.other_1
fc_CTACTATGTTCGGCCA-1	epithelia.cuticle.Osi18_6
fc_CTACTATTCCAAGGGA-1	muscle.rbm24_0
fc_CTACTATTCTGACCCT-1	epithelia.cuticle.Osi17_4
fc_CTAGACAAGTGTTCAC-1	epithelia.cuticle.cp.other_1
fc_CTAGACAAGTTGTACC-1	epithelia.tendon_5
fc_CTAGACAGTTTGCCGG-1	trachea_15
fc_CTAGACATCATTCCTA-1	epithelia.cuticle.Osi17_4
fc_CTAGACATCTGTTCAT-1	muscle.rbm24_0
fc_CTAGGTAAGTCAGGGT-1	glia1_8
fc_CTAGGTACAACATACC-1	epithelia.cuticle.biosynthesis_13
fc_CTAGGTACACGCACCA-1	fat.body_10
fc_CTAGGTATCGTTCTGC-1	epithelia.cuticle.biosynthesis_13
fc_CTAGGTATCTGGGATT-1	epithelia.tendon_5
fc_CTATAGGAGGACTGGT-1	epithelia.cuticle.biosynthesis_13
fc_CTATAGGAGTCGCTAT-1	muscle.rbm24_0
fc_CTATAGGAGTGTGTTC-1	epithelia.cuticle.cp.rigid_7
fc_CTATAGGCAATAGGAT-1	fat.body_10
fc_CTATAGGCAGCTGGTC-1	muscle.rbm24_0
fc_CTATAGGGTAGACGTG-1	muscle.rbm24_0
fc_CTATCCGAGAGCCCAA-1	epithelia.cuticle.cp.rigid_7
fc_CTATCCGCATGGACAG-1	epithelia.tendon_5
fc_CTATCCGGTAGCTGAG-1	muscle.rbm24_0
fc_CTATCCGGTCACGTGC-1	epithelia.cuticle.Osi18_6
fc_CTATCCGGTCTTTCTA-1	epithelia.cuticle.Osi14_12
fc_CTATCCGGTGACAACG-1	epithelia.cuticle.Osi17_4
fc_CTATCCGGTGTTCAGT-1	epithelia.cuticle.biosynthesis_13
fc_CTATCCGTCATCCCGT-1	epithelia.cuticle.Osi17_4
fc_CTATCTACATCTGTTT-1	epithelia.cuticle.cp.soft_3
fc_CTATCTAGTAGTCTGT-1	epithelia.cuticle.cp.soft_3
fc_CTATCTAGTCTTACAG-1	epithelia.cuticle.cp.other_1
fc_CTATCTAGTTGAGGAC-1	muscle.rbm24_0
fc_CTATCTATCTGAGTCA-1	epithelia.cuticle.cp.other_1
fc_CTCAACCCACGAAGAC-1	muscle.rbm24_0
fc_CTCAACCGTGGGTATG-1	epithelia.olfactory.support_9
fc_CTCAACCGTTCAGGTT-1	muscle.rbm24_0
fc_CTCAACCTCGGAAGGT-1	epithelia.cuticle.Osi17_4
fc_CTCAACCTCGGTCACG-1	epithelia.cuticle.cp.rigid_7
fc_CTCAACCTCGTCGGGT-1	fat.body_10
fc_CTCAACCTCTTCCAGC-1	muscle.rbm24_0
fc_CTCAAGACACTACGGC-1	epithelia.tendon_5
fc_CTCAAGATCCGATGCG-1	epithelia.cuticle.Osi18_6
fc_CTCAAGATCTATACTC-1	epithelia.cuticle.Osi18_6
fc_CTCAATTAGCAACTTC-1	fat.body_10
fc_CTCAATTCAAGGTCTT-1	epithelia.tendon_5
fc_CTCAATTCAATTGAAG-1	muscle.rbm24_0
fc_CTCAATTCACTACACA-1	muscle.rbm24_0
fc_CTCAATTGTCTAACTG-1	epithelia.cuticle.cp.other_1
fc_CTCAATTGTGGAACCA-1	muscle.rbm24_0
fc_CTCAATTTCCCAAGCG-1	muscle.rbm24_0
fc_CTCAATTTCTTCGTAT-1	neuron.cholinergic_11
fc_CTCACTGCAGAACGCA-1	fat.body_10
fc_CTCACTGCAGTGTATC-1	epithelia.cuticle.Osi18_6
fc_CTCACTGCATGGGTCC-1	hemocyte_16
fc_CTCACTGCATTAGGAA-1	muscle.rbm24_0
fc_CTCACTGGTCCAGCCA-1	epithelia.cuticle.biosynthesis_13
fc_CTCACTGTCATCTACT-1	epithelia.cuticle.Osi17_4
fc_CTCAGAAAGATCCCGC-1	neuroglioblast.ol_14
fc_CTCAGAAAGCAACTTC-1	muscle.rbm24_0
fc_CTCAGAACAATCAAGA-1	epithelia.cuticle.Osi16_2
fc_CTCAGAACACTCCGAG-1	epithelia.cuticle.Osi17_4
fc_CTCAGAACAGCCTACG-1	muscle.rbm24_0
fc_CTCAGAACATACATCG-1	epithelia.cuticle.cp.other_1
fc_CTCAGAATCTCCATAT-1	epithelia.cuticle.cp.rigid_7
fc_CTCAGAATCTGGTCAA-1	muscle.rbm24_0
fc_CTCAGGGAGCCTCTGG-1	epithelia.cuticle.Osi17_4
fc_CTCAGGGAGTTACGGG-1	epithelia.cuticle.cp.soft_3
fc_CTCAGGGCATGTTACG-1	epithelia.cuticle.biosynthesis_13
fc_CTCAGGGGTAATGATG-1	muscle.rbm24_0
fc_CTCAGGGGTACAAGTA-1	epithelia.cuticle.Osi18_6
fc_CTCAGGGGTATCCTTT-1	neuron.cholinergic_11
fc_CTCAGGGGTCTGTGAT-1	epithelia.cuticle.Osi18_6
fc_CTCAGGGTCGCGATCG-1	epithelia.cuticle.cp.soft_3
fc_CTCAGTCAGACGCTCC-1	epithelia.cuticle.Osi17_4
fc_CTCAGTCCATCGTTCC-1	epithelia.cuticle.Osi16_2
fc_CTCAGTCGTCGAACGA-1	epithelia.cuticle.cp.other_1
fc_CTCAGTCGTGATACCT-1	muscle.rbm24_0
fc_CTCAGTCTCCTCACTG-1	epithelia.cuticle.Osi17_4
fc_CTCAGTCTCTATCACT-1	epithelia.cuticle.cp.other_1
fc_CTCATCGAGTCTCCTC-1	epithelia.tendon_5
fc_CTCATCGGTATGTCAC-1	muscle.rbm24_0
fc_CTCATCGGTCGTGGTC-1	muscle.tup_19
fc_CTCATCGTCATGGTAC-1	glia2_18
fc_CTCATGCAGCATTGAA-1	fat.body_10
fc_CTCATGCCATGCAGCC-1	epithelia.cuticle.Osi16_2
fc_CTCATGCTCGTCCTTG-1	epithelia.cuticle.biosynthesis_13
fc_CTCATTAAGCCGGAAT-1	epithelia.cuticle.cp.other_1
fc_CTCATTACAAAGTATG-1	muscle.rbm24_0
fc_CTCATTATCCCTCTAG-1	epithelia.cuticle.Osi18_6
fc_CTCCAACGTCGATTAC-1	epithelia.cuticle.Osi16_2
fc_CTCCAACTCTCACTCG-1	epithelia.cuticle.biosynthesis_13
fc_CTCCACAAGGTGAGCT-1	epithelia.cuticle.cp.soft_3
fc_CTCCACAAGTAGAATC-1	muscle.rbm24_0
fc_CTCCACAAGTATAGAC-1	epithelia.tendon_5
fc_CTCCACACACAAATAG-1	muscle.rbm24_0
fc_CTCCACAGTCTGCCTT-1	epithelia.cuticle.Osi17_4
fc_CTCCACAGTTTGTTCT-1	epithelia.cuticle.cp.other_1
fc_CTCCACATCACTACGA-1	epithelia.cuticle.Osi17_4
fc_CTCCACATCAGCGCAC-1	epithelia.tendon_5
fc_CTCCATGAGCTACAAA-1	muscle.rbm24_0
fc_CTCCATGCAACCGCTG-1	epithelia.cuticle.Osi17_4
fc_CTCCATGCATGGGTTT-1	neuroglioblast.castor_17
fc_CTCCATGGTGGCTCTG-1	neuroglioblast.ol_14
fc_CTCCCAACACCAACAT-1	epithelia.cuticle.cp.other_1
fc_CTCCCAACAGTAGAAT-1	epithelia.tendon_5
fc_CTCCCAAGTACTCGAT-1	fat.body_10
fc_CTCCCTCAGGATGCGT-1	epithelia.cuticle.cp.other_1
fc_CTCCCTCCACACACGC-1	muscle.rbm24_0
fc_CTCCCTCCACTGATTG-1	neuroglioblast.ol_14
fc_CTCCCTCTCACATTGG-1	epithelia.cuticle.Osi17_4
fc_CTCCCTCTCGTCAAAC-1	fat.body_10
fc_CTCCCTCTCTGTCAGA-1	hemocyte_16
fc_CTCCGATAGGCAGGTT-1	epithelia.cuticle.cp.soft_3
fc_CTCCGATCAGATTCGT-1	muscle.rbm24_0
fc_CTCCGATGTCTGTGCG-1	neuroglioblast.castor_17
fc_CTCCGATGTGCATCTA-1	fat.body_10
fc_CTCCGATTCGGTGCAC-1	epithelia.cuticle.biosynthesis_13
fc_CTCCTCCCAAGACGGT-1	muscle.rbm24_0
fc_CTCCTTTAGGGCTAAC-1	epithelia.cuticle.cp.other_1
fc_CTCCTTTCACGACGTC-1	glia2_18
fc_CTCCTTTGTCAGTCTA-1	epithelia.cuticle.Osi18_6
fc_CTCCTTTTCCACAGGC-1	muscle.rbm24_0
fc_CTCGAGGAGACCGTTT-1	epithelia.cuticle.Osi17_4
fc_CTCGAGGAGCATGCGA-1	epithelia.cuticle.cp.soft_3
fc_CTCGAGGAGTACTCGT-1	epithelia.cuticle.Osi18_6
fc_CTCGAGGCACCAAAGG-1	fat.body_10
fc_CTCGAGGCACCAGTTA-1	hemocyte_16
fc_CTCGAGGCACGCTTAA-1	muscle.rbm24_0
fc_CTCGAGGCAGCCCACA-1	epithelia.cuticle.biosynthesis_13
fc_CTCGAGGGTTGGGAAC-1	muscle.rbm24_0
fc_CTCGAGGTCCATAGAC-1	muscle.rbm24_0
fc_CTCTCAGAGACCAGCA-1	epithelia.cuticle.biosynthesis_13
fc_CTCTCAGAGAGCGACT-1	glia2_18
fc_CTCTCAGAGATACCAA-1	epithelia.cuticle.cp.other_1
fc_CTCTCAGAGTTGTAGA-1	epithelia.cuticle.cp.other_1
fc_CTCTCAGCAAAGCGTG-1	epithelia.cuticle.cp.rigid_7
fc_CTCTCAGCAAGTGTCT-1	epithelia.cuticle.biosynthesis_13
fc_CTCTCAGCATGAAGCG-1	epithelia.cuticle.Osi18_6
fc_CTCTCAGGTAGGCTCC-1	epithelia.cuticle.Osi16_2
fc_CTCTCAGGTTCCGTTC-1	muscle.tup_19
fc_CTCTCAGTCCACTTCG-1	epithelia.cuticle.Osi17_4
fc_CTCTCAGTCGCAGATT-1	epithelia.cuticle.Osi18_6
fc_CTCTCGAAGAGATGCC-1	epithelia.tendon_5
fc_CTCTCGAAGTACGTCT-1	muscle.tup_19
fc_CTCTCGACACCATTCC-1	epithelia.cuticle.cp.soft_3
fc_CTCTCGACAGAGGGTT-1	glia1_8
fc_CTCTCGAGTCGAGCTC-1	neuron.cholinergic_11
fc_CTCTCGAGTGGACCTC-1	epithelia.cuticle.biosynthesis_13
fc_CTCTGGTAGCTCGACC-1	muscle.rbm24_0
fc_CTCTGGTAGTCACGCC-1	muscle.rbm24_0
fc_CTCTGGTAGTTTCGGT-1	epithelia.cuticle.Osi14_12
fc_CTCTGGTCACGCCACA-1	epithelia.cuticle.cp.other_1
fc_CTCTGGTCATTACGGT-1	muscle.tup_19
fc_CTGAATGAGTTGCTCA-1	epithelia.cuticle.Osi17_4
fc_CTGAATGCAAGTGCAG-1	epithelia.cuticle.Osi17_4
fc_CTGAATGCACAGGATG-1	epithelia.cuticle.Osi16_2
fc_CTGAGCGAGGCGTTAG-1	epithelia.cuticle.Osi17_4
fc_CTGAGCGCAGCATGCC-1	epithelia.cuticle.Osi17_4
fc_CTGAGCGCAGCTTCCT-1	epithelia.cuticle.Osi17_4
fc_CTGAGCGGTTGCCATA-1	muscle.rbm24_0
fc_CTGAGCGTCCTTCACG-1	neuroglioblast.ol_14
fc_CTGAGCGTCCTTGAAG-1	fat.body_10
fc_CTGAGGCAGCTACAAA-1	epithelia.cuticle.cp.rigid_7
fc_CTGAGGCAGGGAGGTG-1	epithelia.cuticle.cp.other_1
fc_CTGAGGCAGTGCAAAT-1	epithelia.cuticle.cp.rigid_7
fc_CTGAGGCGTGATAGTA-1	epithelia.cuticle.cp.other_1
fc_CTGATCCAGACCATTC-1	epithelia.cuticle.cp.soft_3
fc_CTGATCCAGTAGTGCG-1	fat.body_10
fc_CTGATCCCAACGCATT-1	epithelia.cuticle.cp.soft_3
fc_CTGATCCCACGATAGG-1	epithelia.cuticle.cp.other_1
fc_CTGATCCCAGCCGTTG-1	muscle.rbm24_0
fc_CTGATCCCATACTGAC-1	epithelia.cuticle.cp.soft_3
fc_CTGATCCCATAGGTTC-1	epithelia.cuticle.Osi17_4
fc_CTGATCCGTGACCTGC-1	glia1_8
fc_CTGATCCTCTAGTGAC-1	secretory-ECM_21
fc_CTGCAGGAGCTTTCTT-1	trachea_15
fc_CTGCAGGAGGGATCGT-1	epithelia.cuticle.biosynthesis_13
fc_CTGCAGGTCCCTGGTT-1	epithelia.cuticle.biosynthesis_13
fc_CTGCAGGTCGTCGGGT-1	epithelia.cuticle.biosynthesis_13
fc_CTGCATCAGCAAGTCG-1	trachea_15
fc_CTGCATCAGCTGGCCT-1	muscle.rbm24_0
fc_CTGCATCAGTAGCTCT-1	epithelia.cuticle.Osi16_2
fc_CTGCATCGTCCGTTTC-1	epithelia.cuticle.cp.other_1
fc_CTGCATCGTGATCGTT-1	neuroglioblast.ol_14
fc_CTGCATCTCACCTCTG-1	neuron.cholinergic_11
fc_CTGCATCTCTGCGTCT-1	muscle.rbm24_0
fc_CTGCCATCACAATGAA-1	epithelia.cuticle.Osi16_2
fc_CTGCCATCACGCAAAG-1	epithelia.cuticle.Osi17_4
fc_CTGCCATCAGGAATCG-1	epithelia.olfactory.support_9
fc_CTGCCATCATCCGGTG-1	muscle.rbm24_0
fc_CTGCCATGTCACTAGT-1	hemocyte_16
fc_CTGCCATTCCTCATAT-1	muscle.rbm24_0
fc_CTGCCATTCCTCTTTC-1	epithelia.cuticle.Osi18_6
fc_CTGCCTAAGAAGTCAT-1	hemocyte_16
fc_CTGCCTACATCGGATT-1	muscle.rbm24_0
fc_CTGCCTAGTACTAGCT-1	muscle.tup_19
fc_CTGCCTATCAGACATC-1	muscle.rbm24_0
fc_CTGCCTATCCACTGAA-1	epithelia.tendon_5
fc_CTGCCTATCGATTGAC-1	muscle.rbm24_0
fc_CTGCGAGAGAAACCAT-1	epithelia.cuticle.Osi17_4
fc_CTGCGAGTCAATCCGA-1	muscle.rbm24_0
fc_CTGCTCAAGGGCTAAC-1	hemocyte_16
fc_CTGCTCACAAGGCTTT-1	neuron.cholinergic_11
fc_CTGCTCACACATGGTT-1	muscle.rbm24_0
fc_CTGCTCATCTCCTGAC-1	neuroglioblast.ol_14
fc_CTGCTCATCTTACACT-1	neuroglioblast.ol_14
fc_CTGGACGAGAGATTCA-1	trachea_15
fc_CTGGACGAGAGCAGTC-1	epithelia.cuticle.Osi16_2
fc_CTGGACGAGGAACTCG-1	neuron.cholinergic_11
fc_CTGGACGGTGTACATC-1	epithelia.cuticle.Osi17_4
fc_CTGGCAGAGATTACCC-1	epithelia.cuticle.Osi17_4
fc_CTGGCAGAGGCCCGTT-1	epithelia.cuticle.biosynthesis_13
fc_CTGGCAGAGGCTCTAT-1	muscle.rbm24_0
fc_CTGGCAGAGGTGCTAG-1	neuron.cholinergic_11
fc_CTGGCAGCATCCTTCG-1	muscle.rbm24_0
fc_CTGGCAGGTCCGGACT-1	neuron.cholinergic_11
fc_CTGGCAGGTTCAGTAC-1	neuron.cholinergic_11
fc_CTGGCAGTCCTCTTTC-1	muscle.rbm24_0
fc_CTGGCAGTCGCTTACC-1	epithelia.cuticle.Osi16_2
fc_CTGGCAGTCGGACCAC-1	muscle.rbm24_0
fc_CTGGTCTAGACTCCGC-1	trachea_15
fc_CTGGTCTGTCTGCAAT-1	epithelia.cuticle.Osi16_2
fc_CTGGTCTTCACTGTCC-1	epithelia.cuticle.cp.soft_3
fc_CTGTACCAGCACCGAA-1	muscle.rbm24_0
fc_CTGTACCAGCCTGACC-1	epithelia.cuticle.cp.rigid_7
fc_CTGTACCAGGCTGAAC-1	epithelia.cuticle.biosynthesis_13
fc_CTGTACCCAATACAGA-1	epithelia.cuticle.cp.rigid_7
fc_CTGTACCCACGAAAGC-1	epithelia.cuticle.biosynthesis_13
fc_CTGTAGAAGTCCCGAC-1	epithelia.cuticle.Osi18_6
fc_CTGTAGACAACGATCT-1	neuroglioblast.ol_14
fc_CTGTAGAGTCGAATTC-1	epithelia.tendon_5
fc_CTGTAGAGTTAGCTAC-1	epithelia.cuticle.cp.other_1
fc_CTGTAGATCGTGTGGC-1	epithelia.cuticle.Osi18_6
fc_CTGTAGATCTAGCATG-1	muscle.rbm24_0
fc_CTGTATTCATCTTAGG-1	muscle.rbm24_0
fc_CTGTATTGTAATCAGA-1	muscle.rbm24_0
fc_CTGTATTGTCGTTTCC-1	epithelia.cuticle.Osi16_2
fc_CTGTCGTAGCGGCTCT-1	epithelia.olfactory.support_9
fc_CTGTCGTTCCTGCTAC-1	hemocyte_16
fc_CTGTGAAAGCGCCTTG-1	muscle.rbm24_0
fc_CTGTGAAAGTCACGAG-1	muscle.rbm24_0
fc_CTGTGAACACGACGTC-1	epithelia.cuticle.cp.soft_3
fc_CTGTGAACATCTTAGG-1	epithelia.tendon_5
fc_CTGTGAAGTAAGTAGT-1	epithelia.cuticle.Osi16_2
fc_CTGTGAATCGCTTGAA-1	epithelia.cuticle.cp.other_1
fc_CTGTGGGAGGTAGCAC-1	epithelia.cuticle.Osi17_4
fc_CTGTGGGCACCGGCTA-1	epithelia.cuticle.Osi18_6
fc_CTGTGGGCAGAACTCT-1	trachea_15
fc_CTGTGGGGTCAGGTAG-1	muscle.rbm24_0
fc_CTGTGGGTCGTAACAC-1	neuroglioblast.ol_14
fc_CTTACCGAGTCATTGC-1	glia2_18
fc_CTTACCGCACCAGCGT-1	glia1_8
fc_CTTACCGCACGCCACA-1	epithelia.tendon_5
fc_CTTACCGCATTGTAGC-1	muscle.rbm24_0
fc_CTTACCGGTATACCCA-1	neuroglioblast.ol_14
fc_CTTACCGGTGTGTCGC-1	epithelia.tendon_5
fc_CTTACCGTCTGGGATT-1	epithelia.cuticle.cp.soft_3
fc_CTTAGGAAGCCACAAG-1	muscle.rbm24_0
fc_CTTAGGAAGGACAACC-1	epithelia.cuticle.cp.soft_3
fc_CTTAGGAAGGCTTTCA-1	epithelia.cuticle.cp.other_1
fc_CTTAGGAGTACTGAGG-1	glia1_8
fc_CTTAGGAGTGGCTTGC-1	neuron.cholinergic_11
fc_CTTAGGAGTGTCCCTT-1	epithelia.cuticle.cp.soft_3
fc_CTTAGGATCCAGCAAT-1	glia2_18
fc_CTTAGGATCCTCTAGC-1	epithelia.cuticle.cp.soft_3
fc_CTTAGGATCTTGATTC-1	muscle.rbm24_0
fc_CTTCAATCAATTGTGC-1	epithelia.cuticle.Osi17_4
fc_CTTCAATCAGGTGACA-1	hemocyte_16
fc_CTTCAATCAGTGTATC-1	neuroglioblast.castor_17
fc_CTTCAATCATAAGCGG-1	epithelia.cuticle.Osi17_4
fc_CTTCCGAAGAGCATAT-1	epithelia.cuticle.cp.other_1
fc_CTTCCGAAGGTACAGC-1	epithelia.cuticle.Osi18_6
fc_CTTCCGACAGAACGCA-1	epithelia.cuticle.Osi17_4
fc_CTTCCGAGTCGGTAAG-1	glia1_8
fc_CTTCCGAGTTCGGCGT-1	neuron.cholinergic_11
fc_CTTCCGAGTTGCTCAA-1	fat.body_10
fc_CTTCCTTAGGATTCCT-1	epithelia.cuticle.cp.rigid_7
fc_CTTCCTTCACCATTCC-1	muscle.rbm24_0
fc_CTTCCTTGTGCACAAG-1	muscle.rbm24_0
fc_CTTCCTTTCGAATCCA-1	muscle.rbm24_0
fc_CTTCGGTAGTCGGCAA-1	epithelia.cuticle.Osi18_6
fc_CTTCGGTCAGGAAGTC-1	epithelia.cuticle.cp.soft_3
fc_CTTCGGTGTGCTTATG-1	epithelia.cuticle.Osi18_6
fc_CTTCGGTGTGGCTTAT-1	fat.body_10
fc_CTTCGGTGTTGCCTAA-1	muscle.rbm24_0
fc_CTTCGGTTCTTAGTTC-1	epithelia.cuticle.cp.soft_3
fc_CTTCTAAAGCCTGCCA-1	fat.body_10
fc_CTTCTAAAGTTAACAG-1	epithelia.tendon_5
fc_CTTCTAATCCAAGAGG-1	epithelia.tendon_5
fc_CTTCTAATCCCGTGTT-1	epithelia.cuticle.Osi17_4
fc_CTTCTCTAGGGCCTCT-1	muscle.rbm24_0
fc_CTTCTCTCAAATGGCG-1	trachea_15
fc_CTTCTCTCACTGAATC-1	epithelia.cuticle.Osi18_6
fc_CTTCTCTCAGTAACGG-1	muscle.rbm24_0
fc_CTTCTCTCATGAGGGT-1	fat.body_10
fc_CTTCTCTGTGCAGTGA-1	muscle.rbm24_0
fc_CTTCTCTGTTGCGGCT-1	muscle.rbm24_0
fc_CTTGAGAAGAGAACCC-1	gland.corpora-allata_22
fc_CTTGAGACAACCTAAC-1	muscle.rbm24_0
fc_CTTGAGACAATCCTTT-1	epithelia.cuticle.Osi18_6
fc_CTTGAGACATGGGTTT-1	glia2_18
fc_CTTGAGAGTACTAAGA-1	epithelia.cuticle.cp.soft_3
fc_CTTGAGAGTATAATGG-1	neuron.chol.ciliated_20
fc_CTTGAGAGTCCTGGGT-1	muscle.rbm24_0
fc_CTTGAGAGTCTGCATA-1	epithelia.cuticle.Osi17_4
fc_CTTGAGAGTCTGTAAC-1	epithelia.cuticle.cp.soft_3
fc_CTTGAGATCAATCTCT-1	neuron.cholinergic_11
fc_CTTGAGATCCAAAGGG-1	epithelia.tendon_5
fc_CTTGATTCAAATGCGG-1	epithelia.cuticle.Osi18_6
fc_CTTGATTCAACAACAA-1	epithelia.olfactory.support_9
fc_CTTGATTCAAGCGGAT-1	epithelia.cuticle.cp.soft_3
fc_CTTGATTCACACCTGG-1	glia1_8
fc_CTTGATTGTATGAGCG-1	muscle.rbm24_0
fc_CTTGATTTCCCTCTCC-1	muscle.rbm24_0
fc_CTTGATTTCCTAGAGT-1	muscle.rbm24_0
fc_CTTGATTTCTCCGCAT-1	epithelia.cuticle.Osi17_4
fc_CTTTCAACAAATTGCC-1	muscle.rbm24_0
fc_CTTTCAACACCGCTGA-1	muscle.rbm24_0
fc_CTTTCAACATAGAATG-1	epithelia.cuticle.Osi14_12
fc_CTTTCAACATATTCGG-1	epithelia.cuticle.Osi16_2
fc_CTTTCAATCACCATCC-1	fat.body_10
fc_CTTTCAATCACGACTA-1	epithelia.cuticle.Osi18_6
fc_CTTTCAATCAGGAACG-1	epithelia.cuticle.Osi18_6
fc_CTTTCGGGTAGACAGC-1	fat.body_10
fc_CTTTCGGTCACTGAAC-1	muscle.rbm24_0
fc_CTTTCGGTCCGTGTCT-1	fat.body_10
fc_CTTTCGGTCGCGAAGA-1	neuron.cholinergic_11
fc_GAAACCTAGGCTGTAG-1	muscle.rbm24_0
fc_GAAACCTAGGTATTGA-1	neuron.cholinergic_11
fc_GAAACCTCAAAGCTAA-1	epithelia.cuticle.cp.rigid_7
fc_GAAACCTCAATCCTTT-1	epithelia.cuticle.cp.rigid_7
fc_GAAACCTCACCTCAGG-1	epithelia.cuticle.biosynthesis_13
fc_GAAACCTCATTCTGTT-1	epithelia.tendon_5
fc_GAAACCTCATTGCTTT-1	epithelia.cuticle.cp.other_1
fc_GAAACCTGTAGCTGAG-1	epithelia.cuticle.Osi18_6
fc_GAAACCTTCAGTGTCA-1	epithelia.cuticle.cp.other_1
fc_GAAACCTTCTAGCATG-1	epithelia.cuticle.cp.soft_3
fc_GAAATGACAGTAGATA-1	epithelia.cuticle.cp.other_1
fc_GAACACTGTCTGTCCT-1	hemocyte_16
fc_GAACACTGTTTACTTC-1	epithelia.cuticle.biosynthesis_13
fc_GAACACTTCCCTTCCC-1	neuroglioblast.ol_14
fc_GAACACTTCGGATACT-1	epithelia.cuticle.Osi16_2
fc_GAACACTTCTATCACT-1	epithelia.cuticle.Osi16_2
fc_GAACGTTAGTTCCTGA-1	epithelia.cuticle.Osi18_6
fc_GAACGTTCAGAGGGTT-1	epithelia.cuticle.Osi17_4
fc_GAACGTTGTATCGTTG-1	epithelia.cuticle.cp.other_1
fc_GAACGTTGTTAGTTCG-1	epithelia.cuticle.Osi16_2
fc_GAACGTTTCGAGCTGC-1	neuroglioblast.ol_14
fc_GAACTGTAGGTAGACC-1	epithelia.cuticle.Osi18_6
fc_GAACTGTCAATCTGCA-1	muscle.rbm24_0
fc_GAACTGTGTTGGGACA-1	neuroglioblast.ol_14
fc_GAACTGTTCTGTCAGA-1	epithelia.cuticle.biosynthesis_13
fc_GAAGAATAGGCTCTCG-1	epithelia.cuticle.Osi17_4
fc_GAAGAATCAACACGTT-1	epithelia.cuticle.Osi18_6
fc_GAAGAATCAGGTCCCA-1	epithelia.cuticle.cp.other_1
fc_GAAGAATGTAATACCC-1	epithelia.cuticle.cp.other_1
fc_GAAGAATGTCTACACA-1	epithelia.tendon_5
fc_GAAGAATTCAGAATAG-1	epithelia.cuticle.cp.soft_3
fc_GAAGAATTCAGCGCGT-1	epithelia.cuticle.Osi18_6
fc_GAAGCCCAGTAGGTTA-1	epithelia.tendon_5
fc_GAAGCCCCAATCTGCA-1	epithelia.cuticle.cp.other_1
fc_GAAGCCCCAATTGGTC-1	epithelia.cuticle.cp.soft_3
fc_GAAGCCCGTTAGGGAC-1	muscle.rbm24_0
fc_GAAGCCCGTTGTTGAC-1	epithelia.cuticle.Osi17_4
fc_GAAGCCCTCATCACTT-1	epithelia.cuticle.Osi16_2
fc_GAAGCCCTCGGACTTA-1	epithelia.cuticle.cp.soft_3
fc_GAAGCGATCCACATAG-1	muscle.rbm24_0
fc_GAAGCGATCCGCAGTG-1	muscle.rbm24_0
fc_GAAGGACAGAAAGCGA-1	epithelia.cuticle.cp.other_1
fc_GAAGGACCAACTGCTA-1	neuron.chol.ciliated_20
fc_GAAGGACCATAAGATG-1	epithelia.cuticle.Osi18_6
fc_GAAGGACGTGGCTTAT-1	epithelia.cuticle.cp.rigid_7
fc_GAAGGACTCAGTAGGG-1	epithelia.cuticle.Osi17_4
fc_GAAGGGTAGACAGTCG-1	epithelia.cuticle.cp.soft_3
fc_GAAGGGTCAACCGCTG-1	epithelia.cuticle.cp.other_1
fc_GAAGGGTGTAGCTGAG-1	epithelia.cuticle.Osi18_6
fc_GAAGGGTGTATAGGGC-1	epithelia.cuticle.cp.other_1
fc_GAAGGGTGTTGCCGCA-1	muscle.rbm24_0
fc_GAAGGGTTCCTGGTCT-1	neuron.cholinergic_11
fc_GAAGGGTTCGATAACC-1	epithelia.cuticle.Osi17_4
fc_GAAGGGTTCTTGATTC-1	epithelia.cuticle.Osi16_2
fc_GAAGTAATCGTTCCTG-1	epithelia.cuticle.Osi16_2
fc_GAAGTAATCTGGGTCG-1	epithelia.cuticle.Osi17_4
fc_GAATAGAAGAGCCTGA-1	muscle.rbm24_0
fc_GAATAGAAGCCGGATA-1	muscle.rbm24_0
fc_GAATAGACAGCCGTTG-1	epithelia.tendon_5
fc_GAATAGAGTATCACGT-1	neuroglioblast.ol_14
fc_GAATAGATCCCTCGTA-1	epithelia.cuticle.cp.soft_3
fc_GAATCACAGTCCTACA-1	epithelia.cuticle.biosynthesis_13
fc_GAATCACCACCCTGTT-1	epithelia.cuticle.cp.other_1
fc_GAATCACCACTCCTTG-1	muscle.rbm24_0
fc_GAATCACCATCTCATT-1	muscle.rbm24_0
fc_GAATCACGTACAAGTA-1	epithelia.cuticle.biosynthesis_13
fc_GAATCACGTATCGTGT-1	epithelia.cuticle.cp.soft_3
fc_GAATCGTAGGTACATA-1	epithelia.cuticle.cp.other_1
fc_GAATCGTAGGTTAAAC-1	epithelia.cuticle.biosynthesis_13
fc_GAATCGTCAAGTGATA-1	epithelia.cuticle.cp.soft_3
fc_GAATCGTGTCTCTCAC-1	epithelia.cuticle.Osi17_4
fc_GAATCGTTCCCTGGTT-1	neuroglioblast.castor_17
fc_GAATCGTTCCTATTTG-1	epithelia.tendon_5
fc_GAATCGTTCGAGCTGC-1	neuron.cholinergic_11
fc_GACACGCAGGCATCAG-1	glia2_18
fc_GACACGCCATAGGTAA-1	epithelia.cuticle.Osi16_2
fc_GACACGCGTGAGGCAT-1	muscle.rbm24_0
fc_GACACGCGTTCTTCAT-1	epithelia.cuticle.cp.other_1
fc_GACACGCTCCGTGGGT-1	muscle.rbm24_0
fc_GACAGCCGTAGATCCT-1	neuron.chol.ciliated_20
fc_GACAGCCGTAGGACCA-1	muscle.rbm24_0
fc_GACAGCCGTTGTGGCC-1	epithelia.cuticle.Osi17_4
fc_GACAGCCTCTGGGAGA-1	epithelia.cuticle.cp.rigid_7
fc_GACAGCCTCTTCCCGA-1	epithelia.cuticle.Osi16_2
fc_GACATCAAGCTACGTT-1	glia1_8
fc_GACATCACAAGTGGGT-1	epithelia.cuticle.Osi17_4
fc_GACATCACAGCGGTTC-1	epithelia.cuticle.cp.soft_3
fc_GACATCAGTGCCTACG-1	epithelia.cuticle.cp.soft_3
fc_GACATCAGTTCGTAAC-1	muscle.rbm24_0
fc_GACCAATAGATAACAC-1	glia2_18
fc_GACCAATCATATCGGT-1	muscle.rbm24_0
fc_GACCAATTCGATACAC-1	epithelia.cuticle.cp.rigid_7
fc_GACCAATTCGGAATGG-1	muscle.rbm24_0
fc_GACCCAGAGAGTGACC-1	muscle.rbm24_0
fc_GACCCAGAGTCATGGG-1	muscle.rbm24_0
fc_GACCCAGCATAGATCC-1	muscle.rbm24_0
fc_GACCCAGGTATACCCA-1	epithelia.cuticle.cp.other_1
fc_GACCCAGGTATGATCC-1	epithelia.cuticle.cp.other_1
fc_GACCCAGGTGCGGATA-1	muscle.rbm24_0
fc_GACCCAGGTGTTGCCG-1	epithelia.cuticle.cp.other_1
fc_GACCCAGTCCGGACTG-1	epithelia.cuticle.Osi16_2
fc_GACCCAGTCTAGATCG-1	epithelia.cuticle.cp.other_1
fc_GACCCAGTCTGATTCT-1	epithelia.cuticle.cp.other_1
fc_GACCCTTAGGTTACCT-1	epithelia.cuticle.Osi17_4
fc_GACCCTTAGTCACGAG-1	muscle.rbm24_0
fc_GACCCTTCAACAGATA-1	muscle.rbm24_0
fc_GACCCTTGTCTGTAGT-1	epithelia.cuticle.Osi17_4
fc_GACCCTTGTGCGAGTA-1	muscle.rbm24_0
fc_GACCCTTGTTGCATTG-1	epithelia.cuticle.Osi14_12
fc_GACCCTTTCCTAGAGT-1	fat.body_10
fc_GACCCTTTCGCGCCAA-1	epithelia.cuticle.cp.other_1
fc_GACCCTTTCTTTCAGT-1	muscle.rbm24_0
fc_GACCGTGAGGGCAATC-1	epithelia.cuticle.Osi17_4
fc_GACCGTGCATAGTCGT-1	muscle.rbm24_0
fc_GACCGTGGTGCATTTG-1	epithelia.cuticle.Osi17_4
fc_GACCGTGTCCACGGAC-1	muscle.rbm24_0
fc_GACCGTGTCCATCTAT-1	epithelia.cuticle.Osi17_4
fc_GACCTTCCAAGCAGGT-1	epithelia.cuticle.cp.soft_3
fc_GACCTTCCACACGGTC-1	epithelia.cuticle.cp.rigid_7
fc_GACCTTCGTATCGAAA-1	epithelia.cuticle.Osi17_4
fc_GACCTTCGTCGCATCG-1	epithelia.cuticle.cp.rigid_7
fc_GACCTTCTCGACTCCT-1	muscle.rbm24_0
fc_GACGCTGCACATTCGA-1	epithelia.cuticle.Osi17_4
fc_GACGCTGCACGCTTAA-1	epithelia.cuticle.cp.other_1
fc_GACGCTGTCACTAGCA-1	epithelia.cuticle.cp.other_1
fc_GACGCTGTCGACCAAT-1	epithelia.cuticle.cp.other_1
fc_GACGCTGTCGACCCAG-1	muscle.rbm24_0
fc_GACGCTGTCGATCCCT-1	muscle.rbm24_0
fc_GACGTTAAGACATATG-1	epithelia.cuticle.cp.other_1
fc_GACGTTAAGAGCTGAC-1	epithelia.cuticle.Osi17_4
fc_GACGTTAAGCGAACTG-1	neuron.chol.ciliated_20
fc_GACGTTAAGCTCCGAC-1	muscle.rbm24_0
fc_GACGTTACACTTCATT-1	epithelia.cuticle.cp.other_1
fc_GACGTTACAGCAGAAC-1	epithelia.cuticle.biosynthesis_13
fc_GACGTTAGTCCGAAGA-1	epithelia.cuticle.Osi17_4
fc_GACGTTATCCTGTTGC-1	epithelia.tendon_5
fc_GACGTTATCGTCAACA-1	epithelia.cuticle.Osi17_4
fc_GACTATGCATCTCAAG-1	muscle.rbm24_0
fc_GACTATGGTAGCGTCC-1	muscle.rbm24_0
fc_GACTATGGTGCCTTCT-1	epithelia.cuticle.cp.other_1
fc_GACTATGTCCCTCATG-1	epithelia.cuticle.Osi17_4
fc_GACTATGTCTCTGCTG-1	epithelia.cuticle.Osi17_4
fc_GACTCAACAAGGTCGA-1	epithelia.cuticle.Osi18_6
fc_GACTCAACACTATCCC-1	neuron.chol.ciliated_20
fc_GACTCAAGTTTCACTT-1	epithelia.cuticle.cp.rigid_7
fc_GACTCAATCTGCGGCA-1	epithelia.cuticle.cp.soft_3
fc_GACTGATCAAACCACT-1	muscle.rbm24_0
fc_GACTGATCAAACCGGA-1	epithelia.cuticle.cp.other_1
fc_GACTGATCAATTGCCA-1	glia1_8
fc_GACTGATCACCTGAAT-1	epithelia.cuticle.Osi18_6
fc_GACTGATCAGCAGTAG-1	epithelia.cuticle.cp.soft_3
fc_GACTGATGTACGAGCA-1	epithelia.cuticle.cp.rigid_7
fc_GACTGATGTGCCTATA-1	neuroglioblast.castor_17
fc_GACTGATTCTAGTGTG-1	muscle.rbm24_0
fc_GACTGATTCTCGTCAC-1	epithelia.cuticle.cp.soft_3
fc_GACTTCCAGGTGGCTA-1	epithelia.cuticle.Osi16_2
fc_GACTTCCAGTACAACA-1	glia1_8
fc_GACTTCCCACAACGAG-1	epithelia.cuticle.cp.other_1
fc_GACTTCCGTCAATCTG-1	muscle.rbm24_0
fc_GACTTCCGTCCCGTGA-1	neuroglioblast.ol_14
fc_GACTTCCGTGCTCCGA-1	epithelia.cuticle.Osi17_4
fc_GACTTCCTCGACATAC-1	epithelia.tendon_5
fc_GACTTCCTCTGAATCG-1	muscle.rbm24_0
fc_GAGAAATAGAGATGCC-1	muscle.rbm24_0
fc_GAGAAATAGGCAGGGA-1	neuroglioblast.ol_14
fc_GAGAAATCAGACCATT-1	epithelia.cuticle.Osi16_2
fc_GAGAAATCAGGCATGA-1	epithelia.cuticle.Osi18_6
fc_GAGAAATGTTTGGAGG-1	epithelia.cuticle.Osi17_4
fc_GAGAAATTCAGGTGTT-1	muscle.rbm24_0
fc_GAGAAATTCCATTGGA-1	muscle.rbm24_0
fc_GAGAAATTCTTTGATC-1	epithelia.cuticle.cp.other_1
fc_GAGACCCAGCTTCATG-1	epithelia.cuticle.cp.other_1
fc_GAGACCCCATGCCATA-1	muscle.rbm24_0
fc_GAGACCCTCTTCGGTC-1	epithelia.cuticle.biosynthesis_13
fc_GAGACTTAGGTCATCT-1	epithelia.cuticle.cp.other_1
fc_GAGACTTCAAGTGATA-1	epithelia.cuticle.Osi16_2
fc_GAGACTTGTAGGCAGT-1	muscle.rbm24_0
fc_GAGACTTGTCAAATCC-1	neuron.cholinergic_11
fc_GAGAGGTAGGTATCTC-1	muscle.rbm24_0
fc_GAGAGGTCAACCTATG-1	muscle.rbm24_0
fc_GAGAGGTCACATGTTG-1	epithelia.cuticle.cp.soft_3
fc_GAGAGGTCATTGCAAC-1	epithelia.cuticle.cp.other_1
fc_GAGAGGTGTTATGTGC-1	muscle.rbm24_0
fc_GAGAGGTGTTGAGGAC-1	muscle.rbm24_0
fc_GAGATGGAGACAGCGT-1	epithelia.tendon_5
fc_GAGATGGAGATCCTAC-1	neuron.cholinergic_11
fc_GAGATGGAGTAACGAT-1	glia1_8
fc_GAGATGGAGTTCATCG-1	glia1_8
fc_GAGATGGCATGGGTTT-1	muscle.tup_19
fc_GAGATGGGTACAAGCG-1	neuron.chol.ciliated_20
fc_GAGATGGGTGTATCCA-1	epithelia.cuticle.cp.other_1
fc_GAGATGGTCTTCCACG-1	muscle.tup_19
fc_GAGCCTGAGAATCTAG-1	muscle.rbm24_0
fc_GAGCCTGAGTAACGTA-1	neuron.chol.ciliated_20
fc_GAGCCTGCAAGAGGTC-1	epithelia.olfactory.support_9
fc_GAGCCTGTCAACGTGT-1	epithelia.cuticle.cp.rigid_7
fc_GAGCCTGTCAGCGCAC-1	neuron.cholinergic_11
fc_GAGCCTGTCCTCCACA-1	epithelia.cuticle.cp.rigid_7
fc_GAGCCTGTCGTTCAGA-1	epithelia.cuticle.Osi18_6
fc_GAGCCTGTCTCCAAGA-1	neuron.cholinergic_11
fc_GAGCTGCAGGTACCTT-1	epithelia.cuticle.Osi17_4
fc_GAGCTGCAGTAGTGCG-1	epithelia.cuticle.Osi18_6
fc_GAGCTGCAGTCCCGAC-1	neuron.chol.ciliated_20
fc_GAGCTGCAGTGATCGG-1	neuron.cholinergic_11
fc_GAGCTGCCAGGTGAGT-1	epithelia.cuticle.cp.soft_3
fc_GAGCTGCCATCCCACT-1	epithelia.cuticle.cp.other_1
fc_GAGCTGCGTACCAGAG-1	muscle.rbm24_0
fc_GAGCTGCTCATCTCTA-1	epithelia.cuticle.Osi18_6
fc_GAGCTGCTCGAAGAAT-1	muscle.rbm24_0
fc_GAGGCAAAGAATAGTC-1	muscle.rbm24_0
fc_GAGGCAAAGTATAACG-1	epithelia.cuticle.Osi16_2
fc_GAGGCAACAGGATGAC-1	hemocyte_16
fc_GAGGCAATCCGACATA-1	neuroglioblast.ol_14
fc_GAGGCAATCTGGCCAG-1	muscle.rbm24_0
fc_GAGGCCTAGATACTGA-1	epithelia.cuticle.cp.other_1
fc_GAGGCCTAGATCGCTT-1	epithelia.cuticle.biosynthesis_13
fc_GAGGCCTAGTCACAGG-1	muscle.rbm24_0
fc_GAGGCCTCACCTTCCA-1	epithelia.cuticle.cp.soft_3
fc_GAGGCCTGTACAGGTG-1	muscle.rbm24_0
fc_GAGGCCTGTTTGAACC-1	epithelia.cuticle.Osi16_2
fc_GAGGCCTTCGCGTGCA-1	muscle.rbm24_0
fc_GAGGGATCAGACAAAT-1	epithelia.cuticle.Osi18_6
fc_GAGGGATGTATCATGC-1	epithelia.tendon_5
fc_GAGGGATGTCGATTAC-1	epithelia.cuticle.cp.other_1
fc_GAGGGATGTGCCCTTT-1	epithelia.cuticle.Osi17_4
fc_GAGGGATTCAGCAATC-1	epithelia.cuticle.cp.other_1
fc_GAGGGTAGTTCTCCAC-1	muscle.rbm24_0
fc_GAGGGTATCCACACAA-1	glia1_8
fc_GAGGGTATCCCTTGGT-1	fat.body_10
fc_GAGGGTATCTGCGGGT-1	epithelia.cuticle.cp.rigid_7
fc_GAGTCATAGCGAGGAG-1	muscle.rbm24_0
fc_GAGTCATAGTCAGAGC-1	neuroglioblast.ol_14
fc_GAGTCATCAACTCCAA-1	epithelia.cuticle.cp.rigid_7
fc_GAGTCATCATGTCTAG-1	epithelia.cuticle.cp.rigid_7
fc_GAGTCATGTATGTCAC-1	epithelia.cuticle.Osi18_6
fc_GAGTCATTCATGAGAA-1	epithelia.cuticle.cp.other_1
fc_GAGTCTAAGGGCTAAC-1	epithelia.cuticle.Osi16_2
fc_GAGTCTAAGTTCACTG-1	muscle.rbm24_0
fc_GAGTCTAGTACAGAGC-1	muscle.rbm24_0
fc_GAGTCTATCCACTGGG-1	muscle.rbm24_0
fc_GAGTGAGCACAGTGAG-1	hemocyte_16
fc_GAGTGAGCAGTAACAA-1	fat.body_10
fc_GAGTGAGCATAATCGC-1	epithelia.cuticle.Osi17_4
fc_GAGTGAGCATATCTCT-1	epithelia.cuticle.cp.other_1
fc_GAGTGAGGTGTCTAAC-1	epithelia.cuticle.cp.soft_3
fc_GAGTGAGTCCATTCAT-1	epithelia.cuticle.cp.rigid_7
fc_GAGTGAGTCTCTGCTG-1	epithelia.cuticle.cp.rigid_7
fc_GAGTGAGTCTTGCAGA-1	epithelia.tendon_5
fc_GAGTGTTAGAGTGGCT-1	epithelia.cuticle.Osi16_2
fc_GAGTGTTGTACGTGTT-1	epithelia.cuticle.cp.soft_3
fc_GAGTGTTGTCTGATCA-1	epithelia.cuticle.biosynthesis_13
fc_GAGTGTTGTGGGTTGA-1	glia2_18
fc_GAGTGTTTCCTATGGA-1	epithelia.cuticle.cp.rigid_7
fc_GAGTTACCACCCTCTA-1	epithelia.cuticle.Osi16_2
fc_GAGTTACGTACTCGTA-1	muscle.rbm24_0
fc_GAGTTACGTGGAAATT-1	epithelia.cuticle.biosynthesis_13
fc_GAGTTACTCCTTCACG-1	muscle.rbm24_0
fc_GAGTTACTCGATTGAC-1	epithelia.cuticle.cp.soft_3
fc_GAGTTGTCATCCGCGA-1	muscle.rbm24_0
fc_GAGTTGTGTTGGGATG-1	epithelia.cuticle.cp.other_1
fc_GAGTTGTTCTCATAGG-1	epithelia.cuticle.cp.soft_3
fc_GAGTTGTTCTCGCTCA-1	glia1_8
fc_GAGTTTGAGATCCAAA-1	neuron.cholinergic_11
fc_GAGTTTGAGATGAATC-1	fat.body_10
fc_GAGTTTGTCATGTCAG-1	neuroglioblast.castor_17
fc_GATAGAACAGCGAGTA-1	epithelia.cuticle.Osi18_6
fc_GATAGAACAGGTTCGC-1	epithelia.cuticle.Osi16_2
fc_GATAGAATCAGTGATC-1	epithelia.cuticle.Osi17_4
fc_GATAGAATCGCTGTCT-1	epithelia.cuticle.biosynthesis_13
fc_GATAGCTAGCGTTAGG-1	epithelia.cuticle.Osi18_6
fc_GATAGCTAGTGGTGAC-1	neuroglioblast.castor_17
fc_GATAGCTCACACCGCA-1	muscle.rbm24_0
fc_GATAGCTCATGGGCAA-1	trachea_15
fc_GATAGCTGTAGCTTAC-1	muscle.rbm24_0
fc_GATAGCTTCCACCCTA-1	glia2_18
fc_GATCACAGTCACTAGT-1	neuroglioblast.ol_14
fc_GATCACATCCGCGATG-1	epithelia.cuticle.Osi18_6
fc_GATCACATCCTGGTCT-1	neuroglioblast.ol_14
fc_GATCACATCTCTTCAA-1	epithelia.cuticle.cp.other_1
fc_GATCAGTAGAAACTGT-1	epithelia.cuticle.Osi17_4
fc_GATCAGTAGCGAGGAG-1	epithelia.cuticle.biosynthesis_13
fc_GATCAGTTCCTCACGT-1	epithelia.cuticle.cp.other_1
fc_GATCATGAGAACTCCT-1	fat.body_10
fc_GATCATGAGGTCATTC-1	epithelia.cuticle.cp.soft_3
fc_GATCATGCATGAAGCG-1	epithelia.cuticle.Osi17_4
fc_GATCATGGTAGACGTG-1	epithelia.cuticle.Osi17_4
fc_GATCATGGTTCTCTAT-1	neuroglioblast.castor_17
fc_GATCATGTCATGAGAA-1	glia1_8
fc_GATCATGTCTCTCGAC-1	muscle.rbm24_0
fc_GATCCCTAGCCGGATA-1	hemocyte_16
fc_GATCCCTAGTTAACAG-1	muscle.rbm24_0
fc_GATCCCTCAAATTGCC-1	glia1_8
fc_GATCCCTCAGGCATTT-1	glia1_8
fc_GATGACTCACCCTTAC-1	epithelia.cuticle.cp.soft_3
fc_GATGACTCAGGTGGAT-1	epithelia.cuticle.cp.other_1
fc_GATGACTGTACTCGAT-1	epithelia.cuticle.cp.other_1
fc_GATGAGGCAAGTACCT-1	epithelia.cuticle.cp.other_1
fc_GATGAGGCACACCGCA-1	muscle.rbm24_0
fc_GATGAGGCATCTGCGG-1	epithelia.cuticle.Osi18_6
fc_GATGAGGGTCAACACT-1	epithelia.cuticle.Osi17_4
fc_GATGAGGGTTCTCCCA-1	epithelia.cuticle.biosynthesis_13
fc_GATGAGGTCATGGAGG-1	muscle.rbm24_0
fc_GATGAGGTCCGTGACG-1	epithelia.tendon_5
fc_GATGAGGTCTCTTGCG-1	epithelia.olfactory.support_9
fc_GATGAGGTCTGCGGGT-1	epithelia.cuticle.Osi14_12
fc_GATGATCAGAGATCGC-1	epithelia.cuticle.cp.soft_3
fc_GATGATCAGCGAGTCA-1	glia2_18
fc_GATGATCCAGTGGGTA-1	epithelia.cuticle.cp.other_1
fc_GATGATCGTTCGAGCC-1	epithelia.cuticle.biosynthesis_13
fc_GATGATCGTTGAGTCT-1	hemocyte_16
fc_GATGATCGTTGCGTAT-1	glia1_8
fc_GATGATCTCATGTCAG-1	muscle.rbm24_0
fc_GATGATCTCCCTCTTT-1	fat.body_10
fc_GATGCTAAGTGGATTA-1	muscle.rbm24_0
fc_GATGCTACAAATGCTC-1	muscle.rbm24_0
fc_GATGCTATCCGCCTAT-1	epithelia.cuticle.cp.other_1
fc_GATGGAGAGGTTCTAC-1	muscle.rbm24_0
fc_GATGGAGAGTACCATC-1	muscle.rbm24_0
fc_GATGGAGGTGATACAA-1	epithelia.cuticle.Osi16_2
fc_GATGGAGGTGCATTTG-1	fat.body_10
fc_GATGGAGTCAGAATAG-1	epithelia.cuticle.cp.other_1
fc_GATGGAGTCCCGTGAG-1	epithelia.cuticle.cp.other_1
fc_GATGTTGCAAGTGGAC-1	muscle.rbm24_0
fc_GATGTTGGTAAGTAGT-1	epithelia.cuticle.cp.soft_3
fc_GATGTTGGTACCGTGC-1	epithelia.cuticle.cp.rigid_7
fc_GATGTTGGTCTCAGAT-1	hemocyte_16
fc_GATGTTGGTTGGGCCT-1	hemocyte_16
fc_GATGTTGTCTTACCAT-1	epithelia.cuticle.Osi17_4
fc_GATTCGAAGTCGAGGT-1	epithelia.cuticle.biosynthesis_13
fc_GATTCGACAGGTTTAC-1	epithelia.cuticle.cp.other_1
fc_GATTCGACATGACTCA-1	epithelia.cuticle.cp.other_1
fc_GATTCGAGTGGGTTGA-1	muscle.rbm24_0
fc_GATTCGATCGTCTAAG-1	muscle.rbm24_0
fc_GATTCTTCATGTAACC-1	muscle.tup_19
fc_GATTCTTCATTGACCA-1	epithelia.cuticle.biosynthesis_13
fc_GATTCTTTCCTCAGGG-1	epithelia.cuticle.Osi17_4
fc_GATTCTTTCCTTCTTC-1	epithelia.cuticle.Osi18_6
fc_GATTCTTTCGCTTACC-1	muscle.rbm24_0
fc_GATTCTTTCGTACACA-1	epithelia.tendon_5
fc_GATTGGTCAGGATCTT-1	glia1_8
fc_GATTGGTGTACTCGCG-1	epithelia.cuticle.cp.other_1
fc_GATTGGTGTTCGTACA-1	epithelia.tendon_5
fc_GATTGGTTCCGCCTAT-1	epithelia.cuticle.biosynthesis_13
fc_GATTTCTAGATACGAT-1	muscle.rbm24_0
fc_GATTTCTAGTCCCGAC-1	muscle.rbm24_0
fc_GATTTCTGTGCAATGG-1	epithelia.cuticle.cp.other_1
fc_GATTTCTTCTCACTCG-1	neuroglioblast.castor_17
fc_GCAACATAGGCATTTC-1	glia1_8
fc_GCAACATCAACCTATG-1	epithelia.cuticle.cp.other_1
fc_GCAACATCAGTAACGG-1	fat.body_10
fc_GCAACATGTCTTCAAG-1	hemocyte_16
fc_GCAACATGTGAGCGAT-1	neuroglioblast.ol_14
fc_GCAACATGTTCCTAAG-1	epithelia.cuticle.Osi17_4
fc_GCAACATTCGTGCGAC-1	muscle.rbm24_0
fc_GCAACCGAGGTAACTA-1	muscle.rbm24_0
fc_GCAACCGAGGTGGGTT-1	neuroglioblast.ol_14
fc_GCAACCGTCGTAGTGT-1	muscle.rbm24_0
fc_GCACATAAGAAGGTAG-1	glia2_18
fc_GCACATAGTACACTCA-1	epithelia.cuticle.Osi14_12
fc_GCACATAGTGGGAGAG-1	epithelia.cuticle.Osi17_4
fc_GCACATAGTTAACAGA-1	neuroglioblast.castor_17
fc_GCACATATCGGCAGTC-1	epithelia.cuticle.cp.soft_3
fc_GCACGGTAGAACTCCT-1	epithelia.cuticle.cp.other_1
fc_GCACGGTAGCCACTCG-1	epithelia.olfactory.support_9
fc_GCACGGTCATGACGTT-1	epithelia.cuticle.cp.soft_3
fc_GCACGGTCATTCTTCA-1	epithelia.cuticle.cp.other_1
fc_GCACGGTGTCAGATTC-1	epithelia.cuticle.Osi18_6
fc_GCACGGTTCGCCCAGA-1	muscle.rbm24_0
fc_GCACGTGCAGTAGTGG-1	neuroglioblast.castor_17
fc_GCACGTGGTCGCATTA-1	glia2_18
fc_GCACTAACAAGTCCAT-1	glia1_8
fc_GCACTAACACTATCCC-1	epithelia.cuticle.cp.other_1
fc_GCACTAACACTCTAGA-1	glia2_18
fc_GCACTAAGTCGTTGCG-1	epithelia.tendon_5
fc_GCACTAAGTGGTCTTA-1	epithelia.cuticle.Osi18_6
fc_GCAGCCAAGTAGCAAT-1	glia2_18
fc_GCAGCCACAAAGGCGT-1	neuroglioblast.ol_14
fc_GCAGCCACAGAAATCA-1	epithelia.cuticle.Osi18_6
fc_GCAGCCACAGGGTTGA-1	neuroglioblast.castor_17
fc_GCAGCCAGTCACTGAT-1	glia1_8
fc_GCAGCCAGTGATGGCA-1	glia2_18
fc_GCAGCCATCTTTCCGG-1	epithelia.cuticle.cp.other_1
fc_GCAGCTGAGAAGGCTC-1	epithelia.cuticle.Osi16_2
fc_GCAGCTGCAGCTATTG-1	muscle.rbm24_0
fc_GCAGCTGCAGGGTTGA-1	epithelia.cuticle.cp.other_1
fc_GCAGCTGTCACCTGTC-1	neuroglioblast.castor_17
fc_GCAGCTGTCTCGAACA-1	muscle.rbm24_0
fc_GCAGGCTAGACATATG-1	glia1_8
fc_GCAGGCTCAATAACGA-1	fat.body_10
fc_GCAGTTAGTTTACACG-1	neuron.chol.ciliated_20
fc_GCAGTTATCAGCTCTC-1	neuron.cholinergic_11
fc_GCAGTTATCATGCCAA-1	muscle.rbm24_0
fc_GCATCGGAGCTAATGA-1	epithelia.cuticle.cp.rigid_7
fc_GCATCGGAGTGGACGT-1	muscle.rbm24_0
fc_GCATCGGAGTGGACTG-1	epithelia.cuticle.biosynthesis_13
fc_GCATCGGAGTGGGAAA-1	epithelia.cuticle.cp.other_1
fc_GCATCGGGTAGCGCTC-1	epithelia.cuticle.Osi16_2
fc_GCATCGGGTTACCTTT-1	muscle.rbm24_0
fc_GCATCGGTCATAAGGA-1	epithelia.cuticle.cp.soft_3
fc_GCATCTCAGTCAAGCG-1	hemocyte_16
fc_GCATCTCCACTTTAGG-1	epithelia.cuticle.cp.soft_3
fc_GCATCTCGTCGAAGCA-1	epithelia.cuticle.cp.other_1
fc_GCATCTCGTCGAATTC-1	fat.body_10
fc_GCATCTCGTGGATTTC-1	epithelia.cuticle.Osi18_6
fc_GCATCTCGTGTTATCG-1	fat.body_10
fc_GCATCTCGTTGGCCTG-1	epithelia.tendon_5
fc_GCATCTCGTTGGGATG-1	epithelia.cuticle.Osi18_6
fc_GCATCTCTCCGCAGTG-1	epithelia.cuticle.Osi17_4
fc_GCATGATAGAGCAGCT-1	neuroglioblast.ol_14
fc_GCATGATAGCGACTTT-1	epithelia.tendon_5
fc_GCATGATCACTTGGGC-1	epithelia.cuticle.Osi16_2
fc_GCATGATCAGACAATA-1	epithelia.cuticle.cp.soft_3
fc_GCATGATGTAGTCTTG-1	neuroglioblast.castor_17
fc_GCATGATGTTTCGGCG-1	glia2_18
fc_GCATGATTCGACGATT-1	epithelia.cuticle.cp.other_1
fc_GCATTAGAGCCGATAG-1	muscle.rbm24_0
fc_GCATTAGAGTCATACC-1	muscle.rbm24_0
fc_GCATTAGCAGAGGCAT-1	muscle.rbm24_0
fc_GCATTAGCAGCGAACA-1	neuroglioblast.castor_17
fc_GCATTAGCATGCACTA-1	epithelia.cuticle.Osi17_4
fc_GCATTAGGTCGTCTCT-1	epithelia.cuticle.Osi14_12
fc_GCATTAGGTCGTTGGC-1	epithelia.cuticle.Osi16_2
fc_GCATTAGGTTGTAGCT-1	neuroglioblast.ol_14
fc_GCATTAGTCAAGAGTA-1	epithelia.cuticle.Osi17_4
fc_GCATTAGTCGGTGAAG-1	muscle.rbm24_0
fc_GCCAACGAGAGGGTGG-1	epithelia.cuticle.cp.rigid_7
fc_GCCAACGAGATGGGCT-1	muscle.rbm24_0
fc_GCCAACGAGTAATCCC-1	muscle.rbm24_0
fc_GCCAACGCACTCCCTA-1	glia1_8
fc_GCCAACGCAGATCACT-1	hemocyte_16
fc_GCCAGCAAGCGCCCAT-1	epithelia.cuticle.cp.rigid_7
fc_GCCAGCAGTACTAACC-1	epithelia.cuticle.Osi17_4
fc_GCCAGCAGTAGACGGT-1	muscle.rbm24_0
fc_GCCAGCAGTTGAAGTA-1	muscle.rbm24_0
fc_GCCAGCATCCAACCGG-1	glia1_8
fc_GCCAGCATCCCGAACG-1	epithelia.cuticle.biosynthesis_13
fc_GCCAGCATCTCCATAT-1	epithelia.cuticle.Osi17_4
fc_GCCAGGTAGATCCCGC-1	epithelia.tendon_5
fc_GCCAGGTCAAGGCAAC-1	epithelia.cuticle.Osi17_4
fc_GCCAGGTCATCTAACG-1	muscle.rbm24_0
fc_GCCAGGTGTGTTTCTT-1	epithelia.cuticle.cp.other_1
fc_GCCAGTGCACCCGTAG-1	muscle.rbm24_0
fc_GCCAGTGTCACTCTTA-1	epithelia.cuticle.cp.soft_3
fc_GCCATGGCACCGGCTA-1	epithelia.olfactory.support_9
fc_GCCATGGCATCTATCT-1	epithelia.cuticle.cp.other_1
fc_GCCATTCAGAACTGAT-1	epithelia.cuticle.biosynthesis_13
fc_GCCATTCAGACATACA-1	epithelia.cuticle.cp.rigid_7
fc_GCCATTCAGTACAGCG-1	muscle.rbm24_0
fc_GCCATTCTCCGTGTGG-1	epithelia.cuticle.cp.other_1
fc_GCCATTCTCTCAATCT-1	epithelia.cuticle.Osi16_2
fc_GCCCAGAAGGAGGCAG-1	epithelia.cuticle.Osi17_4
fc_GCCCAGAAGGTCCGAA-1	epithelia.tendon_5
fc_GCCCAGACAAACGGCA-1	epithelia.cuticle.Osi16_2
fc_GCCCAGACACTAACGT-1	muscle.rbm24_0
fc_GCCCAGACAGTTAGAA-1	epithelia.cuticle.Osi17_4
fc_GCCCAGAGTACGACAG-1	epithelia.cuticle.cp.rigid_7
fc_GCCCAGAGTATGGTAA-1	epithelia.cuticle.cp.soft_3
fc_GCCCAGAGTGGAAATT-1	epithelia.cuticle.Osi17_4
fc_GCCCAGAGTGTCCGGT-1	epithelia.cuticle.Osi16_2
fc_GCCCAGAGTTACGTAC-1	muscle.rbm24_0
fc_GCCCAGAGTTGCCAAT-1	muscle.rbm24_0
fc_GCCCAGATCAAGTCGT-1	muscle.rbm24_0
fc_GCCCAGATCACTTTGT-1	epithelia.cuticle.Osi17_4
fc_GCCCAGATCGCAACAT-1	epithelia.cuticle.cp.other_1
fc_GCCCAGATCTCAACGA-1	glia1_8
fc_GCCCGAAAGCTAAATG-1	glia1_8
fc_GCCCGAACAAAGGGCT-1	muscle.rbm24_0
fc_GCCCGAACACCGTACG-1	muscle.rbm24_0
fc_GCCCGAACAGAGTTCT-1	epithelia.cuticle.Osi16_2
fc_GCCCGAACAGCGAGTA-1	epithelia.tendon_5
fc_GCCCGAACAGCTTCCT-1	muscle.rbm24_0
fc_GCCCGAAGTGATAGAT-1	neuroglioblast.ol_14
fc_GCCCGAATCATCGCAA-1	neuron.chol.ciliated_20
fc_GCCCGAATCTATCGTT-1	epithelia.cuticle.Osi17_4
fc_GCCCGAATCTTCGTGC-1	neuron.cholinergic_11
fc_GCCGATGCAGAGATTA-1	muscle.rbm24_0
fc_GCCGATGCAGAGCTAG-1	neuron.cholinergic_11
fc_GCCGATGCAGCTTTCC-1	muscle.rbm24_0
fc_GCCGATGGTCACCGCA-1	epithelia.cuticle.Osi17_4
fc_GCCGTGAAGCTCTGTA-1	muscle.rbm24_0
fc_GCCGTGACACAAATGA-1	fat.body_10
fc_GCCGTGACACAGCCAC-1	epithelia.cuticle.Osi17_4
fc_GCCGTGACACTCCACT-1	muscle.rbm24_0
fc_GCCGTGACAGTACTAC-1	epithelia.cuticle.Osi14_12
fc_GCCGTGACATGTGTCA-1	epithelia.cuticle.Osi18_6
fc_GCCGTGAGTAGGTTTC-1	muscle.rbm24_0
fc_GCCGTGAGTGGACCTC-1	epithelia.cuticle.Osi17_4
fc_GCCGTGAGTGTAGTGG-1	trachea_15
fc_GCCTGTTAGTATGAGT-1	glia2_18
fc_GCCTGTTAGTTTGGCT-1	epithelia.cuticle.biosynthesis_13
fc_GCCTGTTCAGTGGTGA-1	muscle.rbm24_0
fc_GCCTGTTTCCCTCGTA-1	epithelia.cuticle.biosynthesis_13
fc_GCCTGTTTCCTCATAT-1	neuroglioblast.ol_14
fc_GCCTGTTTCCTGTAAG-1	trachea_15
fc_GCCTGTTTCTCGGTCT-1	neuroglioblast.castor_17
fc_GCGAGAAAGATTACCC-1	epithelia.cuticle.cp.other_1
fc_GCGAGAACAAGAGTAT-1	epithelia.cuticle.Osi17_4
fc_GCGAGAACACTCCACT-1	neuroglioblast.castor_17
fc_GCGAGAACAGTATGAA-1	glia1_8
fc_GCGAGAACATCATCTT-1	glia2_18
fc_GCGAGAAGTACGCGTC-1	epithelia.cuticle.cp.other_1
fc_GCGAGAAGTCAAGCCC-1	epithelia.cuticle.cp.other_1
fc_GCGAGAAGTGAGTAAT-1	epithelia.cuticle.cp.other_1
fc_GCGAGAATCCCTCTAG-1	muscle.rbm24_0
fc_GCGAGAATCGTTCATT-1	epithelia.cuticle.cp.other_1
fc_GCGAGAATCTAGCAAC-1	epithelia.cuticle.Osi17_4
fc_GCGATCGAGCTGACTT-1	epithelia.cuticle.cp.rigid_7
fc_GCGATCGAGTGCTAGG-1	epithelia.cuticle.Osi17_4
fc_GCGATCGCAAATCAGA-1	muscle.rbm24_0
fc_GCGATCGGTGACACAG-1	epithelia.cuticle.biosynthesis_13
fc_GCGATCGTCGAACCAT-1	epithelia.cuticle.biosynthesis_13
fc_GCGATCGTCGAACTCA-1	epithelia.cuticle.cp.soft_3
fc_GCGGAAAAGATTGATG-1	hemocyte_16
fc_GCGGAAAAGCGTGTTT-1	epithelia.cuticle.Osi17_4
fc_GCGGAAACAAGCTGCC-1	epithelia.cuticle.cp.soft_3
fc_GCGGAAACACTACAGT-1	epithelia.cuticle.biosynthesis_13
fc_GCGGAAAGTCCGGATC-1	muscle.rbm24_0
fc_GCGGAAAGTTCGGCTG-1	epithelia.cuticle.cp.other_1
fc_GCGGAAATCATGTCAG-1	hemocyte_16
fc_GCGGATCAGACCAACG-1	muscle.rbm24_0
fc_GCGTGCAAGGGTCACA-1	epithelia.cuticle.Osi16_2
fc_GCGTGCAAGTATCCTG-1	epithelia.cuticle.Osi17_4
fc_GCGTGCACACCTGTCT-1	epithelia.cuticle.cp.other_1
fc_GCGTGCAGTACTAACC-1	epithelia.cuticle.biosynthesis_13
fc_GCGTGCAGTTACGTAC-1	fat.body_10
fc_GCGTGCATCCTGCCAT-1	epithelia.cuticle.Osi14_12
fc_GCGTGCATCGAACACT-1	muscle.rbm24_0
fc_GCGTTTCAGCGCACAA-1	epithelia.cuticle.cp.soft_3
fc_GCGTTTCAGCGGACAT-1	muscle.rbm24_0
fc_GCGTTTCAGCTTACGT-1	epithelia.cuticle.Osi16_2
fc_GCGTTTCAGGACCCAA-1	muscle.rbm24_0
fc_GCGTTTCAGGTACTGG-1	epithelia.cuticle.Osi17_4
fc_GCGTTTCCACGCTGCA-1	epithelia.cuticle.Osi17_4
fc_GCGTTTCCACTTCAGA-1	epithelia.cuticle.cp.rigid_7
fc_GCGTTTCCATTGGATC-1	epithelia.cuticle.Osi17_4
fc_GCTACAAAGAGCATAT-1	glia1_8
fc_GCTACAAAGCAACCAG-1	epithelia.cuticle.cp.soft_3
fc_GCTACAACAACCCTCT-1	neuron.chol.ciliated_20
fc_GCTACAATCATTGCCC-1	epithelia.tendon_5
fc_GCTACCTAGATTGCGG-1	epithelia.cuticle.Osi17_4
fc_GCTACCTCAATCCTAG-1	epithelia.cuticle.Osi18_6
fc_GCTACCTCACTACCCT-1	epithelia.cuticle.cp.other_1
fc_GCTACCTCAGCACAGA-1	glia2_18
fc_GCTACCTGTAGATTGA-1	neuroglioblast.castor_17
fc_GCTACCTGTCGATTCA-1	hemocyte_16
fc_GCTACCTGTCTTCTAT-1	muscle.rbm24_0
fc_GCTACCTGTGCCTGAC-1	epithelia.cuticle.Osi17_4
fc_GCTACCTTCCATGAGT-1	muscle.rbm24_0
fc_GCTACCTTCCGTGTCT-1	epithelia.tendon_5
fc_GCTCAAAAGAGCTGCA-1	epithelia.cuticle.biosynthesis_13
fc_GCTCAAACAGAAGTTA-1	glia1_8
fc_GCTCAAATCAGCAATC-1	epithelia.cuticle.cp.soft_3
fc_GCTCAAATCCGCGGAT-1	epithelia.cuticle.Osi17_4
fc_GCTCAAATCCTACCAC-1	epithelia.cuticle.cp.rigid_7
fc_GCTGAATGTATATGGA-1	muscle.rbm24_0
fc_GCTGAATGTGCTTCAA-1	muscle.rbm24_0
fc_GCTGAATTCCCAAGTA-1	epithelia.cuticle.cp.other_1
fc_GCTGAATTCCTCTAAT-1	muscle.rbm24_0
fc_GCTGCAGAGCGATGGT-1	epithelia.cuticle.cp.soft_3
fc_GCTGCAGCACATGACT-1	muscle.rbm24_0
fc_GCTGCAGCAGTATGAA-1	epithelia.cuticle.Osi18_6
fc_GCTGCAGGTAAGGCCA-1	muscle.rbm24_0
fc_GCTGCAGGTAGTTAGA-1	muscle.rbm24_0
fc_GCTGCAGGTCATTGCA-1	epithelia.cuticle.cp.other_1
fc_GCTGGGTAGTCCCGAC-1	glia1_8
fc_GCTGGGTCATCAGTCA-1	muscle.rbm24_0
fc_GCTTCACAGGACATCG-1	epithelia.cuticle.cp.other_1
fc_GCTTCACCACGGCTAC-1	epithelia.cuticle.cp.soft_3
fc_GCTTCACCAGCTATTG-1	muscle.rbm24_0
fc_GCTTCACCATCAACCA-1	epithelia.cuticle.Osi14_12
fc_GCTTCACCATCACCAA-1	epithelia.cuticle.Osi16_2
fc_GCTTCACCATCCTAAG-1	muscle.rbm24_0
fc_GCTTCACGTGAAAGTT-1	epithelia.cuticle.cp.soft_3
fc_GCTTCACTCCATAGGT-1	trachea_15
fc_GCTTCACTCGACACTA-1	muscle.rbm24_0
fc_GCTTCACTCTAGCAAC-1	muscle.rbm24_0
fc_GCTTCACTCTTGCGCT-1	muscle.rbm24_0
fc_GCTTGGGAGAGGTCAC-1	epithelia.cuticle.Osi17_4
fc_GCTTGGGGTTCGTTCC-1	epithelia.cuticle.cp.other_1
fc_GCTTGGGTCGTCAAAC-1	muscle.rbm24_0
fc_GCTTGGGTCTGCGATA-1	muscle.rbm24_0
fc_GCTTTCGAGTGAATAC-1	epithelia.cuticle.cp.other_1
fc_GCTTTCGGTAATACCC-1	muscle.rbm24_0
fc_GCTTTCGGTCAACCTA-1	muscle.rbm24_0
fc_GCTTTCGGTTGAGAGC-1	neuroglioblast.castor_17
fc_GCTTTCGTCAACTACG-1	muscle.rbm24_0
fc_GGAACCCAGGGTTGCA-1	muscle.tup_19
fc_GGAACCCCAGCCCACA-1	epithelia.cuticle.Osi18_6
fc_GGAACCCCATAAGCAA-1	muscle.rbm24_0
fc_GGAACCCGTTAAGGAT-1	epithelia.cuticle.cp.other_1
fc_GGAACCCTCGGAATTC-1	epithelia.cuticle.cp.other_1
fc_GGAAGTGAGGATGTTA-1	epithelia.cuticle.cp.rigid_7
fc_GGAAGTGCATGCCGCA-1	muscle.rbm24_0
fc_GGAAGTGTCAAAGGAT-1	epithelia.cuticle.cp.soft_3
fc_GGAAGTGTCATCTATC-1	epithelia.cuticle.biosynthesis_13
fc_GGAAGTGTCGTCAAAC-1	epithelia.cuticle.Osi17_4
fc_GGAAGTGTCTGGCCGA-1	epithelia.cuticle.Osi17_4
fc_GGAATCTAGAAGCCTG-1	epithelia.olfactory.support_9
fc_GGAATCTAGCCTGACC-1	muscle.rbm24_0
fc_GGAATCTAGCTAATGA-1	muscle.rbm24_0
fc_GGAATCTAGTATGAGT-1	neuroglioblast.ol_14
fc_GGAATCTAGTTCATCG-1	muscle.rbm24_0
fc_GGAATCTGTACGGTTT-1	epithelia.cuticle.cp.other_1
fc_GGAATCTGTACGTACT-1	epithelia.cuticle.Osi17_4
fc_GGAATCTGTCTCGGGT-1	muscle.rbm24_0
fc_GGAATCTGTGATAGAT-1	epithelia.cuticle.Osi18_6
fc_GGAATCTGTGTTACTG-1	muscle.rbm24_0
fc_GGAATCTGTTGCTGAT-1	epithelia.cuticle.Osi17_4
fc_GGAATCTTCTAGAGCT-1	epithelia.cuticle.Osi17_4
fc_GGAATCTTCTTCACAT-1	epithelia.tendon_5
fc_GGAATGGAGGCCACCT-1	muscle.tup_19
fc_GGAATGGAGTCAACAA-1	fat.body_10
fc_GGAATGGCATGGAACG-1	epithelia.cuticle.Osi17_4
fc_GGAATGGGTATATGGA-1	neuroglioblast.ol_14
fc_GGAATGGTCACCATGA-1	muscle.rbm24_0
fc_GGACGTCCAAAGGATT-1	neuron.chol.ciliated_20
fc_GGACGTCCACCAATTG-1	trachea_15
fc_GGACGTCCACGGTAGA-1	muscle.rbm24_0
fc_GGACGTCGTCACAGTT-1	neuroglioblast.castor_17
fc_GGACGTCGTGATTGGG-1	glia2_18
fc_GGACGTCTCACAGTGT-1	epithelia.tendon_5
fc_GGACGTCTCGCCTTGT-1	epithelia.cuticle.cp.soft_3
fc_GGACGTCTCGGCTGTG-1	epithelia.cuticle.cp.other_1
fc_GGACGTCTCTGGAGAG-1	epithelia.cuticle.Osi16_2
fc_GGAGAACAGAGGATGA-1	epithelia.cuticle.Osi17_4
fc_GGAGAACCAACTTGGT-1	epithelia.cuticle.Osi18_6
fc_GGAGAACCACAGACGA-1	muscle.rbm24_0
fc_GGAGAACCACTTCCTG-1	epithelia.cuticle.Osi17_4
fc_GGAGAACCATCCTTGC-1	epithelia.cuticle.Osi18_6
fc_GGAGAACTCAACTGGT-1	muscle.rbm24_0
fc_GGAGAACTCGAGATAA-1	epithelia.cuticle.cp.rigid_7
fc_GGAGAACTCTGTCCGT-1	fat.body_10
fc_GGAGAACTCTGTCTCG-1	muscle.rbm24_0
fc_GGAGATGAGTTCAACC-1	muscle.rbm24_0
fc_GGAGATGCAATGACCT-1	epithelia.cuticle.Osi16_2
fc_GGAGATGGTCGAGCAA-1	neuron.cholinergic_11
fc_GGAGATGGTGATCGTT-1	muscle.rbm24_0
fc_GGAGATGTCCCATAGA-1	epithelia.tendon_5
fc_GGAGCAAAGAAGCCTG-1	glia1_8
fc_GGAGCAACATAGGAGC-1	muscle.rbm24_0
fc_GGAGCAAGTCGGAAAC-1	epithelia.cuticle.cp.other_1
fc_GGAGCAATCCTGTAGA-1	epithelia.cuticle.Osi14_12
fc_GGAGGATAGTCGGCCT-1	epithelia.cuticle.biosynthesis_13
fc_GGAGGATAGTGATCGG-1	glia2_18
fc_GGAGGATCACAATGTC-1	trachea_15
fc_GGAGGATCATGTGCCG-1	epithelia.cuticle.cp.rigid_7
fc_GGAGGATGTCGATTCA-1	epithelia.cuticle.biosynthesis_13
fc_GGAGGATTCGACCTAA-1	fat.body_10
fc_GGAGGATTCTGGCTGG-1	neuron.cholinergic_11
fc_GGAGGTACAATTCTCT-1	fat.body_10
fc_GGAGGTACAGTTAAAG-1	neuron.chol.ciliated_20
fc_GGAGGTAGTCCTCCTA-1	epithelia.cuticle.cp.other_1
fc_GGAGGTAGTTGCTCGG-1	muscle.rbm24_0
fc_GGAGGTATCCCTCTCC-1	epithelia.cuticle.Osi18_6
fc_GGAGGTATCTTCACGC-1	neuroglioblast.ol_14
fc_GGATCTAAGCACACCC-1	muscle.rbm24_0
fc_GGATCTACAATTGCAC-1	epithelia.cuticle.cp.soft_3
fc_GGATCTAGTAGAATAC-1	epithelia.cuticle.Osi16_2
fc_GGATCTAGTCTGTCCT-1	neuroglioblast.ol_14
fc_GGATCTAGTTTACCTT-1	muscle.rbm24_0
fc_GGATCTATCTCTTCAA-1	fat.body_10
fc_GGATGTTAGAGCAGAA-1	neuroglioblast.ol_14
fc_GGATGTTAGATACTGA-1	trachea_15
fc_GGATGTTTCGGTAGGA-1	fat.body_10
fc_GGATGTTTCTCCGTGT-1	muscle.rbm24_0
fc_GGATGTTTCTGTCCGT-1	muscle.rbm24_0
fc_GGCACGTAGACGCCCT-1	epithelia.cuticle.Osi18_6
fc_GGCACGTAGATTCGAA-1	fat.body_10
fc_GGCACGTAGCTCATAC-1	epithelia.cuticle.Osi14_12
fc_GGCACGTAGGCACCAA-1	epithelia.cuticle.Osi16_2
fc_GGCACGTAGTGCTCAT-1	epithelia.cuticle.Osi16_2
fc_GGCACGTAGTTCATGC-1	muscle.rbm24_0
fc_GGCACGTGTCTTGCTC-1	epithelia.cuticle.cp.other_1
fc_GGCACGTGTGATGTAA-1	epithelia.cuticle.Osi17_4
fc_GGCACGTGTGCCCTTT-1	epithelia.cuticle.cp.soft_3
fc_GGCAGTCAGAGCACTG-1	epithelia.cuticle.cp.other_1
fc_GGCAGTCAGCGTGAGT-1	epithelia.cuticle.Osi16_2
fc_GGCAGTCAGCTTCATG-1	fat.body_10
fc_GGCAGTCCAGGGATAC-1	epithelia.cuticle.cp.other_1
fc_GGCAGTCGTAACGATA-1	neuron.cholinergic_11
fc_GGCAGTCGTCATATGC-1	neuron.cholinergic_11
fc_GGCAGTCGTCGGCTAC-1	muscle.rbm24_0
fc_GGCAGTCTCCTTCTGG-1	epithelia.cuticle.Osi18_6
fc_GGCAGTCTCGCCAGTG-1	epithelia.cuticle.Osi17_4
fc_GGCGTCAAGAGTTGCG-1	fat.body_10
fc_GGCGTCAAGCGTGCCT-1	epithelia.cuticle.cp.soft_3
fc_GGCGTCACAGACCCGT-1	glia1_8
fc_GGCGTCACATTAAGCC-1	epithelia.cuticle.biosynthesis_13
fc_GGCGTCAGTGACCTGC-1	epithelia.cuticle.cp.rigid_7
fc_GGCGTCAGTTAGGGTG-1	epithelia.cuticle.Osi17_4
fc_GGCGTCAGTTCATCTT-1	epithelia.cuticle.Osi17_4
fc_GGCGTCATCACTGAAC-1	muscle.rbm24_0
fc_GGCGTCATCCCTTCCC-1	fat.body_10
fc_GGCTGTGAGGGTACGT-1	epithelia.cuticle.Osi17_4
fc_GGCTGTGAGTTCTCTT-1	epithelia.cuticle.Osi18_6
fc_GGCTGTGTCCTCACTG-1	epithelia.cuticle.Osi17_4
fc_GGCTTGGAGAATTCAG-1	glia1_8
fc_GGCTTGGAGGCCTTGC-1	glia2_18
fc_GGCTTGGAGTCACTCA-1	muscle.rbm24_0
fc_GGCTTGGAGTGGATTA-1	epithelia.tendon_5
fc_GGCTTGGCAGCTAACT-1	epithelia.cuticle.cp.rigid_7
fc_GGCTTGGCATGACTGT-1	trachea_15
fc_GGCTTGGGTGGAGAAA-1	glia2_18
fc_GGCTTGGGTTGGGCCT-1	epithelia.cuticle.cp.soft_3
fc_GGCTTGGTCCGTCCTA-1	glia1_8
fc_GGCTTGGTCTTAGCTT-1	epithelia.cuticle.Osi17_4
fc_GGCTTTCAGAGAACCC-1	epithelia.cuticle.Osi16_2
fc_GGCTTTCGTAATGCGG-1	muscle.rbm24_0
fc_GGCTTTCTCGCGTGCA-1	muscle.rbm24_0
fc_GGGAAGTAGGAAACGA-1	epithelia.cuticle.biosynthesis_13
fc_GGGAAGTGTCTCCCTA-1	epithelia.cuticle.cp.rigid_7
fc_GGGAAGTTCCCAAGTA-1	muscle.tup_19
fc_GGGAAGTTCTCTTCAA-1	neuron.chol.ciliated_20
fc_GGGACAACAAAGTGTA-1	epithelia.cuticle.biosynthesis_13
fc_GGGACAACACCGGAAA-1	muscle.rbm24_0
fc_GGGACCTAGAGAGCGG-1	epithelia.cuticle.Osi17_4
fc_GGGACCTAGTGAGTTA-1	neuroglioblast.ol_14
fc_GGGACCTAGTGGACTG-1	epithelia.cuticle.biosynthesis_13
fc_GGGACCTCACAAGCTT-1	muscle.rbm24_0
fc_GGGACCTGTCGTATTG-1	epithelia.cuticle.cp.other_1
fc_GGGACCTGTCGTCATA-1	epithelia.cuticle.Osi17_4
fc_GGGACTCAGAGTAACT-1	glia1_8
fc_GGGACTCCACCTGAAT-1	epithelia.cuticle.cp.other_1
fc_GGGAGATCAGAAATTG-1	epithelia.cuticle.cp.soft_3
fc_GGGAGATTCCAAATGC-1	epithelia.cuticle.cp.soft_3
fc_GGGAGTACAACCCGCA-1	fat.body_10
fc_GGGAGTACAGCAATTC-1	epithelia.cuticle.cp.soft_3
fc_GGGAGTAGTCTTTCTA-1	epithelia.cuticle.Osi17_4
fc_GGGAGTAGTGTTAAAG-1	glia2_18
fc_GGGAGTATCCTACGGG-1	epithelia.cuticle.cp.other_1
fc_GGGATCCCACTTCTCG-1	epithelia.cuticle.Osi17_4
fc_GGGATCCCATCGGATT-1	epithelia.tendon_5
fc_GGGATCCGTCGATTTG-1	epithelia.tendon_5
fc_GGGATCCTCAACTGAC-1	muscle.rbm24_0
fc_GGGATCCTCCAGCTCT-1	secretory-ECM_21
fc_GGGATCCTCCCAGGAC-1	neuron.cholinergic_11
fc_GGGATGAAGTAAGCAT-1	hemocyte_16
fc_GGGATGAAGTCACTCA-1	gland.corpora-allata_22
fc_GGGATGACAATAAGGT-1	muscle.rbm24_0
fc_GGGATGACAGAATGTA-1	muscle.rbm24_0
fc_GGGATGAGTGGTAACG-1	epithelia.cuticle.cp.other_1
fc_GGGATGATCGGAACTT-1	epithelia.cuticle.Osi17_4
fc_GGGATGATCGTTCTGC-1	muscle.rbm24_0
fc_GGGCCATAGGTTATAG-1	epithelia.cuticle.Osi18_6
fc_GGGCCATCAAATACAG-1	fat.body_10
fc_GGGCCATTCTGTGCTC-1	epithelia.cuticle.Osi17_4
fc_GGGCGTTAGCGAATGC-1	epithelia.cuticle.cp.soft_3
fc_GGGCGTTTCACCCTGT-1	neuroglioblast.castor_17
fc_GGGCGTTTCGTTTACT-1	epithelia.tendon_5
fc_GGGCGTTTCTGAATGC-1	epithelia.cuticle.cp.soft_3
fc_GGGCTACAGGCATGCA-1	epithelia.cuticle.Osi18_6
fc_GGGCTACAGTATTGCC-1	epithelia.cuticle.Osi17_4
fc_GGGCTACCAAAGGGTC-1	muscle.rbm24_0
fc_GGGCTACCACAACATC-1	epithelia.cuticle.Osi18_6
fc_GGGCTACCAGTAGAGC-1	epithelia.cuticle.Osi14_12
fc_GGGCTACCAGTTGTCA-1	muscle.rbm24_0
fc_GGGCTACGTAGGAGTC-1	epithelia.cuticle.cp.other_1
fc_GGGCTACGTATAATGG-1	glia2_18
fc_GGGCTACGTCACGCTG-1	glia2_18
fc_GGGCTACGTGAGTTTC-1	epithelia.cuticle.biosynthesis_13
fc_GGGCTACTCGCAGTTA-1	glia1_8
fc_GGGCTCAAGACAGTCG-1	muscle.rbm24_0
fc_GGGCTCAAGGTCCCTG-1	epithelia.cuticle.Osi17_4
fc_GGGCTCACACATATGC-1	muscle.rbm24_0
fc_GGGCTCACACTCTAGA-1	muscle.rbm24_0
fc_GGGCTCAGTACCTATG-1	epithelia.tendon_5
fc_GGGCTCAGTAGCGTTT-1	epithelia.cuticle.cp.other_1
fc_GGGCTCAGTGACAACG-1	epithelia.cuticle.Osi18_6
fc_GGGCTCAGTGGCTACC-1	neuron.cholinergic_11
fc_GGGTAGAAGACCTGGA-1	epithelia.cuticle.cp.other_1
fc_GGGTAGAAGTTGGAGC-1	glia1_8
fc_GGGTAGACAGTTACCA-1	fat.body_10
fc_GGGTAGAGTAAGTTAG-1	epithelia.cuticle.biosynthesis_13
fc_GGGTAGAGTACAATAG-1	epithelia.cuticle.Osi17_4
fc_GGGTAGATCCAGGACC-1	epithelia.cuticle.Osi16_2
fc_GGGTATTAGTCGTCTA-1	epithelia.olfactory.support_9
fc_GGGTATTCAAGTCATC-1	epithelia.cuticle.cp.other_1
fc_GGGTATTCAATAGGGC-1	neuron.cholinergic_11
fc_GGGTATTGTGTACATC-1	epithelia.cuticle.Osi16_2
fc_GGGTCACAGTAGTCAA-1	glia1_8
fc_GGGTCACCAAGCGCTC-1	epithelia.cuticle.cp.other_1
fc_GGGTCACCAGGCACAA-1	neuron.cholinergic_11
fc_GGGTCACTCAAGTGTC-1	epithelia.cuticle.Osi17_4
fc_GGGTCACTCACACCGG-1	muscle.rbm24_0
fc_GGGTCACTCATTGCGA-1	epithelia.cuticle.cp.soft_3
fc_GGGTCACTCCACAGGC-1	neuron.cholinergic_11
fc_GGGTCTGAGAGTCAAT-1	epithelia.cuticle.cp.other_1
fc_GGGTCTGCAAAGCACG-1	epithelia.cuticle.Osi14_12
fc_GGGTCTGCAGACTCTA-1	epithelia.cuticle.Osi17_4
fc_GGGTCTGCAGTTCACA-1	epithelia.cuticle.cp.rigid_7
fc_GGGTGAACATCCGAGC-1	muscle.rbm24_0
fc_GGGTGAAGTGGGAGAG-1	neuroglioblast.ol_14
fc_GGGTGTCAGTCGAATA-1	fat.body_10
fc_GGGTGTCCAAGGTTGG-1	epithelia.tendon_5
fc_GGGTGTCCACGGCTAC-1	epithelia.cuticle.Osi18_6
fc_GGGTGTCCAGGACGAT-1	epithelia.cuticle.cp.soft_3
fc_GGGTGTCCAGTCAGCC-1	epithelia.cuticle.cp.other_1
fc_GGGTGTCTCAAATGCC-1	epithelia.cuticle.cp.other_1
fc_GGGTGTCTCGAAGCAG-1	epithelia.cuticle.cp.soft_3
fc_GGGTTATAGCGTTACT-1	muscle.rbm24_0
fc_GGGTTATGTCCCACGA-1	epithelia.cuticle.cp.rigid_7
fc_GGGTTATGTGCTAGCC-1	epithelia.cuticle.Osi16_2
fc_GGGTTATGTGTCTCCT-1	epithelia.cuticle.cp.other_1
fc_GGGTTATTCCTGTAAG-1	epithelia.cuticle.cp.rigid_7
fc_GGGTTATTCGCTGACG-1	neuron.cholinergic_11
fc_GGGTTTAAGGCTAAAT-1	neuroglioblast.ol_14
fc_GGGTTTAAGGTAAAGG-1	glia1_8
fc_GGGTTTACAACACACT-1	epithelia.cuticle.Osi17_4
fc_GGGTTTACAAGTGGGT-1	muscle.rbm24_0
fc_GGGTTTACAGCAGGAT-1	neuron.cholinergic_11
fc_GGGTTTACATTATGCG-1	glia1_8
fc_GGGTTTAGTAGATGTA-1	neuroglioblast.ol_14
fc_GGGTTTAGTCCACTCT-1	muscle.rbm24_0
fc_GGGTTTATCTTGATTC-1	epithelia.cuticle.Osi18_6
fc_GGTAACTAGGCACCAA-1	epithelia.cuticle.cp.rigid_7
fc_GGTAACTAGGGCTGAT-1	epithelia.cuticle.cp.soft_3
fc_GGTAACTCAACTCATG-1	epithelia.cuticle.cp.rigid_7
fc_GGTAACTCAGGTTCAT-1	hemocyte_16
fc_GGTAACTCATGGAATA-1	glia2_18
fc_GGTAACTGTGCCCGTA-1	epithelia.cuticle.cp.soft_3
fc_GGTAACTTCACCTCGT-1	epithelia.cuticle.Osi18_6
fc_GGTAATCAGCCTGCCA-1	epithelia.cuticle.cp.rigid_7
fc_GGTAATCCAGACAAAT-1	muscle.rbm24_0
fc_GGTAATCTCGCGTCGA-1	epithelia.cuticle.cp.soft_3
fc_GGTAGAGAGTCTTGGT-1	muscle.rbm24_0
fc_GGTAGAGCAGGGATAC-1	muscle.rbm24_0
fc_GGTAGAGGTTCCAGGC-1	epithelia.cuticle.biosynthesis_13
fc_GGTAGAGTCGAGATGG-1	muscle.rbm24_0
fc_GGTAGAGTCGTCTCAC-1	hemocyte_16
fc_GGTAGAGTCTTGTGCC-1	epithelia.olfactory.support_9
fc_GGTCACGAGCACAAAT-1	neuron.cholinergic_11
fc_GGTCACGGTCTACGTA-1	epithelia.cuticle.cp.other_1
fc_GGTCACGTCCATCGTC-1	epithelia.cuticle.Osi17_4
fc_GGTCTGGAGACGAGCT-1	muscle.rbm24_0
fc_GGTCTGGAGACTAGAT-1	muscle.rbm24_0
fc_GGTCTGGAGAGGACTC-1	neuroglioblast.ol_14
fc_GGTCTGGAGGCCATAG-1	epithelia.cuticle.Osi17_4
fc_GGTCTGGCAGGCTACC-1	neuron.cholinergic_11
fc_GGTCTGGGTACTAAGA-1	epithelia.cuticle.Osi18_6
fc_GGTGAAGCACTGGATT-1	muscle.rbm24_0
fc_GGTGAAGTCAACCGAT-1	epithelia.cuticle.Osi17_4
fc_GGTGAAGTCAAGCCCG-1	fat.body_10
fc_GGTGATTAGCTTGTTG-1	epithelia.cuticle.cp.rigid_7
fc_GGTGATTTCGCCGAGT-1	hemocyte_16
fc_GGTGATTTCTTGTGCC-1	epithelia.cuticle.cp.other_1
fc_GGTGGCTAGGCCCACT-1	fat.body_10
fc_GGTGGCTCAAGTATAG-1	glia1_8
fc_GGTGGCTTCCGCATAA-1	epithelia.cuticle.cp.rigid_7
fc_GGTGTCGAGGCCTGCT-1	epithelia.cuticle.Osi18_6
fc_GGTGTCGAGGCGCTTC-1	hemocyte_16
fc_GGTGTCGGTGAATTAG-1	epithelia.cuticle.Osi18_6
fc_GGTGTTAAGTTTGAGA-1	muscle.rbm24_0
fc_GGTGTTACAAAGGCTG-1	muscle.rbm24_0
fc_GGTGTTACAAGGCTTT-1	hemocyte_16
fc_GGTGTTACAGGTTTAC-1	neuroglioblast.castor_17
fc_GGTGTTAGTTTGGGAG-1	neuron.cholinergic_11
fc_GGTGTTATCCGGACTG-1	muscle.rbm24_0
fc_GGTTAACAGCCTAACT-1	epithelia.cuticle.Osi14_12
fc_GGTTAACCACTCCTGT-1	muscle.tup_19
fc_GGTTAACGTGTCTTAG-1	epithelia.cuticle.Osi18_6
fc_GGTTAACGTTTATGCG-1	muscle.rbm24_0
fc_GGTTAACTCGCCGATG-1	epithelia.cuticle.cp.other_1
fc_GGTTAACTCGTCGATA-1	epithelia.cuticle.cp.other_1
fc_GGTTCTCCACCAGTAT-1	fat.body_10
fc_GGTTCTCCACGTGTGC-1	muscle.rbm24_0
fc_GGTTCTCGTATAATGG-1	epithelia.cuticle.Osi16_2
fc_GGTTCTCGTCAGGTGA-1	epithelia.cuticle.cp.rigid_7
fc_GGTTCTCTCTCCATAT-1	muscle.tup_19
fc_GGTTGTAAGCAGTCTT-1	epithelia.cuticle.cp.other_1
fc_GGTTGTAAGTCTGCAT-1	muscle.rbm24_0
fc_GGTTGTAAGTTCTACG-1	epithelia.cuticle.Osi17_4
fc_GGTTGTACAAGCGATG-1	neuron.cholinergic_11
fc_GGTTGTACAGGTCTCG-1	epithelia.cuticle.Osi16_2
fc_GGTTGTACATTAAGCC-1	neuron.cholinergic_11
fc_GGTTGTAGTTTCCATT-1	muscle.rbm24_0
fc_GGTTGTATCATAGGCT-1	epithelia.cuticle.cp.rigid_7
fc_GTAACACAGCATCAAA-1	muscle.rbm24_0
fc_GTAACACCAAATGAAC-1	neuroglioblast.castor_17
fc_GTAACACTCTCATGCC-1	muscle.rbm24_0
fc_GTAACCAAGGCTGAAC-1	epithelia.cuticle.cp.other_1
fc_GTAACCACATAATCGC-1	epithelia.cuticle.cp.other_1
fc_GTAACCAGTTCAAGTC-1	muscle.rbm24_0
fc_GTAACCATCGTCGACG-1	neuron.cholinergic_11
fc_GTAAGTCAGGTCACCC-1	epithelia.cuticle.Osi17_4
fc_GTAAGTCCAAGGTTGG-1	epithelia.cuticle.biosynthesis_13
fc_GTAAGTCGTCACCGCA-1	epithelia.cuticle.cp.other_1
fc_GTAAGTCTCCCTTCCC-1	muscle.rbm24_0
fc_GTAAGTCTCGTAGAGG-1	epithelia.cuticle.cp.soft_3
fc_GTAATCGAGCCATTTG-1	epithelia.cuticle.Osi18_6
fc_GTAATCGCAAATCCCA-1	hemocyte_16
fc_GTAATCGCAAGTCCCG-1	epithelia.cuticle.cp.other_1
fc_GTAATCGCAGGTATGG-1	muscle.rbm24_0
fc_GTAATCGGTCACCTTC-1	muscle.rbm24_0
fc_GTAATCGGTTGGGAAC-1	epithelia.cuticle.Osi14_12
fc_GTAATCGTCGGAGTGA-1	epithelia.cuticle.cp.other_1
fc_GTAATGCCAGACAAGC-1	epithelia.cuticle.cp.other_1
fc_GTAATGCTCCCTGTTG-1	epithelia.cuticle.cp.rigid_7
fc_GTACAACAGAAGAGCA-1	neuroglioblast.castor_17
fc_GTACAACAGGGTTAAT-1	epithelia.cuticle.cp.soft_3
fc_GTACAACCAAGAATAC-1	epithelia.cuticle.Osi17_4
fc_GTACAACCATCCGGTG-1	epithelia.cuticle.cp.other_1
fc_GTACAACGTGTTAAAG-1	muscle.rbm24_0
fc_GTACAACTCAGTCACA-1	epithelia.cuticle.Osi18_6
fc_GTACAACTCAGTGTGT-1	epithelia.cuticle.cp.soft_3
fc_GTACAACTCGTTTACT-1	muscle.rbm24_0
fc_GTACAGTAGACGGTTG-1	neuron.cholinergic_11
fc_GTACAGTCAGACGATG-1	epithelia.cuticle.cp.other_1
fc_GTACAGTCATACACCA-1	epithelia.cuticle.cp.other_1
fc_GTACAGTGTCCTGGTG-1	neuroglioblast.castor_17
fc_GTACAGTTCAAGCCGC-1	epithelia.cuticle.Osi17_4
fc_GTACAGTTCAGACCCG-1	epithelia.cuticle.Osi17_4
fc_GTACAGTTCCTTGACC-1	neuroglioblast.ol_14
fc_GTACAGTTCGCACGGT-1	epithelia.cuticle.cp.other_1
fc_GTACAGTTCTACGCAA-1	epithelia.cuticle.cp.soft_3
fc_GTAGAAAAGACAGCGT-1	muscle.rbm24_0
fc_GTAGAAATCCACTTCG-1	epithelia.cuticle.Osi18_6
fc_GTAGAAATCTCGGTCT-1	secretory-ECM_21
fc_GTAGAGGAGGCATCAG-1	epithelia.cuticle.Osi16_2
fc_GTAGAGGCACAGGATG-1	fat.body_10
fc_GTAGAGGTCACCATAG-1	muscle.rbm24_0
fc_GTAGAGGTCCACAGGC-1	hemocyte_16
fc_GTAGAGGTCGGTGCAC-1	muscle.rbm24_0
fc_GTAGATCCAAAGGCTG-1	muscle.rbm24_0
fc_GTAGATCCAACCGACC-1	epithelia.cuticle.cp.rigid_7
fc_GTAGATCCATCTATCT-1	muscle.rbm24_0
fc_GTAGATCCATGTTCGA-1	neuron.cholinergic_11
fc_GTAGATCGTTCAGTAC-1	epithelia.cuticle.Osi18_6
fc_GTAGATCGTTGCGAAG-1	muscle.rbm24_0
fc_GTAGATCTCCATTGCC-1	epithelia.cuticle.cp.soft_3
fc_GTAGATCTCCTACGGG-1	neuroglioblast.ol_14
fc_GTAGATCTCGCTGTTC-1	glia2_18
fc_GTAGATCTCTAACGCA-1	epithelia.cuticle.Osi18_6
fc_GTAGATCTCTCTGGTC-1	epithelia.cuticle.Osi17_4
fc_GTAGATCTCTGTGTGA-1	fat.body_10
fc_GTAGCTAAGACCAGAC-1	epithelia.cuticle.cp.rigid_7
fc_GTAGCTAAGCAAGGAA-1	muscle.rbm24_0
fc_GTAGCTAAGCGTCGAA-1	neuroglioblast.castor_17
fc_GTAGCTAAGTCGCTAT-1	epithelia.cuticle.cp.other_1
fc_GTAGCTACAACGACAG-1	muscle.rbm24_0
fc_GTAGCTAGTTATGGTC-1	muscle.rbm24_0
fc_GTAGCTATCTCTAGGA-1	glia1_8
fc_GTAGGAGCAACAAAGT-1	epithelia.cuticle.Osi18_6
fc_GTAGGAGCATAGACTC-1	epithelia.cuticle.cp.soft_3
fc_GTAGGAGGTACCCACG-1	neuron.cholinergic_11
fc_GTAGGAGGTGTACATC-1	epithelia.cuticle.Osi17_4
fc_GTAGGAGGTTTCTATC-1	epithelia.cuticle.cp.other_1
fc_GTAGGAGTCAAGCTTG-1	muscle.rbm24_0
fc_GTAGGAGTCCGTACGG-1	epithelia.cuticle.Osi18_6
fc_GTAGGAGTCCTTCTAA-1	hemocyte_16
fc_GTAGGAGTCGGTAAGG-1	epithelia.cuticle.cp.other_1
fc_GTAGGTTAGCCATATC-1	epithelia.cuticle.biosynthesis_13
fc_GTAGGTTAGTAAGGGA-1	muscle.rbm24_0
fc_GTAGGTTCACTCACTC-1	neuroglioblast.ol_14
fc_GTAGGTTGTACTCCCT-1	muscle.rbm24_0
fc_GTAGGTTTCTCTCCGA-1	epithelia.cuticle.Osi17_4
fc_GTAGTACAGAATTGTG-1	muscle.rbm24_0
fc_GTAGTACAGAGGTGCT-1	epithelia.cuticle.biosynthesis_13
fc_GTAGTACCAAGGCCTC-1	epithelia.cuticle.Osi16_2
fc_GTAGTACCAATTGTGC-1	muscle.rbm24_0
fc_GTAGTACGTGGCAACA-1	epithelia.cuticle.Osi16_2
fc_GTAGTACTCCGGGACT-1	epithelia.cuticle.cp.other_1
fc_GTAGTACTCTACTCAT-1	epithelia.cuticle.cp.soft_3
fc_GTATTGGCATGATAGA-1	muscle.rbm24_0
fc_GTATTGGGTAAGTCAA-1	epithelia.tendon_5
fc_GTATTGGGTCACCGCA-1	neuron.chol.ciliated_20
fc_GTATTGGGTTACCTGA-1	epithelia.cuticle.Osi17_4
fc_GTATTGGTCAGAGTGG-1	epithelia.cuticle.biosynthesis_13
fc_GTATTGGTCGCTGACG-1	epithelia.cuticle.Osi14_12
fc_GTATTTCGTATCGCTA-1	fat.body_10
fc_GTATTTCGTGTGTGGA-1	fat.body_10
fc_GTATTTCTCCTAGCTC-1	epithelia.cuticle.cp.other_1
fc_GTATTTCTCTTGGAAC-1	glia1_8
fc_GTCAAACAGCAAATGT-1	muscle.rbm24_0
fc_GTCAAACAGCGACTAG-1	epithelia.cuticle.Osi16_2
fc_GTCAAACCAAATACAG-1	glia1_8
fc_GTCAAACCAAGAGTAT-1	muscle.rbm24_0
fc_GTCAAACCATACAGAA-1	muscle.rbm24_0
fc_GTCAAACGTAGCTCGC-1	epithelia.cuticle.Osi17_4
fc_GTCAAACGTTAGGCCC-1	muscle.rbm24_0
fc_GTCAAACTCGCAATGT-1	muscle.rbm24_0
fc_GTCAAACTCTATCCAT-1	epithelia.cuticle.Osi17_4
fc_GTCAAACTCTCGAACA-1	epithelia.cuticle.cp.other_1
fc_GTCAAGTAGACGCATG-1	hemocyte_16
fc_GTCAAGTCACAGCTTA-1	epithelia.cuticle.Osi17_4
fc_GTCAAGTGTGAATTAG-1	epithelia.cuticle.Osi16_2
fc_GTCACGGAGAAACTAC-1	muscle.rbm24_0
fc_GTCACGGCAAACTCGT-1	muscle.rbm24_0
fc_GTCACGGCACCGCTAG-1	epithelia.cuticle.cp.other_1
fc_GTCACGGCACGCTGAC-1	epithelia.olfactory.support_9
fc_GTCACGGGTCATATGC-1	epithelia.cuticle.cp.other_1
fc_GTCACGGTCCTCACCA-1	muscle.rbm24_0
fc_GTCACGGTCGCTTTAT-1	neuron.chol.ciliated_20
fc_GTCACTCAGCTGACAG-1	secretory-ECM_21
fc_GTCACTCAGGACTGGT-1	epithelia.cuticle.biosynthesis_13
fc_GTCACTCCACTGTTCC-1	epithelia.cuticle.cp.other_1
fc_GTCACTCCAGGCCTGT-1	epithelia.cuticle.biosynthesis_13
fc_GTCACTCGTACCTTCC-1	epithelia.cuticle.cp.other_1
fc_GTCACTCGTCGCACAC-1	epithelia.cuticle.cp.other_1
fc_GTCACTCTCACCCATC-1	epithelia.cuticle.Osi17_4
fc_GTCACTCTCAGATGCT-1	epithelia.cuticle.Osi16_2
fc_GTCACTCTCGAAGCAG-1	epithelia.cuticle.biosynthesis_13
fc_GTCAGCGAGAGCCGTA-1	glia1_8
fc_GTCAGCGCAGACCCGT-1	epithelia.tendon_5
fc_GTCAGCGCAGGCTATT-1	muscle.rbm24_0
fc_GTCAGCGGTCACGACC-1	epithelia.cuticle.Osi18_6
fc_GTCATCCAGTATGAGT-1	epithelia.cuticle.cp.other_1
fc_GTCATCCCAGAGTTGG-1	epithelia.cuticle.cp.soft_3
fc_GTCATGACAATCGCGC-1	epithelia.cuticle.cp.rigid_7
fc_GTCATGACACAAGTTC-1	epithelia.cuticle.Osi17_4
fc_GTCATGAGTACCGGAA-1	epithelia.cuticle.cp.rigid_7
fc_GTCATGATCACTGTCC-1	muscle.rbm24_0
fc_GTCATTTAGCCGGATA-1	epithelia.cuticle.Osi18_6
fc_GTCATTTCAAGGCAAC-1	glia1_8
fc_GTCATTTGTCATACCA-1	muscle.tup_19
fc_GTCATTTGTGTGTGTT-1	muscle.rbm24_0
fc_GTCATTTTCATGCCCT-1	epithelia.cuticle.cp.soft_3
fc_GTCATTTTCTTCGGTC-1	epithelia.cuticle.cp.rigid_7
fc_GTCCACTAGGTGCGAT-1	secretory-ECM_21
fc_GTCCACTCAAAGTATG-1	epithelia.cuticle.Osi18_6
fc_GTCCACTCAGAGTCAG-1	neuron.cholinergic_11
fc_GTCCACTCATCTGCGG-1	glia1_8
fc_GTCCACTGTAGCTGCC-1	neuroglioblast.castor_17
fc_GTCCACTGTCCTCCAT-1	neuroglioblast.ol_14
fc_GTCCACTGTGCCTTTC-1	epithelia.cuticle.cp.other_1
fc_GTCCCATAGCTAATCC-1	epithelia.cuticle.Osi18_6
fc_GTCCCATAGTGCAAAT-1	epithelia.cuticle.Osi17_4
fc_GTCCCATCAGAGCCCT-1	epithelia.tendon_5
fc_GTCCCATCATCATTTC-1	trachea_15
fc_GTCCCATGTGGCATCC-1	fat.body_10
fc_GTCCCATGTGTCATCA-1	muscle.rbm24_0
fc_GTCCTCAAGTAAAGCT-1	epithelia.cuticle.Osi17_4
fc_GTCCTCAAGTAGACAT-1	fat.body_10
fc_GTCCTCATCAGTCCGG-1	muscle.rbm24_0
fc_GTCCTCATCATTTGGG-1	epithelia.cuticle.Osi14_12
fc_GTCGAATAGATTTGCC-1	epithelia.cuticle.Osi17_4
fc_GTCGAATCAAAGAGTT-1	epithelia.cuticle.biosynthesis_13
fc_GTCGAATGTATCGTTG-1	neuroglioblast.castor_17
fc_GTCGAATGTATTGGCT-1	secretory-ECM_21
fc_GTCGAATGTCTACACA-1	epithelia.tendon_5
fc_GTCGAATGTTCGGTAT-1	epithelia.cuticle.Osi17_4
fc_GTCGAATTCGATGCTA-1	epithelia.cuticle.cp.soft_3
fc_GTCGCGAAGTGGTGAC-1	muscle.rbm24_0
fc_GTCGCGAGTACTGCGC-1	epithelia.cuticle.cp.other_1
fc_GTCGTAAAGATTGGGC-1	epithelia.cuticle.Osi14_12
fc_GTCGTAAAGTTTGTCG-1	epithelia.cuticle.Osi18_6
fc_GTCGTAACACTACCCT-1	epithelia.tendon_5
fc_GTCGTTCCAACCGTGC-1	fat.body_10
fc_GTCGTTCGTCGTTGCG-1	muscle.rbm24_0
fc_GTCGTTCTCAGTCCGG-1	epithelia.cuticle.cp.other_1
fc_GTCTACCAGGGTGAGG-1	trachea_15
fc_GTCTACCGTGTCTTGA-1	epithelia.cuticle.cp.soft_3
fc_GTCTACCGTTGGGTAG-1	epithelia.cuticle.Osi16_2
fc_GTCTAGAAGCCTCTTC-1	muscle.rbm24_0
fc_GTCTAGAAGTTCCGGC-1	epithelia.cuticle.cp.soft_3
fc_GTCTAGACAGGGTTGA-1	epithelia.cuticle.cp.other_1
fc_GTCTAGACATTAAAGG-1	neuron.cholinergic_11
fc_GTCTAGATCACCGGGT-1	glia1_8
fc_GTCTAGATCCGTGTGG-1	muscle.rbm24_0
fc_GTCTAGATCGTAGTCA-1	muscle.rbm24_0
fc_GTCTCACCAATGACCT-1	muscle.rbm24_0
fc_GTCTCACCACGCCACA-1	epithelia.cuticle.cp.rigid_7
fc_GTCTCACCACTATCGA-1	muscle.rbm24_0
fc_GTCTCACCATCCCACT-1	epithelia.cuticle.cp.other_1
fc_GTCTCACTCTCTGCTG-1	fat.body_10
fc_GTCTCACTCTTCTAAC-1	muscle.rbm24_0
fc_GTCTGTCAGGCATGGT-1	muscle.rbm24_0
fc_GTCTGTCCAAATCGTC-1	muscle.rbm24_0
fc_GTCTGTCCACGCCACA-1	epithelia.cuticle.Osi18_6
fc_GTCTGTCCAGAGTGTG-1	glia1_8
fc_GTCTTTACACCCTTGT-1	glia1_8
fc_GTCTTTAGTTACACAC-1	epithelia.cuticle.cp.other_1
fc_GTCTTTAGTTACTCAG-1	muscle.rbm24_0
fc_GTCTTTATCCATAAGC-1	epithelia.cuticle.cp.other_1
fc_GTGACGCCACCGGAAA-1	muscle.rbm24_0
fc_GTGACGCCATCGTGGC-1	epithelia.cuticle.Osi17_4
fc_GTGACGCTCAGAGCAG-1	neuroglioblast.castor_17
fc_GTGACGCTCATCACCC-1	muscle.rbm24_0
fc_GTGAGCCAGCACTCTA-1	muscle.rbm24_0
fc_GTGAGCCAGGTCATAA-1	epithelia.cuticle.cp.other_1
fc_GTGAGCCCAATGTCAC-1	neuroglioblast.ol_14
fc_GTGAGCCTCAATGCAC-1	epithelia.cuticle.cp.other_1
fc_GTGAGCCTCCGTTTCG-1	epithelia.cuticle.Osi17_4
fc_GTGAGGAAGAATAGTC-1	secretory-ECM_21
fc_GTGAGGAAGTAGAATC-1	hemocyte_16
fc_GTGAGGACAAATCCCA-1	epithelia.cuticle.Osi17_4
fc_GTGAGGACAACACAAA-1	epithelia.tendon_5
fc_GTGAGGAGTAGTCTGT-1	epithelia.cuticle.cp.rigid_7
fc_GTGAGGATCAACGTGT-1	muscle.rbm24_0
fc_GTGAGGATCAAGCCAT-1	epithelia.cuticle.biosynthesis_13
fc_GTGAGGATCCTTTGAT-1	muscle.rbm24_0
fc_GTGAGGATCGGAGTAG-1	muscle.rbm24_0
fc_GTGAGTTAGACGGAAA-1	neuron.cholinergic_11
fc_GTGAGTTAGCAGGCAT-1	muscle.rbm24_0
fc_GTGAGTTAGGATCACG-1	glia2_18
fc_GTGAGTTAGTAGGCCA-1	muscle.rbm24_0
fc_GTGAGTTCAATACGAA-1	epithelia.cuticle.cp.rigid_7
fc_GTGAGTTCAGGTGTTT-1	neuron.cholinergic_11
fc_GTGAGTTGTTCACCGG-1	epithelia.cuticle.Osi17_4
fc_GTGAGTTTCCCTTGTG-1	epithelia.cuticle.Osi17_4
fc_GTGAGTTTCGATTTCT-1	epithelia.tendon_5
fc_GTGATGTGTAGGCAAC-1	epithelia.cuticle.cp.rigid_7
fc_GTGATGTTCAGGACAG-1	epithelia.cuticle.Osi16_2
fc_GTGCACGCATCTTAGG-1	epithelia.cuticle.cp.rigid_7
fc_GTGCACGTCACGAACT-1	neuroglioblast.castor_17
fc_GTGCACGTCTATCGGA-1	epithelia.cuticle.Osi14_12
fc_GTGCACGTCTCTAAGG-1	hemocyte_16
fc_GTGCAGCAGAAACTCA-1	epithelia.cuticle.Osi16_2
fc_GTGCAGCCACGGTGAA-1	epithelia.cuticle.cp.rigid_7
fc_GTGCAGCGTATGAAGT-1	muscle.rbm24_0
fc_GTGCAGCTCATGGTAC-1	muscle.rbm24_0
fc_GTGCGTGAGTAGGGTC-1	epithelia.cuticle.cp.soft_3
fc_GTGCGTGCAAGGATGC-1	muscle.tup_19
fc_GTGCGTGCATACACCA-1	muscle.rbm24_0
fc_GTGCTGGAGTCGAATA-1	muscle.rbm24_0
fc_GTGCTGGTCCAATCCC-1	epithelia.cuticle.Osi18_6
fc_GTGCTGGTCGCCAGTG-1	muscle.rbm24_0
fc_GTGCTTCGTGCGTGCT-1	epithelia.cuticle.cp.soft_3
fc_GTGGAAGAGACTAAGT-1	neuroglioblast.castor_17
fc_GTGGAAGAGGCACAAC-1	neuroglioblast.castor_17
fc_GTGGAAGAGTAGGGTC-1	epithelia.cuticle.cp.soft_3
fc_GTGGAAGCAGCTAACT-1	epithelia.cuticle.cp.other_1
fc_GTGGAAGCAGTCTACA-1	epithelia.cuticle.cp.other_1
fc_GTGGAAGGTACCATAC-1	muscle.rbm24_0
fc_GTGGAAGGTAGCCAGA-1	muscle.rbm24_0
fc_GTGGAAGGTCCGGACT-1	epithelia.cuticle.cp.rigid_7
fc_GTGGAAGGTGATGTAA-1	epithelia.cuticle.Osi17_4
fc_GTGGAAGGTTGCGTAT-1	muscle.rbm24_0
fc_GTGGAAGTCACTAGCA-1	epithelia.cuticle.cp.soft_3
fc_GTGGAAGTCCATACTT-1	epithelia.cuticle.cp.rigid_7
fc_GTGGAAGTCGGAATGG-1	muscle.rbm24_0
fc_GTGGAGAAGTCGTTAC-1	muscle.tup_19
fc_GTGGAGAGTCAAAGCG-1	secretory-ECM_21
fc_GTGGAGAGTCTCTCCA-1	muscle.rbm24_0
fc_GTGGAGATCTTGGGCG-1	epithelia.tendon_5
fc_GTGGCGTCAACAGCCC-1	glia1_8
fc_GTGGCGTCACATATGC-1	fat.body_10
fc_GTGGCGTGTGCAGGAT-1	epithelia.cuticle.Osi18_6
fc_GTGGCGTTCAAGGACG-1	fat.body_10
fc_GTGGCGTTCGGCGATC-1	epithelia.cuticle.Osi16_2
fc_GTGGGAAAGCACTCAT-1	epithelia.cuticle.biosynthesis_13
fc_GTGGGAAAGTAGAATC-1	glia1_8
fc_GTGGGAAAGTATGTAG-1	epithelia.cuticle.cp.soft_3
fc_GTGGGAACAATTGAGA-1	fat.body_10
fc_GTGGGAACACATACTG-1	muscle.rbm24_0
fc_GTGGGAACAGTAGGAC-1	epithelia.cuticle.Osi17_4
fc_GTGGGAACAGTCAACT-1	muscle.rbm24_0
fc_GTGGGAAGTCCTGGTG-1	epithelia.cuticle.cp.other_1
fc_GTGGGAAGTTTGCAGT-1	epithelia.cuticle.Osi16_2
fc_GTGGGAATCCGTACGG-1	muscle.rbm24_0
fc_GTGGGAATCTAGGAAA-1	hemocyte_16
fc_GTGGTTAAGCTGGCTC-1	muscle.rbm24_0
fc_GTGGTTACAATTCACG-1	neuroglioblast.ol_14
fc_GTGGTTAGTGTATACC-1	epithelia.cuticle.Osi17_4
fc_GTGGTTATCGTTGCCT-1	epithelia.cuticle.cp.other_1
fc_GTGTAACAGCACTCAT-1	epithelia.cuticle.Osi18_6
fc_GTGTAACTCATCGGGC-1	neuroglioblast.ol_14
fc_GTGTAACTCTGGAAGG-1	glia2_18
fc_GTGTCCTCACGTACAT-1	epithelia.cuticle.cp.other_1
fc_GTGTCCTGTGGAAATT-1	epithelia.cuticle.Osi18_6
fc_GTGTCCTGTTCAAAGA-1	epithelia.tendon_5
fc_GTGTCCTGTTCCACGG-1	epithelia.cuticle.cp.other_1
fc_GTGTCCTTCTTACTGT-1	trachea_15
fc_GTGTGATAGGTCCAGA-1	epithelia.cuticle.biosynthesis_13
fc_GTGTGATCAACCAGAG-1	epithelia.cuticle.Osi17_4
fc_GTGTGATTCAGCGTCG-1	fat.body_10
fc_GTGTGGCAGCAATAGT-1	epithelia.cuticle.cp.rigid_7
fc_GTGTGGCAGCTGGCCT-1	epithelia.cuticle.cp.rigid_7
fc_GTGTGGCGTATCTCGA-1	epithelia.cuticle.biosynthesis_13
fc_GTGTGGCGTTGTTGTG-1	epithelia.cuticle.cp.soft_3
fc_GTGTGGCTCACCTGTC-1	epithelia.cuticle.biosynthesis_13
fc_GTGTGGCTCGTTCCCA-1	epithelia.cuticle.Osi18_6
fc_GTGTTAGAGGAATTAC-1	hemocyte_16
fc_GTGTTAGAGGCATTTC-1	muscle.rbm24_0
fc_GTGTTAGAGTCTCTGA-1	fat.body_10
fc_GTGTTAGCAGCGGTTC-1	muscle.rbm24_0
fc_GTGTTAGGTGACACGA-1	muscle.rbm24_0
fc_GTGTTAGTCAAACGAA-1	epithelia.cuticle.Osi17_4
fc_GTGTTAGTCAAATGCC-1	neuron.cholinergic_11
fc_GTGTTCCAGACAGCTG-1	glia1_8
fc_GTGTTCCAGCGACTGA-1	epithelia.cuticle.Osi17_4
fc_GTGTTCCCACCTCTAC-1	muscle.rbm24_0
fc_GTGTTCCGTCGAAGCA-1	epithelia.cuticle.Osi16_2
fc_GTGTTCCGTTCCTAAG-1	epithelia.cuticle.cp.soft_3
fc_GTGTTCCTCACCCTCA-1	epithelia.tendon_5
fc_GTGTTCCTCCAAACCA-1	epithelia.cuticle.Osi14_12
fc_GTGTTCCTCTCTGACC-1	epithelia.cuticle.Osi17_4
fc_GTTACAGCAACACACT-1	muscle.rbm24_0
fc_GTTACAGCACAGCATT-1	epithelia.cuticle.Osi16_2
fc_GTTACAGTCACTGGTA-1	epithelia.cuticle.cp.soft_3
fc_GTTACCCAGATTCGAA-1	epithelia.cuticle.cp.soft_3
fc_GTTACCCTCTAGATCG-1	epithelia.cuticle.Osi18_6
fc_GTTACCCTCTTGCGCT-1	epithelia.cuticle.biosynthesis_13
fc_GTTACGAAGGTATCTC-1	muscle.tup_19
fc_GTTACGACAAGTGCAG-1	epithelia.cuticle.Osi18_6
fc_GTTACGACAGATGCGA-1	epithelia.cuticle.Osi18_6
fc_GTTACGACAGTCTCTC-1	epithelia.cuticle.cp.rigid_7
fc_GTTACGATCACCCTCA-1	muscle.rbm24_0
fc_GTTAGACAGTGGAATT-1	neuroglioblast.ol_14
fc_GTTAGACCACGTTGGC-1	epithelia.cuticle.cp.other_1
fc_GTTAGACTCAGGAGAC-1	epithelia.cuticle.cp.rigid_7
fc_GTTAGTGAGAATAGTC-1	epithelia.cuticle.Osi17_4
fc_GTTAGTGAGCGGTATG-1	fat.body_10
fc_GTTAGTGAGGAGTCTG-1	neuron.cholinergic_11
fc_GTTAGTGCACATGAAA-1	epithelia.cuticle.Osi17_4
fc_GTTAGTGCATAGGCGA-1	muscle.rbm24_0
fc_GTTATGGGTCACGCTG-1	neuroglioblast.castor_17
fc_GTTATGGGTTATGTCG-1	epithelia.cuticle.cp.soft_3
fc_GTTATGGGTTTAGAGA-1	glia1_8
fc_GTTATGGTCCGGTAAT-1	muscle.rbm24_0
fc_GTTATGGTCGTCGGGT-1	epithelia.cuticle.cp.rigid_7
fc_GTTCATTAGATGGGCT-1	epithelia.cuticle.cp.rigid_7
fc_GTTCATTAGTCAATCC-1	neuroglioblast.ol_14
fc_GTTCATTCAAATCCCA-1	epithelia.cuticle.Osi16_2
fc_GTTCATTCAGAGGCAT-1	neuroglioblast.ol_14
fc_GTTCATTGTGGTTTGT-1	epithelia.cuticle.Osi18_6
fc_GTTCATTGTTCTCGCT-1	muscle.rbm24_0
fc_GTTCATTTCGCACGAC-1	muscle.rbm24_0
fc_GTTCATTTCGTCTACC-1	muscle.rbm24_0
fc_GTTCCGTAGATTGATG-1	epithelia.cuticle.cp.other_1
fc_GTTCCGTAGCGCATCC-1	epithelia.cuticle.biosynthesis_13
fc_GTTCCGTAGCTTACGT-1	epithelia.cuticle.cp.other_1
fc_GTTCCGTAGGTAGGCT-1	glia1_8
fc_GTTCCGTTCATGCCGG-1	secretory-ECM_21
fc_GTTCCGTTCTGCCCTA-1	muscle.rbm24_0
fc_GTTCGCTAGCATACTC-1	epithelia.cuticle.cp.other_1
fc_GTTCGCTAGTGCAGGT-1	epithelia.cuticle.Osi18_6
fc_GTTCGCTCAAGTGATA-1	epithelia.cuticle.cp.soft_3
fc_GTTCGCTGTGATTGGG-1	muscle.rbm24_0
fc_GTTCGCTTCGGAATTC-1	epithelia.tendon_5
fc_GTTCGCTTCTGGCTGG-1	epithelia.cuticle.Osi17_4
fc_GTTCTATAGAGATCGC-1	epithelia.cuticle.biosynthesis_13
fc_GTTCTATGTGACCGAA-1	epithelia.cuticle.Osi17_4
fc_GTTCTATTCGACGTCG-1	epithelia.cuticle.cp.other_1
fc_GTTCTATTCTCGTGAA-1	neuroglioblast.ol_14
fc_GTTGAACAGATCCCGC-1	muscle.rbm24_0
fc_GTTGAACAGCGCCATC-1	epithelia.cuticle.cp.soft_3
fc_GTTGAACAGTGGTCAG-1	epithelia.cuticle.Osi17_4
fc_GTTGAACGTCTTCTAT-1	epithelia.cuticle.cp.soft_3
fc_GTTGAACGTGAGGAAA-1	epithelia.cuticle.cp.other_1
fc_GTTGAACTCCGGACGT-1	epithelia.cuticle.Osi16_2
fc_GTTGCGGAGAAACTAC-1	hemocyte_16
fc_GTTGCGGAGCCATTGT-1	epithelia.cuticle.cp.soft_3
fc_GTTGCGGCACTTCATT-1	epithelia.cuticle.Osi16_2
fc_GTTGCGGGTCCCGCAA-1	muscle.rbm24_0
fc_GTTGCGGGTCCTCATC-1	muscle.rbm24_0
fc_GTTGCGGGTCGCTTGG-1	epithelia.cuticle.cp.other_1
fc_GTTGCGGTCCAAGCCG-1	muscle.rbm24_0
fc_GTTGCTCAGGACTGGT-1	muscle.rbm24_0
fc_GTTGCTCGTAGACTGG-1	neuron.cholinergic_11
fc_GTTGCTCGTTGATCGT-1	muscle.rbm24_0
fc_GTTGCTCTCACCGCTT-1	hemocyte_16
fc_GTTGCTCTCACTCTTA-1	muscle.rbm24_0
fc_GTTGCTCTCCTACCGT-1	epithelia.cuticle.cp.soft_3
fc_GTTGCTCTCTATACGG-1	muscle.rbm24_0
fc_GTTGTAGCACCAGCGT-1	glia1_8
fc_GTTGTAGCATATCTGG-1	muscle.rbm24_0
fc_GTTGTAGGTATCGTAC-1	neuron.cholinergic_11
fc_GTTGTAGTCCACAAGT-1	epithelia.cuticle.Osi17_4
fc_GTTGTCCAGACAACAT-1	muscle.rbm24_0
fc_GTTGTCCAGATAACAC-1	epithelia.cuticle.cp.other_1
fc_GTTGTCCGTCAAACGG-1	epithelia.cuticle.cp.soft_3
fc_GTTGTCCGTCACATTG-1	epithelia.cuticle.Osi18_6
fc_GTTGTCCTCAAGAAAC-1	epithelia.cuticle.biosynthesis_13
fc_GTTGTGACACAAATGA-1	muscle.rbm24_0
fc_GTTGTGACACAGGATG-1	hemocyte_16
fc_GTTGTGAGTACCTGTA-1	epithelia.cuticle.biosynthesis_13
fc_GTTGTGAGTATGCAAA-1	epithelia.cuticle.cp.other_1
fc_GTTGTGAGTCAAACGG-1	glia1_8
fc_GTTGTGAGTTGCCTAA-1	epithelia.cuticle.Osi17_4
fc_GTTTACTAGGTAGCAC-1	fat.body_10
fc_GTTTACTCATATAGCC-1	epithelia.cuticle.Osi18_6
fc_GTTTACTTCCGTGTGG-1	neuron.cholinergic_11
fc_GTTTACTTCGACATAC-1	muscle.rbm24_0
fc_GTTTGGACACCGTGGT-1	epithelia.cuticle.cp.soft_3
fc_GTTTGGACATAACTCG-1	glia1_8
fc_GTTTGGAGTACGTAGG-1	epithelia.cuticle.Osi17_4
fc_GTTTGGATCACCTCAC-1	epithelia.cuticle.Osi16_2
fc_GTTTGGATCGTGGACC-1	hemocyte_16
fc_TAACACGAGATCGACG-1	neuroglioblast.castor_17
fc_TAACACGCACTTGGGC-1	muscle.rbm24_0
fc_TAACACGGTCAAGCCC-1	muscle.rbm24_0
fc_TAACACGGTCGAGCAA-1	muscle.rbm24_0
fc_TAACACGGTGAGAGGG-1	neuron.cholinergic_11
fc_TAACACGGTTCTTGTT-1	epithelia.cuticle.Osi17_4
fc_TAACACGTCGGTAAGG-1	muscle.rbm24_0
fc_TAACCAGAGATGATTG-1	hemocyte_16
fc_TAACCAGAGCAGGTCA-1	epithelia.cuticle.Osi16_2
fc_TAACCAGCACATGACT-1	muscle.rbm24_0
fc_TAACCAGCAGCGTGAA-1	epithelia.cuticle.cp.soft_3
fc_TAACCAGGTGACCGTC-1	epithelia.tendon_5
fc_TAACCAGGTGTAAACA-1	epithelia.cuticle.Osi17_4
fc_TAACGACAGAAGGTAG-1	trachea_15
fc_TAACGACAGGCGAACT-1	neuron.cholinergic_11
fc_TAACGACAGTGTTGAA-1	muscle.rbm24_0
fc_TAACGACGTGGACCAA-1	fat.body_10
fc_TAACGACGTTGAATCC-1	epithelia.cuticle.Osi17_4
fc_TAACGACTCACTCACC-1	muscle.rbm24_0
fc_TAACGACTCGTAGGAG-1	epithelia.cuticle.Osi16_2
fc_TAACGACTCGTCGATA-1	epithelia.cuticle.cp.rigid_7
fc_TAACGACTCGTGCATA-1	muscle.rbm24_0
fc_TAACTTCAGACCAAGC-1	epithelia.cuticle.cp.other_1
fc_TAACTTCAGTGCACAG-1	muscle.rbm24_0
fc_TAACTTCCACGTCTCT-1	epithelia.cuticle.Osi17_4
fc_TAACTTCTCTGGTGCG-1	epithelia.cuticle.Osi17_4
fc_TAAGCACAGCACTAAA-1	muscle.rbm24_0
fc_TAAGCACCACGTAGAG-1	muscle.rbm24_0
fc_TAAGCACGTCGGAACA-1	epithelia.cuticle.cp.rigid_7
fc_TAAGCCACAAAGGGCT-1	muscle.rbm24_0
fc_TAAGCCATCAGACCCG-1	epithelia.cuticle.Osi18_6
fc_TAAGCCATCTGCGGAC-1	fat.body_10
fc_TAAGCGTAGGTCGCCT-1	neuroglioblast.ol_14
fc_TAAGCGTCAGAGTGTG-1	epithelia.cuticle.Osi17_4
fc_TAAGCGTTCATTTCGT-1	glia1_8
fc_TAAGCGTTCGCTCTCA-1	muscle.rbm24_0
fc_TAAGCGTTCTAGCCAA-1	epithelia.cuticle.biosynthesis_13
fc_TAAGTCGAGAGTAACT-1	glia1_8
fc_TAAGTCGAGTGGAATT-1	neuron.chol.ciliated_20
fc_TAAGTCGCATATTCGG-1	neuron.cholinergic_11
fc_TAAGTCGGTGCTTCAA-1	epithelia.tendon_5
fc_TAAGTCGTCCTCCACA-1	epithelia.cuticle.Osi17_4
fc_TAATCTCCATTCTCCG-1	muscle.rbm24_0
fc_TAATCTCGTCGAGATG-1	neuron.cholinergic_11
fc_TAATCTCGTTACACTG-1	epithelia.cuticle.cp.other_1
fc_TAATCTCTCACACGAT-1	epithelia.cuticle.Osi16_2
fc_TAATCTCTCCACAAGT-1	muscle.rbm24_0
fc_TAATCTCTCCCTATTA-1	muscle.rbm24_0
fc_TAATTCCAGACGTCCC-1	muscle.rbm24_0
fc_TAATTCCAGCGGATCA-1	epithelia.cuticle.Osi16_2
fc_TAATTCCAGCTGCCTG-1	secretory-ECM_21
fc_TAATTCCCATAGATGA-1	muscle.rbm24_0
fc_TAATTCCGTATTCTCT-1	epithelia.cuticle.Osi16_2
fc_TAATTCCGTCTTACTT-1	epithelia.cuticle.Osi17_4
fc_TAATTCCTCGCCACTT-1	epithelia.cuticle.Osi17_4
fc_TACAACGAGGTATAGT-1	epithelia.cuticle.cp.other_1
fc_TACAACGAGGTCCGAA-1	muscle.rbm24_0
fc_TACAACGCAACGTAAA-1	muscle.rbm24_0
fc_TACAACGGTAGTGCGA-1	epithelia.cuticle.cp.other_1
fc_TACAACGGTCCTACAA-1	epithelia.cuticle.cp.soft_3
fc_TACAACGGTGGTTCTA-1	epithelia.cuticle.cp.rigid_7
fc_TACAACGGTTCAAACC-1	muscle.rbm24_0
fc_TACACCCAGATTAGTG-1	neuroglioblast.ol_14
fc_TACACCCAGGAGGGTG-1	muscle.rbm24_0
fc_TACACCCCAAAGGGCT-1	neuron.cholinergic_11
fc_TACACCCCAAGGTCAG-1	epithelia.cuticle.cp.other_1
fc_TACACCCCACGTGAGA-1	epithelia.cuticle.cp.rigid_7
fc_TACACCCCAGGCAATG-1	neuroglioblast.castor_17
fc_TACACCCCATCTAGAC-1	epithelia.cuticle.cp.other_1
fc_TACACCCGTAGACTGG-1	neuron.cholinergic_11
fc_TACACCCGTCGATTTG-1	epithelia.cuticle.cp.other_1
fc_TACACCCGTGCTGATT-1	glia2_18
fc_TACACCCGTTGCTTGA-1	neuroglioblast.castor_17
fc_TACACCCTCAATCCAG-1	muscle.rbm24_0
fc_TACAGGTAGAATCGCG-1	muscle.rbm24_0
fc_TACAGGTAGGGAGTTC-1	epithelia.cuticle.cp.rigid_7
fc_TACAGGTAGTTAACGA-1	epithelia.cuticle.Osi17_4
fc_TACAGGTCACCCAAGC-1	epithelia.cuticle.cp.rigid_7
fc_TACAGGTTCGATACAC-1	epithelia.cuticle.Osi17_4
fc_TACATTCAGCATCAAA-1	epithelia.cuticle.Osi16_2
fc_TACATTCAGGGAGTGG-1	epithelia.cuticle.Osi17_4
fc_TACATTCAGTTCGCAT-1	epithelia.cuticle.cp.rigid_7
fc_TACATTCCACGTGAGA-1	fat.body_10
fc_TACATTCGTTGCCTAA-1	neuron.cholinergic_11
fc_TACATTCTCCTAGAGT-1	epithelia.cuticle.cp.soft_3
fc_TACATTCTCGATGCTA-1	muscle.rbm24_0
fc_TACATTCTCGCATGAT-1	neuron.cholinergic_11
fc_TACCCACAGAGATCGC-1	epithelia.cuticle.cp.rigid_7
fc_TACCCACAGTCGAATA-1	epithelia.cuticle.cp.soft_3
fc_TACCCACCACCGGAAA-1	fat.body_10
fc_TACCCACTCAACCGAT-1	muscle.rbm24_0
fc_TACCCACTCGCGTGCA-1	fat.body_10
fc_TACCCACTCGTTTACT-1	epithelia.cuticle.Osi17_4
fc_TACCCGTAGGGATGTC-1	epithelia.cuticle.cp.soft_3
fc_TACCCGTCACACCTAA-1	glia2_18
fc_TACCCGTGTGAGCAGT-1	epithelia.olfactory.support_9
fc_TACCCGTTCAGGCGAA-1	neuron.cholinergic_11
fc_TACCGAAGTAGAGCTG-1	epithelia.cuticle.biosynthesis_13
fc_TACCGAAGTTTCCATT-1	epithelia.cuticle.cp.rigid_7
fc_TACCGAAGTTTCGCTC-1	muscle.rbm24_0
fc_TACCGAATCTGGCCTT-1	hemocyte_16
fc_TACCGGGAGAAGCCAC-1	epithelia.tendon_5
fc_TACCGGGAGCGATCGA-1	epithelia.cuticle.cp.other_1
fc_TACCGGGAGTAAATGC-1	trachea_15
fc_TACCGGGGTCGTATTG-1	epithelia.tendon_5
fc_TACCGGGTCAGGCGAA-1	muscle.rbm24_0
fc_TACCTCGCAGCGTTGC-1	epithelia.cuticle.Osi18_6
fc_TACCTCGCATGTTCAG-1	epithelia.cuticle.Osi17_4
fc_TACCTCGCATTATGCG-1	neuron.cholinergic_11
fc_TACCTCGGTCTTCGAA-1	glia2_18
fc_TACCTCGTCTAACGGT-1	epithelia.cuticle.cp.other_1
fc_TACCTCGTCTGCCCTA-1	epithelia.cuticle.cp.other_1
fc_TACCTGCCAAGCGCAA-1	muscle.rbm24_0
fc_TACCTGCCACTGGATT-1	neuroglioblast.ol_14
fc_TACCTGCGTGACCGTC-1	epithelia.cuticle.cp.rigid_7
fc_TACCTGCGTTAATGAG-1	epithelia.cuticle.cp.soft_3
fc_TACCTGCGTTGTCCCT-1	muscle.rbm24_0
fc_TACCTGCTCTTCTCAA-1	muscle.rbm24_0
fc_TACGCTCAGAGAGGTA-1	muscle.rbm24_0
fc_TACGCTCCAGAAGTGC-1	muscle.rbm24_0
fc_TACGCTCTCATCACTT-1	epithelia.cuticle.Osi18_6
fc_TACGCTCTCGAGCACC-1	epithelia.tendon_5
fc_TACGGGCCAAATGGAT-1	muscle.rbm24_0
fc_TACGGGCCAGACCTAT-1	epithelia.cuticle.Osi17_4
fc_TACGGGCGTAACCCTA-1	epithelia.cuticle.biosynthesis_13
fc_TACGGGCGTAATGTGA-1	epithelia.cuticle.Osi17_4
fc_TACGGGCTCATCGTAG-1	hemocyte_16
fc_TACGGGCTCCCAGGAC-1	neuroglioblast.castor_17
fc_TACGGGCTCTACCTTA-1	secretory-ECM_21
fc_TACGGTACAAATGCGG-1	epithelia.cuticle.cp.soft_3
fc_TACGGTACACTTGAAC-1	epithelia.cuticle.biosynthesis_13
fc_TACGGTACAGCAGTAG-1	secretory-ECM_21
fc_TACGGTACATAGACTC-1	epithelia.cuticle.Osi18_6
fc_TACGGTACATCATGAC-1	muscle.rbm24_0
fc_TACGGTAGTCAAAGAT-1	epithelia.cuticle.biosynthesis_13
fc_TACGGTAGTCAGGTAG-1	epithelia.cuticle.biosynthesis_13
fc_TACGGTAGTCCCGGTA-1	secretory-ECM_21
fc_TACGGTATCAGCACCG-1	epithelia.cuticle.cp.other_1
fc_TACGGTATCCACGTAA-1	hemocyte_16
fc_TACGTCCAGAGGTTTA-1	epithelia.cuticle.cp.soft_3
fc_TACGTCCAGGTCCTGC-1	muscle.rbm24_0
fc_TACGTCCGTAAGATTG-1	glia1_8
fc_TACGTCCGTCCGGTCA-1	epithelia.cuticle.Osi17_4
fc_TACGTCCGTCTGTTAG-1	muscle.rbm24_0
fc_TACGTCCTCAGTCACA-1	epithelia.cuticle.cp.rigid_7
fc_TACTGCCAGGCATGCA-1	epithelia.cuticle.Osi16_2
fc_TACTGCCAGTATTAGG-1	neuroglioblast.ol_14
fc_TACTGCCCACAATTCG-1	epithelia.cuticle.Osi14_12
fc_TACTGCCGTCTTTATC-1	fat.body_10
fc_TACTGCCTCGTGTTCC-1	epithelia.tendon_5
fc_TACTGCCTCTGGTTGA-1	muscle.rbm24_0
fc_TACTTACAGTAGGATT-1	epithelia.cuticle.cp.rigid_7
fc_TACTTACCAAAGTATG-1	epithelia.cuticle.cp.other_1
fc_TACTTACCAACTGATC-1	epithelia.cuticle.cp.rigid_7
fc_TACTTACCAGCCGGTT-1	epithelia.cuticle.Osi16_2
fc_TACTTACCAGTCTACA-1	glia2_18
fc_TACTTACCAGTCTCTC-1	epithelia.cuticle.Osi16_2
fc_TACTTACTCAGTGATC-1	fat.body_10
fc_TACTTCAAGGTTCCGC-1	epithelia.cuticle.Osi18_6
fc_TACTTCAAGTATGGCG-1	muscle.rbm24_0
fc_TACTTCACAAGTGGAC-1	epithelia.cuticle.Osi17_4
fc_TACTTCACAGGCCCTA-1	muscle.rbm24_0
fc_TACTTCAGTCAGGCAA-1	muscle.rbm24_0
fc_TACTTCATCTCGCTCA-1	trachea_15
fc_TACTTCATCTCTAGGA-1	hemocyte_16
fc_TACTTGTAGGCTTCCG-1	epithelia.cuticle.Osi14_12
fc_TACTTGTCATCGGAGA-1	fat.body_10
fc_TACTTGTCATGCAGCC-1	muscle.rbm24_0
fc_TACTTGTGTCTTCGAA-1	epithelia.tendon_5
fc_TACTTGTTCATCCTGC-1	epithelia.cuticle.cp.soft_3
fc_TACTTGTTCGACGTCG-1	epithelia.cuticle.cp.soft_3
fc_TAGACCACAGCTGGTC-1	epithelia.cuticle.Osi16_2
fc_TAGACCACAGGATCTT-1	trachea_15
fc_TAGACCACATTATGCG-1	epithelia.cuticle.Osi16_2
fc_TAGACCAGTTATGGTC-1	trachea_15
fc_TAGACTGAGCATACTC-1	muscle.rbm24_0
fc_TAGACTGGTGCAATGG-1	glia1_8
fc_TAGACTGTCATTATCC-1	fat.body_10
fc_TAGAGTCAGGAGGTTC-1	epithelia.cuticle.cp.rigid_7
fc_TAGAGTCCACAGCTGC-1	epithelia.cuticle.cp.rigid_7
fc_TAGAGTCGTTCTTGCC-1	epithelia.cuticle.Osi16_2
fc_TAGAGTCTCCCTCATG-1	epithelia.cuticle.Osi18_6
fc_TAGATCGAGAGTGTTA-1	secretory-ECM_21
fc_TAGATCGAGTTGTCAC-1	epithelia.tendon_5
fc_TAGATCGCAGTCGTTA-1	muscle.rbm24_0
fc_TAGATCGGTTGTCCCT-1	epithelia.cuticle.Osi17_4
fc_TAGCACAAGACCATAA-1	muscle.rbm24_0
fc_TAGCACAAGCCTGTGC-1	epithelia.cuticle.Osi14_12
fc_TAGCACACAAGTATAG-1	epithelia.cuticle.Osi17_4
fc_TAGCACACAGCTACAT-1	epithelia.cuticle.Osi16_2
fc_TAGCACAGTACACTCA-1	fat.body_10
fc_TAGCACAGTGCTATTG-1	trachea_15
fc_TAGCACAGTTCTCTAT-1	fat.body_10
fc_TAGCACATCCTTCGAC-1	neuron.chol.ciliated_20
fc_TAGGAGGAGGCTTCCG-1	muscle.rbm24_0
fc_TAGGAGGAGTCGGCAA-1	epithelia.cuticle.biosynthesis_13
fc_TAGGAGGAGTCTAGAA-1	epithelia.cuticle.cp.soft_3
fc_TAGGAGGCATACCAGT-1	neuroglioblast.castor_17
fc_TAGGAGGCATCGCTGG-1	epithelia.cuticle.cp.soft_3
fc_TAGGAGGGTTCTGAGT-1	muscle.rbm24_0
fc_TAGGAGGTCAGCTGAT-1	muscle.rbm24_0
fc_TAGGAGGTCCCATACC-1	muscle.rbm24_0
fc_TAGGAGGTCCGTAATG-1	neuroglioblast.castor_17
fc_TAGGGTTAGTCACAGG-1	epithelia.cuticle.cp.soft_3
fc_TAGGGTTCATGGGCAA-1	muscle.rbm24_0
fc_TAGGGTTTCAATCCAG-1	epithelia.cuticle.cp.rigid_7
fc_TAGGGTTTCAGTGTTG-1	glia2_18
fc_TAGGGTTTCCTCAGGG-1	epithelia.cuticle.Osi18_6
fc_TAGGTACAGACCATAA-1	muscle.rbm24_0
fc_TAGGTACAGCCTAGGA-1	epithelia.cuticle.biosynthesis_13
fc_TAGGTACAGTGATAAC-1	glia1_8
fc_TAGGTACGTAGGCAAC-1	epithelia.cuticle.cp.other_1
fc_TAGGTACGTAGTTACC-1	fat.body_10
fc_TAGGTACTCATCACTT-1	epithelia.cuticle.Osi17_4
fc_TAGGTACTCCATTCGC-1	muscle.tup_19
fc_TAGGTTGAGACCAGAC-1	epithelia.cuticle.Osi17_4
fc_TAGGTTGCAGTATACC-1	epithelia.tendon_5
fc_TAGGTTGGTAACAAGT-1	epithelia.cuticle.cp.other_1
fc_TAGGTTGGTTAAACCC-1	epithelia.cuticle.Osi18_6
fc_TAGTGCAAGACCCGCT-1	epithelia.cuticle.Osi17_4
fc_TAGTGCACACTCTCGT-1	epithelia.cuticle.cp.other_1
fc_TAGTGCAGTACGATGG-1	muscle.rbm24_0
fc_TAGTGCAGTGCCGAAA-1	epithelia.cuticle.cp.rigid_7
fc_TAGTGCAGTGGCTTAT-1	epithelia.cuticle.cp.soft_3
fc_TAGTGCAGTTAAAGTG-1	epithelia.cuticle.Osi18_6
fc_TAGTGCAGTTGGGAAC-1	glia1_8
fc_TAGTGCATCTGTGCAA-1	muscle.rbm24_0
fc_TATACCTAGCTACGTT-1	fat.body_10
fc_TATACCTAGGTAGTCG-1	epithelia.cuticle.cp.soft_3
fc_TATACCTCAACAGATA-1	epithelia.cuticle.Osi18_6
fc_TATACCTGTGCTTCAA-1	epithelia.cuticle.cp.other_1
fc_TATACCTGTTCATCTT-1	muscle.rbm24_0
fc_TATACCTTCGCCTTGT-1	epithelia.cuticle.cp.rigid_7
fc_TATACCTTCTCGTCGT-1	hemocyte_16
fc_TATACCTTCTGCATGA-1	epithelia.cuticle.Osi18_6
fc_TATATCCCACAAGGTG-1	epithelia.cuticle.biosynthesis_13
fc_TATATCCCACACCGAC-1	epithelia.tendon_5
fc_TATATCCCATAGATCC-1	muscle.rbm24_0
fc_TATATCCGTCTCACGG-1	epithelia.cuticle.Osi18_6
fc_TATCAGGAGATGCTGG-1	epithelia.cuticle.Osi18_6
fc_TATCAGGAGTTACGAA-1	epithelia.cuticle.Osi17_4
fc_TATCAGGAGTTGCCCG-1	epithelia.cuticle.Osi16_2
fc_TATCAGGGTACATACC-1	epithelia.cuticle.Osi16_2
fc_TATCAGGTCTATCGCC-1	fat.body_10
fc_TATCAGGTCTGCTCTG-1	fat.body_10
fc_TATCAGGTCTTGGATG-1	secretory-ECM_21
fc_TATCCTAAGTCTAGAA-1	neuroglioblast.castor_17
fc_TATCCTACACGTTCGG-1	epithelia.cuticle.Osi17_4
fc_TATCCTACAGTATTCG-1	neuroglioblast.castor_17
fc_TATCCTAGTACCTGTA-1	neuroglioblast.ol_14
fc_TATCGCCAGACGCCCT-1	epithelia.cuticle.cp.other_1
fc_TATCGCCCAAGAGATT-1	fat.body_10
fc_TATCGCCCACAGACGA-1	muscle.rbm24_0
fc_TATCGCCCATAATGAG-1	glia2_18
fc_TATCGCCTCCCGAGGT-1	epithelia.cuticle.cp.other_1
fc_TATCGCCTCCCTATTA-1	epithelia.cuticle.Osi16_2
fc_TATCGCCTCCTATTGT-1	epithelia.olfactory.support_9
fc_TATCTGTAGAAACCAT-1	muscle.rbm24_0
fc_TATCTGTAGTCCCAGC-1	muscle.rbm24_0
fc_TATCTGTCACGGTCTG-1	epithelia.cuticle.cp.soft_3
fc_TATCTGTTCAGGTAAA-1	epithelia.cuticle.biosynthesis_13
fc_TATCTGTTCTCCGAAA-1	epithelia.cuticle.cp.soft_3
fc_TATCTTGAGCGAGTAC-1	neuron.cholinergic_11
fc_TATCTTGAGGTCGTCC-1	glia1_8
fc_TATCTTGCAATACCTG-1	epithelia.cuticle.cp.soft_3
fc_TATCTTGGTCCGGTGT-1	hemocyte_16
fc_TATCTTGTCATGTCTT-1	neuroglioblast.ol_14
fc_TATCTTGTCTACTCAT-1	epithelia.cuticle.Osi17_4
fc_TATCTTGTCTGGAGAG-1	muscle.rbm24_0
fc_TATGTTCAGTTCCGTA-1	muscle.rbm24_0
fc_TATGTTCCAGACACAG-1	epithelia.cuticle.biosynthesis_13
fc_TATGTTCGTTGACTGT-1	epithelia.cuticle.cp.soft_3
fc_TATGTTCTCAAACGAA-1	neuroglioblast.ol_14
fc_TATGTTCTCATCGGGC-1	glia2_18
fc_TATGTTCTCCACATAG-1	epithelia.cuticle.cp.other_1
fc_TATGTTCTCGACTCCT-1	epithelia.cuticle.cp.soft_3
fc_TATTCCAAGGAGTACC-1	glia1_8
fc_TATTCCAAGTATAGGT-1	glia2_18
fc_TATTCCACAGCACAAG-1	epithelia.cuticle.Osi18_6
fc_TATTCCAGTTTCGCTC-1	muscle.rbm24_0
fc_TATTCCATCAAGAGTA-1	muscle.rbm24_0
fc_TATTCCATCACCTCGT-1	neuron.cholinergic_11
fc_TATTGCTAGAGCCATG-1	muscle.rbm24_0
fc_TATTGCTAGTTACGGG-1	epithelia.cuticle.Osi18_6
fc_TATTGCTCACCCGTAG-1	epithelia.tendon_5
fc_TATTGCTCATTAGGAA-1	neuron.chol.ciliated_20
fc_TATTGCTGTAGGGAGG-1	muscle.rbm24_0
fc_TATTGCTGTTCGTAAC-1	epithelia.cuticle.Osi17_4
fc_TATTGCTTCGCTAATG-1	epithelia.cuticle.Osi17_4
fc_TATTGCTTCGTGCACG-1	epithelia.cuticle.Osi18_6
fc_TATTGGGAGAGCAGCT-1	glia1_8
fc_TATTGGGTCTACTCAT-1	muscle.rbm24_0
fc_TATTTCGAGACCAGCA-1	epithelia.cuticle.Osi18_6
fc_TATTTCGAGCAACAGC-1	epithelia.cuticle.cp.soft_3
fc_TATTTCGAGCCTGAAG-1	epithelia.cuticle.Osi18_6
fc_TATTTCGCACTACCCT-1	epithelia.cuticle.cp.other_1
fc_TATTTCGGTAGGAGTC-1	epithelia.cuticle.Osi18_6
fc_TATTTCGTCAACTGAC-1	epithelia.cuticle.cp.rigid_7
fc_TATTTCGTCCACCTCA-1	neuron.cholinergic_11
fc_TCAAGACAGACCAACG-1	muscle.rbm24_0
fc_TCAAGACAGACCAGAC-1	glia1_8
fc_TCAAGACAGCGCCATC-1	neuroglioblast.ol_14
fc_TCAAGACGTCGCATGC-1	epithelia.cuticle.cp.other_1
fc_TCAAGACGTGCCCAGT-1	muscle.rbm24_0
fc_TCAAGACGTGTCCATA-1	epithelia.tendon_5
fc_TCAAGACTCAACGAGG-1	fat.body_10
fc_TCAAGCAAGGAACTAT-1	muscle.rbm24_0
fc_TCAAGCACAGACCGCT-1	epithelia.cuticle.Osi18_6
fc_TCAAGCACAGCATCTA-1	fat.body_10
fc_TCAAGCACAGGCAATG-1	epithelia.cuticle.Osi18_6
fc_TCAAGCACATGTGCTA-1	epithelia.cuticle.Osi16_2
fc_TCAAGCAGTGAATAAC-1	epithelia.cuticle.biosynthesis_13
fc_TCAAGCATCGACGTCG-1	epithelia.cuticle.Osi17_4
fc_TCAAGTGAGAAGCGAA-1	epithelia.cuticle.biosynthesis_13
fc_TCAAGTGAGCAGGCTA-1	fat.body_10
fc_TCAAGTGAGCCTCAGC-1	muscle.rbm24_0
fc_TCAAGTGCATCGGCCA-1	glia1_8
fc_TCAAGTGCATGCTGCG-1	epithelia.cuticle.cp.rigid_7
fc_TCAAGTGCATTGTCGA-1	epithelia.tendon_5
fc_TCAAGTGTCTTGCAGA-1	epithelia.cuticle.cp.soft_3
fc_TCAATCTAGAATAGTC-1	glia2_18
fc_TCAATCTCACAGCATT-1	epithelia.cuticle.cp.other_1
fc_TCAATCTTCGACGACC-1	epithelia.cuticle.biosynthesis_13
fc_TCAATTCAGCTGACTT-1	epithelia.cuticle.cp.rigid_7
fc_TCAATTCAGGTTCACT-1	muscle.rbm24_0
fc_TCAATTCCAAGTTGGG-1	epithelia.cuticle.cp.other_1
fc_TCAATTCCAGAGGCTA-1	epithelia.cuticle.Osi17_4
fc_TCAATTCCATCATCTT-1	epithelia.cuticle.Osi18_6
fc_TCAATTCGTCAGACGA-1	epithelia.cuticle.Osi16_2
fc_TCAATTCGTCCAGAAG-1	epithelia.cuticle.cp.other_1
fc_TCAATTCGTGCATTAC-1	epithelia.cuticle.Osi18_6
fc_TCAATTCGTTGTACGT-1	epithelia.cuticle.Osi18_6
fc_TCAATTCTCGTTCATT-1	fat.body_10
fc_TCACAAGAGTCTACCA-1	muscle.rbm24_0
fc_TCACAAGCAGAGGTAC-1	epithelia.cuticle.Osi18_6
fc_TCACAAGGTTTACACG-1	neuron.cholinergic_11
fc_TCACACCAGTAGGTTA-1	epithelia.cuticle.cp.other_1
fc_TCACACCAGTGCGCTC-1	muscle.rbm24_0
fc_TCACACCCAAGTACCT-1	neuroglioblast.ol_14
fc_TCACACCCACCTCTAC-1	neuron.cholinergic_11
fc_TCACACCCAGTTAGAA-1	neuron.chol.ciliated_20
fc_TCACACCGTTGTACGT-1	muscle.tup_19
fc_TCACACCGTTTACACG-1	epithelia.cuticle.Osi16_2
fc_TCACACCTCGATGCAT-1	epithelia.cuticle.Osi16_2
fc_TCACACCTCGTCCTTG-1	epithelia.cuticle.cp.other_1
fc_TCACATTAGACCAGCA-1	fat.body_10
fc_TCACATTAGATTGTGA-1	epithelia.cuticle.Osi17_4
fc_TCACATTCAAGTATCC-1	muscle.rbm24_0
fc_TCACATTTCAAGCCTA-1	epithelia.cuticle.Osi16_2
fc_TCACATTTCAGGACGA-1	neuroglioblast.ol_14
fc_TCACATTTCGCTATTT-1	muscle.rbm24_0
fc_TCACGCTAGATTTGCC-1	neuroglioblast.castor_17
fc_TCACGCTCACTAGAGG-1	muscle.rbm24_0
fc_TCACGGGAGCGAACTG-1	fat.body_10
fc_TCACGGGGTGCCTGAC-1	muscle.rbm24_0
fc_TCACTATGTTCATCGA-1	neuron.cholinergic_11
fc_TCACTATGTTCTAAGC-1	muscle.rbm24_0
fc_TCACTCGAGACGACTG-1	epithelia.cuticle.cp.soft_3
fc_TCACTCGAGTTTAGGA-1	muscle.rbm24_0
fc_TCACTCGCAAAGGCTG-1	glia1_8
fc_TCACTCGCAATAGGGC-1	epithelia.cuticle.cp.soft_3
fc_TCACTCGCAGCACAAG-1	epithelia.cuticle.Osi18_6
fc_TCACTCGTCCGTCCTA-1	epithelia.cuticle.Osi16_2
fc_TCACTCGTCGTACCTC-1	epithelia.cuticle.Osi17_4
fc_TCAGCAAAGGATTCAA-1	epithelia.cuticle.Osi18_6
fc_TCAGCAAAGGTTATAG-1	muscle.rbm24_0
fc_TCAGCAAAGTCTGGAG-1	neuroglioblast.ol_14
fc_TCAGCAACACCAGTAT-1	muscle.tup_19
fc_TCAGCAAGTATACCCA-1	epithelia.cuticle.cp.soft_3
fc_TCAGCCTAGAGAGGGC-1	epithelia.tendon_5
fc_TCAGCCTCAAGCACCC-1	muscle.tup_19
fc_TCAGCCTCATAGATGA-1	hemocyte_16
fc_TCAGCCTTCAGACCTA-1	muscle.rbm24_0
fc_TCAGCCTTCATCGGGC-1	muscle.rbm24_0
fc_TCAGCCTTCCGTGTGG-1	epithelia.cuticle.cp.other_1
fc_TCAGCCTTCTGAGAGG-1	epithelia.cuticle.cp.other_1
fc_TCAGGGCAGACGACGT-1	epithelia.cuticle.Osi16_2
fc_TCAGGGCCAACGCCCA-1	fat.body_10
fc_TCAGGGCCACATATCG-1	epithelia.cuticle.cp.other_1
fc_TCAGGGCCATAGGTAA-1	epithelia.cuticle.biosynthesis_13
fc_TCAGGGCCATGTTCAG-1	epithelia.tendon_5
fc_TCAGGGCTCGATGCTA-1	epithelia.cuticle.cp.rigid_7
fc_TCAGGGCTCGCTGCGA-1	epithelia.cuticle.Osi18_6
fc_TCAGGGCTCTACCCAC-1	epithelia.cuticle.cp.soft_3
fc_TCAGGGCTCTGTTGGA-1	neuroglioblast.ol_14
fc_TCAGGTAAGGCGAACT-1	epithelia.cuticle.Osi17_4
fc_TCAGGTAAGTTGTCAC-1	epithelia.cuticle.Osi18_6
fc_TCAGGTACAACTCGAT-1	epithelia.cuticle.cp.rigid_7
fc_TCAGGTAGTACTGGGA-1	epithelia.cuticle.cp.rigid_7
fc_TCAGGTAGTCAAATCC-1	epithelia.tendon_5
fc_TCAGGTATCACTCACC-1	muscle.rbm24_0
fc_TCAGGTATCTTCCACG-1	trachea_15
fc_TCAGTCCAGACATCCT-1	muscle.rbm24_0
fc_TCAGTCCAGCCGGAAT-1	muscle.rbm24_0
fc_TCAGTCCGTTTGCAGT-1	muscle.rbm24_0
fc_TCAGTCCTCATAGACC-1	muscle.rbm24_0
fc_TCAGTCCTCTCTCGCA-1	epithelia.cuticle.cp.rigid_7
fc_TCAGTGAGTAGATTAG-1	muscle.rbm24_0
fc_TCAGTGAGTGATTGGG-1	muscle.rbm24_0
fc_TCAGTGAGTGTCCACG-1	epithelia.cuticle.cp.soft_3
fc_TCAGTGATCCCTCTTT-1	epithelia.cuticle.Osi17_4
fc_TCAGTTTAGAACTGAT-1	epithelia.cuticle.Osi16_2
fc_TCAGTTTAGCGCAATG-1	epithelia.cuticle.cp.rigid_7
fc_TCAGTTTAGGACGGAG-1	epithelia.cuticle.Osi17_4
fc_TCAGTTTCACTCCTTG-1	neuroglioblast.ol_14
fc_TCAGTTTGTCGCGGTT-1	muscle.rbm24_0
fc_TCAGTTTTCCTCTTTC-1	epithelia.cuticle.cp.soft_3
fc_TCAGTTTTCGTGCTCT-1	muscle.rbm24_0
fc_TCATACTCAAGGAGTC-1	fat.body_10
fc_TCATACTGTCTAGGCC-1	fat.body_10
fc_TCATACTGTGCACGCT-1	neuroglioblast.castor_17
fc_TCATACTGTTTCCAAG-1	muscle.rbm24_0
fc_TCATACTTCCACTTTA-1	epithelia.cuticle.Osi18_6
fc_TCATACTTCCGGACGT-1	muscle.rbm24_0
fc_TCATATCAGGGTAGCT-1	trachea_15
fc_TCATATCAGGTAGACC-1	epithelia.cuticle.Osi17_4
fc_TCATATCAGTGATAAC-1	muscle.rbm24_0
fc_TCATATCAGTTACGAA-1	epithelia.cuticle.cp.soft_3
fc_TCATATCCAAAGCGTG-1	epithelia.cuticle.cp.other_1
fc_TCATATCCAAATGGTA-1	epithelia.cuticle.Osi17_4
fc_TCATATCTCCAAGGGA-1	epithelia.cuticle.cp.soft_3
fc_TCATATCTCTGAGAGG-1	epithelia.cuticle.Osi16_2
fc_TCATCATAGCCACTCG-1	neuroglioblast.ol_14
fc_TCATCATGTTATAGAG-1	neuroglioblast.castor_17
fc_TCATCATTCAAACTGC-1	epithelia.cuticle.cp.other_1
fc_TCATCATTCAACCTCC-1	epithelia.cuticle.Osi18_6
fc_TCATCATTCACGTCCT-1	epithelia.cuticle.biosynthesis_13
fc_TCATCATTCGAGATAA-1	neuroglioblast.castor_17
fc_TCATCATTCGTAACAC-1	epithelia.cuticle.Osi17_4
fc_TCATCATTCGTCACCT-1	epithelia.cuticle.biosynthesis_13
fc_TCATCCGGTGCTATTG-1	epithelia.cuticle.Osi14_12
fc_TCATCCGTCCACCTCA-1	fat.body_10
fc_TCATGAGCACCTGTCT-1	hemocyte_16
fc_TCATGAGCACTCAAGT-1	muscle.rbm24_0
fc_TCATGAGGTAGCCAGA-1	fat.body_10
fc_TCATGCCAGGAAAGGT-1	neuroglioblast.ol_14
fc_TCATGCCAGGTTGGAC-1	epithelia.cuticle.cp.rigid_7
fc_TCATGCCCAAAGCTAA-1	epithelia.cuticle.cp.other_1
fc_TCATGCCTCAGGACGA-1	epithelia.cuticle.cp.rigid_7
fc_TCATGCCTCGGTCGAC-1	epithelia.cuticle.biosynthesis_13
fc_TCATGGAGTCTACAGT-1	glia2_18
fc_TCATGGAGTGCAGGAT-1	epithelia.cuticle.biosynthesis_13
fc_TCATGGATCAGTGTGT-1	muscle.rbm24_0
fc_TCATGGATCATTGTGG-1	epithelia.cuticle.cp.soft_3
fc_TCATGTTAGGAAACGA-1	glia2_18
fc_TCATGTTAGGGACTGT-1	epithelia.cuticle.Osi16_2
fc_TCATGTTAGTCCGTCG-1	glia2_18
fc_TCATGTTCAACACAAA-1	muscle.rbm24_0
fc_TCATGTTGTTCTTGTT-1	fat.body_10
fc_TCATGTTTCGTGGCTG-1	neuron.cholinergic_11
fc_TCATTACAGAGAATCT-1	epithelia.cuticle.cp.other_1
fc_TCATTACAGCCTCATA-1	epithelia.cuticle.cp.other_1
fc_TCATTACAGGAGAGGC-1	hemocyte_16
fc_TCATTACAGTGCTACT-1	epithelia.cuticle.cp.other_1
fc_TCATTACCATCCAATG-1	epithelia.cuticle.cp.other_1
fc_TCATTACGTATGCTTG-1	neuroglioblast.castor_17
fc_TCATTACTCCACCCTA-1	epithelia.cuticle.Osi17_4
fc_TCATTCAAGAGAATCT-1	muscle.rbm24_0
fc_TCATTCAAGCCACCGT-1	muscle.rbm24_0
fc_TCATTCAAGTAAGACT-1	epithelia.cuticle.cp.other_1
fc_TCATTCATCCACGTCT-1	epithelia.cuticle.cp.other_1
fc_TCATTGTAGCAGCCCT-1	fat.body_10
fc_TCATTGTCAAGGTCTT-1	epithelia.cuticle.Osi16_2
fc_TCATTGTCACACCGAC-1	epithelia.cuticle.biosynthesis_13
fc_TCATTGTGTCAATCTG-1	epithelia.cuticle.biosynthesis_13
fc_TCATTTGAGACAACAT-1	neuroglioblast.ol_14
fc_TCATTTGAGCCTGAAG-1	muscle.rbm24_0
fc_TCATTTGAGGCCTTGC-1	epithelia.cuticle.cp.rigid_7
fc_TCATTTGCAAGAATAC-1	glia2_18
fc_TCATTTGCAATGAACA-1	muscle.rbm24_0
fc_TCATTTGCACAAACGG-1	muscle.rbm24_0
fc_TCCACCAAGCCGTCGT-1	epithelia.cuticle.cp.rigid_7
fc_TCCACCAAGGTGAGAA-1	epithelia.cuticle.biosynthesis_13
fc_TCCACCAAGGTTGGAC-1	epithelia.cuticle.cp.rigid_7
fc_TCCACCACACCCAAGC-1	epithelia.cuticle.Osi16_2
fc_TCCACCACACCGTCTT-1	epithelia.cuticle.cp.other_1
fc_TCCACCACAGCTGTCG-1	epithelia.cuticle.Osi18_6
fc_TCCACCAGTCAATGGG-1	neuroglioblast.ol_14
fc_TCCACGTAGTACTGGG-1	neuroglioblast.castor_17
fc_TCCACGTCACATAGCT-1	epithelia.cuticle.cp.other_1
fc_TCCACGTCAGGATCTT-1	epithelia.cuticle.cp.other_1
fc_TCCACGTGTCACTTCC-1	epithelia.cuticle.cp.other_1
fc_TCCACGTGTTGGAGGT-1	epithelia.cuticle.cp.other_1
fc_TCCACGTGTTTCCAAG-1	epithelia.cuticle.cp.other_1
fc_TCCAGAACAAGACCGA-1	epithelia.cuticle.biosynthesis_13
fc_TCCAGAACATGGGTTT-1	epithelia.cuticle.cp.soft_3
fc_TCCAGAATCTGGCCGA-1	epithelia.cuticle.cp.other_1
fc_TCCATCGAGAAACTAC-1	neuron.chol.ciliated_20
fc_TCCATCGAGAATACAC-1	neuroglioblast.ol_14
fc_TCCATCGCAAAGGCTG-1	epithelia.cuticle.cp.other_1
fc_TCCATCGCACACCTGG-1	epithelia.cuticle.Osi17_4
fc_TCCATCGCACGTTGGC-1	epithelia.cuticle.cp.soft_3
fc_TCCATCGCAGACCAAG-1	epithelia.cuticle.cp.soft_3
fc_TCCATCGCAGGTGAGT-1	epithelia.cuticle.Osi17_4
fc_TCCATCGCATTACTCT-1	epithelia.cuticle.Osi17_4
fc_TCCATCGTCATGCCGG-1	epithelia.cuticle.Osi17_4
fc_TCCATCGTCCTTATAC-1	fat.body_10
fc_TCCATGCAGAACGTGC-1	epithelia.cuticle.Osi17_4
fc_TCCATGCAGACTCTTG-1	epithelia.cuticle.Osi17_4
fc_TCCATGCAGTTGCGCC-1	muscle.rbm24_0
fc_TCCATGCCATGAAGCG-1	epithelia.cuticle.cp.other_1
fc_TCCATGCGTATTCTCT-1	epithelia.tendon_5
fc_TCCATGCGTCAACCTA-1	epithelia.cuticle.Osi16_2
fc_TCCATGCGTGCCTGCA-1	glia1_8
fc_TCCATGCGTTAAGAAC-1	epithelia.cuticle.Osi18_6
fc_TCCCACAAGAGGATCC-1	epithelia.cuticle.cp.other_1
fc_TCCCACAAGCAGTACG-1	neuron.cholinergic_11
fc_TCCCACACACACGTGC-1	glia1_8
fc_TCCCACAGTCATAACC-1	epithelia.cuticle.Osi17_4
fc_TCCCACATCCGCAAAT-1	epithelia.cuticle.cp.other_1
fc_TCCCAGTAGGCTCTCG-1	muscle.rbm24_0
fc_TCCCAGTGTCCACGCA-1	epithelia.cuticle.Osi17_4
fc_TCCCAGTGTCGCAACC-1	hemocyte_16
fc_TCCCAGTTCAAGTAAG-1	epithelia.cuticle.Osi17_4
fc_TCCCAGTTCCAATGCA-1	muscle.rbm24_0
fc_TCCCAGTTCGTTCGCT-1	hemocyte_16
fc_TCCCAGTTCTTCCAGC-1	epithelia.cuticle.Osi18_6
fc_TCCCATGCAGCTGGTC-1	epithelia.tendon_5
fc_TCCCATGGTCTAGGCC-1	trachea_15
fc_TCCCATGTCTACCAGA-1	epithelia.cuticle.Osi17_4
fc_TCCGAAACAACTTGCA-1	epithelia.cuticle.cp.soft_3
fc_TCCGAAACACATACGT-1	fat.body_10
fc_TCCGAAACAGCGTTTA-1	muscle.rbm24_0
fc_TCCGAAAGTACCCACG-1	epithelia.cuticle.Osi18_6
fc_TCCGAAATCACGACTA-1	epithelia.tendon_5
fc_TCCGAAATCACTGTCC-1	fat.body_10
fc_TCCGAAATCCACTGAA-1	glia1_8
fc_TCCGATCAGAAAGCGA-1	epithelia.cuticle.cp.other_1
fc_TCCGATCGTATGCTAC-1	muscle.rbm24_0
fc_TCCGATCGTCGATTAC-1	epithelia.cuticle.cp.other_1
fc_TCCGGGAAGCCGAATG-1	muscle.rbm24_0
fc_TCCGGGAAGGTAGGCT-1	epithelia.cuticle.Osi17_4
fc_TCCGGGAGTTCATCGA-1	muscle.rbm24_0
fc_TCCGGGAGTTCTCCTG-1	muscle.rbm24_0
fc_TCCGGGATCACCATAG-1	epithelia.cuticle.cp.rigid_7
fc_TCCGGGATCATGAAAG-1	epithelia.cuticle.Osi18_6
fc_TCCGGGATCGAGATGG-1	secretory-ECM_21
fc_TCCGTGTCAGTTCCAA-1	epithelia.cuticle.cp.soft_3
fc_TCCGTGTGTACTTGTG-1	hemocyte_16
fc_TCCGTGTGTATACGGG-1	epithelia.tendon_5
fc_TCCTAATAGTGTAGAT-1	glia1_8
fc_TCCTAATCACAATCTG-1	epithelia.cuticle.biosynthesis_13
fc_TCCTAATCACTCCGAG-1	muscle.rbm24_0
fc_TCCTAATGTACCGGAA-1	secretory-ECM_21
fc_TCCTAATGTCACCTTC-1	neuroglioblast.castor_17
fc_TCCTAATGTCTGTGAT-1	muscle.rbm24_0
fc_TCCTAATGTTGTAAAG-1	neuron.cholinergic_11
fc_TCCTAATTCGTAACAC-1	epithelia.cuticle.Osi17_4
fc_TCCTCCCAGACGTCCC-1	neuron.chol.ciliated_20
fc_TCCTCGAAGATTGAGT-1	fat.body_10
fc_TCCTCGAAGCTTAAGA-1	epithelia.cuticle.Osi14_12
fc_TCCTCGAAGGTCGAGT-1	epithelia.cuticle.Osi18_6
fc_TCCTCGACAACGTATC-1	fat.body_10
fc_TCCTCGACAACTTCTT-1	neuron.chol.ciliated_20
fc_TCCTCGACACAAACGG-1	epithelia.cuticle.cp.rigid_7
fc_TCCTCGACACCCTGAG-1	fat.body_10
fc_TCCTCGACATGACTGT-1	muscle.rbm24_0
fc_TCCTCGAGTACACTCA-1	glia1_8
fc_TCCTCGATCAGCGGAA-1	epithelia.cuticle.biosynthesis_13
fc_TCCTCGATCGACCATA-1	epithelia.cuticle.Osi18_6
fc_TCCTCTTAGCTGGCCT-1	epithelia.tendon_5
fc_TCCTCTTAGTTTCGAC-1	epithelia.cuticle.Osi16_2
fc_TCCTCTTCAAGCGCTC-1	epithelia.cuticle.Osi18_6
fc_TCCTCTTCATCATCCC-1	muscle.rbm24_0
fc_TCCTCTTGTTCAGGTT-1	epithelia.tendon_5
fc_TCCTGCAAGGCGTTGA-1	epithelia.cuticle.cp.other_1
fc_TCCTGCAAGGTCATAA-1	epithelia.cuticle.cp.other_1
fc_TCCTGCAAGGTGAGAA-1	muscle.rbm24_0
fc_TCCTGCAAGGTGCTGA-1	epithelia.tendon_5
fc_TCCTGCATCAAATGCC-1	epithelia.cuticle.Osi17_4
fc_TCCTTCTAGCCTGTGC-1	epithelia.cuticle.biosynthesis_13
fc_TCCTTCTCAGCGTACC-1	epithelia.cuticle.cp.other_1
fc_TCCTTCTGTACAGAAT-1	epithelia.cuticle.Osi18_6
fc_TCCTTCTGTCCGGTCA-1	muscle.rbm24_0
fc_TCCTTCTGTCGCCTAG-1	muscle.rbm24_0
fc_TCCTTCTGTCTGTGAT-1	muscle.rbm24_0
fc_TCCTTTCCAGGGAATC-1	epithelia.cuticle.cp.rigid_7
fc_TCCTTTCCAGTAACGG-1	hemocyte_16
fc_TCCTTTCGTGTGTCCG-1	glia1_8
fc_TCCTTTCGTTTACGAC-1	neuron.cholinergic_11
fc_TCCTTTCTCATGCAGT-1	muscle.rbm24_0
fc_TCCTTTCTCTATTGTC-1	fat.body_10
fc_TCGAACAAGGCCTGCT-1	epithelia.cuticle.cp.other_1
fc_TCGAACAAGGGTAATT-1	epithelia.cuticle.Osi16_2
fc_TCGAACAAGTATGTAG-1	muscle.rbm24_0
fc_TCGAACAGTAAGGAGA-1	muscle.rbm24_0
fc_TCGAACATCACTGATG-1	neuroglioblast.ol_14
fc_TCGAAGTCACAGTCGC-1	muscle.rbm24_0
fc_TCGAAGTGTGCTTATG-1	epithelia.cuticle.cp.soft_3
fc_TCGAAGTTCCTCTCTT-1	neuron.chol.ciliated_20
fc_TCGACCTAGATTTGCC-1	epithelia.cuticle.Osi17_4
fc_TCGACCTAGCGATGAC-1	epithelia.tendon_5
fc_TCGACCTAGTATCCTG-1	epithelia.cuticle.cp.other_1
fc_TCGACCTCATCCGGTG-1	glia2_18
fc_TCGACCTCATCCTTGC-1	muscle.rbm24_0
fc_TCGACCTTCGCGAAGA-1	epithelia.tendon_5
fc_TCGACCTTCTCCTGTG-1	epithelia.cuticle.biosynthesis_13
fc_TCGACGGCACTAGAGG-1	epithelia.cuticle.cp.soft_3
fc_TCGACGGCAGAGTCAG-1	epithelia.cuticle.Osi17_4
fc_TCGACGGCATTAAGCC-1	fat.body_10
fc_TCGACGGTCGCTGTCT-1	epithelia.cuticle.biosynthesis_13
fc_TCGACGGTCTACTGCC-1	epithelia.cuticle.Osi17_4
fc_TCGATTTAGCGTTACT-1	epithelia.cuticle.Osi18_6
fc_TCGATTTCACTTCTCG-1	muscle.rbm24_0
fc_TCGATTTCACTTGACA-1	epithelia.cuticle.Osi17_4
fc_TCGATTTGTCACAGTT-1	epithelia.cuticle.Osi16_2
fc_TCGATTTTCACCTCGT-1	neuroglioblast.ol_14
fc_TCGCACTCAATAGTCC-1	epithelia.cuticle.Osi17_4
fc_TCGCACTCATCTTAGG-1	muscle.tup_19
fc_TCGCACTGTAGTCGTT-1	epithelia.cuticle.cp.soft_3
fc_TCGCACTTCACTTCTA-1	hemocyte_16
fc_TCGCACTTCGATGCAT-1	epithelia.cuticle.Osi16_2
fc_TCGCAGGAGATCACCT-1	epithelia.cuticle.cp.other_1
fc_TCGCAGGCAAGTATCC-1	trachea_15
fc_TCGCAGGCAGTCGGTC-1	epithelia.cuticle.biosynthesis_13
fc_TCGCAGGTCCAACCGG-1	epithelia.cuticle.biosynthesis_13
fc_TCGCAGGTCGATAACC-1	secretory-ECM_21
fc_TCGCTCAAGGAATGTT-1	epithelia.cuticle.cp.other_1
fc_TCGCTCACACAGAGCA-1	muscle.rbm24_0
fc_TCGCTCATCGCTTGCT-1	epithelia.cuticle.Osi18_6
fc_TCGCTCATCGGAATGG-1	epithelia.cuticle.cp.soft_3
fc_TCGCTTGAGACGCCCT-1	neuroglioblast.castor_17
fc_TCGCTTGAGACTACGG-1	epithelia.cuticle.cp.soft_3
fc_TCGCTTGAGGATACGC-1	epithelia.cuticle.Osi18_6
fc_TCGCTTGCAACGTATC-1	epithelia.tendon_5
fc_TCGCTTGCAAGTGTCT-1	fat.body_10
fc_TCGCTTGCAGGTCAGA-1	glia1_8
fc_TCGCTTGGTTCTCGCT-1	epithelia.cuticle.Osi16_2
fc_TCGCTTGTCATTTCCA-1	neuron.cholinergic_11
fc_TCGCTTGTCTTCCCGA-1	epithelia.cuticle.cp.rigid_7
fc_TCGCTTGTCTTCGATT-1	epithelia.cuticle.cp.rigid_7
fc_TCGGATAAGGTTTGAA-1	epithelia.cuticle.cp.soft_3
fc_TCGGATACAAACCATC-1	epithelia.cuticle.biosynthesis_13
fc_TCGGATACAACCACGC-1	muscle.tup_19
fc_TCGGATACATAACAGA-1	muscle.rbm24_0
fc_TCGGATAGTCACCACG-1	glia1_8
fc_TCGGATAGTCATCGCG-1	fat.body_10
fc_TCGGATATCCATAGAC-1	epithelia.cuticle.cp.other_1
fc_TCGGATATCCGTGTCT-1	muscle.rbm24_0
fc_TCGGATATCGTTCGCT-1	hemocyte_16
fc_TCGGGACAGACCAAAT-1	neuroglioblast.ol_14
fc_TCGGGACCATGCCGCA-1	epithelia.cuticle.Osi18_6
fc_TCGGGACGTGGATCAG-1	epithelia.cuticle.Osi17_4
fc_TCGGGACTCCATAGAC-1	glia1_8
fc_TCGGGACTCCGAGATT-1	epithelia.cuticle.Osi17_4
fc_TCGGGACTCTTGGATG-1	epithelia.cuticle.Osi16_2
fc_TCGGGCAAGAATTGTG-1	trachea_15
fc_TCGGGCACACACCTTC-1	epithelia.cuticle.cp.soft_3
fc_TCGGGCACATTGGGAG-1	epithelia.cuticle.cp.soft_3
fc_TCGGGCAGTACATACC-1	neuroglioblast.ol_14
fc_TCGGGCATCCGCCTAT-1	muscle.rbm24_0
fc_TCGGGTGAGTGATAAC-1	glia1_8
fc_TCGGGTGCATGAAAGT-1	neuroglioblast.ol_14
fc_TCGGGTGCATGTGCCG-1	muscle.rbm24_0
fc_TCGGGTGTCCATCACC-1	epithelia.cuticle.biosynthesis_13
fc_TCGGGTGTCGTGGCTG-1	epithelia.cuticle.cp.rigid_7
fc_TCGGTCTAGCCGATAG-1	epithelia.cuticle.Osi14_12
fc_TCGGTCTAGGATTTAG-1	epithelia.cuticle.Osi17_4
fc_TCGGTCTCACACCGCA-1	neuron.cholinergic_11
fc_TCGGTCTCAGACGATG-1	epithelia.tendon_5
fc_TCGGTCTCATCGGAGA-1	epithelia.cuticle.Osi18_6
fc_TCGGTCTGTTAGGACG-1	neuroglioblast.castor_17
fc_TCGTAGAAGGTCCTGC-1	epithelia.cuticle.cp.soft_3
fc_TCGTAGAAGTTCTACG-1	fat.body_10
fc_TCGTAGACATAGGTAA-1	epithelia.cuticle.cp.other_1
fc_TCGTAGACATCATCTT-1	epithelia.cuticle.Osi17_4
fc_TCGTAGAGTTCGGTCG-1	epithelia.cuticle.cp.rigid_7
fc_TCGTAGAGTTCTCGTC-1	epithelia.cuticle.cp.other_1
fc_TCGTAGATCAAAGGTA-1	muscle.rbm24_0
fc_TCGTAGATCAGCAATC-1	neuroglioblast.castor_17
fc_TCGTAGATCAGGGTAG-1	epithelia.cuticle.cp.soft_3
fc_TCGTCCAAGTGGCGAT-1	muscle.rbm24_0
fc_TCGTCCAGTATCGCAT-1	fat.body_10
fc_TCGTCCAGTCTAGGCC-1	neuroglioblast.castor_17
fc_TCGTCCAGTTTGGAAA-1	trachea_15
fc_TCGTCCATCTAGCATG-1	epithelia.cuticle.Osi14_12
fc_TCGTGCTCATTCACAG-1	epithelia.cuticle.Osi17_4
fc_TCGTGCTTCATTTACC-1	epithelia.tendon_5
fc_TCGTGGGCAGGAATAT-1	epithelia.cuticle.cp.other_1
fc_TCGTGGGCATGACACT-1	muscle.rbm24_0
fc_TCGTGGGCATGCAGCC-1	epithelia.cuticle.cp.other_1
fc_TCGTGGGGTGAGACCA-1	epithelia.olfactory.support_9
fc_TCTAACTAGTTAGTAG-1	neuron.cholinergic_11
fc_TCTAACTTCGACGATT-1	epithelia.cuticle.Osi17_4
fc_TCTAACTTCTTTCCGG-1	muscle.rbm24_0
fc_TCTACATAGTCACGAG-1	epithelia.cuticle.cp.soft_3
fc_TCTACATAGTTCATCG-1	epithelia.cuticle.Osi18_6
fc_TCTACATAGTTTAGGA-1	fat.body_10
fc_TCTACATCACCCTGAG-1	epithelia.cuticle.Osi17_4
fc_TCTACATCACGTACAT-1	muscle.rbm24_0
fc_TCTACATGTCCATCTC-1	muscle.tup_19
fc_TCTACATGTGGTCTGC-1	muscle.rbm24_0
fc_TCTACATTCACGATAC-1	epithelia.cuticle.cp.rigid_7
fc_TCTACCGCATCGTTCC-1	muscle.rbm24_0
fc_TCTACCGGTGGTCTAT-1	epithelia.cuticle.Osi17_4
fc_TCTACCGGTGTTCCAA-1	muscle.rbm24_0
fc_TCTACCGGTTACCCTC-1	epithelia.cuticle.Osi18_6
fc_TCTACCGGTTGATCGT-1	epithelia.tendon_5
fc_TCTACCGTCACCTTAT-1	epithelia.cuticle.Osi17_4
fc_TCTACCGTCTGCTGAA-1	epithelia.cuticle.cp.other_1
fc_TCTATACAGCTTAGTC-1	muscle.rbm24_0
fc_TCTATACCACGACGCT-1	epithelia.cuticle.biosynthesis_13
fc_TCTATACGTCGCACGT-1	epithelia.cuticle.cp.other_1
fc_TCTATCAAGCCTTGAT-1	epithelia.cuticle.biosynthesis_13
fc_TCTATCAAGTCATTGC-1	epithelia.cuticle.Osi17_4
fc_TCTATCACACCTCTAC-1	epithelia.cuticle.cp.rigid_7
fc_TCTATCACATACAGCT-1	epithelia.cuticle.Osi17_4
fc_TCTATCAGTACAATAG-1	fat.body_10
fc_TCTATCAGTCTAACGT-1	epithelia.cuticle.Osi16_2
fc_TCTATCATCCCGATCT-1	glia1_8
fc_TCTATCATCGTAACTG-1	hemocyte_16
fc_TCTATCATCTTTGCAT-1	epithelia.cuticle.cp.other_1
fc_TCTCACGAGAGATGCC-1	epithelia.cuticle.cp.other_1
fc_TCTCACGAGAGTGTGC-1	neuron.cholinergic_11
fc_TCTCACGAGCGGGTAT-1	epithelia.cuticle.cp.other_1
fc_TCTCACGAGCTCATAC-1	epithelia.cuticle.Osi16_2
fc_TCTCACGAGTTGAAGT-1	epithelia.cuticle.Osi17_4
fc_TCTCACGCAGATCCAT-1	fat.body_10
fc_TCTCACGTCACGATAC-1	epithelia.cuticle.cp.other_1
fc_TCTCACGTCCCATTCG-1	epithelia.cuticle.Osi16_2
fc_TCTCAGCAGACGGTTG-1	fat.body_10
fc_TCTCAGCAGTGTGTTC-1	epithelia.cuticle.Osi17_4
fc_TCTCAGCCATTGTAGC-1	epithelia.cuticle.Osi18_6
fc_TCTCAGCTCAATCCGA-1	epithelia.cuticle.cp.other_1
fc_TCTCAGCTCTGCACCT-1	secretory-ECM_21
fc_TCTCAGCTCTTTGCTA-1	muscle.rbm24_0
fc_TCTCCGAAGACACACG-1	epithelia.cuticle.cp.soft_3
fc_TCTCCGACAACAGTGG-1	epithelia.cuticle.Osi17_4
fc_TCTCCGACACTACACA-1	muscle.rbm24_0
fc_TCTCCGACACTGTCCT-1	epithelia.cuticle.biosynthesis_13
fc_TCTCCGACAGAGTCAG-1	epithelia.cuticle.cp.soft_3
fc_TCTCCGAGTACGGCAA-1	epithelia.cuticle.cp.other_1
fc_TCTCCGAGTCTACTGA-1	muscle.rbm24_0
fc_TCTCCGATCAAGCCAT-1	fat.body_10
fc_TCTCCGATCTCGGCTT-1	epithelia.cuticle.cp.rigid_7
fc_TCTCTGGCAAGAGATT-1	neuron.cholinergic_11
fc_TCTCTGGCATCACAGT-1	neuroglioblast.ol_14
fc_TCTCTGGTCAAGAGTA-1	fat.body_10
fc_TCTCTGGTCGACCATA-1	epithelia.cuticle.Osi18_6
fc_TCTGCCAAGGACACTG-1	epithelia.cuticle.cp.other_1
fc_TCTGCCAAGTAGAGTT-1	epithelia.cuticle.cp.rigid_7
fc_TCTGCCACAGACAAAT-1	epithelia.cuticle.cp.rigid_7
fc_TCTGCCACATACCACA-1	muscle.rbm24_0
fc_TCTGCCACATTCATCT-1	epithelia.cuticle.biosynthesis_13
fc_TCTGCCATCCTTATCA-1	neuroglioblast.ol_14
fc_TCTGGCTAGAGGTCAC-1	muscle.rbm24_0
fc_TCTGGCTAGATCGGTG-1	muscle.rbm24_0
fc_TCTGGCTAGCTCCCTT-1	epithelia.cuticle.cp.rigid_7
fc_TCTGGCTTCTGCACCT-1	epithelia.cuticle.cp.rigid_7
fc_TCTGGCTTCTGGTGGC-1	epithelia.cuticle.Osi18_6
fc_TCTGTCGAGCAAGGAA-1	epithelia.cuticle.cp.other_1
fc_TCTGTCGAGCACACCC-1	epithelia.cuticle.cp.soft_3
fc_TCTGTCGAGTTCCATG-1	fat.body_10
fc_TCTGTCGCACCAGTAT-1	epithelia.tendon_5
fc_TCTGTCGCATCTCGTC-1	epithelia.cuticle.cp.other_1
fc_TCTGTCGGTCAGGTAG-1	muscle.rbm24_0
fc_TCTGTCGGTCATCGCG-1	muscle.rbm24_0
fc_TCTGTCGTCCCTCGTA-1	muscle.rbm24_0
fc_TCTGTCGTCTACCAGA-1	hemocyte_16
fc_TCTTAGTAGAGCATCG-1	muscle.rbm24_0
fc_TCTTAGTAGCACTTTG-1	epithelia.tendon_5
fc_TCTTAGTAGCGCATCC-1	epithelia.cuticle.cp.other_1
fc_TCTTAGTCAGACATCT-1	epithelia.cuticle.Osi17_4
fc_TCTTAGTCATGGGTTT-1	epithelia.cuticle.Osi17_4
fc_TCTTAGTTCATGTCAG-1	epithelia.cuticle.Osi14_12
fc_TCTTCCTCATTCACAG-1	muscle.rbm24_0
fc_TCTTCCTGTATTCCTT-1	epithelia.tendon_5
fc_TCTTCCTGTCGACTTA-1	muscle.rbm24_0
fc_TCTTCCTGTGATTCAC-1	epithelia.cuticle.Osi17_4
fc_TCTTCCTGTGCATTAC-1	epithelia.cuticle.cp.other_1
fc_TCTTCCTGTGCGTTTA-1	epithelia.cuticle.Osi16_2
fc_TCTTCCTGTTACGGAG-1	muscle.rbm24_0
fc_TCTTCCTGTTGAAGTA-1	muscle.rbm24_0
fc_TCTTGCGAGGCCGCTT-1	epithelia.cuticle.biosynthesis_13
fc_TCTTGCGCATGGCTAT-1	epithelia.cuticle.Osi16_2
fc_TCTTGCGCATGTCTAG-1	epithelia.cuticle.Osi14_12
fc_TCTTGCGTCCCAGTGG-1	epithelia.cuticle.biosynthesis_13
fc_TCTTGCGTCCGGCAGT-1	glia1_8
fc_TCTTGCGTCTACGGGC-1	epithelia.cuticle.Osi17_4
fc_TCTTTGAAGATGGCAC-1	muscle.rbm24_0
fc_TCTTTGAAGTTGCGCC-1	epithelia.cuticle.cp.other_1
fc_TCTTTGACATAGTCAC-1	gland.corpora-allata_22
fc_TCTTTGATCATAGCAC-1	muscle.rbm24_0
fc_TCTTTGATCGTTCGCT-1	muscle.rbm24_0
fc_TGAACGTCATGCACTA-1	epithelia.cuticle.cp.other_1
fc_TGAATCGAGCACTAAA-1	muscle.rbm24_0
fc_TGAATCGAGGTAACTA-1	epithelia.cuticle.cp.rigid_7
fc_TGAATCGCAATTGCTG-1	epithelia.cuticle.cp.other_1
fc_TGAATCGCACCACTGG-1	muscle.rbm24_0
fc_TGAATCGCACCTTCCA-1	epithelia.cuticle.cp.other_1
fc_TGAATCGCACGCTGTG-1	secretory-ECM_21
fc_TGAATCGGTTCCGGTG-1	epithelia.cuticle.biosynthesis_13
fc_TGAATCGTCAAGAATG-1	epithelia.cuticle.cp.rigid_7
fc_TGAATCGTCATCTGTT-1	muscle.tup_19
fc_TGAATCGTCTATCGTT-1	muscle.rbm24_0
fc_TGAATGCAGAGTTGAT-1	muscle.rbm24_0
fc_TGAATGCCATAGTCAC-1	neuron.chol.ciliated_20
fc_TGACAGTAGGAAACGA-1	epithelia.cuticle.biosynthesis_13
fc_TGACAGTAGGGATCGT-1	epithelia.cuticle.Osi17_4
fc_TGACAGTAGTAAGAGG-1	neuron.chol.ciliated_20
fc_TGACAGTGTAGAGATT-1	muscle.rbm24_0
fc_TGACAGTGTTTGTGGT-1	muscle.rbm24_0
fc_TGACAGTTCAAGTCGT-1	epithelia.cuticle.cp.soft_3
fc_TGACCCTCAACTGGTT-1	epithelia.cuticle.cp.other_1
fc_TGACCCTTCCCGATCT-1	epithelia.cuticle.Osi17_4
fc_TGACCCTTCGTCGCTT-1	epithelia.tendon_5
fc_TGACGCGAGCCGGATA-1	muscle.rbm24_0
fc_TGACGCGCACTACACA-1	epithelia.cuticle.Osi17_4
fc_TGACGCGCAGTCGGAA-1	fat.body_10
fc_TGACTCCAGACCCTTA-1	fat.body_10
fc_TGACTCCAGCACTCGC-1	epithelia.cuticle.Osi18_6
fc_TGACTCCAGCGTCAAG-1	muscle.rbm24_0
fc_TGACTCCAGCTTTCCC-1	muscle.rbm24_0
fc_TGACTCCAGGAATGTT-1	glia1_8
fc_TGACTCCCACTGAGTT-1	epithelia.cuticle.Osi17_4
fc_TGACTCCGTCCGACGT-1	muscle.rbm24_0
fc_TGACTCCGTGGCTTAT-1	muscle.rbm24_0
fc_TGACTCCTCTTCTTCC-1	muscle.rbm24_0
fc_TGAGACTAGAAGCCAC-1	muscle.rbm24_0
fc_TGAGACTAGCGTTCCG-1	epithelia.cuticle.Osi16_2
fc_TGAGACTAGTATCTGC-1	epithelia.cuticle.Osi17_4
fc_TGAGACTCAAAGCGTG-1	hemocyte_16
fc_TGAGACTCAAGAATGT-1	epithelia.cuticle.cp.soft_3
fc_TGAGACTCATCGCTGG-1	neuron.cholinergic_11
fc_TGAGACTTCCAATGCA-1	muscle.rbm24_0
fc_TGAGACTTCCATCCGT-1	epithelia.cuticle.Osi18_6
fc_TGAGCATAGCGCTGAA-1	epithelia.cuticle.Osi16_2
fc_TGAGCATAGGGTTAAT-1	epithelia.cuticle.cp.soft_3
fc_TGAGCATCACCGTGCA-1	epithelia.cuticle.cp.soft_3
fc_TGAGCGCAGGACAGCT-1	epithelia.cuticle.cp.other_1
fc_TGAGCGCCAGCCGTTG-1	muscle.rbm24_0
fc_TGAGCGCGTAATGCGG-1	epithelia.cuticle.cp.soft_3
fc_TGAGCGCTCAGGACAG-1	epithelia.cuticle.Osi18_6
fc_TGAGCGCTCGAGTCTA-1	muscle.rbm24_0
fc_TGAGCGCTCTCGGTCT-1	neuron.chol.ciliated_20
fc_TGAGGAGAGGATAATC-1	muscle.rbm24_0
fc_TGAGGAGAGTAGTGCG-1	muscle.rbm24_0
fc_TGAGGAGAGTTGGAGC-1	glia1_8
fc_TGAGGAGCAGAGTAAT-1	muscle.rbm24_0
fc_TGAGGAGCAGGCACTC-1	glia1_8
fc_TGAGGGACATACCATG-1	epithelia.cuticle.cp.soft_3
fc_TGAGGGAGTCGCGTCA-1	glia2_18
fc_TGAGGTTAGCGTACAG-1	epithelia.cuticle.cp.other_1
fc_TGAGGTTAGTAGGATT-1	neuron.cholinergic_11
fc_TGAGTCAAGCTGTTCA-1	epithelia.cuticle.Osi16_2
fc_TGAGTCAGTAATGCGG-1	epithelia.cuticle.cp.other_1
fc_TGAGTCAGTACTCCGG-1	neuroglioblast.castor_17
fc_TGAGTCATCAGAATAG-1	epithelia.cuticle.Osi17_4
fc_TGAGTCATCCACCTGT-1	epithelia.cuticle.cp.other_1
fc_TGAGTCATCGTTACCC-1	epithelia.cuticle.cp.other_1
fc_TGATCAGAGGCTTAAA-1	muscle.rbm24_0
fc_TGATCAGGTTCGGTAT-1	epithelia.cuticle.Osi17_4
fc_TGATCTTAGCATAGGC-1	epithelia.cuticle.cp.soft_3
fc_TGATCTTAGGAAGTGA-1	neuron.cholinergic_11
fc_TGATCTTGTATGCTTG-1	epithelia.cuticle.Osi18_6
fc_TGATCTTGTCCGGTGT-1	epithelia.cuticle.Osi18_6
fc_TGATCTTGTCGTGTTA-1	epithelia.cuticle.Osi14_12
fc_TGATCTTTCTTTACAC-1	muscle.rbm24_0
fc_TGATCTTTCTTTCCGG-1	muscle.rbm24_0
fc_TGATGCAAGGCATTTC-1	fat.body_10
fc_TGATGCAGTTACCCTC-1	muscle.rbm24_0
fc_TGATGCAGTTGGACCC-1	epithelia.cuticle.Osi16_2
fc_TGATGCATCGGCTGTG-1	fat.body_10
fc_TGATGGTAGAGTACCG-1	epithelia.cuticle.biosynthesis_13
fc_TGATGGTCACGCTTAA-1	epithelia.cuticle.Osi17_4
fc_TGATGGTTCTAACGCA-1	muscle.rbm24_0
fc_TGATGGTTCTGTACAG-1	epithelia.tendon_5
fc_TGATTCTAGAGCATAT-1	muscle.rbm24_0
fc_TGATTCTCACATAACC-1	epithelia.cuticle.cp.soft_3
fc_TGATTCTCAGTAACAA-1	epithelia.cuticle.Osi17_4
fc_TGATTCTGTCCACAGC-1	epithelia.olfactory.support_9
fc_TGATTCTGTTCAATCG-1	epithelia.cuticle.cp.other_1
fc_TGATTCTTCGGAACTT-1	muscle.tup_19
fc_TGATTTCAGCCATCCG-1	epithelia.cuticle.cp.soft_3
fc_TGATTTCCAGCAGTAG-1	neuron.cholinergic_11
fc_TGATTTCGTATCGCGC-1	neuron.cholinergic_11
fc_TGCACGGAGACGGATC-1	epithelia.tendon_5
fc_TGCACGGAGTTGGACG-1	muscle.tup_19
fc_TGCACGGGTTGGGAAC-1	fat.body_10
fc_TGCAGATAGCATGCGA-1	muscle.rbm24_0
fc_TGCAGATCAGAGTTCT-1	epithelia.cuticle.cp.rigid_7
fc_TGCAGATTCAAGCTTG-1	epithelia.cuticle.Osi18_6
fc_TGCAGATTCGTGACTA-1	glia1_8
fc_TGCAGGCAGTAGTCAA-1	epithelia.cuticle.cp.other_1
fc_TGCAGGCAGTCAATCC-1	epithelia.cuticle.cp.other_1
fc_TGCAGGCTCGTAGCCG-1	muscle.rbm24_0
fc_TGCAGTACAGAACTTC-1	epithelia.cuticle.Osi17_4
fc_TGCAGTATCGTCGGGT-1	fat.body_10
fc_TGCATCCCAGAGCCCT-1	neuroglioblast.ol_14
fc_TGCATCCCAGAGGCTA-1	epithelia.cuticle.Osi17_4
fc_TGCATCCGTCATATGC-1	epithelia.cuticle.cp.other_1
fc_TGCATGAAGCGCTGCT-1	muscle.rbm24_0
fc_TGCATGACAACACACT-1	muscle.rbm24_0
fc_TGCATGACACGATTCA-1	muscle.rbm24_0
fc_TGCATGACAGTGCCTG-1	epithelia.cuticle.Osi17_4
fc_TGCATGAGTATAGGGC-1	epithelia.cuticle.cp.other_1
fc_TGCATGAGTTAAACCC-1	epithelia.tendon_5
fc_TGCATGAGTTCCCACT-1	epithelia.cuticle.cp.other_1
fc_TGCCGAGAGGAACGAA-1	epithelia.cuticle.biosynthesis_13
fc_TGCCGAGAGGATACCG-1	epithelia.tendon_5
fc_TGCCGAGCAACTACGT-1	glia1_8
fc_TGCCGAGCATATGCGT-1	muscle.rbm24_0
fc_TGCCGAGGTACAAACA-1	epithelia.cuticle.Osi17_4
fc_TGCCGAGTCCCAAGCG-1	muscle.rbm24_0
fc_TGCCGAGTCGCCACTT-1	epithelia.cuticle.Osi17_4
fc_TGCCGAGTCGGCTGTG-1	epithelia.cuticle.Osi17_4
fc_TGCGATAGTGCACAAG-1	epithelia.cuticle.Osi17_4
fc_TGCGATATCCACAAGT-1	muscle.rbm24_0
fc_TGCGGCAAGGTCATAA-1	epithelia.cuticle.Osi16_2
fc_TGCGGCACAATAGTCC-1	epithelia.cuticle.cp.other_1
fc_TGCGGCACACAGCATT-1	epithelia.cuticle.cp.rigid_7
fc_TGCGGCATCCACACCT-1	muscle.rbm24_0
fc_TGCGGGTAGAGAACCC-1	epithelia.cuticle.Osi18_6
fc_TGCGGGTAGATCACTC-1	muscle.rbm24_0
fc_TGCGGGTAGGTGTGAC-1	glia2_18
fc_TGCGGGTCAAGTCGTT-1	epithelia.cuticle.Osi16_2
fc_TGCGGGTGTGCTTCAA-1	fat.body_10
fc_TGCGGGTTCAAGGTGG-1	epithelia.cuticle.Osi17_4
fc_TGCGGGTTCGGATAAA-1	epithelia.cuticle.cp.soft_3
fc_TGCGGGTTCTCATTTG-1	muscle.rbm24_0
fc_TGCGGGTTCTGGGCCA-1	epithelia.cuticle.Osi17_4
fc_TGCTCCAAGGCCCGTT-1	muscle.rbm24_0
fc_TGCTCCACAAGTCGTT-1	epithelia.cuticle.Osi17_4
fc_TGCTCCACACACCTTC-1	epithelia.cuticle.cp.other_1
fc_TGCTCCACAGCTGAGA-1	epithelia.cuticle.cp.rigid_7
fc_TGCTCCAGTAGACGTG-1	neuron.cholinergic_11
fc_TGCTCCATCCGCTAGG-1	hemocyte_16
fc_TGCTCCATCTTCCAGC-1	epithelia.cuticle.biosynthesis_13
fc_TGCTCGTAGGCCTAAG-1	glia1_8
fc_TGCTGAAAGCCAGTAG-1	muscle.rbm24_0
fc_TGCTGAAAGGGACACT-1	epithelia.cuticle.biosynthesis_13
fc_TGCTGAAAGGTTGGAC-1	neuroglioblast.ol_14
fc_TGCTGAACAATGTGGG-1	epithelia.cuticle.biosynthesis_13
fc_TGCTGAAGTAACCCTA-1	epithelia.cuticle.cp.soft_3
fc_TGCTGAAGTTGCTCCT-1	fat.body_10
fc_TGCTGAATCTCTTAAC-1	epithelia.cuticle.Osi17_4
fc_TGCTGAATCTTAGCAG-1	epithelia.cuticle.Osi17_4
fc_TGCTTCGAGAGAGCCT-1	muscle.rbm24_0
fc_TGCTTCGAGCGTTACT-1	epithelia.cuticle.cp.soft_3
fc_TGCTTCGAGCTCCCTT-1	epithelia.cuticle.Osi18_6
fc_TGCTTCGCAATTCTTC-1	neuron.cholinergic_11
fc_TGCTTCGCACATTACG-1	muscle.tup_19
fc_TGCTTCGCACCAGTTA-1	muscle.rbm24_0
fc_TGCTTCGGTAGTCACT-1	epithelia.cuticle.cp.other_1
fc_TGCTTCGGTATCGAGG-1	muscle.rbm24_0
fc_TGCTTGCAGCATTTGC-1	hemocyte_16
fc_TGGAACTAGCCGAATG-1	epithelia.cuticle.cp.other_1
fc_TGGAACTCACCTGCTT-1	secretory-ECM_21
fc_TGGAACTGTGGTAACG-1	muscle.rbm24_0
fc_TGGAACTTCCATAGGT-1	epithelia.cuticle.Osi18_6
fc_TGGAGAGAGACTTCGT-1	epithelia.cuticle.biosynthesis_13
fc_TGGAGAGCATGGAACG-1	muscle.rbm24_0
fc_TGGAGAGGTGACTCGC-1	muscle.rbm24_0
fc_TGGAGGAAGGGACTGT-1	glia2_18
fc_TGGAGGATCATTTGGG-1	muscle.rbm24_0
fc_TGGATCAAGAAACTAC-1	neuroglioblast.ol_14
fc_TGGATCAAGGAGTACC-1	muscle.rbm24_0
fc_TGGATCAGTGTGACCC-1	epithelia.cuticle.cp.soft_3
fc_TGGATGTAGTTCACTG-1	muscle.rbm24_0
fc_TGGATGTCAGGACTAG-1	epithelia.cuticle.cp.rigid_7
fc_TGGATGTGTCCGTACG-1	epithelia.cuticle.Osi17_4
fc_TGGATGTGTGCAATGG-1	neuroglioblast.ol_14
fc_TGGATGTGTTGTGTAC-1	epithelia.cuticle.cp.other_1
fc_TGGCGTGAGACGACGT-1	epithelia.cuticle.Osi18_6
fc_TGGCGTGAGGTAGGCT-1	epithelia.tendon_5
fc_TGGCGTGCAAGGGCAT-1	epithelia.cuticle.cp.rigid_7
fc_TGGCGTGCAATCGCGC-1	epithelia.cuticle.Osi18_6
fc_TGGCGTGGTCCAGAAG-1	muscle.rbm24_0
fc_TGGCGTGGTGAGAACC-1	epithelia.cuticle.Osi17_4
fc_TGGGAAGAGCACCGTC-1	glia1_8
fc_TGGGAAGCAACGATCT-1	epithelia.cuticle.cp.soft_3
fc_TGGGAAGTCATCACCC-1	epithelia.cuticle.biosynthesis_13
fc_TGGGAGAAGCGTTCCG-1	epithelia.cuticle.Osi16_2
fc_TGGGAGAAGGTTCAGG-1	epithelia.cuticle.Osi17_4
fc_TGGGAGACAGATACCT-1	muscle.rbm24_0
fc_TGGGATTAGCACCCAC-1	epithelia.tendon_5
fc_TGGGATTCATACTTTC-1	epithelia.cuticle.biosynthesis_13
fc_TGGGATTCATATGAAG-1	epithelia.cuticle.Osi17_4
fc_TGGGATTGTTACCGTA-1	epithelia.tendon_5
fc_TGGGATTTCTTCGGTC-1	epithelia.cuticle.cp.other_1
fc_TGGGCGTCAACACGTT-1	epithelia.cuticle.biosynthesis_13
fc_TGGGCGTCAGAAATCA-1	epithelia.cuticle.biosynthesis_13
fc_TGGGCGTGTGACTGAG-1	neuron.cholinergic_11
fc_TGGGCGTTCACGGAGA-1	muscle.rbm24_0
fc_TGGGCGTTCTGTCTCG-1	muscle.tup_19
fc_TGGGCTGAGATCGGTG-1	epithelia.cuticle.cp.soft_3
fc_TGGGCTGCACCAGTAT-1	fat.body_10
fc_TGGGCTGTCATCTGTT-1	neuroglioblast.castor_17
fc_TGGGTTAAGCGTATAA-1	neuroglioblast.ol_14
fc_TGGGTTAAGTGGATTA-1	epithelia.cuticle.cp.other_1
fc_TGGGTTACAACCCTAA-1	muscle.rbm24_0
fc_TGGGTTACAATCCTTT-1	epithelia.cuticle.Osi18_6
fc_TGGGTTAGTCGAGATG-1	epithelia.cuticle.Osi17_4
fc_TGGGTTATCATGCCAA-1	muscle.rbm24_0
fc_TGGTACACACACCGCA-1	muscle.rbm24_0
fc_TGGTACACACTCACTC-1	epithelia.cuticle.cp.other_1
fc_TGGTACAGTGGTAACG-1	muscle.rbm24_0
fc_TGGTACATCAACTCTT-1	epithelia.tendon_5
fc_TGGTACATCCTTATCA-1	fat.body_10
fc_TGGTAGTAGAATCGCG-1	muscle.rbm24_0
fc_TGGTAGTCAAAGGGTC-1	trachea_15
fc_TGGTAGTCAGCTCTGG-1	muscle.rbm24_0
fc_TGGTAGTCATCATTGG-1	glia2_18
fc_TGGTAGTGTAACCCTA-1	muscle.rbm24_0
fc_TGGTAGTGTCGAGATG-1	neuroglioblast.castor_17
fc_TGGTAGTGTCTTGTCC-1	epithelia.cuticle.Osi17_4
fc_TGGTGATAGTATTCCG-1	epithelia.cuticle.Osi14_12
fc_TGGTGATCAAAGGCAC-1	trachea_15
fc_TGGTGATCAACTCCCT-1	fat.body_10
fc_TGGTGATCATATCTGG-1	epithelia.cuticle.Osi16_2
fc_TGGTGATGTCTAGGTT-1	fat.body_10
fc_TGGTGATTCGATCCCT-1	fat.body_10
fc_TGGTTAGAGAAGTCAT-1	muscle.rbm24_0
fc_TGGTTAGAGAGCACTG-1	neuroglioblast.castor_17
fc_TGGTTAGGTAATCAAG-1	muscle.rbm24_0
fc_TGGTTAGGTGGTATGG-1	epithelia.tendon_5
fc_TGGTTAGTCGAACGCC-1	epithelia.cuticle.Osi17_4
fc_TGGTTAGTCGAACTCA-1	epithelia.cuticle.biosynthesis_13
fc_TGGTTAGTCGAGTCTA-1	neuroglioblast.ol_14
fc_TGGTTAGTCGGCTGTG-1	neuroglioblast.ol_14
fc_TGTAACGTCAGAGTGG-1	epithelia.cuticle.Osi17_4
fc_TGTAACGTCCAATGCA-1	muscle.rbm24_0
fc_TGTAAGCAGCCTCGTG-1	glia1_8
fc_TGTAAGCCAAAGGAGA-1	epithelia.cuticle.cp.rigid_7
fc_TGTAAGCCAGTCGCAC-1	neuroglioblast.castor_17
fc_TGTAAGCCATCCAATG-1	epithelia.cuticle.cp.other_1
fc_TGTAAGCGTGTGTTTG-1	epithelia.cuticle.Osi17_4
fc_TGTAAGCTCGAGCCTG-1	muscle.rbm24_0
fc_TGTACAGAGCTTCATG-1	epithelia.cuticle.cp.rigid_7
fc_TGTACAGAGGGCGAGA-1	epithelia.cuticle.biosynthesis_13
fc_TGTACAGAGTAGTCCT-1	epithelia.cuticle.biosynthesis_13
fc_TGTACAGCAGCAGTGA-1	epithelia.cuticle.Osi18_6
fc_TGTACAGGTAGCGTCC-1	epithelia.cuticle.cp.other_1
fc_TGTACAGGTCATCCCT-1	glia1_8
fc_TGTACAGGTGTTATCG-1	muscle.rbm24_0
fc_TGTACAGGTTGGGTAG-1	muscle.rbm24_0
fc_TGTACAGTCATGCGGC-1	neuron.cholinergic_11
fc_TGTACAGTCGCACGGT-1	epithelia.cuticle.Osi16_2
fc_TGTACAGTCTGGTTGA-1	epithelia.cuticle.Osi17_4
fc_TGTAGACCATTGCCTC-1	epithelia.cuticle.cp.other_1
fc_TGTAGACGTCCTGAAT-1	neuroglioblast.castor_17
fc_TGTAGACTCACGGTCG-1	muscle.rbm24_0
fc_TGTAGACTCCTGGGTG-1	epithelia.cuticle.Osi18_6
fc_TGTAGACTCTCGGCTT-1	epithelia.cuticle.cp.rigid_7
fc_TGTCAGAGTACCACGC-1	epithelia.cuticle.Osi17_4
fc_TGTCAGATCCCTCATG-1	epithelia.cuticle.cp.rigid_7
fc_TGTCCACCAGACGCTC-1	epithelia.cuticle.Osi17_4
fc_TGTCCACCAGAGAATT-1	hemocyte_16
fc_TGTCCACCATAATGAG-1	epithelia.cuticle.Osi18_6
fc_TGTCCACCATACAGGG-1	muscle.rbm24_0
fc_TGTCCACCATGGCCCA-1	epithelia.cuticle.Osi17_4
fc_TGTCCACCATGGCGCT-1	neuron.cholinergic_11
fc_TGTCCACGTCATGGCC-1	muscle.rbm24_0
fc_TGTCCACGTCCCTAAA-1	muscle.rbm24_0
fc_TGTCCCAAGTAACGAT-1	neuroglioblast.ol_14
fc_TGTCCCAAGTTGGCTT-1	muscle.tup_19
fc_TGTCCCACAGATCCTA-1	epithelia.cuticle.cp.soft_3
fc_TGTCCCATCACCTGTC-1	epithelia.cuticle.cp.other_1
fc_TGTCCTGCAACCTATG-1	epithelia.cuticle.cp.other_1
fc_TGTCCTGCATCTCCCA-1	epithelia.cuticle.cp.soft_3
fc_TGTCCTGGTCAAGCCC-1	epithelia.cuticle.Osi16_2
fc_TGTCCTGGTCCGAAGA-1	epithelia.cuticle.cp.other_1
fc_TGTCCTGGTGTGACCC-1	epithelia.cuticle.cp.other_1
fc_TGTCCTGGTTGGTGTT-1	hemocyte_16
fc_TGTCCTGTCACTGATG-1	muscle.rbm24_0
fc_TGTGAGTAGAGTGTGC-1	neuron.chol.ciliated_20
fc_TGTGAGTAGGACTTCT-1	epithelia.cuticle.cp.other_1
fc_TGTGAGTCAATCCAGT-1	epithelia.cuticle.cp.other_1
fc_TGTGAGTGTCGATTCA-1	epithelia.cuticle.biosynthesis_13
fc_TGTGAGTGTCTCAAGT-1	neuroglioblast.ol_14
fc_TGTGAGTGTTTCTATC-1	epithelia.cuticle.biosynthesis_13
fc_TGTGAGTTCGGCTGTG-1	epithelia.olfactory.support_9
fc_TGTGATGCACATTGTG-1	epithelia.cuticle.cp.rigid_7
fc_TGTGATGCACTTCATT-1	neuroglioblast.ol_14
fc_TGTGATGGTGGCTTAT-1	epithelia.cuticle.cp.other_1
fc_TGTGATGGTTACACAC-1	epithelia.cuticle.cp.rigid_7
fc_TGTGCGGCACATAGCT-1	epithelia.cuticle.cp.rigid_7
fc_TGTGCGGCACTTGGGC-1	muscle.rbm24_0
fc_TGTGCGGCAGCGAACA-1	muscle.tup_19
fc_TGTGCGGTCGACCCAG-1	epithelia.tendon_5
fc_TGTGGCGAGCGAAACC-1	muscle.rbm24_0
fc_TGTGGCGCAAGACTGG-1	epithelia.cuticle.cp.other_1
fc_TGTGGCGCAGCTACCG-1	muscle.rbm24_0
fc_TGTGGCGGTCAGTCTA-1	muscle.rbm24_0
fc_TGTGTGAAGTATGCAA-1	muscle.rbm24_0
fc_TGTGTGAGTACACGCC-1	epithelia.cuticle.cp.other_1
fc_TGTGTGAGTCTCACAA-1	epithelia.cuticle.cp.other_1
fc_TGTGTGAGTGCCCTTT-1	neuron.cholinergic_11
fc_TGTGTGAGTTTCAGAC-1	epithelia.cuticle.cp.other_1
fc_TGTGTGATCCAGCACG-1	epithelia.cuticle.Osi16_2
fc_TGTTACTAGGGAGGCA-1	muscle.tup_19
fc_TGTTACTAGGTCCAGA-1	muscle.rbm24_0
fc_TGTTACTAGTTTCGGT-1	epithelia.cuticle.Osi18_6
fc_TGTTACTCAGCGGATA-1	muscle.rbm24_0
fc_TGTTACTGTAACATCC-1	neuroglioblast.ol_14
fc_TGTTACTTCAGCGCAC-1	epithelia.cuticle.cp.soft_3
fc_TGTTCATCAACAAAGT-1	epithelia.cuticle.cp.rigid_7
fc_TGTTCATCAACCACAT-1	muscle.rbm24_0
fc_TGTTCATCAGGACATG-1	epithelia.cuticle.Osi17_4
fc_TGTTCATGTCCTTAAG-1	neuron.cholinergic_11
fc_TGTTCATGTCTTTATC-1	epithelia.olfactory.support_9
fc_TGTTCATTCACGATAC-1	epithelia.cuticle.Osi16_2
fc_TGTTCATTCCTGTTAT-1	epithelia.cuticle.Osi17_4
fc_TGTTCCGTCCTAAGTG-1	muscle.rbm24_0
fc_TGTTCCGTCGAGTGAG-1	epithelia.olfactory.support_9
fc_TGTTCTAAGAAGTCCG-1	epithelia.cuticle.Osi17_4
fc_TGTTCTACAAATTGGA-1	epithelia.cuticle.cp.soft_3
fc_TGTTCTACAATGGCAG-1	epithelia.cuticle.cp.rigid_7
fc_TGTTCTACACTTTATC-1	epithelia.cuticle.Osi14_12
fc_TGTTCTACATGACGTT-1	epithelia.cuticle.cp.soft_3
fc_TGTTCTACATTAGGCT-1	muscle.rbm24_0
fc_TGTTCTAGTCTTGCGG-1	muscle.rbm24_0
fc_TGTTCTATCCGTGTCT-1	epithelia.cuticle.Osi17_4
fc_TGTTGAGAGTACCCTA-1	epithelia.cuticle.biosynthesis_13
fc_TGTTGAGTCCATGAGT-1	epithelia.cuticle.cp.other_1
fc_TGTTGGAAGTAGGATT-1	muscle.rbm24_0
fc_TGTTGGACACACCTTC-1	epithelia.cuticle.Osi17_4
fc_TGTTGGAGTAAGGCTG-1	epithelia.cuticle.cp.other_1
fc_TGTTGGATCCGTATAG-1	muscle.rbm24_0
fc_TGTTTGTAGCCTCATA-1	neuron.cholinergic_11
fc_TGTTTGTAGCGCTGAA-1	epithelia.cuticle.cp.rigid_7
fc_TGTTTGTCACTACCGG-1	epithelia.cuticle.Osi17_4
fc_TGTTTGTCAGCTATAC-1	epithelia.cuticle.Osi17_4
fc_TGTTTGTCAGTACTAC-1	epithelia.cuticle.cp.rigid_7
fc_TGTTTGTCAGTGTGGA-1	epithelia.cuticle.cp.soft_3
fc_TGTTTGTGTCAGGCAA-1	epithelia.cuticle.cp.other_1
fc_TGTTTGTGTGGACAGT-1	muscle.rbm24_0
fc_TGTTTGTGTGTCCATA-1	epithelia.cuticle.biosynthesis_13
fc_TGTTTGTTCCCGAGGT-1	epithelia.cuticle.Osi17_4
fc_TTAATCCAGGAGGGTG-1	muscle.rbm24_0
fc_TTAATCCAGTCAGCGA-1	muscle.rbm24_0
fc_TTAATCCCAACAACAA-1	neuron.cholinergic_11
fc_TTAATCCCACATTGTG-1	epithelia.cuticle.Osi18_6
fc_TTAATCCCACTCCGGA-1	muscle.rbm24_0
fc_TTAATCCCAGAACTCT-1	epithelia.cuticle.biosynthesis_13
fc_TTAATCCCAGGACGAT-1	muscle.rbm24_0
fc_TTAATCCGTGCGGCTT-1	epithelia.cuticle.biosynthesis_13
fc_TTAATCCTCGACCTAA-1	muscle.rbm24_0
fc_TTAATCCTCTGCTCTG-1	muscle.rbm24_0
fc_TTACAGGAGAAACCCG-1	epithelia.cuticle.cp.rigid_7
fc_TTACAGGAGGCTTAGG-1	epithelia.cuticle.cp.soft_3
fc_TTACAGGGTAGGACCA-1	epithelia.tendon_5
fc_TTACAGGGTGGACTGA-1	epithelia.cuticle.Osi14_12
fc_TTACAGGGTTCTTGTT-1	neuroglioblast.ol_14
fc_TTACCATAGGTTATAG-1	epithelia.cuticle.cp.other_1
fc_TTACCATAGTCCCGAC-1	fat.body_10
fc_TTACCATTCCAAACCA-1	epithelia.tendon_5
fc_TTACCATTCGACATAC-1	epithelia.cuticle.cp.soft_3
fc_TTACCATTCGACCACG-1	muscle.rbm24_0
fc_TTACCATTCTACCCAC-1	muscle.rbm24_0
fc_TTACCATTCTTAGCCC-1	glia1_8
fc_TTACCGCAGCTCGAAG-1	muscle.rbm24_0
fc_TTACCGCAGGTTAAAC-1	epithelia.cuticle.Osi17_4
fc_TTACCGCCAAACTAGA-1	epithelia.cuticle.biosynthesis_13
fc_TTACCGCCACAAGTTC-1	epithelia.cuticle.biosynthesis_13
fc_TTACCGCCACCAGTTA-1	epithelia.tendon_5
fc_TTACCGCCACGATAGG-1	muscle.rbm24_0
fc_TTACCGCCAGACCGCT-1	muscle.rbm24_0
fc_TTACCGCCATCTGGGC-1	glia1_8
fc_TTACCGCTCCCAGGAC-1	epithelia.cuticle.Osi18_6
fc_TTACGCCAGACTAAGT-1	neuron.cholinergic_11
fc_TTACGCCAGACTGAGC-1	epithelia.cuticle.Osi16_2
fc_TTACGCCAGCTTCATG-1	epithelia.cuticle.cp.rigid_7
fc_TTACGCCCAGTCTTCC-1	muscle.rbm24_0
fc_TTACGCCGTGTTTGCA-1	neuroglioblast.castor_17
fc_TTACGCCTCCTTATAC-1	epithelia.cuticle.cp.other_1
fc_TTACGCCTCGTCAACA-1	epithelia.cuticle.Osi18_6
fc_TTACGTTCAGAGAAAG-1	epithelia.cuticle.cp.rigid_7
fc_TTACGTTGTAGGTACG-1	epithelia.cuticle.Osi16_2
fc_TTACTGTAGATGCAGC-1	epithelia.olfactory.support_9
fc_TTACTGTAGGATTCAA-1	epithelia.cuticle.Osi18_6
fc_TTACTGTCAACCACAT-1	epithelia.cuticle.cp.other_1
fc_TTACTGTCATATGCGT-1	muscle.rbm24_0
fc_TTACTGTGTGCTCTCT-1	trachea_15
fc_TTACTGTTCCGACAGC-1	muscle.rbm24_0
fc_TTACTGTTCGGTCGGT-1	epithelia.tendon_5
fc_TTACTGTTCTTGGAAC-1	muscle.rbm24_0
fc_TTAGGCAAGAGCCGTA-1	muscle.rbm24_0
fc_TTAGGCAAGAGTAACT-1	muscle.rbm24_0
fc_TTAGGCAAGTTTCAGC-1	epithelia.cuticle.biosynthesis_13
fc_TTAGGCACAATGAAAC-1	neuron.cholinergic_11
fc_TTAGGCACAGATCCAT-1	muscle.rbm24_0
fc_TTAGGCACATTCTCCG-1	muscle.rbm24_0
fc_TTAGGCAGTAAGGCTG-1	muscle.rbm24_0
fc_TTAGGCAGTCGACTGC-1	muscle.rbm24_0
fc_TTAGGCAGTGCGCTCA-1	epithelia.cuticle.Osi18_6
fc_TTAGGCAGTGTACAGG-1	epithelia.cuticle.cp.other_1
fc_TTAGGCATCATTTACC-1	muscle.rbm24_0
fc_TTAGGCATCCTCTCGA-1	muscle.rbm24_0
fc_TTAGGCATCGAGTCTA-1	epithelia.cuticle.Osi16_2
fc_TTAGGGTAGAAGCGAA-1	epithelia.cuticle.Osi16_2
fc_TTAGGGTAGCGCACAA-1	epithelia.cuticle.Osi14_12
fc_TTAGGGTCAAATACAG-1	epithelia.cuticle.Osi16_2
fc_TTAGGGTGTACCTGTA-1	epithelia.tendon_5
fc_TTAGGGTGTCCTGGTG-1	epithelia.cuticle.Osi16_2
fc_TTAGGGTGTCTTCAAG-1	epithelia.cuticle.cp.soft_3
fc_TTAGTCTAGTACTGTC-1	muscle.rbm24_0
fc_TTAGTCTCAAATGGAT-1	neuroglioblast.ol_14
fc_TTAGTCTCACAGAAGC-1	epithelia.cuticle.biosynthesis_13
fc_TTAGTCTGTACCGGAA-1	glia2_18
fc_TTATTGCCACAGCGCT-1	epithelia.cuticle.cp.other_1
fc_TTATTGCGTTTCGTTT-1	epithelia.cuticle.biosynthesis_13
fc_TTATTGCTCGACATCA-1	epithelia.cuticle.Osi16_2
fc_TTCAATCCAGGCACTC-1	hemocyte_16
fc_TTCACCGAGCAGGGAG-1	epithelia.cuticle.Osi16_2
fc_TTCACCGAGCCACCGT-1	muscle.rbm24_0
fc_TTCACCGAGTATTGCC-1	secretory-ECM_21
fc_TTCACCGGTACCGCGT-1	epithelia.cuticle.biosynthesis_13
fc_TTCACCGGTCCACGCA-1	epithelia.cuticle.biosynthesis_13
fc_TTCACCGGTGTCCGTG-1	epithelia.tendon_5
fc_TTCACCGTCCAAATGC-1	muscle.rbm24_0
fc_TTCACGCAGAGATGCC-1	epithelia.cuticle.biosynthesis_13
fc_TTCACGCAGGGATCGT-1	epithelia.cuticle.cp.other_1
fc_TTCACGCGTCTACAGT-1	muscle.rbm24_0
fc_TTCACGCTCATTTCCA-1	muscle.rbm24_0
fc_TTCACGCTCGTCGCTT-1	epithelia.cuticle.biosynthesis_13
fc_TTCACGCTCTGGCCAG-1	epithelia.tendon_5
fc_TTCAGGACATTACTCT-1	muscle.rbm24_0
fc_TTCAGGATCAAGCCTA-1	muscle.rbm24_0
fc_TTCAGGATCATCCCGT-1	epithelia.cuticle.Osi16_2
fc_TTCAGGATCCCGTGTT-1	epithelia.cuticle.cp.soft_3
fc_TTCAGGATCCGTGCGA-1	fat.body_10
fc_TTCAGGATCGGCTGGT-1	epithelia.cuticle.biosynthesis_13
fc_TTCATGTAGATGCCGA-1	epithelia.tendon_5
fc_TTCATGTCAGTAACGG-1	glia2_18
fc_TTCATGTGTGTACAGG-1	epithelia.cuticle.cp.other_1
fc_TTCATGTTCGGAAACG-1	epithelia.cuticle.Osi16_2
fc_TTCATTGAGCAACCAG-1	epithelia.cuticle.biosynthesis_13
fc_TTCATTGCAGCTACCG-1	muscle.rbm24_0
fc_TTCATTGCATAACTCG-1	fat.body_10
fc_TTCATTGGTCGGAACA-1	muscle.rbm24_0
fc_TTCATTGGTTAGGGAC-1	epithelia.cuticle.Osi18_6
fc_TTCATTGTCTTCACGC-1	hemocyte_16
fc_TTCCAATAGCTGGCTC-1	epithelia.cuticle.Osi18_6
fc_TTCCAATCAAGCTACT-1	muscle.rbm24_0
fc_TTCCAATCAGGGCTTC-1	epithelia.cuticle.Osi17_4
fc_TTCCAATTCCACCCTA-1	fat.body_10
fc_TTCCACGAGCAAATCA-1	epithelia.cuticle.Osi17_4
fc_TTCCACGCACTGCATA-1	epithelia.cuticle.Osi17_4
fc_TTCCACGGTCAAATCC-1	muscle.rbm24_0
fc_TTCCGGTAGAAGCTCG-1	muscle.rbm24_0
fc_TTCCGGTCAAAGGATT-1	muscle.rbm24_0
fc_TTCCGGTCACGTAGAG-1	neuron.cholinergic_11
fc_TTCCGGTCATCGCCTT-1	epithelia.cuticle.biosynthesis_13
fc_TTCCGGTCATGACAGG-1	epithelia.cuticle.cp.other_1
fc_TTCCGGTGTACAAACA-1	epithelia.cuticle.biosynthesis_13
fc_TTCCGGTGTGATGGCA-1	muscle.rbm24_0
fc_TTCCGGTTCAAACCTG-1	epithelia.cuticle.biosynthesis_13
fc_TTCCGGTTCTGCCCTA-1	muscle.rbm24_0
fc_TTCCGTGAGCTCCGAC-1	muscle.rbm24_0
fc_TTCCGTGAGGGCCTCT-1	neuroglioblast.ol_14
fc_TTCCGTGAGGTCCCTG-1	muscle.rbm24_0
fc_TTCCGTGCATATAGCC-1	muscle.rbm24_0
fc_TTCCGTGGTGCGTCGT-1	neuron.cholinergic_11
fc_TTCCTAAAGCACACCC-1	fat.body_10
fc_TTCCTAACAAGAATAC-1	epithelia.cuticle.cp.soft_3
fc_TTCCTAACACAAAGTA-1	muscle.rbm24_0
fc_TTCCTCTCAGCCTTCT-1	epithelia.tendon_5
fc_TTCCTCTCAGCGACAA-1	fat.body_10
fc_TTCCTCTCAGTGGGTA-1	epithelia.cuticle.cp.soft_3
fc_TTCCTCTGTACTGAGG-1	epithelia.cuticle.biosynthesis_13
fc_TTCCTCTTCGTCAACA-1	epithelia.cuticle.Osi17_4
fc_TTCCTCTTCTACACTT-1	epithelia.cuticle.Osi17_4
fc_TTCCTTCCATGTTCAG-1	epithelia.cuticle.biosynthesis_13
fc_TTCCTTCTCCTAGCTC-1	neuron.cholinergic_11
fc_TTCGATTAGTAGAATC-1	neuroglioblast.ol_14
fc_TTCGATTCAAGAATAC-1	epithelia.cuticle.Osi16_2
fc_TTCGATTCAGAAATTG-1	muscle.rbm24_0
fc_TTCGATTCAGCCGGTT-1	epithelia.tendon_5
fc_TTCGATTGTCATCGCG-1	epithelia.cuticle.Osi18_6
fc_TTCGATTGTGCCTATA-1	epithelia.cuticle.cp.soft_3
fc_TTCGATTGTTTCCAAG-1	epithelia.cuticle.cp.other_1
fc_TTCGATTTCTTCCTAA-1	glia2_18
fc_TTCGCTGAGAGGTATT-1	epithelia.cuticle.Osi18_6
fc_TTCGCTGAGATTTGCC-1	fat.body_10
fc_TTCGCTGAGCTGCCTG-1	muscle.rbm24_0
fc_TTCGCTGAGTAAAGCT-1	muscle.rbm24_0
fc_TTCGCTGAGTATGAGT-1	muscle.rbm24_0
fc_TTCGCTGAGTGTAGAT-1	muscle.rbm24_0
fc_TTCGCTGTCAACTGAC-1	epithelia.cuticle.biosynthesis_13
fc_TTCGCTGTCTCCTGCA-1	glia1_8
fc_TTCGGTCAGATTGTGA-1	epithelia.cuticle.Osi17_4
fc_TTCGGTCGTACAGTCT-1	epithelia.cuticle.Osi17_4
fc_TTCGGTCGTTTGCAGT-1	muscle.rbm24_0
fc_TTCGGTCTCGGCACTG-1	epithelia.cuticle.Osi17_4
fc_TTCGGTCTCTCTGCCA-1	muscle.tup_19
fc_TTCTAACAGACCAGAC-1	epithelia.cuticle.cp.rigid_7
fc_TTCTAACCAATGTGGG-1	epithelia.cuticle.biosynthesis_13
fc_TTCTAACCAGCAGATG-1	epithelia.cuticle.Osi18_6
fc_TTCTAACTCATCACTT-1	epithelia.cuticle.cp.other_1
fc_TTCTAACTCCCGAGAC-1	fat.body_10
fc_TTCTAGTCAGGTGTGA-1	epithelia.cuticle.Osi17_4
fc_TTCTAGTTCGAGGCAA-1	neuron.cholinergic_11
fc_TTCTAGTTCGAGTCTA-1	epithelia.cuticle.Osi17_4
fc_TTCTCTCCATGGCCCA-1	epithelia.cuticle.cp.other_1
fc_TTCTCTCGTAACGATA-1	muscle.tup_19
fc_TTCTCTCGTAAGATAC-1	neuroglioblast.ol_14
fc_TTCTCTCGTTTCACTT-1	muscle.rbm24_0
fc_TTCTGTAAGACATAAC-1	epithelia.cuticle.Osi17_4
fc_TTCTGTAAGAGCGACT-1	muscle.rbm24_0
fc_TTCTGTAAGGGATCGT-1	muscle.rbm24_0
fc_TTCTGTACACCTGAAT-1	muscle.rbm24_0
fc_TTCTGTACAGACTGCC-1	muscle.rbm24_0
fc_TTCTGTATCGCGTGCA-1	fat.body_10
fc_TTCTGTATCGGATACT-1	epithelia.cuticle.Osi17_4
fc_TTCTTCCCAATGGCAG-1	trachea_15
fc_TTCTTCCCACAATCTG-1	neuron.cholinergic_11
fc_TTCTTCCCATAAGCAA-1	epithelia.cuticle.cp.soft_3
fc_TTCTTCCTCATGTCAG-1	neuron.cholinergic_11
fc_TTCTTCCTCGATGGAG-1	muscle.rbm24_0
fc_TTCTTCCTCGCGTGCA-1	hemocyte_16
fc_TTCTTGAAGCTGACAG-1	muscle.rbm24_0
fc_TTCTTGAAGGTCATAA-1	muscle.rbm24_0
fc_TTCTTGAAGTTAGAAC-1	epithelia.cuticle.Osi17_4
fc_TTCTTGACACAATCTG-1	epithelia.cuticle.cp.other_1
fc_TTCTTGACATCGAACT-1	muscle.rbm24_0
fc_TTCTTGACATGACGTT-1	epithelia.tendon_5
fc_TTCTTGAGTTGGAGAC-1	glia1_8
fc_TTCTTGATCACCATCC-1	epithelia.cuticle.Osi17_4
fc_TTGAACGAGGCTTAAA-1	epithelia.cuticle.Osi17_4
fc_TTGAACGAGTCACTAC-1	muscle.rbm24_0
fc_TTGAACGCAAATTGGA-1	epithelia.cuticle.Osi17_4
fc_TTGAACGCACTGGACC-1	epithelia.cuticle.Osi17_4
fc_TTGAACGGTAAGCGGT-1	epithelia.cuticle.Osi17_4
fc_TTGAACGGTCACATTG-1	epithelia.cuticle.Osi17_4
fc_TTGAACGTCCATTTGT-1	muscle.tup_19
fc_TTGAACGTCCGCTGTT-1	neuroglioblast.ol_14
fc_TTGACCCAGAAATTCG-1	muscle.rbm24_0
fc_TTGACCCAGACATCCT-1	epithelia.cuticle.Osi14_12
fc_TTGACCCAGCGTGTCC-1	hemocyte_16
fc_TTGACCCCAGCCTACG-1	epithelia.cuticle.cp.rigid_7
fc_TTGACCCCAGCTATAC-1	epithelia.tendon_5
fc_TTGACCCCATCGATAC-1	epithelia.cuticle.cp.rigid_7
fc_TTGACCCCATGACTGT-1	epithelia.cuticle.Osi17_4
fc_TTGAGTGCACCTCTGT-1	muscle.rbm24_0
fc_TTGAGTGCAGGCGAAT-1	neuron.cholinergic_11
fc_TTGAGTGCATTAAGCC-1	neuron.cholinergic_11
fc_TTGAGTGGTGAAGCGT-1	epithelia.olfactory.support_9
fc_TTGAGTGGTGAGTTGG-1	epithelia.cuticle.cp.other_1
fc_TTGAGTGTCCGTCCTA-1	epithelia.cuticle.Osi18_6
fc_TTGAGTGTCGAGAATA-1	epithelia.cuticle.Osi17_4
fc_TTGATGGAGTAAGAGG-1	muscle.rbm24_0
fc_TTGATGGCACACACGC-1	fat.body_10
fc_TTGATGGCACGTCGGT-1	epithelia.cuticle.Osi17_4
fc_TTGATGGCATTCAGGT-1	epithelia.cuticle.cp.other_1
fc_TTGATGGGTGTGTCCG-1	muscle.rbm24_0
fc_TTGATGGGTTCTCCCA-1	epithelia.cuticle.cp.other_1
fc_TTGATGGTCATGTCAG-1	glia1_8
fc_TTGATGGTCCTACACC-1	muscle.rbm24_0
fc_TTGATGGTCGGTCGAC-1	epithelia.cuticle.biosynthesis_13
fc_TTGATGGTCTAAGCGT-1	epithelia.cuticle.cp.rigid_7
fc_TTGCATTAGTCAATCC-1	epithelia.cuticle.cp.other_1
fc_TTGCATTAGTTACGAA-1	epithelia.cuticle.Osi18_6
fc_TTGCATTCACCAGTTA-1	epithelia.tendon_5
fc_TTGCATTCACTAACCA-1	epithelia.cuticle.Osi16_2
fc_TTGCATTCACTTTATC-1	muscle.rbm24_0
fc_TTGCATTGTTCTTCAT-1	epithelia.cuticle.Osi16_2
fc_TTGCATTTCCGTGGGT-1	glia1_8
fc_TTGCCTGAGAAGTCTA-1	muscle.rbm24_0
fc_TTGCCTGCACACCGCA-1	epithelia.cuticle.Osi17_4
fc_TTGCCTGGTACCCGCA-1	epithelia.cuticle.Osi18_6
fc_TTGCCTGGTATACGGG-1	epithelia.cuticle.cp.soft_3
fc_TTGCCTGGTGTTTGCA-1	neuroglioblast.ol_14
fc_TTGCCTGGTTGTTGAC-1	fat.body_10
fc_TTGCCTGTCGTCTACC-1	fat.body_10
fc_TTGCCTGTCTCGTGAA-1	muscle.rbm24_0
fc_TTGCGTCGTAACAGTA-1	trachea_15
fc_TTGCGTCTCCGCGGAT-1	epithelia.cuticle.Osi16_2
fc_TTGCGTCTCGGTCACG-1	muscle.rbm24_0
fc_TTGCTGCAGCCTTCTC-1	epithelia.cuticle.Osi17_4
fc_TTGCTGCAGCGAGAAA-1	neuroglioblast.castor_17
fc_TTGCTGCAGTTCCAGT-1	neuron.cholinergic_11
fc_TTGCTGCGTCCCGTGA-1	muscle.rbm24_0
fc_TTGCTGCGTTACACAC-1	muscle.rbm24_0
fc_TTGGATGAGGACACTG-1	muscle.rbm24_0
fc_TTGGATGTCGCCAGTG-1	fat.body_10
fc_TTGGGATAGCGAACTG-1	epithelia.cuticle.Osi16_2
fc_TTGGGATAGGATTTCC-1	epithelia.cuticle.Osi17_4
fc_TTGGGATAGTCTAACC-1	muscle.rbm24_0
fc_TTGGGATCACAATTCG-1	muscle.rbm24_0
fc_TTGGGATCATCGTCCT-1	epithelia.cuticle.Osi17_4
fc_TTGGGATGTACTGACT-1	muscle.rbm24_0
fc_TTGGGATTCGAAGAAT-1	epithelia.cuticle.Osi16_2
fc_TTGGGCGAGACATACA-1	epithelia.cuticle.Osi18_6
fc_TTGGGCGCACAACATC-1	neuron.cholinergic_11
fc_TTGGGCGCAGGGATAC-1	epithelia.cuticle.Osi17_4
fc_TTGGGCGTCACCTTAT-1	epithelia.cuticle.Osi17_4
fc_TTGGGTAAGAGGTGCT-1	muscle.rbm24_0
fc_TTGGGTAAGATACATG-1	fat.body_10
fc_TTGGGTAAGGAACGCT-1	muscle.rbm24_0
fc_TTGGGTACAAGAGTAT-1	epithelia.cuticle.Osi18_6
fc_TTGGGTAGTTTCTTAC-1	muscle.tup_19
fc_TTGGGTATCACCTCAC-1	epithelia.cuticle.cp.soft_3
fc_TTGGTTTAGGACCCAA-1	epithelia.cuticle.cp.rigid_7
fc_TTGGTTTCAACGACAG-1	epithelia.cuticle.Osi17_4
fc_TTGGTTTCAGCATACT-1	epithelia.cuticle.biosynthesis_13
fc_TTGGTTTCAGCTACAT-1	neuroglioblast.castor_17
fc_TTGGTTTGTCGTACAT-1	muscle.rbm24_0
fc_TTGGTTTGTGGCTCTG-1	muscle.rbm24_0
fc_TTGGTTTGTTGAGTCT-1	epithelia.cuticle.Osi18_6
fc_TTGTGGAAGCGATGAC-1	epithelia.cuticle.Osi16_2
fc_TTGTGGACAAGCGAGT-1	fat.body_10
fc_TTGTGGAGTAGATCCT-1	neuroglioblast.ol_14
fc_TTGTGGAGTCCGGTGT-1	muscle.rbm24_0
fc_TTGTGGAGTTTATGCG-1	trachea_15
fc_TTGTGGATCTTGGTCC-1	epithelia.cuticle.Osi18_6
fc_TTGTGTTAGTATGGCG-1	epithelia.cuticle.Osi17_4
fc_TTGTGTTCAAAGGGTC-1	glia1_8
fc_TTGTGTTCAACCTAAC-1	epithelia.cuticle.Osi17_4
fc_TTGTGTTCAGTCAGAG-1	glia1_8
fc_TTGTGTTCATCGTTCC-1	epithelia.cuticle.Osi17_4
fc_TTGTGTTCATGAAGGC-1	epithelia.cuticle.biosynthesis_13
fc_TTGTGTTCATTGACTG-1	muscle.rbm24_0
fc_TTGTGTTGTCAGCTTA-1	muscle.rbm24_0
fc_TTGTGTTTCCTGGGAC-1	epithelia.tendon_5
fc_TTGTTCAAGCCATCCG-1	glia1_8
fc_TTGTTCACAACCGGAA-1	glia1_8
fc_TTGTTCAGTTGTACGT-1	muscle.rbm24_0
fc_TTGTTCATCAGCGTCG-1	epithelia.cuticle.Osi18_6
fc_TTGTTCATCGGTCTAA-1	fat.body_10
fc_TTGTTGTGTGAATGTA-1	neuroglioblast.castor_17
fc_TTGTTTGAGCAAGCCA-1	muscle.rbm24_0
fc_TTGTTTGCACGGCTAC-1	muscle.rbm24_0
fc_TTGTTTGCACTAAACC-1	epithelia.cuticle.Osi17_4
fc_TTGTTTGGTCAACCTA-1	muscle.rbm24_0
fc_TTGTTTGTCCATCGTC-1	hemocyte_16
fc_TTGTTTGTCCTACACC-1	epithelia.cuticle.Osi16_2
fc_TTGTTTGTCGGTATGT-1	glia1_8
fc_TTGTTTGTCTCCGATC-1	epithelia.cuticle.Osi17_4
fc_TTTACCAAGTAAGAGG-1	hemocyte_16
fc_TTTACCACATTCAGCA-1	epithelia.cuticle.Osi18_6
fc_TTTACCATCGAGCTGC-1	muscle.rbm24_0
fc_TTTACCATCTACCACC-1	glia1_8
fc_TTTACGTCAGGGCTTC-1	epithelia.cuticle.Osi16_2
fc_TTTACGTGTGGGTCAA-1	epithelia.cuticle.Osi17_4
fc_TTTACTGAGACTCATC-1	epithelia.cuticle.Osi16_2
fc_TTTACTGAGCATATGA-1	hemocyte_16
fc_TTTACTGAGGAAAGAC-1	epithelia.cuticle.Osi17_4
fc_TTTACTGAGTAGACCG-1	muscle.rbm24_0
fc_TTTACTGCAACCCTCT-1	muscle.rbm24_0
fc_TTTACTGCAGCAGAAC-1	trachea_15
fc_TTTACTGTCATCGGGC-1	neuron.cholinergic_11
fc_TTTACTGTCCAGCAAT-1	muscle.rbm24_0
fc_TTTAGTCAGATAGGGA-1	epithelia.cuticle.cp.soft_3
fc_TTTAGTCAGCGAGTAC-1	muscle.rbm24_0
fc_TTTAGTCCACGAAAGC-1	epithelia.cuticle.Osi18_6
fc_TTTAGTCGTCATCAGT-1	neuroglioblast.ol_14
fc_TTTAGTCGTTGCCTAA-1	muscle.rbm24_0
fc_TTTATGCCACCACATA-1	muscle.rbm24_0
fc_TTTATGCGTAGCCAGA-1	epithelia.cuticle.Osi17_4
fc_TTTATGCGTCAGGTAG-1	epithelia.cuticle.cp.other_1
fc_TTTATGCGTGGCCCAT-1	muscle.rbm24_0
fc_TTTATGCGTTACACTG-1	secretory-ECM_21
fc_TTTATGCGTTAGGGAC-1	epithelia.tendon_5
fc_TTTCACAAGTACGTCT-1	epithelia.cuticle.cp.soft_3
fc_TTTCACAAGTGCAAAT-1	epithelia.cuticle.biosynthesis_13
fc_TTTCACAGTACCACGC-1	epithelia.cuticle.Osi18_6
fc_TTTCACATCAGTGTCA-1	glia1_8
fc_TTTCAGTAGCACCGTC-1	epithelia.cuticle.cp.soft_3
fc_TTTCAGTAGTGGGAAA-1	glia2_18
fc_TTTCAGTGTGGATACG-1	epithelia.cuticle.cp.rigid_7
fc_TTTCAGTTCGCAGTGC-1	muscle.rbm24_0
fc_TTTCATGAGTGCCTCG-1	epithelia.cuticle.Osi18_6
fc_TTTCATGAGTTGTACC-1	epithelia.cuticle.biosynthesis_13
fc_TTTCATGGTCAGATTC-1	epithelia.cuticle.cp.rigid_7
fc_TTTCATGGTCCACAGC-1	neuroglioblast.castor_17
fc_TTTCATGTCCCGTTGT-1	epithelia.cuticle.cp.soft_3
fc_TTTCCTCAGTTATGGA-1	epithelia.cuticle.Osi16_2
fc_TTTCCTCCAGAACTCT-1	epithelia.cuticle.cp.soft_3
fc_TTTCCTCCATTAGGCT-1	epithelia.cuticle.cp.other_1
fc_TTTCCTCGTCATCCCT-1	neuroglioblast.ol_14
fc_TTTCCTCGTCTGCAAT-1	muscle.rbm24_0
fc_TTTCCTCTCCATCCGT-1	neuron.chol.ciliated_20
fc_TTTCCTCTCTCTCGCA-1	epithelia.cuticle.Osi18_6
fc_TTTCGATAGCAACAAT-1	muscle.rbm24_0
fc_TTTCGATAGCAACTTC-1	neuron.cholinergic_11
fc_TTTCGATAGGAGAGTA-1	epithelia.cuticle.biosynthesis_13
fc_TTTCGATAGGATTCCT-1	epithelia.cuticle.biosynthesis_13
fc_TTTCGATCAATAGTCC-1	muscle.rbm24_0
fc_TTTCGATCACTAGGTT-1	neuron.chol.ciliated_20
fc_TTTCGATCAGGCAATG-1	epithelia.cuticle.cp.other_1
fc_TTTCGATCAGGCATTT-1	epithelia.cuticle.Osi18_6
fc_TTTCGATGTACATTGC-1	muscle.rbm24_0
fc_TTTCGATGTCTACACA-1	epithelia.cuticle.cp.rigid_7
fc_TTTCGATGTGAACTAA-1	fat.body_10
fc_TTTGACTAGCACTAAA-1	fat.body_10
fc_TTTGACTAGCTCTGTA-1	epithelia.cuticle.cp.other_1
fc_TTTGACTCAACAGCCC-1	neuroglioblast.ol_14
fc_TTTGACTCACGGATCC-1	muscle.rbm24_0
fc_TTTGACTCAGAACTCT-1	muscle.rbm24_0
fc_TTTGACTGTGAACCGA-1	glia1_8
fc_TTTGACTGTGGTCCCA-1	epithelia.cuticle.biosynthesis_13
fc_TTTGACTGTTAGAAGT-1	muscle.rbm24_0
fc_TTTGACTTCGACGACC-1	epithelia.cuticle.cp.rigid_7
fc_TTTGATCAGAACTCCT-1	epithelia.cuticle.Osi17_4
fc_TTTGATCAGCGATCGA-1	epithelia.cuticle.Osi17_4
fc_TTTGATCAGGAATGTT-1	epithelia.cuticle.cp.soft_3
fc_TTTGATCAGGAGACCT-1	glia1_8
fc_TTTGATCAGTCAATCC-1	epithelia.cuticle.Osi16_2
fc_TTTGATCCAGCAGTCC-1	muscle.rbm24_0
fc_TTTGATCGTACGACTT-1	neuroglioblast.ol_14
fc_TTTGGAGAGCCTGGAA-1	fat.body_10
fc_TTTGGAGCATTCTCTA-1	epithelia.cuticle.cp.soft_3
fc_TTTGGAGGTATTCTCT-1	fat.body_10
fc_TTTGGAGTCCAAATGC-1	epithelia.cuticle.Osi17_4
fc_TTTGGAGTCGTCAGAT-1	epithelia.cuticle.biosynthesis_13
fc_TTTGGTTAGAGAAGGT-1	muscle.rbm24_0
fc_TTTGGTTAGGACTGGT-1	epithelia.cuticle.Osi17_4
fc_TTTGGTTAGTTGCGAG-1	muscle.rbm24_0
fc_TTTGGTTGTGTAGCAG-1	muscle.rbm24_0
fc_TTTGTTGAGAAACTGT-1	epithelia.cuticle.Osi18_6
fc_TTTGTTGAGAGGGTAA-1	muscle.rbm24_0
fc_TTTGTTGAGCAGTCTT-1	secretory-ECM_21
fc_TTTGTTGAGGGATCGT-1	epithelia.cuticle.Osi17_4
fc_TTTGTTGCATTGCTGA-1	epithelia.cuticle.cp.other_1
fc_TTTGTTGGTAGCGCCT-1	epithelia.cuticle.Osi16_2
fc_TTTGTTGGTATGTCCA-1	muscle.rbm24_0
fc_TTTGTTGTCTATGTGG-1	muscle.rbm24_0
