Peak_ID	Potential	Bound_FC	Bound_NC	p_value	padj	log2FC
peak_2	173	39	81	3.0924114959915767e-06	8.869788378705571e-06	-1.0356239097307214
peak_17	150	0	52	2.0568325777571243e-18	3.336785079966494e-17	-5.7279204545632
peak_22	450	0	84	1.4357215137559737e-27	6.529969099172259e-26	-6.409390936137702
peak_26	684	46	37	0.3650040395456668	0.4214257881789725	0.30666133823405195
peak_31	104	0	30	1.6102902147658526e-10	8.791873905699092e-10	-4.954196310386875
peak_32	443	0	14	0.00010997962203220393	0.0002497709293945817	-3.9068905956085187
peak_35	377	36	50	0.13603852871197378	0.1770064534505222	-0.46297197634254583
peak_36	411	0	50	3.6338872388354755e-16	4.396917243379552e-15	-5.672425341971495
peak_38	191	0	33	5.128511489361636e-11	3.03070040914248e-10	-5.087462841250339
peak_39	262	0	67	1.0610030175912977e-22	2.844604932426353e-21	-6.087462841250339
peak_43	101	12	0	0.00034523555047067924	0.0007386097833253423	3.700439718141092
peak_46	64	0	34	2.697755187812564e-13	2.202302071589295e-12	-5.129283016944966
peak_51	331	78	17	6.331838923156748e-12	4.312083886973325e-11	2.1338557467347905
peak_57	172	6	0	0.02989539313506525	0.04548600138292186	2.807354922057604
peak_59	375	24	14	0.13306944167429582	0.1736310798895653	0.7369655941662062
peak_61	128	52	12	7.382708934456795e-09	3.110630216056486e-08	2.027480736422107
peak_62	420	105	98	0.6287451387530931	0.6721240095072921	0.09856383448358957
peak_64	100	0	21	2.9526107357401764e-07	9.862687926465875e-07	-4.459431618637297
peak_68	527	21	0	7.783030100919538e-07	2.4204368335826696e-06	4.459431618637297
peak_71	161	0	5	0.060562114864402966	0.08591016795301273	-2.584962500721156
peak_79	918	197	171	0.1449298716897646	0.1874740392045863	0.20309186537751173
peak_80	287	84	60	0.026596280595347063	0.04105498586445392	0.4786535985748155
peak_81	632	114	80	0.009890435416986717	0.016379024061810903	0.5056400480597506
peak_84	160	16	0	2.0574348000034937e-05	5.227218389634812e-05	4.087462841250339
peak_90	441	64	98	0.00401576366455754	0.00707585614225393	-0.6069888070511551
peak_92	91	12	9	0.6435244184282062	0.685797779806126	0.37851162325372983
peak_99	112	0	11	0.0007547036952739013	0.0015298291379726436	-3.584962500721156
peak_105	146	27	0	3.963814744784986e-09	1.737665431147566e-08	4.807354922057604
peak_109	113	42	0	4.108046705392059e-15	4.236111319284848e-14	5.426264754702098
peak_112	244	102	91	0.35456189133009314	0.4114210192335978	0.16293857112620563
peak_115	287	31	0	3.956741996595914e-10	2.0256928372522194e-09	5.0
peak_121	310	76	51	0.01670892389428947	0.02654873933796337	0.5663468225538093
peak_155	212	29	0	1.3333675697404004e-09	6.277425508556007e-09	4.906890595608519
peak_158	762	267	197	0.0001201197176016243	0.00027074771746136023	0.4367325703781629
peak_162	205	79	145	7.754561483319721e-11	4.4483937157692184e-10	-0.867896463992655
peak_165	1037	111	119	0.6245598365487256	0.6688055092241346	-0.0995356735509144
peak_169	207	33	0	5.824304756792053e-11	3.42203096091104e-10	5.087462841250339
peak_174	423	6	57	3.1963172267086493e-12	2.2708563393101617e-11	-3.050626073069968
peak_180	1270	52	392	1.2949074164003462e-77	1.3192516758286727e-74	-2.890465047695407
peak_181	258	113	64	7.780007479771388e-06	2.092468748783287e-05	0.8105222011362871
peak_189	658	72	46	0.01556210267810888	0.024850580264039697	0.6352357072023798
peak_192	155	81	90	0.3609422631773364	0.4177777524711092	-0.15024263558061254
peak_197	438	78	18	4.506160778860629e-11	2.6847231587738063e-10	2.0558532347335174
peak_201	583	20	57	1.5639736277078796e-05	4.0359076289482975e-05	-1.4656635723488118
peak_204	466	63	6	6.994538179117816e-14	6.25090833060108e-13	3.192645077942396
peak_208	340	52	42	0.3173337935771022	0.37375684265474185	0.3016556998611012
peak_211	91	6	0	0.02870354337155206	0.044001158571979	2.807354922057604
peak_212	58	44	19	5.6073722328972975e-06	1.549703692655885e-05	1.1699250014423124
peak_213	119	0	5	0.05987970194811024	0.08515555603675978	-2.584962500721156
peak_235	374	87	102	0.2387548016066844	0.29165874325766195	-0.2270689085459212
peak_236	241	52	33	0.031040396933763263	0.04673951580862846	0.6404576133128598
peak_238	275	39	20	0.012593481929456288	0.020508694676678495	0.9296106721086019
peak_239	451	7	54	1.186893202415742e-10	6.600473769766146e-10	-2.7813597135246595
peak_241	319	53	46	0.5119297393521469	0.5655541297462234	0.20029865048583131
peak_247	166	0	84	6.339095200322179e-32	3.986586537091504e-30	-6.409390936137702
peak_252	262	0	48	6.634275668696597e-16	7.594382080076509e-15	-5.614709844115208
peak_253	262	92	74	0.11027688526959314	0.1467861127680448	0.3103401206121505
peak_265	156	27	20	0.34238190870147517	0.3990147432910809	0.41503749927884376
peak_267	192	14	11	0.6798864816639505	0.7175462764329513	0.32192809488736235
peak_268	160	0	15	4.32770768276597e-05	0.00010477824589358294	-4.0
peak_269	674	44	99	1.3829039723437318e-06	4.160964462562889e-06	-1.15200309344505
peak_272	225	53	44	0.35912977616571184	0.41596341059302777	0.2630344058337938
peak_283	77	39	0	5.255805088856999e-15	5.365344914356222e-14	5.321928094887363
peak_286	274	45	51	0.5743480532443952	0.6252893744874864	-0.17687776208407935
peak_288	219	0	6	0.030184737459883162	0.045857755031507554	-2.807354922057604
peak_289	223	68	83	0.1611459297884138	0.20599181087633123	-0.2837929660005913
peak_293	216	83	13	8.4697776788786e-17	1.0861084041746794e-15	2.584962500721156
peak_296	782	43	23	0.016256272465613404	0.02587795373119834	0.874469117916141
peak_298	337	93	109	0.2071891615282615	0.2580492882212626	-0.2267708618470223
peak_302	493	227	250	0.16088595173597053	0.20579334618216943	-0.13865353978603037
peak_310	427	10	50	5.989731685519805e-08	2.2061961826491603e-07	-2.2129937233341983
peak_314	183	0	72	6.601760608426893e-26	2.4020977528090422e-24	-6.189824558880018
peak_321	551	94	103	0.5294478030188096	0.5822554206774214	-0.13058410981014437
peak_322	189	18	0	4.989980782851387e-06	1.3928198415257516e-05	4.247927513443585
peak_323	302	88	58	0.005737526677518067	0.009941143161658856	0.5930903816045565
peak_324	141	0	11	0.0007974433178758015	0.0016068735210677742	-3.584962500721156
peak_325	814	143	119	0.12072652059087167	0.1592802113156955	0.2630344058337938
peak_326	258	71	60	0.31178377864887685	0.36817100817237247	0.23918766387942605
peak_329	183	62	12	4.117208912670201e-11	2.4761584653060215e-10	2.276840205358824
peak_330	366	186	163	0.10345046311073751	0.13828909569515102	0.18934245526955285
peak_331	262	34	12	0.000994031100623809	0.0019348851458072921	1.4288432988038744
peak_333	216	26	15	0.0997179819254416	0.13399192823218134	0.7548875021634686
peak_341	768	17	19	0.8663645911938747	0.8822993257780083	-0.15200309344504995
peak_345	178	0	26	1.113677202737096e-08	4.56401582521542e-08	-4.754887502163468
peak_348	747	425	419	0.7941607904684185	0.8161095555065814	0.020464102559715532
peak_349	391	0	28	4.514015893966692e-09	1.9670142826232957e-08	-4.857980995127572
peak_353	232	23	74	5.954307388052537e-09	2.5403050112847257e-08	-1.6438561897747246
peak_354	206	0	92	7.150813245444042e-34	5.130456714407316e-32	-6.539158811108031
peak_356	268	155	205	5.95037803414411e-06	1.6305124102167884e-05	-0.40109830832097004
peak_358	618	216	221	0.811906628614838	0.832330924967596	-0.03286463390562663
peak_361	326	54	32	0.014713618518724146	0.023703723192403797	0.7369655941662062
peak_365	516	109	127	0.20760654448774862	0.2584427511291768	-0.2186402864753404
peak_369	159	27	19	0.26430561648040024	0.3192726607425086	0.48542682717024166
peak_374	659	267	195	4.050860409095527e-05	9.84968158660268e-05	0.45137934634256416
peak_377	361	40	51	0.2620670736761212	0.31679394240772696	-0.3428877135230085
peak_378	83	0	11	0.0006854503160276035	0.0014017197550560466	-3.584962500721156
peak_379	468	69	86	0.15930087144882435	0.20394034660977917	-0.3136604789037618
peak_381	323	0	22	3.293780899724102e-07	1.0912899927288241e-06	-4.523561956057013
peak_382	192	80	77	0.8355783216287586	0.853848740296268	0.0544477840223765
peak_384	540	130	143	0.4008297364068227	0.4572960083440884	-0.13650199990486211
peak_387	224	84	161	3.1604055024704034e-13	2.5594762527160946e-12	-0.930459066746923
peak_390	148	64	59	0.6371760860122858	0.6797434517584469	0.11547721741993588
peak_402	297	25	28	0.7737238856817995	0.7980055625962921	-0.15754127698647993
peak_409	128	0	31	1.177071524010923e-10	6.560177618502889e-10	-5.0
peak_411	183	46	82	0.00011645306725886366	0.00026313055170665934	-0.8204505796692872
peak_420	344	44	0	2.6167749290894108e-14	2.4458443098681574e-13	5.491853096329675
peak_426	137	0	35	4.8115705071200825e-12	3.334712947383633e-11	-5.169925001442312
peak_427	161	0	9	0.0034824343186760343	0.0062091426038976966	-3.321928094887362
peak_429	540	120	97	0.09463321048685523	0.1276984302569644	0.3041533931593862
peak_432	211	0	28	2.8557695291148813e-09	1.2771984180255669e-08	-4.857980995127572
peak_451	276	0	30	8.097900493902231e-10	3.977888632202311e-09	-4.954196310386875
peak_452	219	10	0	0.0017584007182246597	0.003277458199281528	3.4594316186372973
peak_460	160	0	20	1.0130769105169802e-06	3.0957491194802023e-06	-4.392317422778761
peak_464	292	0	29	1.7931097672923471e-09	8.303728322352015e-09	-4.906890595608519
peak_472	248	0	18	5.541074092247236e-06	1.5340343166254035e-05	-4.247927513443585
peak_476	299	29	0	1.8256598834984776e-09	8.446786054987507e-09	4.906890595608519
peak_488	641	73	80	0.6053429737843921	0.653862830461767	-0.13039663725567502
peak_489	161	0	16	2.0627391758977984e-05	5.2380824337105605e-05	-4.087462841250339
peak_509	77	23	0	3.4487869741643777e-08	1.3110537945069655e-07	4.584962500721156
peak_540	242	86	0	2.500442208146006e-30	1.3695970546554574e-28	6.442943495848728
peak_543	40	11	0	0.00044128129275043356	0.0009267297865625962	3.584962500721156
peak_548	266	0	24	6.926329173716691e-08	2.5346782191747717e-07	-4.643856189774724
peak_549	359	0	19	2.9873079128176355e-06	8.60709644111597e-06	-4.321928094887363
peak_550	230	0	41	1.2839822376305648e-13	1.0974170333037076e-12	-5.392317422778761
peak_553	378	57	81	0.030100384696818423	0.0457568963430597	-0.49957100949051164
peak_554	157	0	11	0.0008146707539646138	0.0016357638236877189	-3.584962500721156
peak_555	267	0	31	3.6963124416474084e-10	1.905770807464767e-09	-5.0
peak_558	266	36	86	3.251797408123312e-07	1.0784281248033954e-06	-1.2334901302197785
peak_562	164	16	21	0.48551617366979183	0.5398863542182755	-0.3719687773869579
peak_564	40	23	0	2.5978999404300033e-09	1.1680231506222804e-08	4.584962500721156
peak_576	291	98	103	0.7273566750295333	0.7581655213015024	-0.07108309806148262
peak_583	266	0	39	8.092749894061505e-13	6.199168114338242e-12	-5.321928094887363
peak_585	410	31	45	0.11698332544944459	0.1547826129453171	-0.523561956057013
peak_590	344	76	47	0.005192965875148319	0.009049937792680648	0.6818240399737453
peak_596	196	10	0	0.0017363265989717971	0.0032470072302358054	3.4594316186372973
peak_598	732	243	201	0.019693767987785767	0.030943878510111256	0.2725258548110915
peak_601	177	93	86	0.5236421279368861	0.5771166161208346	0.11164535582890908
peak_602	539	147	178	0.0463830156437243	0.06788941257752322	-0.2743624116353066
peak_648	394	99	38	1.0763558715852944e-08	4.425308159689661e-08	1.3584539709124765
peak_653	149	13	0	0.0001857595534625947	0.00040981341071392704	3.807354922057604
peak_672	673	142	133	0.5886847740646741	0.6385775636894059	0.0937821463206171
peak_674	532	138	58	2.6166917939182063e-10	1.3784310236007594e-09	1.236298023361666
peak_691	247	0	9	0.0036270649854242398	0.006439968294092394	-3.321928094887362
peak_697	442	64	70	0.6392355275198114	0.6817976920406028	-0.12737930647622756
peak_700	280	6	0	0.030415962736116388	0.04604425384183563	2.807354922057604
peak_704	207	17	53	2.961324111385877e-06	8.546733724305755e-06	-1.5849625007211563
peak_707	205	110	80	0.004021618235375961	0.007083721746543964	0.45456586346548133
peak_710	72	48	0	3.5267516743145054e-20	7.129076598792894e-19	5.614709844115208
peak_712	67	48	0	7.289385079357664e-21	1.5868430595832453e-19	5.614709844115208
peak_713	348	144	99	0.0004560075315800804	0.000954748198055458	0.5360529002402097
peak_714	349	106	76	0.012293745258337863	0.02005262194875859	0.4746804457062455
peak_715	138	0	8	0.007038737473448513	0.012011835406950328	-3.1699250014423126
peak_719	517	168	185	0.294012907968569	0.3500939114520548	-0.13827937482584712
peak_720	476	24	201	2.1302757643499007e-45	4.019120275406812e-43	-3.01435529297707
peak_723	428	107	95	0.3759396970707077	0.43228822051426297	0.16992500144231237
peak_725	305	194	211	0.17015896729300736	0.2165891502725086	-0.12059014081358854
peak_750	145	22	19	0.7364095556773427	0.7654091566252568	0.2016338611696504
peak_756	260	46	112	3.704039677618022e-10	1.9078238743969875e-09	-1.2655901107375505
peak_774	527	227	217	0.5745179871311167	0.6253407321465616	0.06470568938781525
peak_778	202	7	0	0.014820920794526677	0.02384642151842037	3.0
peak_791	559	25	37	0.150080054120252	0.19354627738950977	-0.5474877953024933
peak_796	311	49	0	4.5598089443738e-16	5.465333355915326e-15	5.643856189774724
peak_801	213	98	81	0.11617426156559203	0.15383199594882396	0.2718046154615259
peak_807	390	90	118	0.028667454733837475	0.04395906514574596	-0.38702312310924736
peak_823	164	0	23	1.0407685101594492e-07	3.720473537369989e-07	-4.584962500721156
peak_824	213	77	101	0.023732172900656472	0.03689911734454113	-0.38702312310924736
peak_825	168	0	8	0.007174133000679385	0.01221833283365456	-3.1699250014423126
peak_829	610	102	96	0.6979173762824749	0.7342402137098155	0.08658768499609071
peak_834	371	57	0	1.349076376534972e-18	2.2637549598481087e-17	5.857980995127572
peak_850	574	114	129	0.3117692637118835	0.36817100817237247	-0.17687776208407935
peak_851	218	135	150	0.1586781747965494	0.20324531617139113	-0.15094189807473943
peak_854	388	96	213	8.954247780775401e-18	1.3069609798071603e-16	-1.1415541442140194
peak_859	156	32	77	1.297916874708062e-07	4.591380944279769e-07	-1.2410080995037949
peak_864	447	9	0	0.0037506240072920027	0.006631613569297279	3.321928094887362
peak_874	219	13	23	0.11638231496641932	0.1540674408625104	-0.777607578663552
peak_875	212	66	83	0.10345892102360042	0.13828909569515102	-0.32622823232098774
peak_881	186	26	0	1.1655628422804489e-08	4.7575137168081785e-08	4.754887502163468
peak_890	502	189	211	0.17578220325137364	0.22313345212123034	-0.1580648462322513
peak_891	401	161	181	0.17487072847937318	0.22208713310244999	-0.16794463731407164
peak_893	642	268	310	0.021418816916140466	0.033509660126173076	-0.20930840757397837
peak_903	226	0	5	0.06111882033985352	0.0863259649709883	-2.584962500721156
peak_907	620	186	226	0.018652691309534824	0.029435195021923915	-0.2796540274032784
peak_909	314	11	18	0.25362377028898964	0.30797603953566466	-0.6629650127224294
peak_912	832	138	143	0.7935599378838616	0.8159839491389521	-0.050983928718804916
peak_914	188	65	42	0.011728189527058477	0.019222457352263796	0.6181293646563556
peak_917	361	47	0	2.8646459450915048e-15	3.0212228663138976e-14	5.584962500721156
peak_919	120	13	20	0.26054488062148595	0.31517825264446675	-0.5849625007211563
peak_931	126	14	27	0.039621964338626525	0.058689818651050746	-0.9004643264490856
peak_933	391	47	0	3.265058676563506e-15	3.4152379668202256e-14	5.584962500721156
peak_937	392	24	15	0.18820432739342352	0.23664886849507602	0.6438561897747247
peak_938	839	90	94	0.814747207076542	0.834738992929989	-0.06206096813225161
peak_948	207	147	117	0.002964274814526374	0.0053413568819233636	0.3268103162671085
peak_949	69	8	0	0.00630315969340524	0.010873110558146392	3.169925001442312
peak_955	271	64	81	0.1203669565712771	0.1588881256216858	-0.33518419158962914
peak_965	297	57	0	7.085729754120873e-19	1.236120115325059e-17	5.857980995127572
peak_971	268	68	10	2.568098898012323e-13	2.1133918879603834e-12	2.649092838140872
peak_979	116	0	27	2.6876208579349916e-09	1.2062326564159337e-08	-4.807354922057605
peak_986	642	38	48	0.3150321772054623	0.371561451883451	-0.32930762525295987
peak_994	98	57	66	0.23712821104904744	0.29008912273867615	-0.2081081953302004
peak_996	343	76	53	0.03131840911224765	0.04710244346554164	0.5118990385314327
peak_997	77	28	38	0.14252189436835208	0.1847344859827953	-0.42742122373467617
peak_999	288	119	114	0.7342086702374158	0.7635890090219265	0.06140054466414327
peak_1001	477	34	29	0.6023588469312701	0.6511891458910506	0.22239242133644802
peak_1006	205	29	0	1.2839415095222777e-09	6.072792989328211e-09	4.906890595608519
peak_1008	97	58	68	0.1754450623733463	0.22276100392069445	-0.22588140741632776
peak_1013	299	0	25	3.5320763477388606e-08	1.3407151203712187e-07	-4.700439718141092
peak_1017	599	74	85	0.39450437877328204	0.4509886233103902	-0.19744606420621708
peak_1019	246	0	23	1.390663259252402e-07	4.895672869821518e-07	-4.584962500721156
peak_1020	81	0	11	0.0006790643455554168	0.0013903351190752786	-3.584962500721156
peak_1022	350	28	68	1.4475867789568995e-05	3.754586075359697e-05	-1.250543461650597
peak_1024	251	21	94	3.3883626355914173e-15	3.536950669201369e-14	-2.1104239896936505
peak_1025	278	84	40	1.0082085429310115e-05	2.6638041066859814e-05	1.0518389315196182
peak_1028	241	0	16	2.3594676555880944e-05	5.8946190473593686e-05	-4.087462841250339
peak_1029	111	45	14	3.527470067076338e-06	1.0020962626864751e-05	1.6166713604484944
peak_1037	220	83	53	0.002705231133353244	0.004895363194778481	0.6374299206152918
peak_1038	94	14	5	0.05053684238405537	0.0733850271107121	1.3219280948873624
peak_1041	231	5	0	0.06114868217713693	0.0863259649709883	2.584962500721156
peak_1046	189	16	0	2.19149303893193e-05	5.540181409587717e-05	4.087462841250339
peak_1049	511	46	57	0.2987468858992598	0.35514250714588924	-0.3033921434499348
peak_1051	274	118	93	0.03500890159149069	0.05232844621685845	0.34022891163030616
peak_1059	250	68	77	0.4304870203494532	0.4859075740438986	-0.17687776208407935
peak_1068	274	27	67	7.70923792200006e-06	2.074530268075452e-05	-1.2801079191927354
peak_1122	384	24	12	0.059016859824844725	0.08428143648661593	0.9434164716336326
peak_1124	147	0	11	0.0008043154572090554	0.0016200802447698412	-3.584962500721156
peak_1135	86	54	33	0.0021939110916056664	0.004004221820365197	0.6938968722743202
peak_1137	178	59	97	7.281123986631551e-05	0.00017084313951129027	-0.7078192485066896
peak_1140	90	14	25	0.06956122604348344	0.09652543869940197	-0.7935491225325738
peak_1145	602	308	299	0.6447247774514236	0.6867896311872757	0.04264433740849372
peak_1150	623	186	207	0.2226979175834946	0.2744793593443797	-0.15354525825345544
peak_1152	172	0	14	9.268261693812157e-05	0.00021479765727151559	-3.9068905956085187
peak_1154	147	0	41	3.5314271673512626e-14	3.2471281571276773e-13	-5.392317422778761
peak_1156	600	107	76	0.0158314801843221	0.025249079542560043	0.4881009614685672
peak_1158	100	0	24	2.4841185277994135e-08	9.637547433823468e-08	-4.643856189774724
peak_1160	231	0	47	1.0479832395878416e-15	1.1732805763649374e-14	-5.584962500721156
peak_1161	142	0	29	7.579022157328421e-10	3.751947411995236e-09	-4.906890595608519
peak_1165	105	27	13	0.02154613601464193	0.03369850072415904	1.0
peak_1166	1047	115	162	0.00295489802766653	0.005326344852418013	-0.4907471591035054
peak_1167	261	0	11	0.0008769977593361489	0.0017369465731175515	-3.584962500721156
peak_1187	213	30	0	6.211924207261155e-10	3.1023080305674826e-09	4.954196310386875
peak_1190	285	18	24	0.42308823968513437	0.47872312149179796	-0.3959286763311392
peak_1199	330	109	118	0.5121588195319177	0.5656845244352968	-0.11345804978328383
peak_1200	200	31	0	2.6420307703461566e-10	1.3903413991883596e-09	5.0
peak_1208	104	0	31	6.694464937790626e-11	3.8800792966005505e-10	-5.0
peak_1209	161	51	0	7.890018960837976e-18	1.1549355340950762e-16	5.700439718141092
peak_1212	239	69	0	1.0719723646616762e-23	3.3094710458100474e-22	6.129283016944966
peak_1216	212	41	0	1.0677249971677328e-13	9.218629043343102e-13	5.392317422778761
peak_1217	216	72	14	1.1613647891021953e-12	8.738540968517847e-12	2.2829339632714984
peak_1219	117	46	0	1.1101208968603969e-16	1.4032148507709335e-15	5.554588851677638
peak_1224	189	24	6	0.0009107220964667097	0.001788441927294302	1.8365012677171206
peak_1227	436	16	11	0.4348052979389861	0.49002172294274227	0.5025003405291834
peak_1230	152	51	46	0.6227104664940925	0.6676672524354677	0.14585086646345485
peak_1233	103	5	16	0.019445062191618834	0.030609748703370316	-1.5025003405291832
peak_1234	78	13	0	0.0001416711681056145	0.0003170794948725836	3.807354922057604
peak_1237	388	115	75	0.0010981495524137169	0.0021294152341056237	0.6100534816839867
peak_1239	310	57	0	8.132060213328402e-19	1.3947715396193562e-17	5.857980995127572
peak_1247	318	145	113	0.012230866292460736	0.019969241312113778	0.3569345447152755
peak_1248	309	17	0	1.2170634883019985e-05	3.187517434144155e-05	4.169925001442312
peak_1252	107	0	15	3.604159720024016e-05	8.792906903162039e-05	-4.0
peak_1256	217	0	14	9.831251566032941e-05	0.00022619871489327825	-3.9068905956085187
peak_1257	138	0	21	4.1885465316094495e-07	1.361611744225816e-06	-4.459431618637297
peak_1273	145	0	41	3.350666677627439e-14	3.086491149337102e-13	-5.392317422778761
peak_1275	217	0	33	6.241498166503859e-11	3.6461228968085615e-10	-5.087462841250339
peak_1276	114	7	40	5.590305286531035e-08	2.0605654941815548e-07	-2.357552004618084
peak_1283	148	42	0	1.5203093228935944e-14	1.4475618113682186e-13	5.426264754702098
peak_1284	156	56	37	0.025609712987177072	0.03962815247772783	0.5849625007211562
peak_1287	47	20	0	1.44507172762421e-07	5.066204666564161e-07	4.392317422778761
peak_1288	68	26	16	0.09423832876937413	0.12723298350150858	0.667424660913129
peak_1289	170	10	0	0.0017044712146121882	0.0031944725412930415	3.4594316186372973
peak_1293	279	32	15	0.013991691941654043	0.022633750000249506	1.0443941193584534
peak_1305	96	50	10	3.9018633357177877e-10	2.001620526902962e-09	2.2129937233341983
peak_1323	268	50	61	0.28643012710748	0.34266676079978936	-0.2817709684153795
peak_1324	293	28	16	0.08365370281622783	0.11455160272738296	0.7705181538772327
peak_1326	322	146	94	3.076365658201962e-05	7.555933781524008e-05	0.6298167365054165
peak_1327	107	11	26	0.010679010970949462	0.017599120636045476	-1.1699250014423124
peak_1330	539	124	166	0.004815019465476877	0.008417196004508994	-0.41792000781196514
peak_1333	72	0	20	4.1202859164461535e-07	1.3411333200240707e-06	-4.392317422778761
peak_1353	223	18	61	1.0420649013338455e-07	3.7224955171070186e-07	-1.7062687969432897
peak_1360	296	48	33	0.09361387970669743	0.1264569353555865	0.5272470028648688
peak_1364	89	14	0	7.016075392304222e-05	0.00016477587850805768	3.9068905956085187
peak_1394	149	14	5	0.05529843888969965	0.07975375076560873	1.3219280948873624
peak_1405	208	35	27	0.33523732180701976	0.39176391770703345	0.36257007938470837
peak_1407	154	0	6	0.02973812893651196	0.04530084593378945	-2.807354922057604
peak_1410	377	224	211	0.3764075287073095	0.4325332621779911	0.08586073665383794
peak_1411	272	24	69	3.525607678976356e-07	1.1609208478801266e-06	-1.4854268271702418
peak_1412	258	58	69	0.3067786409295142	0.36324105072081236	-0.2466399675831252
peak_1413	103	85	0	4.471438524445076e-40	5.29709484733098e-38	6.426264754702098
peak_1415	258	29	10	0.002325049461108765	0.004237496227151359	1.4474589769712212
peak_1417	94	74	0	8.434293369025534e-34	5.885519235865215e-32	6.22881869049588
peak_1418	127	55	64	0.31445339046355647	0.37096469917122665	-0.21501289097085033
peak_1419	297	113	68	8.281392362401495e-05	0.00019341321081415707	0.7243655573865726
peak_1425	117	51	19	7.409542250383441e-06	1.9970480541509654e-05	1.3785116232537298
peak_1426	267	64	0	1.4741968095753075e-21	3.575980260941246e-20	6.022367813028454
peak_1436	60	13	0	0.00011798265184359342	0.0002661663545134034	3.807354922057604
peak_1444	120	0	59	2.3561365288268406e-22	6.031235918514536e-21	-5.906890595608519
peak_1445	136	0	94	6.613249482922518e-40	7.486198414668289e-38	-6.569855608330948
peak_1447	189	0	28	2.5312822345923266e-09	1.1421037823749612e-08	-4.857980995127572
peak_1458	131	0	6	0.029474798829421132	0.04502087713255509	-2.807354922057604
peak_1459	123	19	27	0.25219835715819217	0.30639123094772974	-0.4854268271702417
peak_1499	278	124	119	0.7323900865169302	0.7621075903139964	0.058893689053568614
peak_1506	203	40	14	0.00020661691011879458	0.00045249636291708493	1.4506614090095653
peak_1511	173	0	14	9.283636988938162e-05	0.0002149583946438682	-3.9068905956085187
peak_1512	110	0	5	0.05966584601140499	0.08502847481817671	-2.584962500721156
peak_1513	310	12	0	0.0004380888593535947	0.0009213974605892698	3.700439718141092
peak_1515	489	83	116	0.010912823072050444	0.01796120217415992	-0.47804729680464425
peak_1516	807	329	344	0.47972283417867273	0.5342606290568778	-0.06413033741971558
peak_1517	880	274	261	0.5340545631153193	0.5865618681564114	0.06986480687457171
peak_1518	213	61	33	0.0015215548158020583	0.0028847860441734876	0.8667334691365358
peak_1527	202	19	36	0.01964350436963455	0.030883954092258768	-0.8875252707415874
peak_1541	398	36	31	0.6098879180411548	0.6575372887922576	0.20945336562894978
peak_1542	265	44	19	0.001137776207438507	0.0022003917998070443	1.1699250014423124
peak_1549	105	0	18	3.4422013625212775e-06	9.79585125177843e-06	-4.247927513443585
peak_1553	257	0	11	0.0008755003982639885	0.0017346553981939935	-3.584962500721156
peak_1556	442	62	0	4.342670925366019e-20	8.709277832210432e-19	5.977279923499917
peak_1561	379	7	0	0.015194412321581599	0.024301518482303504	3.0
peak_1574	135	53	58	0.620875238567709	0.6665412993179999	-0.1277555471983727
peak_1575	135	0	17	8.91994258308717e-06	2.38145636888082e-05	-4.169925001442312
peak_1578	319	44	57	0.19290951119498204	0.24209929786332557	-0.3661278987978974
peak_1582	86	11	0	0.0006945366777849054	0.0014191615870983987	3.584962500721156
peak_1586	316	145	121	0.06377054373913223	0.0893249867033079	0.25908722131713097
peak_1589	307	0	57	7.886688346937069e-19	1.3618573030270314e-17	-5.857980995127572
peak_1592	168	0	31	2.0275065395118133e-10	1.0952405421286508e-09	-5.0
peak_1603	150	12	0	0.00038841030029814887	0.0008247445059269572	3.700439718141092
peak_1611	281	49	54	0.662894788224792	0.7030449427852772	-0.13750352374993496
peak_1612	44	0	18	8.513577189058685e-07	2.6363624438337355e-06	-4.247927513443585
peak_1616	146	81	71	0.2917514472969894	0.3478890151055393	0.18762700317577127
peak_1618	66	41	0	8.4858881990876e-17	1.0861084041746794e-15	5.392317422778761
peak_1619	98	46	0	2.6288712867753182e-17	3.5806070413993233e-16	5.554588851677638
peak_1624	203	0	57	1.4137719721515498e-19	2.6380052843003646e-18	-5.857980995127572
peak_1631	180	33	38	0.5964434014392356	0.6454817690527865	-0.1979393776119089
peak_1641	402	65	41	0.01619626703413681	0.02579049211375208	0.6520766965796931
peak_1648	122	63	7	2.786019880646002e-16	3.3952117875623763e-15	3.0
peak_1649	271	40	24	0.045208003147117176	0.06630854247953208	0.7136958148433589
peak_1655	125	17	5	0.012480287592284086	0.02033735924347253	1.584962500721156
peak_1658	192	0	28	2.577788345747098e-09	1.1610304008165975e-08	-4.857980995127572
peak_1660	231	108	76	0.003168008017195663	0.005694365857302296	0.501397784082025
peak_1663	218	90	119	0.007200662284805549	0.0122430486244324	-0.39909595540982234
peak_1679	118	16	0	1.7701322615778356e-05	4.538024026410415e-05	4.087462841250339
peak_1685	87	21	0	2.4181313156976666e-07	8.190133591864305e-07	4.459431618637297
peak_1694	717	497	475	0.23532993112533895	0.28809677220679564	0.0651841687601375
peak_1696	155	0	19	2.120915788220692e-06	6.258672837891909e-06	-4.321928094887363
peak_1697	453	222	246	0.12619647522811772	0.16568166103402876	-0.14746733166437298
peak_1701	62	0	16	1.0059798776424112e-05	2.6606757511476857e-05	-4.087462841250339
peak_1704	464	299	290	0.585517344371482	0.6355476991750115	0.04394334758759686
peak_1705	135	68	94	0.001836583922616529	0.0033951358213417876	-0.4613311515527787
peak_1708	245	67	38	0.001960648359243857	0.003597817990629758	0.8020606223880911
peak_1722	362	0	8	0.007513079748353929	0.012655961718953345	-3.1699250014423126
peak_1756	69	32	0	4.120253092130342e-12	2.879090432278733e-11	5.044394119358453
peak_1760	179	75	56	0.04807123021007789	0.0701254000012974	0.41503749927884376
peak_1761	212	14	64	2.3956204705639335e-10	1.2725016347291635e-09	-2.115477217419936
peak_1769	262	0	54	5.268267722315913e-18	8.03489693936445e-17	-5.78135971352466
peak_1770	158	79	106	0.00292204681361565	0.005270859231075822	-0.41953889151378465
peak_1772	255	19	28	0.22036264606659298	0.27179838233976383	-0.5360529002402097
peak_1786	280	48	27	0.01268453457527839	0.02065037364220777	0.8073549220576041
peak_1792	324	243	197	0.0001464510626964587	0.0003269157376756181	0.3013807174832766
peak_1798	281	44	83	0.00011594684908701113	0.00026215412749633143	-0.9004643264490856
peak_1799	115	0	29	4.933674279148586e-10	2.4907965092153514e-09	-4.906890595608519
peak_1813	475	39	160	7.877118589791972e-23	2.2047275877143024e-21	-2.0089887832272546
peak_1815	185	0	82	3.536705657065002e-30	1.8964188017988549e-28	-6.3750394313469245
peak_1818	278	0	54	6.401732325110602e-18	9.563174329652026e-17	-5.78135971352466
peak_1819	485	223	205	0.27163176488462043	0.3266506634377376	0.12085439487438568
peak_1820	764	332	330	0.9588286154780621	0.9694864960788504	0.008690960264044374
peak_1825	139	0	15	4.0967062197002474e-05	9.942173169677494e-05	-4.0
peak_1829	94	19	0	1.3882021991463113e-06	4.172699461591777e-06	4.321928094887363
peak_1831	152	37	51	0.09987556253412061	0.1341682794168804	-0.45251220469750675
peak_1837	251	97	125	0.015162828685661621	0.024266242326346308	-0.36257007938470825
peak_1838	281	0	20	1.3436752771071193e-06	4.047712514242262e-06	-4.392317422778761
peak_1839	152	33	51	0.02889476812356903	0.04426765378089042	-0.6129768768907528
peak_1840	213	100	134	0.0012841135648482022	0.0024684054714478273	-0.4186041142990362
peak_1848	198	31	0	2.605769022992565e-10	1.37409807485757e-09	5.0
peak_1850	145	89	99	0.2683496536761243	0.3235439374736514	-0.15200309344504995
peak_1855	219	86	54	0.0014462744571402683	0.0027551690668184466	0.6615837823240687
peak_1856	183	0	15	4.5270073458113485e-05	0.00010903345352039248	-4.0
peak_1864	272	42	0	8.180660912893083e-14	7.209738181708886e-13	5.426264754702098
peak_1881	239	34	43	0.31956616629524	0.3758459283708133	-0.3301486016923309
peak_1883	191	35	53	0.03848910985444552	0.057194727420812566	-0.5849625007211563
peak_1885	419	149	184	0.016329828640357737	0.02597880921111253	-0.3025627700204312
peak_1886	210	0	37	2.5560380517626207e-12	1.844257483807194e-11	-5.247927513443585
peak_1900	328	33	5	2.294153157608973e-06	6.743460002804448e-06	2.5025003405291835
peak_1916	254	61	73	0.2680503472088847	0.3232595806538965	-0.2552570552420746
peak_1918	298	41	33	0.3846831765696611	0.4408495166357376	0.30485458152842093
peak_1932	265	66	92	0.01745022142529685	0.02764667266330628	-0.4730696206502589
peak_1958	54	0	7	0.012703021504400691	0.02067386311291282	-3.0
peak_1960	389	65	27	3.22411262908908e-05	7.90357542472559e-05	1.2370391973008494
peak_1961	494	123	162	0.007561210071230691	0.012728619994332167	-0.39453184384420226
peak_1969	166	0	41	5.409502531565306e-14	4.868552278408776e-13	-5.392317422778761
peak_2002	80	0	32	9.430892248750308e-12	6.222922942374878e-11	-5.044394119358453
peak_2008	68	0	24	1.0068846043362877e-08	4.1463784757389244e-08	-4.643856189774724
peak_2010	85	78	20	1.1325956330952179e-20	2.4139925334673806e-19	1.9114633253983426
peak_2011	203	104	70	0.0009103318418486821	0.001788364983562355	0.5644983981614407
peak_2015	105	8	0	0.00680340189340503	0.011649253527732849	3.169925001442312
peak_2026	654	184	170	0.4185121775017073	0.4747051953225778	0.11352894563041442
peak_2035	170	0	9	0.0035042234287989706	0.006243621597167526	-3.321928094887362
peak_2038	324	118	135	0.19756386558111128	0.24727035166343508	-0.19264507794239588
peak_2039	140	26	0	8.293176181867602e-09	3.452556576447579e-08	4.754887502163468
peak_2040	365	0	53	2.8988255312899525e-17	3.896205080841957e-16	-5.754887502163468
peak_2065	253	142	110	0.005793192464040066	0.010027360656411858	0.3654554704282834
peak_2073	190	14	0	9.522541710295027e-05	0.00021999014726640755	3.9068905956085187
peak_2074	54	0	35	1.2807774579120012e-14	1.2353667800964304e-13	-5.169925001442312
peak_2086	445	54	51	0.8354641841317458	0.853848740296268	0.08091999538356746
peak_2093	467	10	14	0.5359105658012411	0.5884734688923307	-0.4474589769712214
peak_2094	452	116	73	0.0005693980633581121	0.0011805102705519834	0.6609113539544548
peak_2099	402	162	122	0.003969000622410662	0.006998300162879859	0.4062136488918377
peak_2139	55	0	24	4.710561110602897e-09	2.042178578503077e-08	-4.643856189774724
peak_2141	72	19	0	9.7176554633164e-07	2.9802370216817423e-06	4.321928094887363
peak_2144	476	51	95	0.00010001463021162762	0.00022959645168906312	-0.8845227825800641
peak_2147	1072	310	287	0.28914361498203717	0.3451834016213961	0.11084576868829024
peak_2149	460	206	156	0.0009314880070029766	0.001820798122668136	0.39886620860769817
peak_2150	726	297	436	3.72639449737925e-13	2.994046304361183e-12	-0.5523209490384368
peak_2153	169	0	40	1.3233011703356397e-13	1.1291283352914151e-12	-5.357552004618084
peak_2154	275	0	26	1.6033894625273282e-08	6.431233009538747e-08	-4.754887502163468
peak_2169	123	30	19	0.10979962534856239	0.14618904639978483	0.632268215499513
peak_2190	286	0	15	5.055632997586649e-05	0.00012048663548698531	-4.0
peak_2197	350	24	29	0.5680248543315841	0.6193318938281441	-0.2630344058337938
peak_2203	230	0	15	4.821733049978757e-05	0.00011547676613348278	-4.0
peak_2208	542	51	7	9.499215207089681e-10	4.590986932155108e-09	2.700439718141092
peak_2209	177	60	0	4.083141648330766e-21	9.162785707751948e-20	5.930737337562887
peak_2224	102	32	11	0.0004965653400864507	0.0010345618987322616	1.4594316186372973
peak_2229	306	0	27	8.18045025303425e-09	3.418475273909473e-08	-4.807354922057605
peak_2274	81	41	50	0.20509857408969975	0.2556800809314671	-0.28010791919273537
peak_2281	129	0	10	0.0016295450353724513	0.0030698603587970665	-3.4594316186372973
peak_2283	172	97	117	0.03442953057249588	0.051477554662839445	-0.26793320524663305
peak_2285	284	175	154	0.08906428271666962	0.12111411002635211	0.18330721336305972
peak_2290	147	64	89	0.00499643297784136	0.008716379996275303	-0.46948528330122025
peak_2294	309	90	148	2.2607227201396893e-06	6.652872060307092e-06	-0.7113738802634653
peak_2295	291	69	72	0.8466257129253043	0.8639245556172878	-0.060541541935050854
peak_2296	162	43	102	5.545631407825201e-11	3.2620607842334383e-10	-1.2270689085459212
peak_2297	365	105	161	2.2278466388778013e-05	5.623711981389256e-05	-0.6119295483214255
peak_2300	179	11	0	0.0008335899886041667	0.0016684901382906189	3.584962500721156
peak_2305	618	384	383	1.0	1.0	0.0037521348611076364
peak_2311	385	0	21	7.206118441429221e-07	2.256175005571017e-06	-4.459431618637297
peak_2318	307	31	0	4.1961093066411076e-10	2.1417816440911624e-09	5.0
peak_2331	155	14	25	0.08578260766933002	0.11705775608560598	-0.7935491225325738
peak_2334	265	53	56	0.8298954316974169	0.8487226117379324	-0.07800251200127321
peak_2337	575	34	16	0.013217133252178789	0.021455728740152565	1.0418201756946268
peak_2347	216	0	18	5.2739518512404055e-06	1.463263111667681e-05	-4.247927513443585
peak_2349	484	57	51	0.6099064957878715	0.6575372887922576	0.15754127698648002
peak_2350	505	71	131	3.0474430133435637e-06	8.765485437590126e-06	-0.8744691179161412
peak_2351	200	68	0	6.836122846639623e-24	2.1495808506655704e-22	6.108524456778169
peak_2359	157	24	19	0.5118068979657863	0.5655410712012398	0.32192809488736235
peak_2361	120	0	24	3.323311161001439e-08	1.267136755549501e-07	-4.643856189774724
peak_2362	272	54	20	2.8210398376599517e-05	6.962391924922381e-05	1.3890422907458992
peak_2366	1147	419	441	0.3650900527277455	0.4214295781996681	-0.073657041725309
peak_2368	738	95	0	1.988138765426941e-30	1.1129207550642678e-28	6.584962500721156
peak_2369	320	18	0	5.966694904063697e-06	1.6341045075967998e-05	4.247927513443585
peak_2371	324	120	71	3.301603509658194e-05	8.08575397990329e-05	0.7489382358322821
peak_2372	236	100	82	0.10779748139721818	0.14367356625783081	0.28317205140487
peak_2374	175	29	28	1.0	1.0	0.0489096004809465
peak_2378	383	124	174	0.00027550634508463607	0.0005966961402470817	-0.4854268271702417
peak_2385	69	17	26	0.14100813466301282	0.18286543736593364	-0.5849625007211563
peak_2389	293	39	34	0.61705576495787	0.6633237801680514	0.19264507794239583
peak_2394	400	47	38	0.3587631728837022	0.41574308613928157	0.29956028185890793
peak_2396	428	139	89	0.0001451291827813951	0.0003241069956547246	0.6374299206152918
peak_2398	585	21	51	0.0003546032938860065	0.0007570616844322369	-1.2410080995037949
peak_2399	256	37	0	3.5812603019123557e-12	2.5162675831643504e-11	5.247927513443585
peak_2401	284	5	0	0.0614006336720201	0.08642576068672848	2.584962500721156
peak_2407	466	148	136	0.4337692172167356	0.48928706654164106	0.12113643750163472
peak_2420	677	184	91	3.7909288114398504e-10	1.946672516680907e-09	1.0078195044592992
peak_2432	317	148	143	0.7499119167925868	0.7765910356050899	0.049243519019849344
peak_2438	366	81	63	0.11375453158774744	0.15086320851548699	0.3575520046180837
peak_2446	258	92	138	6.449682202334794e-05	0.000152034618874102	-0.5797822616154762
peak_2454	340	51	87	0.0008060588410406935	0.0016229500933839102	-0.758991900496205
peak_2456	149	47	11	1.4169303800981097e-07	4.977823004289497e-07	2.0
peak_2473	159	0	56	7.519178542019187e-20	1.467536225787193e-18	-5.832890014164742
peak_2474	151	23	28	0.5392648134062055	0.5917740110924624	-0.27301849440641596
peak_2479	344	87	113	0.03567692958581047	0.053280058431579756	-0.3734583955274445
peak_2481	320	77	20	2.3517766604812753e-10	1.2518234387138575e-09	1.893084796083488
peak_2486	443	19	0	3.1321769844415746e-06	8.963657055474933e-06	4.321928094887363
peak_2491	315	76	30	1.207408013383897e-06	3.658855693145492e-06	1.3125902303080261
peak_2499	435	104	150	0.0007746927187033743	0.0015653648191491427	-0.5241592216589562
peak_2513	350	83	43	0.00011276656562255445	0.00025575818578864307	0.932885804141463
peak_2521	221	0	33	6.404457293421898e-11	3.728492051736131e-10	-5.087462841250339
peak_2523	331	126	105	0.10282134721953592	0.13754515302949477	0.2607642322089668
peak_2532	121	0	12	0.0003666619052108806	0.0007814961276754083	-3.700439718141092
peak_2536	771	87	82	0.7444514923132074	0.7720349963036397	0.08439218729037261
peak_2546	760	5	0	0.06208895193946335	0.08724996446334518	2.584962500721156
peak_2548	436	22	0	3.634134916192296e-07	1.1943318330798812e-06	4.523561956057013
peak_2549	433	35	0	2.8452543558795934e-11	1.750449962421576e-10	5.169925001442312
peak_2552	417	10	0	0.0018493809051472808	0.003414551044153769	3.4594316186372973
peak_2564	134	89	80	0.3112979645277665	0.3678385134085925	0.15200309344505006
peak_2567	352	149	137	0.398617436808932	0.4548739299069668	0.12029423371771175
peak_2573	89	78	77	1.0	1.0	0.01837852931485452
peak_2587	60	11	0	0.0005905152115232917	0.001221309170726613	3.584962500721156
peak_2590	260	0	62	6.927778805405496e-21	1.5145967911903689e-19	-5.977279923499917
peak_2601	319	8	0	0.007473136579944015	0.01261370369060133	3.169925001442312
peak_2603	375	73	60	0.25123259312861196	0.3054109996749446	0.27871602806606355
peak_2611	274	0	46	3.613332189608698e-15	3.7640724281936004e-14	-5.554588851677638
peak_2614	182	28	0	2.4198673835644753e-09	1.0976673599178484e-08	4.857980995127572
peak_2639	311	66	84	0.11088758749445318	0.14748338660489413	-0.3433017456799294
peak_2644	263	5	0	0.061312938177182925	0.08642172304221633	2.584962500721156
peak_2664	362	23	0	1.6621971176256007e-07	5.7482906430311e-07	4.584962500721156
peak_2677	238	144	149	0.7063146455934778	0.7415430347595169	-0.0489096004809464
peak_2690	117	0	5	0.05983501477063708	0.08511576800938991	-2.584962500721156
peak_2708	206	16	0	2.2546460907476875e-05	5.677294704037924e-05	4.087462841250339
peak_2717	628	19	0	3.3223566604064768e-06	9.465371827802345e-06	4.321928094887363
peak_2725	221	56	0	5.092384854771669e-19	8.945037396623062e-18	5.832890014164741
peak_2734	228	36	0	6.493950684708947e-12	4.40481821410218e-11	5.20945336562895
peak_2745	408	0	13	0.00022155374995126327	0.0004829246051569256	-3.807354922057604
peak_2747	170	60	26	3.238580023643527e-05	7.935222049273751e-05	1.1758498353994176
peak_2748	272	46	40	0.5569800974810613	0.6082007752558469	0.19703684705955357
peak_2754	556	10	0	0.0018750096987906163	0.0034556075997248187	3.4594316186372973
peak_2764	348	11	35	0.00034580532225536587	0.0007395181828584524	-1.5849625007211563
peak_2765	212	44	53	0.35503932045853515	0.41188118843447463	-0.2630344058337938
peak_2774	94	31	13	0.003126509625455176	0.005625729435559401	1.1926450779423958
peak_2781	354	57	15	1.6569417742812588e-07	5.737907136770042e-07	1.857980995127572
peak_2784	829	55	50	0.6868738726840806	0.7235185085716929	0.13492958008610864
peak_2788	571	0	41	4.319380291461779e-13	3.4382163152789526e-12	-5.392317422778761
peak_2792	86	6	58	2.5935025384989302e-17	3.541904002979504e-16	-3.075288127304237
peak_2794	267	22	0	3.037823644779253e-07	1.0127404218917222e-06	4.523561956057013
peak_2795	217	11	122	7.378391894712748e-34	5.220212265509269e-32	-3.357552004618084
peak_2802	89	36	18	0.0053165601375363605	0.00924634938224999	0.9615258521853643
peak_2803	234	24	59	3.146427164944176e-05	7.724289146132836e-05	-1.2630344058337937
peak_2811	330	22	0	3.32061924257502e-07	1.0983918455634515e-06	4.523561956057013
peak_2814	214	0	27	6.212623195141022e-09	2.646078809034144e-08	-4.807354922057605
peak_2828	304	76	67	0.44435504468151593	0.4992378909588977	0.17932369944456192
peak_2866	178	15	27	0.06972492216631572	0.09664727986808497	-0.8073549220576042
peak_2874	150	27	63	8.52283201017184e-06	2.281413886485305e-05	-1.1926450779423958
peak_2881	233	53	0	7.856531200493144e-18	1.1533478367525094e-16	5.754887502163468
peak_2882	254	51	30	0.014988267300693523	0.024047317678656005	0.746243407754217
peak_2884	245	21	0	6.096568395472588e-07	1.930137937012888e-06	4.459431618637297
peak_2890	199	44	29	0.06929499799222512	0.09618221247204217	0.5849625007211562
peak_2894	264	119	86	0.004217056107075992	0.0074125893062267426	0.4639470997597903
peak_2895	335	252	243	0.48176375670302063	0.5360647830155498	0.052256237131423834
peak_2898	110	20	37	0.013408488656879769	0.02175942695703904	-0.8556100906648251
peak_2899	85	32	22	0.13780225132309018	0.17907261944893405	0.5208321633014404
peak_2901	359	0	58	5.662745968126403e-19	9.912724385441888e-18	-5.882643049361842
peak_2905	644	25	0	4.7006362790799496e-08	1.7542154729401656e-07	4.700439718141092
peak_2907	110	8	43	1.9367634614986102e-08	7.630218927203341e-08	-2.2895066171949847
peak_2910	126	96	67	0.00020541030006024927	0.0004500473412932945	0.5124500009367883
peak_2911	299	0	18	5.861484440777608e-06	1.6104855308155952e-05	-4.247927513443585
peak_2912	77	5	0	0.05845561182530407	0.0836670516084561	2.584962500721156
peak_2914	88	11	0	0.0007002887280664553	0.0014286226594996088	3.584962500721156
peak_2925	174	18	0	4.8011631703776555e-06	1.3430601422242601e-05	4.247927513443585
peak_2935	204	103	78	0.016664276729681224	0.026486061048672748	0.39665896996398914
peak_2936	244	35	17	0.012025521714616043	0.01965287379347261	1.0
peak_2937	62	25	18	0.2574909039143476	0.3119283387728149	0.4525122046975067
peak_2940	173	26	17	0.19189657629334314	0.2408874222864194	0.5849625007211562
peak_2941	59	12	23	0.04304115046905928	0.06325782472284708	-0.8845227825800641
peak_2942	11	0	11	2.835142154027603e-06	8.210468523374991e-06	-3.584962500721156
peak_2946	146	78	55	0.00961094448035891	0.015942087653190586	0.4964258261194989
peak_2949	114	20	17	0.719812400479432	0.7518401410789884	0.22239242133644802
peak_2951	114	56	51	0.5956497769159192	0.6448969104377668	0.13245029602364966
peak_2958	234	38	53	0.10167185513091088	0.13615048108224503	-0.46948528330122025
peak_2985	243	64	26	1.2350094198167979e-05	3.229536953052756e-05	1.267480310864986
peak_2988	580	27	0	1.0932616426128868e-08	4.49118936086294e-08	4.807354922057604
peak_2990	384	144	211	1.6805183941012806e-06	4.994492823542546e-06	-0.5480113645482647
peak_2993	298	93	94	1.0	1.0	-0.015266756653310518
peak_2994	645	12	33	0.0020621090000697857	0.003769064673970394	-1.3870231231092474
peak_2996	428	45	64	0.06457371285318461	0.0902685217546988	-0.49880585697144153
peak_3003	246	181	159	0.040279945005466014	0.05959513211090441	0.18586654531133387
peak_3008	190	45	0	2.946962295095699e-15	3.095221841488142e-14	5.523561956057013
peak_3010	195	6	37	4.226842944147307e-07	1.3723096212547088e-06	-2.4405725913859815
peak_3012	102	0	5	0.05944415851775605	0.08482032030516788	-2.584962500721156
peak_3013	192	37	42	0.6137677326220138	0.6607212235791501	-0.1783372412585124
peak_3014	184	16	42	0.00029116102178118	0.0006279315177617829	-1.3388019134517586
peak_3024	177	25	69	1.5421769427016432e-07	5.377035828967947e-07	-1.4288432988038742
peak_3025	363	14	0	0.00010743331643040785	0.00024464251850536326	3.9068905956085187
peak_3026	180	104	90	0.16920342385493983	0.21558835445649413	0.20645087746742624
peak_3030	486	180	197	0.29222967003875006	0.34837770633685766	-0.12951073299640425
peak_3035	361	146	132	0.3200999022001439	0.3763186941628278	0.14438990933517493
peak_3037	239	23	0	1.367793388217511e-07	4.818492060567082e-07	4.584962500721156
peak_3038	129	0	21	3.934740297174527e-07	1.2881469841778303e-06	-4.459431618637297
peak_3040	520	104	109	0.7586303523420119	0.7841848650223637	-0.06711419585853691
peak_3043	225	16	33	0.014775337476557565	0.023780590554686964	-1.0
peak_3049	169	102	50	1.898192246221168e-08	7.49565217228731e-08	1.0140751852117227
peak_3050	202	24	8	0.004996082787231751	0.008716379996275303	1.4739311883324122
peak_3051	121	51	37	0.08207327137113947	0.11247813945778436	0.4525122046975067
peak_3052	88	75	34	1.9411317773952256e-10	1.0508103373061934e-09	1.1186444964986189
peak_3053	84	22	0	9.79733726317257e-08	3.5270414147421247e-07	4.523561956057013
peak_3056	272	46	21	0.0015834666366780319	0.0029919061747915037	1.09515723304034
peak_3064	405	83	80	0.8609062553955842	0.8770912929970212	0.05246741989413548
peak_3065	345	108	44	4.7583789616771535e-09	2.059403774917878e-08	1.2763312284472514
peak_3066	436	23	33	0.2134588282164092	0.26482203383691877	-0.5025003405291831
peak_3067	172	17	64	2.2021638612231218e-09	1.0033830687898554e-08	-1.852442811586142
peak_3070	290	137	161	0.055940152760377	0.08051967735556949	-0.23132554610645567
peak_3080	276	83	38	4.9573822452057604e-06	1.3852389005528328e-05	1.1069152039165118
peak_3085	182	20	10	0.084843259376067	0.11599344156244909	0.932885804141463
peak_3086	297	70	62	0.48975163787904885	0.5440303743444309	0.1724671960047656
peak_3092	155	0	39	2.352600327014832e-13	1.9423251322226183e-12	-5.321928094887363
peak_3095	254	11	69	4.191049081852715e-13	3.351523394498859e-12	-2.5443205162238103
peak_3097	422	188	161	0.06909863687854165	0.09593580165148301	0.22239242133644802
peak_3102	163	95	98	0.8217256992450493	0.8408739879377825	-0.044394119358453395
peak_3112	577	47	36	0.25442814314678763	0.3088522050335644	0.37550913509220646
peak_3122	115	0	21	3.494416232238475e-07	1.1519934339975475e-06	-4.459431618637297
peak_3123	187	11	0	0.0008394201015194622	0.0016788402030389245	3.584962500721156
peak_3129	395	84	72	0.3255641371053868	0.38203725280231293	0.21956637725768452
peak_3130	270	0	28	3.5621969093031455e-09	1.5683518630933642e-08	-4.857980995127572
peak_3133	273	100	81	0.10162904096222251	0.13612893364753129	0.300659478133711
peak_3136	234	47	58	0.26777392313527626	0.3230026910847969	-0.297680548640685
peak_3144	158	10	0	0.0016863875045690939	0.0031664054361500056	3.4594316186372973
peak_3152	435	131	101	0.026074002319295717	0.0402609784220953	0.37196877738695794
peak_3154	252	0	35	1.6371958831180574e-11	1.0450972216294967e-10	-5.169925001442312
peak_3155	83	5	0	0.058746978992377775	0.08399020796721089	2.584962500721156
peak_3164	430	97	88	0.5068241369085662	0.5608868462768273	0.13897641314881048
peak_3184	591	0	12	0.0004615103667593523	0.0009654758966210023	-3.700439718141092
peak_3189	549	185	170	0.3663901858344675	0.42264302686611804	0.1213062962221336
peak_3200	105	13	0	0.0001644401302441899	0.00036515171031556383	3.807354922057604
peak_3202	135	25	0	1.7526377971024444e-08	6.996815782476372e-08	4.700439718141092
peak_3204	235	26	0	1.4339632730828686e-08	5.783538331816415e-08	4.754887502163468
peak_3209	220	52	47	0.6480546795550682	0.6899039786109754	0.1429579538420431
peak_3211	302	27	16	0.11266535312780794	0.14961347988348636	0.7198920808072646
peak_3213	326	97	91	0.6656067197593132	0.7051997983473256	0.09114788805819543
peak_3221	357	89	78	0.37668001288480696	0.43272533342897135	0.18807234815257187
peak_3224	201	21	78	3.300179090400844e-11	2.0133068606589102e-10	-1.8443491295398058
peak_3232	427	72	85	0.2890828920470883	0.3451834016213961	-0.23644019582208078
peak_3236	107	15	0	3.604159720024016e-05	8.792906903162039e-05	4.0
peak_3237	252	47	46	1.0	1.0	0.030373649043518695
peak_3241	355	120	116	0.8111336968555445	0.83187337462898	0.04849851769119013
peak_3243	509	105	26	5.6787530180342186e-14	5.092881667934209e-13	1.9730329523997308
peak_3248	293	60	92	0.0034032212175685106	0.006089219839232172	-0.6084214735451452
peak_3251	341	55	92	0.0007656868408993996	0.0015502419584823297	-0.7318038890504273
peak_3252	287	37	27	0.2324786988713407	0.2853606004941228	0.4405725913859814
peak_3256	343	36	35	1.0	1.0	0.03952836418663728
peak_3257	322	61	80	0.08607886973039929	0.11739913317447227	-0.3856536924977496
peak_3268	505	189	136	0.0004520227243099702	0.0009471837752509206	0.4718235253704212
peak_3287	307	139	93	0.00017403561945378442	0.00038511617962535963	0.574694165267329
peak_3290	268	120	165	0.00013514194091082787	0.000303132121091923	-0.45617619407233034
peak_3297	430	140	82	8.199242684043635e-06	2.2005765138313104e-05	0.7645119210518688
peak_3304	472	68	49	0.07507025060791554	0.10360548810531611	0.46466826700344427
peak_3308	317	54	90	0.0008694423143960539	0.0017247011870493163	-0.7264349266740368
peak_3312	187	28	22	0.4476887969688425	0.5025400466635707	0.3344190390705593
peak_3315	202	71	83	0.25978959443348487	0.31433923849030215	-0.22239242133644802
peak_3316	204	76	75	1.0	1.0	0.01885902725131577
peak_3321	296	114	73	0.00039119351606991957	0.000829962420183328	0.6360366853154253
peak_3324	604	168	169	1.0	1.0	-0.008511499855517406
peak_3327	379	127	42	8.653136583655545e-14	7.612966797433738e-13	1.573735245297902
peak_3330	231	11	0	0.0008645522783844505	0.0017183103028054587	3.584962500721156
peak_3333	253	86	111	0.028539945018014393	0.04377671783250988	-0.3644114262088758
peak_3335	227	21	0	5.874042167620076e-07	1.8666482097228115e-06	4.459431618637297
peak_3337	596	258	234	0.17599113611472997	0.2233430113025497	0.14029134112155406
peak_3339	121	0	41	1.5113500821474547e-14	1.4444310165964605e-13	-5.392317422778761
peak_3342	321	79	28	7.445690469171328e-08	2.7111041636854e-07	1.4639470997597903
peak_3344	161	72	38	9.670379497235217e-05	0.00022310196177045377	0.9044223400177689
peak_3348	166	28	43	0.06046295627257714	0.08579339812047575	-0.6014506235097252
peak_3352	160	0	61	7.033853879993144e-22	1.739342313819664e-20	-5.954196310386875
peak_3363	188	9	38	7.101878365273385e-06	1.9171684362852476e-05	-1.963474123974886
peak_3369	243	34	66	0.0004655498459716702	0.000972329198597658	-0.9368061735128062
peak_3372	279	29	58	0.0010019872468282147	0.0019481385631079872	-0.9757524537533228
peak_3377	542	80	102	0.08772941321163506	0.1194583349104702	-0.34665052429859367
peak_3380	231	62	0	3.788562060018095e-21	8.577304503880967e-20	5.977279923499917
peak_3382	161	9	38	5.551755365090479e-06	1.5361565361092286e-05	-1.963474123974886
peak_3383	165	5	43	1.1121840080898833e-09	5.3097144678630415e-09	-2.8744691179161412
peak_3386	290	117	68	1.7567782404814056e-05	4.506056574527835e-05	0.7741185925836722
peak_3389	190	89	19	6.26687126205955e-16	7.255327774757124e-15	2.169925001442312
peak_3390	504	224	182	0.008425888505541396	0.014104987199220464	0.29808135293299465
peak_3392	141	46	0	3.476533867895583e-16	4.216538934061928e-15	5.554588851677638
peak_3393	83	0	34	1.6111930531921894e-12	1.1912071716924548e-11	-5.129283016944966
peak_3396	127	27	0	3.174286012745028e-09	1.4134451878429346e-08	4.807354922057604
peak_3397	85	85	64	2.3304304876916465e-07	7.903603797803759e-07	0.4038969416736434
peak_3399	89	19	0	1.302592609730358e-06	3.933258301106368e-06	4.321928094887363
peak_3400	290	0	64	2.1661071913595633e-21	5.108402792956303e-20	-6.022367813028454
peak_3401	170	19	25	0.4194292387888822	0.47532203390223937	-0.3785116232537297
peak_3402	246	9	0	0.003625952483596896	0.006439968294092394	3.321928094887362
peak_3407	111	23	16	0.2899091476271679	0.34593515999362695	0.49749965947081687
peak_3415	66	38	24	0.023014045201779205	0.0358731781694808	0.6415460290875237
peak_3421	281	101	86	0.2100348050884709	0.2609554383221148	0.22948184612276717
peak_3422	49	0	5	0.05615843733043949	0.08074261353690623	-2.584962500721156
peak_3423	159	36	0	3.1108090698139867e-12	2.2131929331888893e-11	5.20945336562895
peak_3426	11	0	11	2.835142154027603e-06	8.210468523374991e-06	-3.584962500721156
peak_3427	223	0	14	9.890489532148168e-05	0.00022735628915506663	-3.9068905956085187
peak_3429	296	162	119	0.000535702504633535	0.001113823901470705	0.4418375586225591
peak_3437	231	90	78	0.28737782223078406	0.3434778569787926	0.20401389202159326
peak_3443	208	95	152	1.7955443712936322e-08	7.145705490132628e-08	-0.6724253419714956
peak_3450	892	514	241	1.6594435203826152e-39	1.7610844360060504e-37	1.0895653847959863
peak_3451	185	109	96	0.2093985257781309	0.2604189673617673	0.18144687133753187
peak_3454	236	76	43	0.0006570620514331939	0.0013496266491938266	0.8073549220576041
peak_3475	296	13	0	0.00021339294461639738	0.0004665337596034027	3.807354922057604
peak_3483	258	53	31	0.011950718762894991	0.01953689389543873	0.7548875021634686
peak_3484	359	37	0	5.47394428663225e-12	3.763059675587676e-11	5.247927513443585
peak_3499	399	51	70	0.0753213233984366	0.1039238411136609	-0.4493074013635899
peak_3507	71	10	21	0.041121512519396594	0.06066405582791956	-1.0
peak_3508	269	76	105	0.010522581851950806	0.017352551619889092	-0.46113391386829794
peak_3511	129	7	22	0.005038754172200499	0.008784193618476845	-1.5235619560570128
peak_3513	72	14	0	6.07059793703764e-05	0.00014356372280069515	3.9068905956085187
peak_3515	218	47	71	0.01297992630683524	0.02109082762584329	-0.5849625007211563
peak_3520	278	0	26	1.6146789397975804e-08	6.466332169283707e-08	-4.754887502163468
peak_3522	135	0	21	4.106302744877278e-07	1.3382921421884105e-06	-4.459431618637297
peak_3529	373	33	85	2.138897973665273e-07	7.278254026620509e-07	-1.3388019134517586
peak_3533	181	124	94	0.001798844657260976	0.0033406178213953377	0.3959286763311393
peak_3538	432	85	97	0.3587763263973855	0.41574308613928157	-0.1884450894131103
peak_3543	152	10	0	0.001676323996472242	0.0031498319579600148	3.4594316186372973
peak_3545	224	21	29	0.29353755636550893	0.3496913732754683	-0.4474589769712214
peak_3570	225	81	54	0.0073618119483803935	0.012461779122381448	0.5761922910934242
peak_3572	222	55	40	0.10489728782133063	0.1400646878536981	0.4498029174395205
peak_3575	173	0	14	9.283636988938162e-05	0.0002149583946438682	-3.9068905956085187
peak_3576	138	19	0	1.9624900541778155e-06	5.815546443270385e-06	4.321928094887363
peak_3579	88	33	0	5.690539229444836e-12	3.896183714353762e-11	5.087462841250339
peak_3580	582	182	160	0.1765580452818585	0.2239508671976562	0.18478296016942553
peak_3584	48	0	22	2.0535229813607196e-08	8.065262966115271e-08	-4.523561956057013
peak_3588	99	0	50	3.9585770066251856e-19	7.07543553394691e-18	-5.672425341971495
peak_3589	319	80	61	0.08566519568764698	0.11692886035178825	0.38565369249774945
peak_3592	276	0	34	3.942673370003831e-11	2.376802147550238e-10	-5.129283016944966
peak_3594	434	35	112	2.2572067223492654e-12	1.633268614154426e-11	-1.6502539609728755
peak_3596	133	15	0	4.019430554897232e-05	9.777927051884672e-05	4.0
peak_3611	174	0	52	4.958496298901167e-18	7.60973095651317e-17	-5.7279204545632
peak_3624	368	96	151	2.3642110701610573e-05	5.903574113431581e-05	-0.6480146712564577
peak_3632	233	0	27	6.701429880167918e-09	2.844756984131281e-08	-4.807354922057605
peak_3635	500	137	81	2.3405056589604605e-05	5.855862390346064e-05	0.7509724521600853
peak_3642	326	0	10	0.0018210062640978523	0.00337684962115561	-3.4594316186372973
peak_3644	159	26	0	9.79691243810057e-09	4.040928903618162e-08	4.754887502163468
peak_3645	328	11	0	0.0008967972334790156	0.0017658620438121783	3.584962500721156
peak_3647	401	173	181	0.6186626560387902	0.6645861598189788	-0.0648511443499679
peak_3678	105	35	22	0.062058941774477336	0.08723185689823057	0.6463630453852995
peak_3680	199	10	0	0.0017394852147898437	0.0032505273969697227	3.4594316186372973
peak_3691	75	0	5	0.058348171483358455	0.08356074937762946	-2.584962500721156
peak_3692	358	51	0	1.3051371039996147e-16	1.6295020607289307e-15	5.700439718141092
peak_3697	388	44	140	3.0472759054022517e-16	3.704731136543931e-15	-1.6476982560691187
peak_3698	245	25	93	4.3197064031773254e-13	3.4382163152789526e-12	-1.8541491335365452
peak_3717	265	45	43	0.9071352326087829	0.9214250996827796	0.06413033741971556
peak_3719	427	92	69	0.054036739636232976	0.07808883736367965	0.40987579416306485
peak_3722	264	50	40	0.2975766093291304	0.35392370953130753	0.3148733373534119
peak_3724	354	92	108	0.2104523723628555	0.261346753977666	-0.22902551366889498
peak_3727	104	0	10	0.0015568202859220018	0.0029470243539526856	-3.4594316186372973
peak_3733	307	0	16	2.4972602919908373e-05	6.214481645042172e-05	-4.087462841250339
peak_3734	40	31	0	3.8219867452719895e-14	3.4953681293385125e-13	5.0
peak_3735	110	28	0	1.038666045432538e-09	4.9820761162272585e-09	4.857980995127572
peak_3737	169	27	73	5.5131169241974897e-08	2.0380128891046454e-07	-1.4020984435713455
peak_3751	464	71	32	6.0545238968911456e-05	0.0001432500916431189	1.1255308820838588
peak_3752	246	66	57	0.40494618428265994	0.4611660770703934	0.20810819533020028
peak_3754	191	20	0	1.1289909706171528e-06	3.4293858105687396e-06	4.392317422778761
peak_3763	363	106	134	0.03305154415116301	0.04953355866608543	-0.3353486106496839
peak_3764	215	99	104	0.6992517178577531	0.7353402664672573	-0.07038932789139803
peak_3767	339	0	21	6.928953924510186e-07	2.174743764106894e-06	-4.459431618637297
peak_3778	260	42	54	0.21361582447669042	0.26495227900761165	-0.3550949588225616
peak_3779	161	0	39	2.6436818941384944e-13	2.1616236867963867e-12	-5.321928094887363
peak_3795	101	65	75	0.16950878928246302	0.21586944315121664	-0.203533394085132
peak_3802	149	0	51	4.959620489914355e-18	7.60973095651317e-17	-5.700439718141092
peak_3804	107	41	49	0.3323989556663712	0.38916117677878526	-0.25153876699596445
peak_3810	174	0	33	4.354565233552694e-11	2.597442072566443e-10	-5.087462841250339
peak_3818	297	0	30	8.616154124934638e-10	4.20811976149732e-09	-4.954196310386875
peak_3821	489	84	89	0.7375465357028075	0.7662782078054459	-0.08246216019197299
peak_3825	135	72	23	4.924142201237267e-10	2.4884504338395475e-09	1.604862058158861
peak_3831	171	152	116	3.050039154597739e-06	8.76800194893955e-06	0.38702312310924725
peak_3833	154	0	59	3.420582038497791e-21	7.848849055904391e-20	-5.906890595608519
peak_3834	233	46	25	0.009576708918414167	0.015890474016417515	0.8541491335365452
peak_3851	754	245	252	0.7424021393170082	0.7703802195316438	-0.04047906935507018
peak_3852	423	173	166	0.673819433033541	0.7125671978145853	0.05923920337467607
peak_3854	73	0	13	0.00013599629531584742	0.0003047800828591847	-3.807354922057604
peak_3857	397	76	65	0.35310862528914677	0.4102019013051114	0.22239242133644802
peak_3865	363	122	74	8.048732442852356e-05	0.00018816082177094953	0.7136958148433589
peak_3867	259	0	23	1.4305905245618427e-07	5.022348816070315e-07	-4.584962500721156
peak_3868	235	0	16	2.3434882497076453e-05	5.8604463151746417e-05	-4.087462841250339
peak_3869	291	75	80	0.7076634618656246	0.7423471323606861	-0.09192248944103931
peak_3870	558	43	0	9.802292858340522e-14	8.535535012031901e-13	5.459431618637297
peak_3878	107	24	0	2.7893020229016745e-08	1.0747885404433532e-07	4.643856189774724
peak_3884	152	9	10	1.0	1.0	-0.13750352374993496
peak_3887	403	221	236	0.3196239814884891	0.3758459283708133	-0.09432738254815315
peak_3888	256	28	0	3.413327840109077e-09	1.5080218575468897e-08	4.857980995127572
peak_3894	203	8	16	0.13933498867773975	0.18097206331575888	-0.9175378398080271
peak_3899	300	10	62	2.1452039555076534e-11	1.3391751163426455e-10	-2.5178483048626195
peak_3918	225	90	117	0.0138338685935263	0.02240690830379109	-0.3748484091631449
peak_3923	214	0	16	2.281289079183772e-05	5.7330471481806296e-05	-4.087462841250339
peak_3928	447	103	59	0.00017623687292077838	0.0003896487112232835	0.7935491225325737
peak_3929	376	109	140	0.02000178296944071	0.031389119669233204	-0.3581916388741339
peak_3930	510	247	267	0.23408471295495306	0.28677910721321087	-0.11189288007089722
peak_3935	423	176	168	0.6241990309037165	0.668700286734707	0.06672611380081314
peak_3937	241	0	5	0.061204692728701084	0.08636473816066574	-2.584962500721156
peak_3946	489	79	118	0.0023930825703633836	0.0043537009333682415	-0.5728896684205811
peak_3961	139	0	25	1.821886736016584e-08	7.239228575092419e-08	-4.700439718141092
peak_3964	252	47	83	0.0003446216457296383	0.0007377603980057338	-0.8073549220576042
peak_3965	283	75	22	3.0910371646048312e-09	1.378786630166113e-08	1.7243655573865726
peak_3967	243	58	131	1.3478126736767854e-11	8.757344081262175e-11	-1.1617510699966123
peak_3997	445	125	152	0.059688602236460116	0.08502847481817671	-0.28010791919273537
peak_3998	77	59	35	0.00012532341374828367	0.0002816045300545907	0.7369655941662062
peak_4003	249	29	21	0.29657135980446536	0.35289290045408706	0.44745897697122117
peak_4014	228	31	0	3.119483833351446e-10	1.633160395384611e-09	5.0
peak_4017	133	45	0	6.314349178112071e-16	7.280188423213547e-15	5.523561956057013
peak_4022	286	115	51	4.686202232369112e-09	2.0350821970748727e-08	1.15754127698648
peak_4027	126	55	13	2.362828841707169e-09	1.0737065227168884e-08	2.0
peak_4028	48	28	0	2.552121943486267e-11	1.5834968550693112e-10	4.857980995127572
peak_4032	453	135	153	0.2251388235062265	0.2773536074826403	-0.17932369944456203
peak_4040	240	0	14	0.00010043397719804188	0.00023045526119226366	-3.9068905956085187
peak_4044	293	0	24	7.297169580740441e-08	2.662735089132651e-07	-4.643856189774724
peak_4058	120	31	0	1.0039802668413544e-10	5.651133126287137e-10	5.0
peak_4060	127	19	38	0.0064665877105889264	0.011121133625165426	-0.9634741239748861
peak_4067	429	20	108	4.3933916521951066e-18	6.78179911402481e-17	-2.375866901998166
peak_4078	279	21	59	5.616585630667545e-06	1.549885547270882e-05	-1.4474589769712214
peak_4084	149	13	0	0.0001857595534625947	0.00040981341071392704	3.807354922057604
peak_4085	564	55	7	8.387864442170033e-11	4.779393900270039e-10	2.807354922057604
peak_4094	239	26	0	1.4526501489051264e-08	5.8496441569349516e-08	4.754887502163468
peak_4105	329	93	52	0.00015665925696452994	0.0003481772491175024	0.8266683971144382
peak_4110	869	250	230	0.308041671437885	0.364498089269358	0.11979451253471439
peak_4111	249	39	0	7.239129991533459e-13	5.570412111309886e-12	5.321928094887363
peak_4114	490	190	249	0.0001914791326734539	0.00042170112487616694	-0.38835545662633836
peak_4122	222	0	16	2.3062213911151813e-05	5.7842893975089776e-05	-4.087462841250339
peak_4126	405	103	68	0.0033432295367035333	0.005994512939094614	0.5919152613629232
peak_4128	139	0	6	0.029576199973311887	0.04516221902399603	-2.807354922057604
peak_4129	431	52	88	0.0011734107486680292	0.0022658659415143827	-0.7478129764031985
peak_4135	714	312	222	1.0833100422445791e-06	3.2965241070453324e-06	0.4891189470123137
peak_4137	156	16	65	2.076328281411642e-10	1.1192398164561802e-09	-1.956931278108114
peak_4145	213	57	79	0.02888227362301387	0.0442618236569292	-0.46394709975979026
peak_4158	109	0	11	0.0007490959480317753	0.001519671349770555	-3.584962500721156
peak_4159	286	49	68	0.06176809000641592	0.08687096921388257	-0.4646682670034444
peak_4162	102	8	0	0.006774718641552594	0.011607943747080024	3.169925001442312
peak_4163	252	20	60	1.3139441577857774e-06	3.965184561469639e-06	-1.538419914784126
peak_4165	215	37	63	0.004179873822223073	0.007349767777150271	-0.7520724865564145
peak_4178	595	24	0	9.409072708067873e-08	3.399277757084946e-07	4.643856189774724
peak_4187	303	114	64	1.1307745035287764e-05	2.97222152785118e-05	0.8231222379159207
peak_4188	327	41	11	1.7176139282327753e-05	4.4144931132279295e-05	1.8073549220576042
peak_4200	210	0	17	1.089181370802825e-05	2.867333283136739e-05	-4.169925001442312
peak_4206	118	35	0	2.993928240723236e-12	2.142004277843281e-11	5.169925001442312
peak_4222	227	35	29	0.5003356311680985	0.5540673272109334	0.2630344058337938
peak_4229	488	31	57	0.00496504574484593	0.008667561008994231	-0.8579809951275721
peak_4238	286	39	34	0.6164393301378289	0.6628967590715855	0.19264507794239583
peak_4240	377	94	104	0.4564226054312443	0.5107681792765286	-0.1443899093351748
peak_4244	160	13	0	0.0001894294637659122	0.00041772886944742716	3.807354922057604
peak_4247	404	251	155	1.880843012095756e-11	1.187238451501336e-10	0.6918777046376682
peak_4254	255	0	25	3.212235068363141e-08	1.2284628707388769e-07	-4.700439718141092
peak_4258	166	43	56	0.14977666526461192	0.1932073892750645	-0.3734583955274445
peak_4259	136	42	0	1.0632957373571952e-14	1.0436278393251545e-13	5.426264754702098
peak_4260	116	0	34	6.80337052832644e-12	4.5841758559913865e-11	-5.129283016944966
peak_4273	352	48	86	0.00035735216562489923	0.00076229142868226	-0.8282336517335201
peak_4276	202	0	6	0.030095543246028665	0.0457568963430597	-2.807354922057604
peak_4278	365	0	28	4.349567778345369e-09	1.900231411911776e-08	-4.857980995127572
peak_4279	371	5	11	0.20513633505435924	0.2556800809314671	-1.0
peak_4284	645	62	67	0.7105924933337875	0.7444998274459714	-0.11018291775042288
peak_4285	148	0	13	0.00018540152911937548	0.00040937814882275627	-3.807354922057604
peak_4287	126	32	13	0.0027774873143913523	0.005024332521132652	1.2370391973008494
peak_4288	377	0	28	4.427632894912431e-09	1.9310241409832127e-08	-4.857980995127572
peak_4290	474	35	17	0.014586427088753904	0.02352858125082723	1.0
peak_4295	180	0	106	4.007166136379859e-42	6.185607363248182e-40	-6.741466986401147
peak_4296	338	0	78	4.319858949194095e-26	1.6062307654886657e-24	-6.303780748177103
peak_4297	275	5	96	6.777061460652466e-27	2.8297009082429233e-25	-4.014950341465972
peak_4298	363	102	190	3.5166426888052645e-11	2.1325926019969066e-10	-0.8909283008525304
peak_4303	637	167	180	0.45015609093976333	0.50475349488161	-0.10752846430444513
peak_4306	323	36	77	2.9386333704594867e-05	7.238587228781734e-05	-1.0759488532332986
peak_4310	148	9	18	0.10488012902342361	0.1400646878536981	-0.9259994185562233
peak_4312	227	172	183	0.2556498242924778	0.3101285810538653	-0.08893372842028831
peak_4313	488	233	268	0.02939880876413332	0.044927643954446844	-0.20109764297321958
peak_4321	155	48	0	9.441753135002652e-17	1.2054208137770303e-15	5.614709844115208
peak_4325	180	26	20	0.4301636610466551	0.48565019711251356	0.36257007938470837
peak_4330	300	16	8	0.14333229079753848	0.18569040928857097	0.9175378398080271
peak_4334	108	65	49	0.04066495318873463	0.06011238292031753	0.4005379295837288
peak_4335	400	157	145	0.42242007543666377	0.4781795253943034	0.11395618929708584
peak_4348	118	0	10	0.0016011113739193973	0.0030212075905670316	-3.4594316186372973
peak_4349	217	22	10	0.0418685138023573	0.06167675225830194	1.0641303374197155
peak_4350	558	37	30	0.4498363771750056	0.5045060557748742	0.2937312030567103
peak_4354	634	98	26	5.271951691741325e-12	3.634008378583263e-11	1.874469117916141
peak_4362	61	0	11	0.0005958835316280488	0.0012314120527842924	-3.584962500721156
peak_4377	349	26	45	0.02364749170322502	0.03679301244234217	-0.7686744538935442
peak_4384	205	0	22	2.6303253372359004e-07	8.844143411141701e-07	-4.523561956057013
peak_4401	453	27	33	0.5044365953050415	0.5583659314393484	-0.28010791919273537
peak_4433	645	95	121	0.06211081083651815	0.08725661070083382	-0.3457748368417301
peak_4437	105	85	88	0.7175448852500991	0.7499998635514761	-0.04946867626429977
peak_4444	270	0	42	8.068574307807625e-14	7.123278600341775e-13	-5.426264754702098
peak_4447	206	0	13	0.00020083201719268097	0.00044039530588872874	-3.807354922057604
peak_4449	91	0	33	6.6208897304056806e-12	4.473052027412008e-11	-5.087462841250339
peak_4462	357	0	30	9.863941671792129e-10	4.753729316566613e-09	-4.954196310386875
peak_4463	204	13	22	0.1564767802311696	0.20098152256620724	-0.7162070339994087
peak_4465	97	0	38	7.797362168328044e-14	6.895792167615114e-13	-5.285402218862249
peak_4468	83	37	16	0.000785047865530837	0.0015850312433666601	1.1604646721932461
peak_4476	317	16	0	2.5135090537644777e-05	6.248811673926915e-05	4.087462841250339
peak_4486	172	31	0	2.1082065592347012e-10	1.1340236761078741e-09	5.0
peak_4488	142	18	26	0.2508050766802299	0.30520808901316077	-0.506959988719883
peak_4501	621	289	260	0.10960362337754474	0.14596623725103605	0.15200309344505006
peak_4508	194	0	13	0.00019834013365434728	0.00043568117327953644	-3.807354922057604
peak_4510	360	66	83	0.14088598956642942	0.18275356018624686	-0.32622823232098774
peak_4512	262	50	38	0.19842704404889525	0.2482287235719726	0.38702312310924725
peak_4520	261	79	100	0.06501637946042998	0.09081967155057105	-0.33628338786443235
peak_4548	44	0	22	1.3881412700083143e-08	5.612056848747899e-08	-4.523561956057013
peak_4550	56	56	35	9.422900851195887e-08	3.3994516243620285e-07	0.6629650127224292
peak_4551	86	80	43	2.3260198713497348e-10	1.2394084963028816e-09	0.8804183842473274
peak_4553	270	33	40	0.45034048132524224	0.5048491223307183	-0.27008916336774436
peak_4563	67	38	13	1.4819153191010172e-05	3.836528825330575e-05	1.478047296804644
peak_4564	128	58	69	0.2112060074980268	0.2620909627758705	-0.2466399675831252
peak_4591	123	0	5	0.059964726631393295	0.08525267023731997	-2.584962500721156
peak_4597	555	72	84	0.34213958592015675	0.3988235813906816	-0.2195663772576846
peak_4611	299	40	17	0.001960471192666672	0.003597817990629758	1.1876270031757712
peak_4613	664	125	49	6.191776573423637e-10	3.098321204815325e-09	1.3334237337251917
peak_4614	120	22	0	1.653824508545488e-07	5.731008194918854e-07	4.523561956057013
peak_4644	72	64	0	3.916671071038827e-32	2.4939403044839733e-30	6.022367813028454
peak_4647	64	59	0	9.38453047743622e-31	5.494804396788518e-29	5.906890595608519
peak_4652	343	0	18	6.06850259109509e-06	1.65575534006633e-05	-4.247927513443585
peak_4665	211	107	83	0.024303435739420953	0.037732917298570666	0.36257007938470837
peak_4682	221	68	111	4.4342368661538874e-05	0.00010705214500562986	-0.6988304652794349
peak_4694	274	21	0	6.404160916794843e-07	2.0212388915832054e-06	4.459431618637297
peak_4709	201	86	95	0.42259773882786467	0.4782743571626622	-0.14201900487242788
peak_4727	375	133	155	0.11480506039463274	0.15209804360214804	-0.219313028404476
peak_4736	246	0	30	7.26744406289927e-10	3.6012023401175957e-09	-4.954196310386875
peak_4742	540	95	137	0.0023386570551428947	0.0042607721884470335	-0.523561956057013
peak_4814	305	0	23	1.5497822109053528e-07	5.399856759474602e-07	-4.584962500721156
peak_4838	123	0	11	0.0007731065634688569	0.0015634000930172122	-3.584962500721156
peak_4850	515	191	185	0.7462659259652588	0.773307729439013	0.045803689613124754
peak_4852	640	166	116	0.0009308717895735707	0.001820292090628702	0.5133395728906477
peak_4858	639	236	301	0.00028319965482774865	0.0006123170805146654	-0.34966149042681977
peak_4863	204	0	16	2.2476974528834406e-05	5.665398725872462e-05	-4.087462841250339
peak_4872	184	0	26	1.1528301111384104e-08	4.713095173466342e-08	-4.754887502163468
peak_4875	137	0	28	1.6026106939970038e-09	7.462247600750217e-09	-4.857980995127572
peak_4882	329	49	63	0.17731689985020702	0.22485742789070312	-0.3561438102252753
peak_4891	466	0	30	1.1501788438939799e-09	5.480833518050452e-09	-4.954196310386875
peak_4899	562	335	333	0.9515662021162065	0.9627166303038641	0.008613130304707972
peak_4902	719	72	187	2.1207838022130552e-15	2.2836225452227163e-14	-1.3647642927976202
peak_4904	295	41	30	0.2055025881768324	0.25607391980743255	0.438121112391885
peak_4908	467	55	158	6.261313190570972e-16	7.255327774757124e-15	-1.5055280332267513
peak_4909	555	389	422	0.030289204907280817	0.04596163532847437	-0.11718353937033905
peak_4912	384	61	0	6.508692060709184e-20	1.280126538890061e-18	5.954196310386875
peak_4914	328	43	0	5.21192205055096e-14	4.699032022213555e-13	5.459431618637297
peak_4917	1098	301	332	0.15751737296879564	0.2020633336446852	-0.14097362774618324
peak_4920	460	98	113	0.2722312238617597	0.3272170491627664	-0.203533394085132
peak_4922	720	20	0	1.6685487315345208e-06	4.961813916191973e-06	4.392317422778761
peak_4926	348	29	67	3.947659985558338e-05	9.617111413885306e-05	-1.1805722456418208
peak_4929	374	127	146	0.17154501587931364	0.2181898404217787	-0.19967234483636445
peak_4930	182	11	53	5.521314206933449e-09	2.367472606912373e-08	-2.1699250014423126
peak_4932	431	0	56	4.105970811872646e-18	6.376772962097335e-17	-5.832890014164742
peak_4936	297	65	37	0.0031729905142466714	0.005701309939884496	0.796466605914868
peak_4938	551	208	181	0.10118044067558725	0.13567074619674688	0.1995644918821864
peak_4953	202	151	108	1.1947988365996027e-05	3.132426800637352e-05	0.4797431886666592
peak_4954	430	99	109	0.47361261810314403	0.5282642164697647	-0.13750352374993496
peak_4957	436	64	32	0.000728746257157193	0.0014807472811961472	0.9779736936700011
peak_4961	145	0	31	1.5455615237661392e-10	8.45659549093954e-10	-5.0
peak_4966	144	0	21	4.34635816097356e-07	1.4093156252068309e-06	-4.459431618637297
peak_4968	797	23	17	0.4236810060481362	0.47918096021518775	0.41503749927884376
peak_4974	494	44	0	4.174190028588023e-14	3.8038146700585674e-13	5.491853096329675
peak_4975	188	40	0	1.7816504516217636e-13	1.4902672250511106e-12	5.357552004618084
peak_4977	252	39	89	4.1384060584079776e-07	1.3461711661258133e-06	-1.1699250014423124
peak_4982	202	22	47	0.0013835066018533695	0.002648471488102617	-1.0614005446641432
peak_4983	388	0	29	2.163807894084259e-09	9.876736032674925e-09	-4.906890595608519
peak_4988	515	92	70	0.0720540496905242	0.0996858579911815	0.3894116916033494
peak_5000	279	162	115	9.497256127260192e-05	0.000219505547696295	0.4907471591035054
peak_5003	312	29	64	0.00011450426273088054	0.00025900742200315514	-1.1154772174199359
peak_5005	389	0	95	7.194854621228351e-32	4.469584078114295e-30	-6.584962500721156
peak_5008	280	0	41	1.873254167638682e-13	1.5643207754018765e-12	-5.392317422778761
peak_5019	561	167	158	0.5985632575631344	0.647500792955321	0.07943446749440491
peak_5023	529	152	110	0.003451449395885576	0.006160365530007403	0.4629719763425457
peak_5038	415	48	78	0.00488377876018413	0.008534466210764308	-0.6890709040618948
peak_5053	273	0	8	0.007416647237251546	0.012534970479946707	-3.1699250014423126
peak_5056	130	42	0	8.629818100508006e-15	8.585994805466364e-14	5.426264754702098
peak_5059	417	127	60	3.2865935732429886e-08	1.2550155668740468e-07	1.0692626624371138
peak_5060	116	103	57	5.2240328154047824e-11	3.083571629394202e-10	0.8424587230135201
peak_5061	30	22	0	8.27018391354629e-10	4.058604706705664e-09	4.523561956057013
peak_5062	550	310	200	3.7823584994744075e-11	2.2828595019339612e-10	0.6297190789516739
peak_5063	206	164	0	3.1770886079877624e-75	2.0230111711362078e-72	7.366322214245816
peak_5065	59	59	20	2.17721377566259e-16	2.666040137794527e-15	1.5145731728297582
peak_5066	232	0	7	0.014923976427681371	0.023959261242549292	-3.0
peak_5071	231	83	49	0.0006470643416264581	0.0013317760631293646	0.7484612330040356
peak_5083	84	0	18	2.7541451218174005e-06	7.994082763839224e-06	-4.247927513443585
peak_5096	209	32	0	1.288597726908321e-10	7.134909587903247e-10	5.044394119358453
peak_5100	393	145	52	1.5145840032188354e-14	1.4448110322840352e-13	1.461904104316818
peak_5107	134	58	54	0.7103129152602384	0.7443869411979392	0.10128333583718169
peak_5119	66	0	19	8.399150075062021e-07	2.6056802973426273e-06	-4.321928094887363
peak_5136	691	81	29	2.522857926420036e-07	8.499628490200836e-07	1.4506614090095653
peak_5143	326	72	5	5.9210597237163295e-18	8.923632613198516e-17	3.604862058158861
peak_5149	232	84	107	0.03782885520000156	0.05626282872665925	-0.34549656602576667
peak_5155	168	0	23	1.0630565428486688e-07	3.792163886044201e-07	-4.584962500721156
peak_5163	154	10	103	1.633127717071586e-30	9.347362461531078e-29	-3.241008099503795
peak_5172	1372	143	169	0.1326348410851196	0.17315271155499726	-0.2394659346953894
peak_5181	147	34	45	0.1881058971006488	0.23662049994487772	-0.3942789391120463
peak_5191	305	0	41	2.152531639996322e-13	1.7829262071774415e-12	-5.392317422778761
peak_5260	736	22	9	0.027780857139650127	0.042741071056894515	1.2016338611696504
peak_5265	624	19	21	0.8725713879981648	0.8882651179981318	-0.13750352374993496
peak_5275	370	130	102	0.03228372949259813	0.04846841085626139	0.346922474354232
peak_5279	631	0	6	0.0308791567499654	0.04651047441878289	-2.807354922057604
peak_5284	271	78	0	9.995383193893158e-27	4.0091718102119485e-25	6.303780748177103
peak_5285	76	65	13	5.171116569875172e-18	7.910410752836073e-17	2.237039197300849
peak_5286	275	237	0	1.9871789640407907e-115	4.358708499444677e-112	7.894817763307944
peak_5288	249	55	24	0.000202125364819303	0.0004430407092898147	1.1634987322828796
peak_5320	205	22	11	0.06808898414304596	0.09471471469816387	0.9385994553358568
peak_5326	116	58	32	0.0007147032211395146	0.001456279283393875	0.8382489300033878
peak_5349	193	32	26	0.47657116780168474	0.5312152141754446	0.289506617194985
peak_5354	295	32	10	0.0006087992424532767	0.0012570828297758375	1.584962500721156
peak_5355	285	40	32	0.37756620906783667	0.4335712959854734	0.3131578852596303
peak_5360	1331	94	86	0.5890720118971234	0.6387255914440074	0.12691211248221967
peak_5362	256	0	46	3.0801417460161235e-15	3.2284448671206034e-14	-5.554588851677638
peak_5373	642	0	33	1.5268397415143655e-10	8.363141551907718e-10	-5.087462841250339
peak_5375	429	0	22	3.6176474326853076e-07	1.1904583993603977e-06	-4.523561956057013
peak_5378	877	184	205	0.2503357507767468	0.3048554421364447	-0.15511906666690617
peak_5385	256	161	169	0.5181346359352906	0.571788959153893	-0.06954093325307711
peak_5388	256	48	0	6.238747576383202e-16	7.255327774757124e-15	5.614709844115208
peak_5395	142	0	27	3.8035013407700346e-09	1.6702617094726343e-08	-4.807354922057605
peak_5396	383	22	0	3.496234489517488e-07	1.1519934339975475e-06	4.523561956057013
peak_5405	813	440	441	1.0	1.0	-0.003267713833910979
peak_5414	478	0	32	2.722848132719905e-10	1.429916328667546e-09	-5.044394119358453
peak_5434	206	80	83	0.8403408027843562	0.8580640816220209	-0.05246741989413554
peak_5456	123	55	50	0.6062266194148679	0.6546784819375318	0.13492958008610864
peak_5465	76	69	52	0.001042967093034617	0.0020254953762555623	0.4013625623817672
peak_5471	423	59	130	5.491890119294347e-09	2.3588270040206916e-08	-1.126532405928932
peak_5473	152	0	47	2.0863845048861715e-16	2.5609741368410017e-15	-5.584962500721156
peak_5477	151	86	112	0.0023855945359429185	0.004341628640976501	-0.37723546656645945
peak_5483	118	80	39	1.4574169398085876e-07	5.10597103946695e-07	1.0179219079972623
peak_5489	255	10	0	0.0017851728926935636	0.0033200696295659043	3.4594316186372973
peak_5497	127	31	26	0.5476852622157582	0.5998513708292995	0.24511249783653138
peak_5501	370	0	27	9.110113100271543e-09	3.7667951406479906e-08	-4.807354922057605
peak_5503	77	37	30	0.3294648189184951	0.38599213145602895	0.2937312030567103
peak_5504	64	64	46	1.8994801154224426e-06	5.632587043869767e-06	0.46777896135081726
peak_5505	101	36	0	6.427015084762227e-13	4.990733969783351e-12	5.20945336562895
peak_5510	193	172	62	3.389383397160357e-32	2.2135280801454948e-30	1.4573483041368083
peak_5512	611	159	200	0.011943943186574569	0.019532085583438476	-0.3291235962915662
peak_5518	298	30	0	8.639658621638178e-10	4.2155575688338e-09	4.954196310386875
peak_5519	41	34	28	0.19789860202922344	0.24762846444039896	0.2713020218173943
peak_5534	1146	273	294	0.3329626832064094	0.3897315965655904	-0.10653906128867688
peak_5538	647	171	72	1.704249822727164e-12	1.2563601442796198e-11	1.2364401958220808
peak_5541	1133	53	54	1.0	1.0	-0.02647221136119107
peak_5547	720	0	23	1.994447288851667e-07	6.809460113545839e-07	-4.584962500721156
peak_5552	736	97	102	0.7605007739234865	0.7857993797903124	-0.07179068306801013
peak_5555	170	25	64	2.0936737478212286e-06	6.186295865081983e-06	-1.3219280948873622
peak_5558	547	130	110	0.16501565531887505	0.21046313174620668	0.23900713518734423
peak_5566	380	0	6	0.03063485749889755	0.04627934878392174	-2.807354922057604
peak_5569	1515	51	14	3.560520005483875e-06	1.0098713200409164e-05	1.7935491225325737
peak_5582	2860	1213	1240	0.48729629905515026	0.5416293579286353	-0.03173469387467452
peak_5587	729	88	65	0.05982801830846476	0.08511576800938991	0.4313393116079442
peak_5588	1674	7	160	1.8224549116497598e-40	2.3208963299859692e-38	-4.330916878114617
peak_5589	1137	158	200	0.018152270881642996	0.0286721450763068	-0.33816873589457336
peak_5590	496	84	53	0.005618983140100517	0.00975233394060376	0.6545034339742333
peak_5593	1074	357	376	0.4127138747546019	0.46917305913857227	-0.07460493600440789
peak_5600	1149	398	372	0.2692138302224624	0.3243766347288474	0.09721311596710806
peak_5606	1108	123	71	0.00011692094102391607	0.00026400499715240625	0.784271308944563
peak_5614	169	0	10	0.0017030582790930288	0.0031929992174088654	-3.4594316186372973
peak_5617	559	144	99	0.0013890728658663865	0.0026571299957654426	0.5360529002402097
peak_5618	249	96	147	6.8929522457599285e-06	1.8647211226713264e-05	-0.6095405234418222
peak_5619	148	24	0	4.324066940766946e-08	1.6255938742632343e-07	4.643856189774724
peak_5624	120	27	37	0.18871517758632445	0.23712755664152363	-0.4405725913859815
peak_5632	288	103	88	0.21527088589278442	0.2664860006653326	0.22470628717469437
peak_5634	726	114	108	0.7154698037571268	0.7485321791617999	0.07730572616744871
peak_5635	445	171	153	0.23626989021673414	0.28910853249196344	0.15947821400719647
peak_5637	185	28	0	2.468118666122884e-09	1.1165716239102994e-08	4.857980995127572
peak_5639	189	0	46	1.2518110242597082e-15	1.383237604680901e-14	-5.554588851677638
peak_5642	644	97	76	0.10199188465060793	0.13654314334039336	0.3479233034203068
peak_5644	122	63	58	0.6086297938383254	0.6568559681805994	0.11735695063815874
peak_5658	916	491	451	0.06826129747678854	0.09490257897018582	0.12233554292405205
peak_5662	188	98	48	1.7665389694341546e-07	6.072030708702822e-07	1.0146467759644013
peak_5669	378	142	60	1.7117871733983285e-11	1.0899804826613857e-10	1.2291339992155033
peak_5670	50	22	0	2.4208675849374657e-08	9.413663723413322e-08	4.523561956057013
peak_5672	139	0	10	0.0016516892988236583	0.003106981273341106	-3.4594316186372973
peak_5676	88	11	0	0.0007002887280664553	0.0014286226594996088	3.584962500721156
peak_5679	111	0	19	1.644458523521058e-06	4.8958922962105605e-06	-4.321928094887363
peak_5681	354	0	26	1.8509521816546343e-08	7.331843245216724e-08	-4.754887502163468
peak_5686	476	132	114	0.20811369719311482	0.2590107924509472	0.20979238455681437
peak_5689	423	225	260	0.0180507428040761	0.028529470631077768	-0.20772703415469682
peak_5690	261	80	91	0.3510567657225261	0.4081906333235672	-0.18371195317238811
peak_5697	386	34	22	0.12628272774859053	0.16571482305337995	0.6057210608879536
peak_5701	296	80	12	1.7510008446706229e-15	1.9058970732376393e-14	2.6394102847435326
peak_5702	485	25	0	4.339766563317154e-08	1.6302928372815327e-07	4.700439718141092
peak_5707	314	113	213	1.5332814817484452e-15	1.6833051439712456e-14	-0.9085769722364054
peak_5713	231	0	59	4.922394297309859e-20	9.756683482683433e-19	-5.906890595608519
peak_5720	163	53	16	6.487691599425161e-07	2.0425402353196396e-06	1.6674246609131291
peak_5723	360	222	152	2.4389406029414554e-07	8.24964371273823e-07	0.543512057227653
peak_5725	131	55	51	0.7058028423800908	0.7411584578610972	0.10691520391651188
peak_5731	195	15	0	4.614339870364634e-05	0.0001109794490067868	4.0
peak_5744	46	46	41	0.055747623163353494	0.0803106313331795	0.1622714288988771
peak_5760	1049	0	25	5.157552525726453e-08	1.9163072622939861e-07	-4.700439718141092
peak_5761	549	141	129	0.44080184728203997	0.49579258336381354	0.12737930647622742
peak_5765	215	36	25	0.16654229760726114	0.2123039199227698	0.5090136474878577
peak_5769	197	25	22	0.7562134647854916	0.7823215657224399	0.17687776208407918
peak_5771	172	103	88	0.1286485358102026	0.16829369322474888	0.22470628717469437
peak_5778	1369	149	61	2.3903417703395926e-10	1.2710230666085475e-09	1.2746223801090057
peak_5779	310	105	160	1.1045378937922641e-05	2.904757888992149e-05	-0.6029964235514178
peak_5793	929	19	0	3.476060823129407e-06	9.88116843360558e-06	4.321928094887363
peak_5795	502	193	126	7.281485464278327e-06	1.963572628641281e-05	0.6112281554149618
peak_5806	306	15	42	0.00023945707951073783	0.0005208099252417951	-1.426264754702098
peak_5807	465	39	0	1.5840527730223556e-12	1.1745509207825153e-11	5.321928094887363
peak_5816	347	134	159	0.06502146488907197	0.09081967155057105	-0.24511249783653147
peak_5825	555	75	138	2.007714511332853e-06	5.9426482979253655e-06	-0.8710135592799219
peak_5826	402	140	158	0.2144446632169218	0.26578615922798043	-0.17333160288556176
peak_5832	267	56	13	2.3600346262230843e-08	9.198176270834272e-08	2.0255350921071376
peak_5834	542	139	32	8.165000977219273e-20	1.5814644478309877e-18	2.084888897586513
peak_5835	304	95	91	0.7917984627484849	0.8148325998466226	0.06140054466414327
peak_5836	804	292	386	2.574697453958758e-06	7.5203605679277025e-06	-0.40143290172216234
peak_5839	125	20	9	0.046779425040740945	0.06843606868395588	1.070389327891398
peak_5845	179	79	55	0.011875856581553363	0.019426979263465906	0.5145731728297582
peak_5852	95	11	12	1.0	1.0	-0.1154772174199359
peak_5853	144	12	22	0.09917013492883396	0.13343176633055473	-0.8231222379159209
peak_5854	180	67	0	6.789107005785346e-24	2.1480565892838854e-22	6.087462841250339
peak_5861	540	210	194	0.34554493246842616	0.4024247567430642	0.11376887495757435
peak_5865	353	122	115	0.632567489833744	0.6755343381998097	0.08453351021166769
peak_5875	221	45	77	0.0009293103853621577	0.0018185532774344438	-0.7618402628052354
peak_5876	340	128	95	0.008875382067157694	0.014799082242259015	0.42626475470209796
peak_5877	279	15	0	5.031156767178099e-05	0.00012004080829979032	4.0
peak_5880	296	33	133	1.5234514657781787e-20	3.1805171174893616e-19	-1.978626349207433
peak_5883	326	111	96	0.2388235387070886	0.2916727658053007	0.2074420798704763
peak_5884	193	12	0	0.000409374035862573	0.0008652910119020526	3.700439718141092
peak_5893	441	90	41	4.465722668685822e-06	1.2547375220234737e-05	1.1154772174199359
peak_5895	350	115	70	0.00015404137756724263	0.000342807679042173	0.7082338756228901
peak_5899	534	12	0	0.00045871079409553936	0.0009600134696477721	3.700439718141092
peak_5909	154	56	109	1.9738895899068823e-09	9.09954169319969e-09	-0.9484696993599179
peak_5914	161	48	0	1.1427223347394946e-16	1.4408484091987587e-15	5.614709844115208
peak_5917	369	23	0	1.673974430141821e-07	5.785092094397853e-07	4.584962500721156
peak_5920	136	35	24	0.14083764577586314	0.1827373834901291	0.5260688116675876
peak_5923	345	10	21	0.064491613921698	0.09017850159679648	-1.0
peak_5927	90	45	78	1.6306213761644935e-07	5.66215766201904e-07	-0.78021879212009
peak_5928	484	128	157	0.04822042102098198	0.07032202252530267	-0.2925534927538488
peak_5930	183	48	42	0.5440448615866634	0.5965054939566216	0.1884450894131103
peak_5958	318	13	0	0.00021542996385854997	0.00047078517198432157	3.807354922057604
peak_5959	557	65	61	0.7766755859494252	0.8005636250154536	0.09019780897157816
peak_5970	168	71	0	6.514539810046011e-26	2.38741480520679e-24	6.169925001442312
peak_6017	55	0	22	3.4151568051871e-08	1.2992388921301784e-07	-4.523561956057013
peak_6022	71	0	25	4.5529184765344824e-09	1.9822706597834746e-08	-4.700439718141092
peak_6050	144	62	46	0.06765520223424888	0.09418846684374522	0.42269107182227916
peak_6066	324	147	158	0.4312886645883609	0.4867045762988725	-0.10342958965540555
peak_6069	422	191	203	0.44790600276251813	0.5025623740247285	-0.08746284125033943
peak_6077	879	0	21	8.451009804996305e-07	2.6185793154897306e-06	-4.459431618637297
peak_6083	236	106	64	7.983114335888069e-05	0.00018679827481402766	0.7190991733726924
peak_6084	77	24	34	0.1341357427190632	0.17484326341118422	-0.4854268271702417
peak_6087	225	51	11	3.632469540612943e-08	1.3767708214198165e-07	2.1154772174199357
peak_6089	214	180	174	0.5229520435252327	0.5767017995997866	0.04863477525087651
peak_6092	373	5	58	2.1956902170718885e-13	1.8157217476889933e-12	-3.297680548640685
peak_6097	136	0	17	8.957559631408044e-06	2.3889952231619152e-05	-4.169925001442312
peak_6100	355	107	106	1.0	1.0	0.01342051576232144
peak_6105	275	74	64	0.37609398556260754	0.43229410794526424	0.20645087746742624
peak_6107	392	0	35	2.6308030494413495e-11	1.6283488133480235e-10	-5.169925001442312
peak_6119	365	63	85	0.052967865770069456	0.07678380996947462	-0.42626475470209796
peak_6122	326	135	139	0.8118860345103421	0.832330924967596	-0.04182017569462706
peak_6127	113	68	81	0.0918240910544153	0.12441191081561506	-0.24902754783991468
peak_6130	177	143	157	0.05391230860418604	0.07793714885524018	-0.13385574673479061
peak_6131	289	147	172	0.0446119028641828	0.0654719196744878	-0.2251748620077748
peak_6147	468	0	35	3.007953147255629e-11	1.8416482370336748e-10	-5.169925001442312
peak_6154	133	0	47	9.942957076846157e-17	1.2630778890138235e-15	-5.584962500721156
peak_6161	327	152	188	0.006112716123201011	0.010562474875029154	-0.3048545815284209
peak_6163	219	0	24	6.123152432270964e-08	2.2537094284673618e-07	-4.643856189774724
peak_6167	445	381	374	0.575143203284372	0.6257076549192052	0.026682042652505383
peak_6172	313	54	65	0.30838119312294376	0.3648150946976952	-0.2630344058337938
peak_6177	129	20	0	8.591451291078325e-07	2.658861049620473e-06	4.392317422778761
peak_6182	342	17	0	1.244588106257526e-05	3.2529152453955045e-05	4.169925001442312
peak_6205	371	77	70	0.5806145808715257	0.6308981815186757	0.1356550993575664
peak_6206	409	149	133	0.26980810580981246	0.3249178465709656	0.16272950003810832
peak_6209	185	13	0	0.00019627536434494767	0.0004315177841921293	3.807354922057604
peak_6210	485	16	56	9.911871645970315e-07	3.0343193608517296e-06	-1.7454271729144024
peak_6211	607	114	83	0.019366462325900353	0.030495443303906147	0.45317262816561493
peak_6212	159	0	36	3.1108090698139867e-12	2.2131929331888893e-11	-5.20945336562895
peak_6213	217	0	11	0.0008576152094871247	0.001707854525851217	-3.584962500721156
peak_6215	202	77	90	0.2253174788963663	0.2775065854685904	-0.22239242133644802
peak_6216	244	13	45	9.284546232385474e-06	2.469737781084679e-05	-1.7162070339994087
peak_6221	270	61	66	0.6849432633193328	0.7219327505376952	-0.11189288007089722
peak_6250	373	0	14	0.00010780867867983208	0.00024525144895882063	-3.9068905956085187
peak_6253	200	0	18	5.113425967101637e-06	1.4225992286409468e-05	-4.247927513443585
peak_6267	244	71	66	0.6870661216717757	0.7235713921430691	0.10383581098453992
peak_6277	184	30	56	0.001966078804023431	0.003606483769425768	-0.8786937037778664
peak_6279	489	102	174	4.080214470262795e-07	1.3306410058590703e-06	-0.7647105846491106
peak_6284	237	34	21	0.08452255116426204	0.11558600688073847	0.6698513983076692
peak_6286	153	20	0	9.821877932277964e-07	3.0085776420339113e-06	4.392317422778761
peak_6287	249	73	148	1.7271064318182664e-11	1.0961250197962089e-10	-1.0097151548332117
peak_6291	144	35	6	9.244350231833193e-07	2.845360729967268e-06	2.3625700793847084
peak_6292	342	18	0	6.064334850580149e-06	1.6555049158014617e-05	4.247927513443585
peak_6293	284	83	71	0.2991394649220081	0.3554505328464449	0.22239242133644802
peak_6300	144	144	128	1.9642583619542894e-05	5.0155048099223806e-05	0.16868183459168035
peak_6307	59	42	30	0.03732961469284202	0.05556898224586126	0.4720684443152228
peak_6313	149	0	37	1.1303798062589012e-12	8.517980374382904e-12	-5.247927513443585
peak_6321	155	0	11	0.0008127002248513742	0.0016337391260429757	-3.584962500721156
peak_6325	212	55	77	0.02743116348096845	0.042216471603507916	-0.47804729680464425
peak_6326	559	67	78	0.37341211915787625	0.42957573057593085	-0.21631790692676345
peak_6340	361	0	13	0.0002187221476066338	0.00047736530415946557	-3.807354922057604
peak_6365	312	74	50	0.020787572125930125	0.03257209855720949	0.5563933485243854
peak_6368	593	144	97	0.0008777320418986529	0.0017377252318040181	0.5651992458997263
peak_6375	565	270	273	0.9052164400612508	0.9198429175487755	-0.015883041606655216
peak_6378	93	24	14	0.10088559673542496	0.13534664992632467	0.7369655941662062
peak_6381	739	360	273	6.0082550699851435e-06	1.6437191904674716e-05	0.39782294392664413
peak_6382	506	18	12	0.3543155996345061	0.41122890511236593	0.5474877953024933
peak_6388	251	22	0	2.9479078048765056e-07	9.853439867480917e-07	4.523561956057013
peak_6393	169	0	14	9.221156959556272e-05	0.00021399805718441754	-3.9068905956085187
peak_6399	151	0	40	9.213953775836732e-14	8.050751378063862e-13	-5.357552004618084
peak_6406	403	238	215	0.11825320532722658	0.1562598775452379	0.14597930581727991
peak_6414	167	14	0	9.188912078240132e-05	0.00021334693767800924	3.9068905956085187
peak_6437	138	47	62	0.08450898480970424	0.11558600688073847	-0.39231742277876036
peak_6439	350	103	64	0.000723678447502956	0.001472799844818241	0.6780719051126377
peak_6445	133	18	0	4.119811168783947e-06	1.1626769027027937e-05	4.247927513443585
peak_6446	334	92	76	0.1809151662491346	0.22885072184581365	0.2723722704131301
peak_6448	148	16	0	1.9891230763754412e-05	5.07136784337162e-05	4.087462841250339
peak_6458	746	376	374	0.958707272625932	0.9694864960788504	0.007673927885421169
peak_6463	747	194	131	9.745479544390683e-05	0.00022467560199610612	0.5629361943911573
peak_6469	308	115	139	0.05966229713118025	0.08502847481817671	-0.27130202181739427
peak_6470	231	0	5	0.06114868217713693	0.0863259649709883	-2.584962500721156
peak_6473	214	9	0	0.003584989895799829	0.006374149573893309	3.321928094887362
peak_6475	109	12	5	0.12762711225734152	0.16729449311161082	1.1154772174199359
peak_6478	295	0	11	0.0008881354244245838	0.0017542310399452617	-3.584962500721156
peak_6479	332	104	90	0.26724513136061684	0.32251757857166125	0.20645087746742624
peak_6486	356	0	20	1.44963208983187e-06	4.3463365895253365e-06	-4.392317422778761
peak_6496	405	222	183	0.0075388238551763066	0.012695130154799375	0.2773379438632918
peak_6501	78	37	30	0.3318427728231223	0.38859932983011153	0.2937312030567103
peak_6502	75	16	0	1.248014215335129e-05	3.260197134829306e-05	4.087462841250339
peak_6505	254	201	152	3.2784920050241114e-06	9.345628580633925e-06	0.40082364005914295
peak_6508	272	135	120	0.2290061557024023	0.28170909373292374	0.16859960397574494
peak_6510	154	9	0	0.0034637844066079267	0.006180216380826892	3.321928094887362
peak_6512	393	125	66	1.2209059835527388e-06	3.6975595007239307e-06	0.9111907330421442
peak_6519	379	21	65	5.137287970158236e-07	1.646906539961363e-06	-1.5849625007211563
peak_6524	361	8	0	0.007512257908947147	0.012655961718953345	3.169925001442312
peak_6546	222	41	79	6.973236835126227e-05	0.00016399662252138965	-0.929610672108602
peak_6558	332	20	10	0.09113194971860618	0.12366173464746401	0.932885804141463
peak_6567	291	222	151	1.1197060113882953e-09	5.340620245329566e-09	0.5529723864767192
peak_6577	130	42	0	8.629818100508006e-15	8.585994805466364e-14	5.426264754702098
peak_6581	252	75	86	0.3394218921170035	0.39619511616553754	-0.19501598240514273
peak_6595	190	28	61	9.293150604959244e-05	0.00021508091404662605	-1.0962153152593033
peak_6606	327	0	19	2.914633314993617e-06	8.416747225950955e-06	-4.321928094887363
peak_6607	139	0	15	4.0967062197002474e-05	9.942173169677494e-05	-4.0
peak_6625	688	64	70	0.649503201842783	0.691157156922318	-0.12737930647622756
peak_6626	421	0	18	6.337140378461868e-06	1.722593014294811e-05	-4.247927513443585
peak_6633	233	49	39	0.28673170788912733	0.34286650703925226	0.32192809488736235
peak_6636	403	56	42	0.1609098739386692	0.20579334618216943	0.40662525946264366
peak_6639	563	49	75	0.017036124326344968	0.027026476897664672	-0.6040713236688607
peak_6643	90	43	62	0.0063247554018423585	0.010899290939440113	-0.5178483048626193
peak_6645	443	113	250	6.634718796868389e-21	1.4630847424782498e-19	-1.1386535397860305
peak_6646	102	37	0	2.643624431416975e-13	2.1616236867963867e-12	5.247927513443585
peak_6649	881	161	157	0.8525994945182918	0.8693238240744952	0.03606925470752168
peak_6657	167	63	74	0.26591624131471037	0.3210659713811649	-0.22881869049588077
peak_6658	421	39	53	0.15067336815159937	0.19421309143832166	-0.43295940727610627
peak_6661	201	88	123	0.0006657897939543593	0.0013664517366653933	-0.4784628794204774
peak_6663	192	85	119	0.0007184305502573932	0.0014632887736949864	-0.4806258409064206
peak_6669	174	88	83	0.6680522903238587	0.707349483872321	0.08341600818763747
peak_6674	238	11	36	0.00016869195350319307	0.00037426690380891356	-1.6244908649077936
peak_6675	239	113	127	0.2343194468810544	0.28699765867085625	-0.16710998583525832
peak_6685	81	13	23	0.08811425556094923	0.11991825215802174	-0.777607578663552
peak_6693	164	0	18	4.659905433395994e-06	1.3064148749432685e-05	-4.247927513443585
peak_6702	218	22	55	4.761630273311636e-05	0.00011417811711549225	-1.2837929660005913
peak_6707	311	94	48	1.5135270858163352e-05	3.911672742338108e-05	0.9551457642157396
peak_6713	190	52	58	0.5717987837558021	0.6229133884628006	-0.154722594798642
peak_6716	458	85	108	0.07449911121272079	0.10290088734208236	-0.3419195700748283
peak_6718	120	17	0	8.298743960388588e-06	2.2237665299431598e-05	4.169925001442312
peak_6722	348	40	0	5.540198131832603e-13	4.328492221404184e-12	5.357552004618084
peak_6730	111	38	67	0.00015481421657794346	0.0003443332217819739	-0.8020606223880912
peak_6731	187	110	94	0.11918127588250618	0.1574453888344104	0.22456025801915822
peak_6732	480	125	110	0.2932956032897481	0.349484866235784	0.18286405714981044
peak_6734	289	54	0	7.218668228683977e-18	1.0689504638638424e-16	5.78135971352466
peak_6737	501	104	63	0.0006654896682064334	0.0013663862836934993	0.7142455176661227
peak_6741	38	0	10	0.0009905092060188282	0.0019287667796100577	-3.4594316186372973
peak_6742	101	36	0	6.427015084762227e-13	4.990733969783351e-12	5.20945336562895
peak_6745	269	112	96	0.18412034855775672	0.23250100534288862	0.22026612022806014
peak_6751	252	149	191	9.134798061723575e-05	0.00021228403889790096	-0.3561438102252753
peak_6758	222	16	0	2.3062213911151813e-05	5.7842893975089776e-05	4.087462841250339
peak_6761	302	80	75	0.7094915261123468	0.743958384935425	0.09192248944103935
peak_6774	155	23	0	9.880324851443186e-08	3.5493917343618887e-07	4.584962500721156
peak_6782	653	153	152	1.0	1.0	0.009398698002249559
peak_6783	156	101	68	0.00026396677873012474	0.0005729215044104198	0.5639008851933265
peak_6788	292	73	0	1.2217424321763171e-24	4.067683627128209e-23	6.20945336562895
peak_6795	374	86	68	0.12405343792257968	0.1632050822470205	0.3344190390705593
peak_6803	442	36	53	0.07322784786391541	0.10119985269093465	-0.5454341365345187
peak_6806	195	123	55	5.873608315989349e-12	4.0053762733132193e-11	1.1468413883292712
peak_6808	297	229	208	0.06255800217122691	0.08781219704057038	0.13813091886349244
peak_6810	197	48	40	0.39723113644169145	0.4536985222049274	0.25715783949712445
peak_6822	223	0	28	3.017463361927995e-09	1.3471479724505878e-08	-4.857980995127572
peak_6828	327	37	61	0.011462245156126736	0.018816847188304738	-0.7062687969432897
peak_6829	209	108	76	0.002214437955291557	0.004040238876882232	0.501397784082025
peak_6832	490	146	195	0.0012700142950934864	0.0024440698221406196	-0.4150374992788438
peak_6835	187	41	74	0.0003154122241284033	0.0006782228238539832	-0.8365012677171204
peak_6838	272	91	105	0.24561717684064946	0.29946718497517194	-0.20435849850618626
peak_6839	92	33	5	3.0995923223316474e-07	1.0306346795011365e-06	2.5025003405291835
peak_6840	270	30	7	0.0001143447404052519	0.0002587614871720805	1.9541963103868751
peak_6852	275	0	80	1.9398110352686938e-27	8.744599481113917e-26	-6.339850002884625
peak_6859	270	73	56	0.10615230033087869	0.1417033065737673	0.37656335146420816
peak_6860	145	88	26	7.414088147488056e-14	6.591163180332314e-13	1.7208459288029292
peak_6862	239	48	0	5.144337339294575e-16	6.066031112584852e-15	5.614709844115208
peak_6864	216	5	0	0.06105495432641605	0.0862977671679661	2.584962500721156
peak_6870	377	79	78	1.0	1.0	0.01814734671025952
peak_6884	419	87	30	1.3545210589036562e-08	5.48920467307496e-08	1.5052353082504222
peak_6889	257	110	84	0.02280111128383949	0.03556303150026894	0.38502493021240425
peak_6890	244	55	56	1.0	1.0	-0.025535092107137648
peak_6893	501	41	0	3.8753375759394364e-13	3.1088141121000767e-12	5.392317422778761
peak_6898	390	67	48	0.06874625456606619	0.0954725792692315	0.4727529971351312
peak_6900	265	61	49	0.23864236766346925	0.29159132187040354	0.3103401206121505
peak_6903	702	82	89	0.6245065828127612	0.6688055092241346	-0.11681366498274987
peak_6908	424	174	95	7.222040976939227e-09	3.045453372229174e-08	0.8662486111111727
peak_6913	128	34	0	9.264756859927957e-12	6.12122846231816e-11	5.129283016944966
peak_6917	288	24	8	0.005556987030417393	0.009654601614238131	1.4739311883324122
peak_6918	416	10	0	0.001849135467131226	0.003414551044153769	3.4594316186372973
peak_6941	388	92	87	0.7332733393852685	0.7627719809737712	0.07972719247073422
peak_6945	225	0	16	2.315162919662822e-05	5.801003400276643e-05	-4.087462841250339
peak_6952	506	203	194	0.6065459823083001	0.6548845345227811	0.06509502822188498
peak_6956	360	77	29	5.295234635135089e-07	1.6932784200488478e-06	1.3785116232537298
peak_6965	162	0	24	4.7535460679813565e-08	1.7726620549265763e-07	-4.643856189774724
peak_6966	251	111	118	0.5908610647574792	0.6405291048892529	-0.08746284125033943
peak_6969	223	76	167	3.778660942469313e-18	5.904447497220454e-17	-1.125530882083859
peak_6971	403	0	41	3.114360804157659e-13	2.5262028561113238e-12	-5.392317422778761
peak_6972	184	46	30	0.05295021092724658	0.07678006674164363	0.6003925412907621
peak_6982	297	86	125	0.0010987062924474305	0.0021296841148124852	-0.5343364276511882
peak_6990	286	59	45	0.15852799134261272	0.20315511645264633	0.3833286395515057
peak_6994	159	41	25	0.03755275565060228	0.05586849803860047	0.6918777046376682
peak_6996	79	43	20	0.0003163671051428092	0.0006799890437120127	1.067114195858537
peak_6998	263	0	12	0.00042949115444536904	0.0009055579224936713	-3.700439718141092
peak_7000	162	43	31	0.14516379000355556	0.18772895310436963	0.45943161863729726
peak_7002	166	8	0	0.007166597359159426	0.012209580918915759	3.169925001442312
peak_7003	357	117	109	0.5733311049370274	0.6243156580908973	0.10128333583718169
peak_7004	352	8	0	0.007504653218380792	0.01265432091838191	3.169925001442312
peak_7018	173	39	50	0.218605704438482	0.2699581717356673	-0.35049724708413327
peak_7019	345	94	43	1.471928939234619e-06	4.40540894034145e-06	1.1104239896936507
peak_7023	168	26	31	0.5612341602372688	0.6125834180948462	-0.24511249783653147
peak_7030	195	0	5	0.060899543651979825	0.08619679782250216	-2.584962500721156
peak_7043	167	0	38	6.751817306173231e-13	5.219083058823435e-12	-5.285402218862249
peak_7060	288	67	73	0.6272698180128604	0.6708613170181631	-0.1219905243786103
peak_7065	301	0	12	0.00043664255667775863	0.0009187348962067338	-3.700439718141092
peak_7075	197	159	130	0.0013555504035082928	0.0026002756766904337	0.2885050933499121
peak_7076	251	67	60	0.5379885854431111	0.5905007227423418	0.156725503687453
peak_7077	134	78	63	0.08657620488785375	0.11804582111850295	0.30378074817710293
peak_7079	114	54	16	6.220993901745829e-08	2.2880680819850724e-07	1.6938968722743202
peak_7080	38	5	0	0.054337899543379	0.07845727332028701	2.584962500721156
peak_7082	183	131	73	1.4403059863190619e-09	6.755910399916484e-09	0.8349407537295036
peak_7084	148	98	69	0.0009952981144116713	0.001936611380753649	0.5000736031346432
peak_7085	74	52	0	2.283329725805309e-22	5.874384658208205e-21	5.727920454563199
peak_7087	379	62	98	0.001781968808164341	0.0033153210769865426	-0.6520766965796931
peak_7096	219	33	42	0.3102405576211886	0.36667643587366994	-0.3388019134517586
peak_7103	792	186	120	3.339602599106151e-05	8.16703583285969e-05	0.6280312226130421
peak_7104	616	370	432	0.00026198414500758866	0.0005688607138400071	-0.2229478381059216
peak_7108	531	124	95	0.033546353627578365	0.05021602273843202	0.3808217839409308
peak_7113	75	0	22	7.834010342100279e-08	2.8484260301683665e-07	-4.523561956057013
peak_7114	420	16	10	0.3192828310432752	0.37561818506569145	0.6280312226130421
peak_7115	262	9	0	0.0036427527098050905	0.006463316720218436	3.321928094887362
peak_7124	294	194	171	0.06138685747614498	0.08642576068672848	0.18106555904751276
peak_7126	221	34	40	0.5243253517653361	0.5776196673643215	-0.22826898767311726
peak_7130	318	225	234	0.4791126425932742	0.5338144797397504	-0.056337984149812094
peak_7135	166	113	129	0.06369801978464325	0.0892894091312528	-0.18947779886371285
peak_7139	396	209	196	0.3936604891238714	0.4501249229173964	0.09219369820974649
peak_7143	178	83	75	0.45527972277798784	0.5096011662999494	0.14438990933517493
peak_7144	378	193	204	0.46644543256846355	0.5211829422030606	-0.07956725731831843
peak_7145	317	131	111	0.12027349582605107	0.1588059066194671	0.23703919730084938
peak_7153	224	120	115	0.7051639535236952	0.740792983965705	0.06088224214702243
peak_7154	114	32	45	0.09256097365415451	0.12526716253832706	-0.4791678366985595
peak_7155	182	124	123	1.0	1.0	0.011587974275211825
peak_7160	266	0	34	3.7748312739030024e-11	2.28101904024459e-10	-5.129283016944966
peak_7191	344	75	56	0.08022791636972716	0.1101566053874367	0.41503749927884376
peak_7194	118	60	0	6.273969573545476e-23	1.7854525702592545e-21	5.930737337562887
peak_7195	348	51	0	1.229700928188612e-16	1.5390900560670244e-15	5.700439718141092
peak_7196	322	108	80	0.019146714996995554	0.03016806872709414	0.42833432189230164
peak_7202	338	33	0	1.0245768855202726e-10	5.760700502031203e-10	5.087462841250339
peak_7203	153	31	0	1.7162420145079747e-10	9.330348796055094e-10	5.0
peak_7211	563	206	225	0.2697585838314356	0.3249178465709656	-0.1266920049158625
peak_7212	788	429	479	0.012472925751699254	0.020331866809329923	-0.15869774601905817
peak_7215	229	95	96	1.0	1.0	-0.014950341465971444
peak_7216	128	53	85	9.4007725387748e-05	0.00021737419569913227	-0.6713772525386293
peak_7220	276	0	33	8.420771518650155e-11	4.792783253184792e-10	-5.087462841250339
peak_7223	508	317	312	0.7961019079815275	0.8179393140899357	0.022864108351737165
peak_7224	281	114	201	1.6844664150469518e-13	1.4136197558894846e-12	-0.8127214318074196
peak_7225	154	31	43	0.14205973006918085	0.18418230210547398	-0.4594316186372972
peak_7227	253	184	193	0.41455098668642143	0.4709461922793557	-0.06853138167081547
peak_7228	124	57	69	0.16222774626518582	0.20716674341310015	-0.27130202181739427
peak_7229	267	153	158	0.7256345736893977	0.756680147057071	-0.04609641458945399
peak_7233	230	0	59	4.8184201649604745e-20	9.587903250120568e-19	-5.906890595608519
peak_7237	397	17	0	1.2809960178049968e-05	3.3395054834691165e-05	4.169925001442312
peak_7244	255	13	0	0.00020870967181454278	0.0004566868849756361	3.807354922057604
peak_7256	121	0	11	0.0007699900009428491	0.0015577160702155972	-3.584962500721156
peak_7260	299	0	43	4.467634765933255e-14	4.0567079318474153e-13	-5.459431618637297
peak_7267	289	0	19	2.8099757415764468e-06	8.146850556397508e-06	-4.321928094887363
peak_7275	475	107	116	0.5403338416586059	0.5926917720518816	-0.1154772174199359
peak_7276	259	0	110	5.439807341815325e-40	6.297813318001652e-38	-6.794415866350106
peak_7278	192	24	50	0.001121068013170129	0.0021697266181947713	-1.028569152196771
peak_7280	406	50	81	0.004084258332095906	0.007189084984000189	-0.6851266626465881
peak_7281	73	5	0	0.058234868579696175	0.08344291048906798	2.584962500721156
peak_7292	510	143	192	0.0013557778165076153	0.0026002756766904337	-0.4225320358257681
peak_7295	64	25	14	0.054088591181969334	0.07814160053345201	0.7935491225325737
peak_7302	114	0	6	0.02921251391056413	0.04468725100913324	-2.807354922057604
peak_7303	148	0	20	9.588554601579723e-07	2.94241549038838e-06	-4.392317422778761
peak_7311	59	0	18	1.6518198651558642e-06	4.9149359772803574e-06	-4.247927513443585
peak_7312	349	100	84	0.19745158262579782	0.24719055342733204	0.24882054661409297
peak_7318	161	0	12	0.0003947620610498459	0.0008367305232949484	-3.700439718141092
peak_7322	78	46	51	0.5091675218837031	0.5631131907241823	-0.14585086646345477
peak_7328	63	0	8	0.006167447265138669	0.01065343383133821	-3.1699250014423126
peak_7332	97	17	0	7.084139018667479e-06	1.9133936458691484e-05	4.169925001442312
peak_7345	375	7	0	0.015189844241798154	0.024301518482303504	3.0
peak_7351	248	60	83	0.029009957384649347	0.044417409954133985	-0.46158008521587407
peak_7353	232	50	22	0.00047370455630587683	0.0009885501883744926	1.1488633859144828
peak_7360	305	74	0	6.783801726413647e-25	2.2734661838388894e-23	6.22881869049588
peak_7372	368	74	5	2.222669115069833e-18	3.58299888359675e-17	3.643856189774725
peak_7374	317	0	38	2.2372722390639573e-12	1.6211471957029584e-11	-5.285402218862249
peak_7384	163	26	18	0.25635775820979834	0.3106295005520249	0.506959988719883
peak_7385	263	79	37	1.3786201140534251e-05	3.577529730508481e-05	1.0740005814437767
peak_7386	457	297	271	0.08814266494526139	0.11992487586302392	0.1317056792118223
peak_7387	252	77	0	1.3587817122936092e-26	5.407526595643473e-25	6.285402218862249
peak_7391	216	83	111	0.008929952465349136	0.01488033295992427	-0.4150374992788438
peak_7393	274	37	23	0.07462728190017306	0.10304997939807037	0.6629650127224292
peak_7399	116	54	39	0.06045092243576135	0.08579339812047575	0.45943161863729726
peak_7414	157	36	27	0.2595074578773785	0.3142217709596782	0.40209844357134567
peak_7428	333	46	19	0.0005936659361056501	0.00122732722342621	1.232660756790275
peak_7431	420	100	83	0.18100519180549693	0.22890775746206588	0.2658940599730344
peak_7432	102	8	0	0.006774718641552594	0.011607943747080024	3.169925001442312
peak_7437	359	137	61	2.5836402931560543e-10	1.3652555656988527e-09	1.1543281463912938
peak_7441	303	106	41	8.063510414586017e-10	3.964818730878491e-09	1.3491495636223865
peak_7445	87	0	23	4.4606911525382626e-08	1.6707912302227877e-07	-4.584962500721156
peak_7459	293	0	18	5.8289502512918576e-06	1.60327605723978e-05	-4.247927513443585
peak_7464	424	169	163	0.7250289863585605	0.7564578316465719	0.05183893151961811
peak_7493	231	66	0	1.182465518984412e-22	3.1372288300555183e-21	6.066089190457772
peak_7498	122	0	8	0.00694007475543694	0.01186333584033415	-3.1699250014423126
peak_7499	217	44	0	1.0033022258979359e-14	9.904692904504042e-14	5.491853096329675
peak_7508	424	200	267	4.978477220610307e-06	1.3903707764138655e-05	-0.4150374992788438
peak_7512	363	0	46	6.20328171791115e-15	6.257330113077109e-14	-5.554588851677638
peak_7514	267	63	6	1.423560566429889e-14	1.3682297217724254e-13	3.192645077942396
peak_7515	202	67	77	0.34985925480081037	0.4070769858280786	-0.1979393776119089
peak_7521	114	20	0	7.657620260120675e-07	2.3828905073338255e-06	4.392317422778761
peak_7522	308	53	71	0.08732977388951531	0.11895599466472007	-0.4150374992788438
peak_7524	259	21	30	0.23784858206681878	0.29075049311362133	-0.4947646917495779
peak_7527	388	87	160	2.432188525030154e-08	9.450471660185815e-08	-0.8714852594773196
peak_7531	207	45	25	0.012338785708661303	0.020119646094724927	0.8231222379159207
peak_7539	346	327	124	1.5613983188627615e-65	7.230693669351734e-63	1.3917677199559968
peak_7540	218	183	0	3.1170938281606367e-87	3.969618990162571e-84	7.523561956057013
peak_7543	199	199	99	7.186448130790717e-38	6.836351661645343e-36	1.0
peak_7544	115	6	0	0.029230068804545078	0.04470068162424276	2.807354922057604
peak_7545	166	76	36	5.089756375105883e-06	1.4175625464619666e-05	1.0573331750659516
peak_7546	125	36	0	1.5223709404818549e-12	1.132110594279499e-11	5.20945336562895
peak_7547	133	49	0	1.5224124718642997e-17	2.1482462968633637e-16	5.643856189774724
peak_7561	178	23	0	1.1159013186716878e-07	3.9723279645797186e-07	4.584962500721156
peak_7564	181	28	52	0.003411599316752659	0.006102067036354649	-0.8699394594356271
peak_7565	64	22	0	5.369075521314687e-08	1.989096051314692e-07	4.523561956057013
peak_7570	246	74	56	0.08194742370843058	0.11233589245714354	0.3959286763311393
peak_7575	368	94	0	1.0943101264822498e-31	6.558136216824213e-30	6.569855608330948
peak_7576	194	6	21	0.004379403628057158	0.007689997270363034	-1.6520766965796931
peak_7588	205	58	28	0.0003948763600316168	0.0008367305232949484	1.024662054234269
peak_7589	432	106	120	0.3142618258956325	0.3708245867760834	-0.1773962508734475
peak_7590	500	182	187	0.7932345251253867	0.8159167828670196	-0.038889013393594844
peak_7591	208	19	0	2.480643464294438e-06	7.253959705577421e-06	4.321928094887363
peak_7592	548	47	30	0.058011830340339146	0.08317260449020197	0.6307661903342809
peak_7595	225	0	78	1.967071378475212e-27	8.789703159607657e-26	-6.303780748177103
peak_7596	368	36	0	1.1835782631683673e-11	7.749547136991855e-11	5.20945336562895
peak_7597	473	94	18	4.3150757530007865e-15	4.42273559070141e-14	2.321928094887362
peak_7598	248	12	0	0.00042609232024958796	0.0008987636767500626	3.700439718141092
peak_7600	419	0	23	1.7481871296059313e-07	6.017071106900416e-07	-4.584962500721156
peak_7601	340	23	0	1.6225385478602642e-07	5.637934081036962e-07	4.584962500721156
peak_7603	229	31	0	3.1355146003486417e-10	1.639867697554002e-09	5.0
peak_7639	384	12	0	0.00044748560494541957	0.0009388351200955384	3.700439718141092
peak_7646	460	281	274	0.6859857276644182	0.7227324295186239	0.03626354398677152
peak_7653	141	0	14	8.69676070554989e-05	0.00020265919045778198	-3.9068905956085187
peak_7656	84	13	0	0.0001477617447724175	0.00032969703367091317	3.807354922057604
peak_7657	177	0	35	9.007896106861732e-12	5.966999059603857e-11	-5.169925001442312
peak_7658	196	39	56	0.058967959074401465	0.0842352169167137	-0.5109619192773794
peak_7661	128	44	26	0.016790376414353714	0.026669840179207302	0.7369655941662062
peak_7670	363	119	158	0.0036566137171809504	0.006485651210069555	-0.40599235967583674
peak_7671	328	11	0	0.0008967972334790156	0.0017658620438121783	3.584962500721156
peak_7678	249	0	7	0.014971444006098181	0.02402789406649784	-3.0
peak_7684	160	89	98	0.3642015622583702	0.4208012233387452	-0.13750352374993496
peak_7691	209	46	13	4.283474910126204e-06	1.2055260327172864e-05	1.7472339296200332
peak_7699	218	114	43	1.4903104509238919e-12	1.10988909897753e-11	1.386058432307078
peak_7701	259	103	74	0.009392913275712213	0.015605838299568825	0.47162102764521135
peak_7706	74	36	0	9.770184149213463e-14	8.522143502755716e-13	5.20945336562895
peak_7709	230	37	48	0.2295021266741778	0.28211482463278514	-0.36678233067162275
peak_7724	159	0	16	2.0520741048497593e-05	5.217120594412767e-05	-4.087462841250339
peak_7732	223	0	22	2.7665560440760113e-07	9.277706707388547e-07	-4.523561956057013
peak_7738	308	74	37	0.00014449026267239807	0.00032282166581280516	0.9808911770522953
peak_7739	171	70	54	0.09137371354708719	0.12389078967496997	0.36838740598002256
peak_7742	522	326	262	8.284798311670411e-05	0.00019341321081415707	0.31422783620578026
peak_7743	434	77	45	0.0023639430245056127	0.0043053005959354995	0.7618402628052354
peak_7745	111	14	0	7.887338480484984e-05	0.00018464201387679462	3.9068905956085187
peak_7746	69	53	0	6.661210266034417e-24	2.1207628184487076e-22	5.754887502163468
peak_7747	219	183	151	0.0004648898800105207	0.0009713490766093488	0.27563444261342734
peak_7751	168	31	0	2.0275065395118133e-10	1.0952405421286508e-09	5.0
peak_7754	324	53	0	2.1886093432109788e-17	3.05445917652513e-16	5.754887502163468
peak_7762	413	66	96	0.010897475517183763	0.017941738941349095	-0.5338236517293553
peak_7769	177	19	38	0.008818475775196255	0.0147138275790533	-0.9634741239748861
peak_7774	175	9	46	4.422219386060633e-08	1.6588207328860726e-07	-2.232660756790275
peak_7781	128	31	47	0.04130737875620464	0.060920610128577427	-0.5849625007211563
peak_7790	339	18	0	6.051697668896945e-06	1.652940907526061e-05	4.247927513443585
peak_7798	209	34	48	0.10895783744875662	0.14515736708981175	-0.4854268271702417
peak_7803	233	0	6	0.030248462496522074	0.045913488664268004	-2.807354922057604
peak_7804	147	6	0	0.029666644711395115	0.04524607429935531	2.807354922057604
peak_7807	60	27	0	3.314158456853556e-10	1.724445677141166e-09	4.807354922057604
peak_7815	239	0	21	6.025392122720658e-07	1.909978063045366e-06	-4.459431618637297
peak_7819	162	32	21	0.13258252997418413	0.17312878946129043	0.5849625007211562
peak_7820	110	74	18	1.190742200623895e-14	1.1575650324385726e-13	1.9808911770522952
peak_7824	68	0	29	8.150983816132076e-11	4.66005741407147e-10	-4.906890595608519
peak_7828	288	68	54	0.184796005833905	0.23306532649614065	0.3271647432535095
peak_7829	291	55	88	0.001999761109989496	0.0036669485580584924	-0.6683785089087937
peak_7830	457	149	125	0.09672229679425347	0.1304138115060686	0.2515387669959644
peak_7834	89	63	24	7.121716546968473e-09	3.008128034018027e-08	1.3561438102252754
peak_7835	28	11	0	0.00028843331792773307	0.0006231040379660188	3.584962500721156
peak_7837	248	81	0	3.232503698684579e-28	1.5389134430933875e-26	6.357552004618084
peak_7841	92	13	0	0.00015486207520661608	0.0003443332217819739	3.807354922057604
peak_7844	202	58	21	4.615293933413175e-06	1.2946204458594004e-05	1.4232114307245438
peak_7848	216	0	29	1.360854078918783e-09	6.400914753473943e-09	-4.906890595608519
peak_7849	454	41	19	0.004658147502527429	0.008154159236383067	1.070389327891398
peak_7851	193	16	0	2.207227631396486e-05	5.577191247189336e-05	4.087462841250339
peak_7859	411	0	21	7.338356083111928e-07	2.293348827446145e-06	-4.459431618637297
peak_7863	347	94	130	0.004434083960323798	0.00777796959155972	-0.4635673932065025
peak_7866	204	102	89	0.23377298657968504	0.286603993655094	0.19464743085354358
peak_7867	205	63	59	0.7459674368613581	0.773307729439013	0.09310940439148145
peak_7869	38	16	22	0.25123394792942966	0.3054109996749446	-0.43609911480667357
peak_7873	224	69	86	0.11188777136722579	0.14869718427984557	-0.3136604789037618
peak_7874	150	0	21	4.4957750691025325e-07	1.454121988455881e-06	-4.459431618637297
peak_7875	260	29	184	1.9525848139287687e-46	3.8255642469819796e-44	-2.6244908649077936
peak_7882	614	29	46	0.055922573483330344	0.08051712530358529	-0.6476982560691188
peak_7885	238	117	132	0.19882892165217053	0.24867039697916934	-0.17263938613934843
peak_7886	184	64	0	1.3758751367463965e-22	3.612736054941311e-21	6.022367813028454
peak_7887	492	23	18	0.5238774764383297	0.5772511064193925	0.3370349872775706
peak_7888	186	48	41	0.46601451959434975	0.5208157004856555	0.22239242133644802
peak_7889	257	83	8	1.0289702523205676e-19	1.955811367657079e-18	3.222392421336448
peak_7896	355	31	0	4.696789823973535e-10	2.3877691979362465e-09	5.0
peak_7897	244	91	63	0.008431792359295073	0.01410640973404399	0.5235619560570128
peak_7900	218	110	105	0.7016433834274204	0.7375508450638216	0.06649541178690692
peak_7901	276	106	154	5.894994335998787e-05	0.00013954043284190436	-0.5346574188730906
peak_7909	219	138	112	0.015700869163737374	0.02505646225566359	0.2987621103083196
peak_7922	344	175	127	0.00029878422126150393	0.0006435546820744613	0.45943161863729726
peak_7927	117	0	5	0.05983501477063708	0.08511576800938991	-2.584962500721156
peak_7931	199	0	23	1.2149306580720184e-07	4.3157997016867936e-07	-4.584962500721156
peak_7937	110	80	81	1.0	1.0	-0.017702001733458983
peak_7939	339	32	21	0.1519611420436696	0.19572310196945097	0.5849625007211562
peak_7942	405	102	98	0.8069290620898876	0.8278945905913166	0.05714390710360882
peak_7948	144	0	15	4.156918859019542e-05	0.00010083497460878833	-4.0
peak_7950	417	6	0	0.030689305591636955	0.0463066714110778	2.807354922057604
peak_7957	316	29	87	2.506819257984574e-09	1.1320689095898421e-08	-1.5525410230287788
peak_7958	244	13	7	0.25315457680457415	0.3074795932862424	0.8073549220576041
peak_7961	354	124	115	0.5249496696147284	0.5781824036794436	0.10780328953451505
peak_7968	301	64	37	0.004403928098996695	0.007727733288422034	0.774440299584869
peak_7980	515	52	8	1.9495239368593498e-09	9.003513086456508e-09	2.557995453120887
peak_7981	254	33	61	0.0019290439494736823	0.003546210710436282	-0.8667334691365359
peak_7982	609	365	399	0.050464494394290446	0.07330086525364002	-0.1281563514906822
peak_7985	177	34	47	0.12862750979973056	0.16829369322474888	-0.4556794837761898
peak_7987	291	16	41	0.0006976504142724103	0.0014243812466146926	-1.304854581528421
peak_7990	584	148	169	0.1881258391787897	0.23662049994487772	-0.19022241567554019
peak_7996	470	200	148	0.0005621220644844216	0.0011673256406374412	0.43188317071676696
peak_7997	136	8	0	0.00702764145966146	0.01200094052816476	3.169925001442312
peak_8008	165	26	10	0.0073660025397507935	0.012461779122381448	1.2954558835261714
peak_8012	40	28	0	3.839359412295954e-12	2.690192138409297e-11	4.857980995127572
peak_8013	291	35	0	1.9619808628911457e-11	1.2338679648848762e-10	5.169925001442312
peak_8014	89	38	0	4.5956011310358383e-14	4.1654790322947616e-13	5.285402218862249
peak_8016	164	25	0	2.2157862802574982e-08	8.669136184048923e-08	4.700439718141092
peak_8019	103	44	23	0.0027930977112167643	0.005050777330826481	0.9068905956085185
peak_8024	173	0	17	1.0096991637097253e-05	2.666359533404531e-05	-4.169925001442312
peak_8031	171	0	5	0.06067526535696675	0.0860227669714413	-2.584962500721156
peak_8036	99	22	38	0.01996003621550511	0.03133325870008722	-0.7618402628052354
peak_8037	138	33	0	2.645539348932643e-11	1.633500296177319e-10	5.087462841250339
peak_8038	71	15	5	0.02798135678855046	0.043010570754639724	1.4150374992788437
peak_8042	359	0	70	4.059924222743489e-23	1.2023984878287984e-21	-6.149747119504682
peak_8043	626	65	67	0.9267152671815765	0.9394403126413832	-0.04306872189188598
peak_8044	274	59	0	1.043742366479452e-19	1.9765143549614604e-18	5.906890595608519
peak_8046	139	9	0	0.003417726318335108	0.006110880261705525	3.321928094887362
peak_8049	74	15	0	2.7754345982826006e-05	6.859807784401537e-05	4.0
peak_8054	333	67	25	2.9788914572177864e-06	8.592566864704079e-06	1.3870231231092474
peak_8055	256	93	68	0.022194546071744696	0.03468068027284278	0.44606439489946836
peak_8056	162	34	0	1.680564137629635e-11	1.071438512776641e-10	5.129283016944966
peak_8057	114	56	15	5.053478568923827e-09	2.177869697977832e-08	1.8328900141647417
peak_8058	74	38	0	1.1049613025896175e-14	1.078289822871937e-13	5.285402218862249
peak_8059	615	141	67	2.1275369898598042e-08	8.343089627671935e-08	1.0622842782543427
peak_8061	158	44	12	2.9917167764082626e-06	8.614926658577551e-06	1.7914133781885826
peak_8062	220	73	39	0.0002825014625095516	0.0006110668577595142	0.8875252707415875
peak_8066	141	45	0	8.582692986367223e-16	9.737246786760499e-15	5.523561956057013
peak_8071	166	28	0	2.1494748587810925e-09	9.820112045408864e-09	4.857980995127572
peak_8075	289	22	0	3.1481267300245217e-07	1.0454079245596424e-06	4.523561956057013
peak_8078	306	91	122	0.010819816141618874	0.01781963899948482	-0.4189525492822271
peak_8085	346	25	0	3.802312883748225e-08	1.435802952543622e-07	4.700439718141092
peak_8100	227	36	84	4.3666490618441776e-07	1.414994295231186e-06	-1.199937570508752
peak_8102	151	68	0	3.5634738824778564e-25	1.2265091863069055e-23	6.108524456778169
peak_8107	416	73	74	1.0	1.0	-0.019365324866931058
peak_8111	176	108	107	1.0	1.0	0.013296822613457873
peak_8114	307	0	6	0.030489070628193733	0.04614121383838944	-2.807354922057604
peak_8120	379	56	0	3.0925039051908568e-18	4.9075435803869856e-17	5.832890014164741
peak_8125	371	0	54	1.3862735272020198e-17	1.9836172324626653e-16	-5.78135971352466
peak_8126	68	0	20	3.705180621737015e-07	1.2161204953046619e-06	-4.392317422778761
peak_8127	241	79	57	0.03334638755422531	0.04994604475190348	0.4639470997597903
peak_8128	632	243	207	0.03972511396974884	0.058825503070319946	0.2302976194217942
peak_8129	812	18	0	6.936300202591378e-06	1.8754518700637194e-05	4.247927513443585
peak_8130	299	118	76	0.0003298212113102947	0.0007082576725233387	0.6280312226130421
peak_8136	222	172	136	0.00029739394463115223	0.0006408311141925082	0.3365961446761978
peak_8138	310	52	0	4.2964451482004404e-17	5.626244623376104e-16	5.727920454563199
peak_8148	431	254	281	0.06791531927776404	0.09449894466018302	-0.14519791553993558
peak_8151	265	138	142	0.7940905436464492	0.8161095555065814	-0.040930264054882065
peak_8152	101	0	30	1.477617836840357e-10	8.110975496621528e-10	-4.954196310386875
peak_8155	363	139	143	0.819327258029368	0.8389252366636383	-0.04064198449734593
peak_8159	221	62	52	0.3278356706220803	0.3842602177056781	0.24935946893671723
peak_8160	286	72	0	2.519830486150835e-24	8.228215702854073e-23	6.189824558880018
peak_8161	361	125	112	0.34158645607481863	0.39826994901467755	0.1571009610847287
peak_8164	632	133	204	8.025749337242105e-06	2.1562851858602996e-05	-0.6133909090476736
peak_8167	610	127	119	0.617489441704466	0.6636057417811286	0.09310940439148145
peak_8168	324	0	6	0.030528870328158188	0.046160304378639896	-2.807354922057604
peak_8176	80	48	11	1.4159611452918165e-09	6.647839699646556e-09	2.029747343394052
peak_8182	196	89	48	2.0524361349044337e-05	5.217120594412767e-05	0.8771432522144665
peak_8211	84	11	32	0.0003370236264514068	0.0007225582294374858	-1.4594316186372973
peak_8214	184	0	15	4.5346712087542905e-05	0.00010911485657720527	-4.0
peak_8217	535	305	296	0.6221057345438259	0.6675809167403095	0.04306872189188593
peak_8219	78	11	0	0.0006689493419369586	0.0013712788522442121	3.584962500721156
peak_8228	307	17	0	1.2152219815540693e-05	3.1843316738870524e-05	4.169925001442312
peak_8241	588	387	418	0.0596901896250098	0.08502847481817671	-0.11089359151222389
peak_8243	275	37	58	0.023716925181483463	0.0368897761448784	-0.6347155359182559
peak_8250	341	172	162	0.49059945763329793	0.5448252969662132	0.0859000734056472
peak_8258	106	11	0	0.0007431992683518798	0.001508910750492019	3.584962500721156
peak_8262	59	0	6	0.027347796489774173	0.04213843778551411	-2.807354922057604
peak_8264	146	25	33	0.3045250619412977	0.3610123932746711	-0.38702312310924736
peak_8272	114	6	42	2.9349163681254547e-09	1.3114442087044794e-08	-2.6189098326444937
peak_8282	345	171	167	0.8193068115433124	0.8389252366636383	0.03394733192333753
peak_8284	351	96	127	0.014919258737627538	0.023959261242549292	-0.4000871578128723
peak_8286	293	0	61	2.6451903307842364e-20	5.368366352595578e-19	-5.954196310386875
peak_8287	167	111	150	2.9242884961718276e-07	9.780909782993625e-07	-0.43104981726747477
peak_8307	197	97	107	0.3642152716333976	0.4208012233387452	-0.14017765804826027
peak_8308	215	45	36	0.3238241027673587	0.38017054148350427	0.31410859042806305
peak_8315	101	11	22	0.05585240758981664	0.08043883637617358	-0.9385994553358568
peak_8316	115	26	18	0.2403998096762955	0.2933868304961786	0.506959988719883
peak_8322	220	44	0	1.040999421072911e-14	1.025696528229286e-13	5.491853096329675
peak_8329	397	49	19	0.00019267723234702098	0.0004239731410694276	1.3219280948873624
peak_8331	793	299	317	0.38112474704359306	0.4373618971480205	-0.08406426478847447
peak_8332	212	0	8	0.007304529270336565	0.012394827482709682	-3.1699250014423126
peak_8334	575	101	98	0.8761423021783227	0.8915439247495757	0.04306872189188593
peak_8335	73	0	32	5.785287146621222e-12	3.950471874314258e-11	-5.044394119358453
peak_8336	141	0	10	0.0016557601714673135	0.0031134892260813933	-3.4594316186372973
peak_8337	877	393	468	0.00040567326935217685	0.000858180911162786	-0.25139229305900035
peak_8343	393	122	66	3.7624414156553034e-06	1.0641797096806283e-05	0.8764253148814675
peak_8350	335	29	16	0.06295658564866784	0.0883473408524281	0.819427754358179
peak_8352	43	10	0	0.0010829663109669211	0.0021007731866205244	3.4594316186372973
peak_8354	195	55	52	0.8205175005379631	0.8398965108637226	0.07943446749440491
peak_8355	86	0	86	5.499537172159288e-51	1.4744548607883902e-48	-6.442943495848728
peak_8363	166	80	57	0.014048563183617073	0.022711323661486947	0.4818690077570526
peak_8365	402	159	93	6.982024209580605e-07	2.190051189877069e-06	0.767339243209725
peak_8366	112	6	18	0.015991686428603512	0.025488626616804223	-1.4405725913859815
peak_8367	227	174	142	0.001512744546495575	0.002871058390405536	0.2913397750539394
peak_8375	284	85	47	0.00022090069558062237	0.00048170725311973047	0.8413022539809418
peak_8377	155	15	0	4.2776057387345884e-05	0.0001036637660947383	4.0
peak_8379	256	0	14	0.00010170001620708636	0.00023294059467576347	-3.9068905956085187
peak_8385	121	11	33	0.0003778833658269459	0.0008044036211961816	-1.5025003405291832
peak_8395	109	0	11	0.0007490959480317753	0.001519671349770555	-3.584962500721156
peak_8402	168	13	0	0.00019182283304755945	0.0004222755019638149	3.807354922057604
peak_8403	101	24	0	2.5284175982699583e-08	9.794493722879975e-08	4.643856189774724
peak_8405	188	93	45	4.0731780709980246e-07	1.3291972513557936e-06	1.0310268956206246
peak_8427	429	87	77	0.4346176414369032	0.48991862480185544	0.1740293997750489
peak_8428	266	57	0	4.799295092761211e-19	8.459380346894675e-18	5.857980995127572
peak_8430	322	50	45	0.6568627033218006	0.6978224422776335	0.14886338591448275
peak_8434	526	135	107	0.047794884239764565	0.06976135825712342	0.3325753390868709
peak_8437	115	0	16	1.7433226748969323e-05	4.47379632540301e-05	-4.087462841250339
peak_8441	439	51	85	0.002002379861143585	0.003670429295669458	-0.7258250365610058
peak_8442	221	19	0	2.5470998774001706e-06	7.444019951506867e-06	4.321928094887363
peak_8448	440	89	21	1.906531981715002e-12	1.40142480733856e-11	2.0324214776923775
peak_8451	651	49	0	1.3900011378018386e-15	1.5326116441477415e-14	5.643856189774724
peak_8458	414	108	119	0.43598832059890713	0.4910290747580882	-0.13870627083159218
peak_8463	255	0	18	5.591701133454154e-06	1.5463694665480704e-05	-4.247927513443585
peak_8482	440	19	0	3.1278789518935775e-06	8.963657055474933e-06	4.321928094887363
peak_8486	197	18	0	5.080899800639687e-06	1.415869999149812e-05	4.247927513443585
peak_8492	250	79	108	0.00956822406592931	0.015881568390955985	-0.4462562298895639
peak_8503	228	19	0	2.5802549132475313e-06	7.532274228127751e-06	4.321928094887363
peak_8523	247	15	0	4.903031693694137e-05	0.00011731349670116455	4.0
peak_8529	61	31	42	0.06427115300192504	0.08995584826876106	-0.42626475470209796
peak_8530	60	23	0	1.7386673915730903e-08	6.946487602096724e-08	4.584962500721156
peak_8544	188	7	23	0.003641347236884472	0.006463074154944077	-1.5849625007211563
peak_8550	579	174	189	0.3751773326089638	0.4315089935222537	-0.11864449649861908
peak_8551	255	62	101	0.0002947208401051056	0.000635339805118666	-0.6951454184715791
peak_8553	141	0	25	1.8558463438584828e-08	7.345517696670638e-08	-4.700439718141092
peak_8554	168	0	37	1.565940056682678e-12	1.1628132141022685e-11	-5.247927513443585
peak_8556	174	41	53	0.18401260920011914	0.2324225716006464	-0.36257007938470825
peak_8557	469	80	64	0.17411340797511707	0.22123564485538696	0.3174821898561702
peak_8567	205	5	0	0.0609775145227468	0.08625922215464377	2.584962500721156
peak_8568	665	107	102	0.7631872937953964	0.7884153467032547	0.06838697498025013
peak_8569	172	20	0	1.061673751438888e-06	3.234549096788095e-06	4.392317422778761
peak_8580	298	12	0	0.00043614177343923494	0.0009180604107022573	3.700439718141092
peak_8584	164	0	40	1.207709256014218e-13	1.0357021801576476e-12	-5.357552004618084
peak_8585	425	27	8	0.0015116388215976996	0.002870029130532494	1.6374299206152918
peak_8589	134	30	24	0.44660423714337744	0.501543647268158	0.3103401206121505
peak_8597	423	287	307	0.15310657184389911	0.1970004741027588	-0.09686153925258903
peak_8600	236	41	62	0.025529106056739522	0.03952743655107329	-0.5849625007211563
peak_8604	379	103	148	0.0006693166172933831	0.0013714798264249772	-0.5187288023210694
peak_8614	605	229	209	0.2557008324354602	0.3101285810538653	0.13124453327825272
peak_8618	136	26	21	0.521511430393394	0.5752661815556408	0.2954558835261713
peak_8620	469	205	216	0.5115441170832931	0.5654960356819216	-0.07505070526126094
peak_8625	450	209	184	0.10669107932797323	0.1423040766010697	0.18286405714981044
peak_8636	233	0	58	1.1969225738915577e-19	2.258193922742072e-18	-5.882643049361842
peak_8640	280	89	121	0.006745720269365526	0.011569932340790567	-0.43888424123321146
peak_8642	664	290	454	1.2963476494470638e-19	2.4367508953075068e-18	-0.6448473921777749
peak_8648	348	51	103	2.7216756128294263e-06	7.908850868085053e-06	-1.0
peak_8660	197	96	75	0.041911781125101834	0.06172264037330694	0.35198532874354227
peak_8673	303	0	20	1.3794695226489258e-06	4.153083775634532e-06	-4.392317422778761
peak_8679	263	55	0	2.3631943782959946e-18	3.797511723356403e-17	5.807354922057604
peak_8682	447	0	35	2.9124166481774894e-11	1.789608010351765e-10	-5.169925001442312
peak_8689	646	154	150	0.8440397954833108	0.8614583687020607	0.03771966594915853
peak_8690	495	81	70	0.3767445727831739	0.43272533342897135	0.20780488511340164
peak_8717	219	0	10	0.0017584007182246597	0.003277458199281528	-3.4594316186372973
peak_8721	275	50	68	0.07714666474745482	0.10624090571060688	-0.43609911480667357
peak_8723	382	241	264	0.09258834546924556	0.12527092478627805	-0.13098531217596698
peak_8729	272	70	55	0.15346419761340618	0.19741076329360888	0.3423921974470779
peak_8736	954	54	92	0.0013694043023781946	0.0026254217223615067	-0.7577990975833717
peak_8740	649	32	41	0.335178870437827	0.39176391770703345	-0.34792330342030686
peak_8745	176	66	103	0.00011648201690194678	0.00026313055170665934	-0.6343505276833197
peak_8746	479	5	34	1.5553603632413572e-06	4.6442002874275935e-06	-2.5443205162238103
peak_8759	144	76	25	3.494403993585777e-10	1.8145253764858254e-09	1.5663468225538093
peak_8761	112	7	17	0.05003175253440889	0.07271376530963734	-1.1699250014423124
peak_8762	216	117	0	3.270827063744413e-45	5.9505689509693e-43	6.882643049361842
peak_8763	104	18	0	3.4134788053405535e-06	9.719542221578971e-06	4.247927513443585
peak_8765	400	12	192	7.783543580311765e-55	2.478085687381758e-52	-3.892017319126988
peak_8766	175	45	31	0.09150847070926552	0.12404048690606667	0.5235619560570128
peak_8770	323	6	0	0.03052664477008391	0.046160304378639896	2.807354922057604
peak_8776	109	60	0	1.85603633702079e-23	5.627767321895182e-22	5.930737337562887
peak_8779	167	22	0	2.275552344116959e-07	7.727775760621193e-07	4.523561956057013
peak_8785	285	157	156	1.0	1.0	0.009159999285475916
peak_8797	175	0	27	5.028982782900992e-09	2.1691480352326547e-08	-4.807354922057605
peak_8799	127	32	27	0.5525181558767448	0.6038462746269337	0.23703919730084938
peak_8800	190	27	0	5.515605955613947e-09	2.36701741684056e-08	4.807354922057604
peak_8820	209	96	0	1.4736590007847328e-35	1.1729404609370982e-33	6.599912842187128
peak_8828	225	16	0	2.315162919662822e-05	5.801003400276643e-05	4.087462841250339
peak_8831	94	21	0	2.713624332650756e-07	9.112196671406034e-07	4.459431618637297
peak_8832	88	56	45	0.1271855440293175	0.16676529248013985	0.30932805810772873
peak_8836	615	80	68	0.3350367770876698	0.39176391770703345	0.2313255461064558
peak_8839	340	13	0	0.00021721414372969332	0.00047448063814710883	3.807354922057604
peak_8853	410	103	110	0.6328302207976721	0.6756732644609814	-0.09397614820901384
peak_8856	157	78	69	0.36561405758064164	0.4218432637181854	0.17449773123213647
peak_8859	142	79	84	0.6313209690852882	0.6743445201342961	-0.08746284125033943
peak_8861	223	78	90	0.28238710758285945	0.33854552271760086	-0.2040138920215933
peak_8864	40	5	0	0.05474272562880158	0.0789970097317607	2.584962500721156
peak_8870	228	21	0	5.887139251605853e-07	1.8696438496059983e-06	4.459431618637297
peak_8892	75	45	14	3.361400689913113e-07	1.1111599684891237e-06	1.6166713604484944
peak_8912	83	18	0	2.7164373631025846e-06	7.902645304194498e-06	4.247927513443585
peak_8913	446	0	17	1.3063299391091234e-05	3.396857942737047e-05	-4.169925001442312
peak_8914	171	29	0	1.0184716194612714e-09	4.889815673454964e-09	4.906890595608519
peak_8930	59	0	9	0.0028108524068508685	0.005079460092385354	-3.321928094887362
peak_8950	219	37	0	2.763930222553434e-12	1.9914371363065338e-11	5.247927513443585
peak_8969	130	34	0	9.691480983942823e-12	6.370116662219967e-11	5.129283016944966
peak_8975	236	0	28	3.1815108712772774e-09	1.41418991084524e-08	-4.857980995127572
peak_8978	142	60	33	0.0009582363230007711	0.0018702129614428843	0.8432744963125469
peak_8989	272	30	36	0.5117007601045171	0.5655410712012398	-0.2552570552420746
peak_8990	183	89	11	2.6734115838164636e-21	6.190163003618666e-20	2.9068905956085187
peak_8997	279	83	60	0.03269303543734138	0.04903955315601207	0.46158008521587396
peak_8998	384	63	96	0.0042798972733453094	0.007520454194695069	-0.5999128421871277
peak_8999	94	0	7	0.013917485470040918	0.02252801747200141	-3.0
peak_9003	196	8	0	0.007263767936169647	0.012342106026300259	3.169925001442312
peak_9011	441	116	84	0.012554903428596624	0.020452407440125105	0.4609737834457028
peak_9015	144	27	0	3.884063307551429e-09	1.7041704124605494e-08	4.807354922057604
peak_9019	162	42	14	5.509585203489315e-05	0.00013072113193560582	1.5193741590935794
peak_9024	330	26	21	0.5453146763172548	0.5976404821773013	0.2954558835261713
peak_9052	199	60	65	0.6658447688252782	0.7053053134531019	-0.11365678179556724
peak_9055	361	145	128	0.21942891273132506	0.2707778298094404	0.1785973034567631
peak_9057	578	127	110	0.24371983517539828	0.29729617825274873	0.20558413364989403
peak_9081	196	0	38	9.977926924603613e-13	7.574897131733354e-12	-5.285402218862249
peak_9088	90	0	24	2.0300305127332174e-08	7.979147709770841e-08	-4.643856189774724
peak_9089	149	6	0	0.029687749245798648	0.04525116536747406	2.807354922057604
peak_9090	148	34	0	1.3656167403233994e-11	8.861721879245091e-11	5.129283016944966
peak_9098	155	25	36	0.15273900884118483	0.19662686657492937	-0.5090136474878575
peak_9099	249	54	24	0.00030682785502737575	0.0006600426915158159	1.1375035237499351
peak_9122	834	0	10	0.001900843161564191	0.0034981557315780305	-3.4594316186372973
peak_9129	156	18	41	0.001330511508718167	0.002554702459634505	-1.1443899093351748
peak_9145	422	130	159	0.04215207893504602	0.06204065012861151	-0.2885050933499121
peak_9147	247	80	85	0.7028364030098859	0.7386524936934926	-0.0864147518174732
peak_9149	106	0	10	0.0015638151271570807	0.0029591657718195277	-3.4594316186372973
peak_9156	175	0	22	2.359164491449363e-07	7.995731150660716e-07	-4.523561956057013
peak_9162	205	114	108	0.6202530447173007	0.6660137035813511	0.07730572616744871
peak_9173	746	0	41	5.169174015640169e-13	4.076125764035761e-12	-5.392317422778761
peak_9174	323	143	173	0.0223857600335297	0.034968740144372984	-0.27301849440641596
peak_9180	325	0	34	4.684015466477369e-11	2.7874269610088457e-10	-5.129283016944966
peak_9183	278	64	49	0.13987162146131984	0.18157646272272254	0.37851162325372983
peak_9189	400	23	61	1.489063362716909e-05	3.8523559013102766e-05	-1.369233809665719
peak_9191	102	10	0	0.0015495706531777284	0.0029343914153484568	3.4594316186372973
peak_9193	112	19	9	0.06754887992576444	0.0940661548228114	1.0
peak_9196	166	166	100	7.969904924492918e-24	2.4755302247174953e-22	0.7254928097222574
peak_9198	343	81	76	0.7162839120289758	0.7490762159465414	0.0907654639231822
peak_9208	233	29	45	0.05675340037829034	0.08150601114378657	-0.6166713604484944
peak_9209	303	0	15	5.110680210380912e-05	0.00012159647357160376	-4.0
peak_9214	26	5	0	0.05062024809923969	0.07348519345042091	2.584962500721156
peak_9215	78	54	0	4.697618839737968e-23	1.3596403619105233e-21	5.78135971352466
peak_9236	358	20	0	1.4519189693595872e-06	4.350632488186904e-06	4.392317422778761
peak_9240	90	64	60	0.6293058623554607	0.6723330668705363	0.09163047546556834
peak_9275	497	197	220	0.1573135961807232	0.2019036177738987	-0.1585459393118219
peak_9288	206	0	45	3.818305632682305e-15	3.953343270911313e-14	-5.523561956057013
peak_9317	601	39	0	1.9240659139659207e-12	1.4122754705680693e-11	5.321928094887363
peak_9322	297	23	0	1.5311957674148564e-07	5.342404958363889e-07	4.584962500721156
peak_9330	114	0	13	0.00016996533049217917	0.00037676387881947814	-3.807354922057604
peak_9334	470	41	34	0.4703611514115763	0.5248693063217303	0.2630344058337938
peak_9342	300	0	15	5.101388978428481e-05	0.00012143212829960132	-4.0
peak_9348	432	131	108	0.09417955061722949	0.12718733585476327	0.27620979458152717
peak_9349	171	32	0	9.399940479697813e-11	5.320366311508962e-10	5.044394119358453
peak_9368	171	70	76	0.5847177804272022	0.6348150838653385	-0.11703942119021934
peak_9372	323	52	58	0.6008602696977506	0.6497096611845344	-0.154722594798642
peak_9376	84	0	11	0.0006885427421929319	0.0014074786230861937	-3.584962500721156
peak_9378	148	0	8	0.007089825261536799	0.012090917268921478	-3.1699250014423126
peak_9379	689	36	75	0.00014806020139724726	0.0003302183300865051	-1.0384741478146358
peak_9382	165	96	84	0.22389312809752795	0.27588572678490747	0.19052190604942584
peak_9383	101	30	56	0.0003481525487355318	0.0007442253811409143	-0.8786937037778664
peak_9384	208	0	49	1.4346911096866321e-16	1.7825162226204156e-15	-5.643856189774724
peak_9385	210	37	41	0.7067734997159771	0.7415662631417482	-0.1443899093351748
peak_9388	335	18	0	6.0345287877564545e-06	1.649135710559623e-05	4.247927513443585
peak_9392	387	160	133	0.05391647282408056	0.07793714885524018	0.26482768765684456
peak_9400	253	47	46	1.0	1.0	0.030373649043518695
peak_9401	354	0	45	1.2769932631195287e-14	1.2343460497781555e-13	-5.523561956057013
peak_9411	240	0	46	2.613619163374352e-15	2.7621941946533088e-14	-5.554588851677638
peak_9413	130	14	50	2.6768467811650044e-07	8.994628959930429e-07	-1.765534746362977
peak_9419	497	163	103	2.2366960133628885e-05	5.643253834606515e-05	0.6571122864769915
peak_9435	327	57	103	3.893158801939409e-05	9.493418351880972e-05	-0.84245872301352
peak_9437	257	32	53	0.017208797503916632	0.02729190986455521	-0.710493382805015
peak_9440	266	45	12	4.235290697937662e-06	1.1926241467824459e-05	1.8231222379159207
peak_9441	151	110	83	0.0017759234908923107	0.0033052810605061858	0.40209844357134567
peak_9451	104	10	25	0.008770606161829583	0.01464835009454423	-1.2410080995037949
peak_9462	585	303	164	1.176237653127932e-16	1.476856330241208e-15	0.8816052991977698
peak_9463	310	18	0	5.9181924067673925e-06	1.6225657761072712e-05	4.247927513443585
peak_9464	249	35	0	1.6104839679596466e-11	1.0306288106515629e-10	5.169925001442312
peak_9467	208	79	68	0.3050379226521516	0.36144758734358234	0.21340363810919336
peak_9474	396	179	170	0.5669568735128828	0.6182997888406391	0.07400058144377678
peak_9476	239	122	141	0.0978259741175831	0.1316927886244631	-0.20723261416544225
peak_9484	232	7	0	0.014923976427681371	0.023959261242549292	3.0
peak_9492	172	0	8	0.007188689076689877	0.012230855763746907	-3.1699250014423126
peak_9508	319	83	72	0.3559552441473834	0.41275575089614636	0.202492863898743
peak_9509	137	22	0	1.9079872433897686e-07	6.540569998538009e-07	4.523561956057013
peak_9510	77	77	72	0.058455611825304093	0.0836670516084561	0.09557765998223118
peak_9521	33	0	5	0.053113553113553105	0.07697309802572959	-2.584962500721156
peak_9524	57	15	0	2.1166891700640142e-05	5.36438538920701e-05	4.0
peak_9527	418	85	69	0.1806861101698246	0.2286177459525799	0.29698173775713155
peak_9535	253	173	164	0.4508619381453775	0.5052383930779321	0.07662128160291239
peak_9537	381	82	93	0.3891264067661928	0.44554055204922144	-0.1795494203307126
peak_9538	403	121	132	0.44788296626906515	0.5025623740247285	-0.1245450979383034
peak_9539	231	58	95	0.000356564471589491	0.0007609297939995254	-0.7023194513593148
peak_9540	87	0	23	4.4606911525382626e-08	1.6707912302227877e-07	-4.584962500721156
peak_9541	294	157	170	0.3192332923616653	0.37561818506569145	-0.11407176670879501
peak_9550	278	96	137	0.0005724867346741285	0.0011860118632117309	-0.5086116145910413
peak_9553	494	65	68	0.8521803878158962	0.8690704495563915	-0.06413033741971558
peak_9560	933	319	375	0.008407397914558952	0.014083290028531176	-0.232660756790275
peak_9585	118	25	12	0.030676053785822097	0.04630039051406748	1.0
peak_9590	410	72	55	0.12224942682749562	0.1611642288455649	0.38246963682241314
peak_9591	235	0	29	1.4842567378172415e-09	6.9365172682945215e-09	-4.906890595608519
peak_9592	198	0	30	5.676853942948088e-10	2.854678577036284e-09	-4.954196310386875
peak_9594	193	11	16	0.4252627705562215	0.4807269495151845	-0.5025003405291831
peak_9604	183	81	8	1.7063898558969754e-20	3.5478979289547727e-19	3.187627003175771
peak_9606	336	34	22	0.1240742968140422	0.1632050822470205	0.6057210608879536
peak_9607	152	32	25	0.3780789653313149	0.4340622604006577	0.3439544012173612
peak_9611	121	70	54	0.05349926427342638	0.07748798754871596	0.36838740598002256
peak_9612	200	44	36	0.38165733844435634	0.43777583472991466	0.28239973070072494
peak_9614	211	39	48	0.33575627226591326	0.39228037865196375	-0.29278174922784583
peak_9620	205	60	25	2.8307936835205622e-05	6.980207023947848e-05	1.2302976194217943
peak_9630	250	19	0	2.674156863267251e-06	7.78408860656193e-06	4.321928094887363
peak_9638	202	0	13	0.00020003196719902916	0.0004392081210826959	-3.807354922057604
peak_9641	193	0	10	0.001733073291797958	0.0032421136057358795	-3.4594316186372973
peak_9648	125	18	0	3.948456592853009e-06	1.1155539591787702e-05	4.247927513443585
peak_9655	186	29	74	2.4789101765322367e-07	8.373719124174546e-07	-1.3219280948873622
peak_9659	257	0	59	8.0242159685907e-20	1.5601280970992757e-18	-5.906890595608519
peak_9674	333	119	107	0.3680201432603729	0.4243516061100877	0.15200309344505006
peak_9677	148	17	0	9.377294502912795e-06	2.4918068960791746e-05	4.169925001442312
peak_9680	134	0	18	4.140162812488711e-06	1.167773497608942e-05	-4.247927513443585
peak_9690	213	36	0	5.78533965103737e-12	3.950471874314258e-11	5.20945336562895
peak_9692	58	34	0	1.0615115791832976e-13	9.196156435985914e-13	5.129283016944966
peak_9693	119	22	0	1.6376729226378227e-07	5.67890120348337e-07	4.523561956057013
peak_9698	154	49	34	0.07183101709791863	0.09941756174652354	0.5145731728297582
peak_9705	259	98	54	3.051899393418871e-05	7.499457554305707e-05	0.8479969065549501
peak_9710	260	31	0	3.599777789934132e-10	1.863543502228096e-09	5.0
peak_9712	696	169	100	3.559366545804629e-06	1.0098713200409164e-05	0.751179453385907
peak_9717	325	39	0	1.0820452896859344e-12	8.190102088648066e-12	5.321928094887363
peak_9719	272	153	113	0.0008072379999959886	0.0016246820908650992	0.43389652653015964
peak_9725	505	0	33	1.3564734804828053e-10	7.494442418198926e-10	-5.087462841250339
peak_9726	141	0	19	1.9924668446940706e-06	5.900945410971858e-06	-4.321928094887363
peak_9727	234	0	45	5.464764962912088e-15	5.556389764685464e-14	-5.523561956057013
peak_9728	308	113	133	0.11795522007402595	0.15590656228777588	-0.23319917629303075
peak_9735	456	204	203	1.0	1.0	0.0070547575339504264
peak_9737	342	121	95	0.03961226219446113	0.058689818651050746	0.34577483684173
peak_9739	62	43	0	1.9914923611866652e-18	3.2514942589374595e-17	5.459431618637297
peak_9741	279	84	11	1.493510794596356e-17	2.1133177743538438e-16	2.8244284354165456
peak_9744	166	62	56	0.5665256994876335	0.6179618657794443	0.14438990933517493
peak_9748	219	72	59	0.21037037792096072	0.2613086332917274	0.28293396327149856
peak_9753	114	24	0	3.082329664258062e-08	1.182958768447443e-07	4.643856189774724
peak_9755	72	0	6	0.02804160480572542	0.04309017643449934	-2.807354922057604
peak_9756	248	27	0	7.0528997185392945e-09	2.981532876866321e-08	4.807354922057604
peak_9758	553	54	69	0.18039172345778415	0.2283019724953919	-0.34792330342030686
peak_9774	335	63	0	8.659475911205386e-21	1.869221044819888e-19	6.0
peak_9778	207	0	30	6.002241561943864e-10	3.006432499168342e-09	-4.954196310386875
peak_9788	464	252	328	3.395167324048611e-07	1.1215941860378487e-06	-0.3789501990409314
peak_9790	543	117	183	9.692986714984677e-06	2.5689945018799137e-05	-0.6409189066951717
peak_9817	348	27	0	8.820077492520329e-09	3.6557749997476446e-08	4.807354922057604
peak_9819	152	0	5	0.0604475729965023	0.08579339812047575	-2.584962500721156
peak_9828	526	71	37	0.000740164028532456	0.0015033475124977395	0.9219974879987268
peak_9834	102	36	0	6.729225825425028e-13	5.209525281871595e-12	5.20945336562895
peak_9836	350	31	0	4.6489777363423876e-10	2.365823435457355e-09	5.0
peak_9839	406	152	182	0.038549072816891655	0.05725043059161694	-0.2583119955913906
peak_9843	605	409	366	0.011820742448680064	0.01934924872544224	0.15984384666223336
peak_9849	210	9	0	0.0035790125962103553	0.006365743772728893	3.321928094887362
peak_9850	300	62	81	0.08436199090644024	0.11542841302106006	-0.3802720811181672
peak_9853	228	0	14	9.937652173647831e-05	0.00022823444622435552	-3.9068905956085187
peak_9873	226	35	0	1.3974626515993099e-11	9.056838100823009e-11	5.169925001442312
peak_9876	244	66	61	0.6799363714844633	0.7175462764329513	0.11189288007089712
peak_9877	415	69	84	0.21003226764181465	0.2609554383221148	-0.28010791919273537
peak_9879	551	213	140	3.1618866622438746e-06	9.038524499141582e-06	0.6019156340023534
peak_9882	544	167	149	0.25623002435448156	0.3105485948279156	0.16349873228287956
peak_9883	148	0	6	0.02967726776392963	0.045248728521238415	-2.807354922057604
peak_9885	647	61	24	4.195335528090661e-05	0.0001017184158976384	1.3103401206121505
peak_9892	294	24	0	7.309877125722994e-08	2.665462711412522e-07	4.643856189774724
peak_9895	260	107	85	0.05622525519889421	0.08081587189141283	0.3286227474613706
peak_9904	291	8	0	0.00744085409953873	0.012563377786891048	3.169925001442312
peak_9905	152	0	29	8.511444136990771e-10	4.164966035910757e-09	-4.906890595608519
peak_9907	203	62	32	0.0005985112483542084	0.0012363407538995693	0.932885804141463
peak_9910	150	0	32	7.310561679600767e-11	4.217440679035822e-10	-5.044394119358453
peak_9925	538	115	116	1.0	1.0	-0.012383724455832358
peak_9928	322	0	33	9.814583871265356e-11	5.5365991406673e-10	-5.087462841250339
peak_9942	194	21	16	0.4897768544844052	0.5440303743444309	0.37196877738695794
peak_9943	239	29	0	1.5087992591744705e-09	7.0382998408743155e-09	4.906890595608519
peak_9946	352	140	135	0.757355980754891	0.7831854173701613	0.052088511148454274
peak_9949	223	26	35	0.27016970119079026	0.3251227162451891	-0.4150374992788438
peak_9950	216	0	21	5.723689150930143e-07	1.8200045277676746e-06	-4.459431618637297
peak_9952	356	101	130	0.02489330965755007	0.03861343465151037	-0.36099765956595475
peak_9957	1048	637	589	0.037179614870675046	0.055378057938952834	0.11284146951566584
peak_9962	107	0	31	7.302264420381287e-11	4.217430267281437e-10	-5.0
peak_9970	394	37	65	0.003996761144519514	0.007044810128090798	-0.7964666059148678
peak_9971	171	67	88	0.029665993349731083	0.04524607429935531	-0.3882705897160584
peak_9974	488	131	151	0.17961938300791602	0.22749406689267138	-0.203533394085132
peak_9976	279	102	66	0.001203482947325426	0.0023230549957088745	0.6204113367254459
peak_9980	345	75	53	0.039434949147748914	0.05848082415098485	0.493040011280117
peak_9981	168	18	0	4.718028913966285e-06	1.3219823590618403e-05	4.247927513443585
peak_9983	418	43	84	0.00010422721672245405	0.00023766044851574795	-0.9499593175004044
peak_9986	222	64	40	0.009754186767999086	0.016174422980529735	0.6648158084103709
peak_9990	506	31	0	5.798473730227672e-10	2.9072268879704488e-09	5.0
peak_9992	201	21	0	5.498246471787223e-07	1.754891449077952e-06	4.459431618637297
peak_9998	295	86	38	1.6238400778662225e-06	4.840164632329162e-06	1.15754127698648
peak_10000	250	0	28	3.3462514504924638e-09	1.4796705632646364e-08	-4.857980995127572
peak_10008	523	121	108	0.3696023089255888	0.4258661302119316	0.16255301278595985
peak_10017	47	0	16	6.55104541260564e-06	1.7778915999900444e-05	-4.087462841250339
peak_10019	368	67	96	0.01278563364830775	0.02079502484178789	-0.5124500009367884
peak_10034	92	46	11	2.7769846485873567e-08	1.0708523694098407e-07	1.969626350956481
peak_10041	482	60	53	0.5481647749387548	0.599989549535457	0.17584983539941762
peak_10046	450	76	34	2.5007205266876226e-05	6.220053888157593e-05	1.1375035237499351
peak_10069	253	0	32	1.6359271244544665e-10	8.922283481767723e-10	-5.044394119358453
peak_10074	486	85	107	0.09050979656522412	0.12294850765420044	-0.32862274746137066
peak_10077	640	55	49	0.6091763240432283	0.6571657421265987	0.16349873228287956
peak_10079	191	0	22	2.511422194016056e-07	8.472307719415754e-07	-4.523561956057013
peak_10081	949	183	202	0.3041939520763518	0.36078323443002003	-0.14177396112816334
peak_10085	259	0	34	3.653776869151668e-11	2.213120020387467e-10	-5.129283016944966
peak_10086	353	53	0	2.689552493918265e-17	3.643771384047777e-16	5.754887502163468
peak_10088	171	29	0	1.0184716194612714e-09	4.889815673454964e-09	4.906890595608519
peak_10096	246	19	0	2.6581473555378455e-06	7.746340176836263e-06	4.321928094887363
peak_10098	318	43	14	7.491968506287312e-05	0.00017570760545172407	1.5525410230287786
peak_10102	312	35	0	2.120232664992704e-11	1.3252104534322495e-10	5.169925001442312
peak_10128	426	115	90	0.05425420195292453	0.07835863474573224	0.35018635492887573
peak_10129	507	0	22	3.7781751543334805e-07	1.2392803758000485e-06	-4.523561956057013
peak_10130	295	21	104	1.3015872520355888e-17	1.8729619948783304e-16	-2.2548138990288256
peak_10131	98	11	0	0.0007258815054293064	0.0014761039475676195	3.584962500721156
peak_10134	303	15	11	0.5484003594235247	0.6001184599148088	0.41503749927884376
peak_10140	364	8	15	0.20273370699296636	0.25305697216911804	-0.8300749985576876
peak_10144	528	170	81	1.416959973614279e-10	7.79481004923449e-10	1.0603005102678142
peak_10147	1149	493	470	0.35230615697680456	0.4093630391514239	0.06878398197189445
peak_10150	155	38	53	0.08049275387246395	0.11049045761959886	-0.46948528330122025
peak_10156	182	0	32	1.045320501300338e-10	5.85793469045536e-10	-5.044394119358453
peak_10157	285	0	36	8.947116025318066e-12	5.934454301167999e-11	-5.20945336562895
peak_10158	158	33	21	0.09957108172082155	0.13382983912555804	0.6280312226130421
peak_10160	299	0	48	9.132591464238229e-16	1.0292349760802995e-14	-5.614709844115208
peak_10196	96	0	25	9.877565509025443e-09	4.070899571438156e-08	-4.700439718141092
peak_10197	111	0	40	2.4485773751846828e-14	2.2928406524247747e-13	-5.357552004618084
peak_10198	58	0	40	4.0802625419289044e-17	5.398664256775543e-16	-5.357552004618084
peak_10210	172	92	78	0.16084286762350153	0.20579334618216943	0.23537806293092853
peak_10219	266	19	11	0.1875282641237486	0.23598541932963818	0.7369655941662062
peak_10234	539	53	111	1.0859743945323171e-06	3.3026588452224616e-06	-1.0524674198941355
peak_10236	238	23	0	1.3644429333865188e-07	4.810015434374344e-07	4.584962500721156
peak_10237	114	0	27	2.597267609023049e-09	1.1680231506222804e-08	-4.807354922057605
peak_10241	641	39	0	2.004579783401626e-12	1.4650400884717193e-11	5.321928094887363
peak_10242	293	85	70	0.18969133959680531	0.23829535977956257	0.2765176351974158
peak_10246	427	13	40	0.00017108364458329366	0.00037893148436996454	-1.5501970825604794
peak_10251	442	179	184	0.7845108314194271	0.8079858825819979	-0.03952836418663734
peak_10257	399	0	44	3.242540661919522e-14	2.9923011108366024e-13	-5.491853096329675
peak_10258	120	0	36	1.3159319676776655e-12	9.843403000513991e-12	-5.20945336562895
peak_10280	486	0	133	5.0572911553093025e-45	8.883393498326063e-43	-7.066089190457772
peak_10282	269	138	133	0.7301949580692053	0.7603460990197326	0.05285188226573499
peak_10288	398	47	53	0.5930202272867879	0.6423229933657022	-0.16992500144231246
peak_10291	385	70	114	0.00026636902925756433	0.0005776431822213848	-0.6957429314396932
peak_10306	416	51	138	5.232079529562834e-13	4.119352878453335e-12	-1.4185013545824152
peak_10310	332	113	68	0.00011889646077769765	0.00026810915059831425	0.7243655573865726
peak_10312	594	55	116	5.64255464813832e-07	1.7953262571902936e-06	-1.0630097975258004
peak_10317	339	102	114	0.36458775691759493	0.42113606207216064	-0.15898952376115677
peak_10322	323	5	0	0.06153326823152133	0.08658852717441151	2.584962500721156
peak_10332	270	149	96	6.52160155804209e-06	1.7708442610163327e-05	0.6289058483087533
peak_10333	159	62	81	0.04227516341996963	0.06218587423081874	-0.3802720811181672
peak_10334	290	12	0	0.00043475765932843714	0.0009155252239020499	3.700439718141092
peak_10342	198	51	9	2.323294101197721e-09	1.0566839420983206e-08	2.37851162325373
peak_10343	124	73	47	0.0014399568372874124	0.0027441601680292106	0.6244908649077937
peak_10345	177	10	22	0.04005272214758793	0.05929339337977707	-1.0641303374197155
peak_10346	251	43	45	0.9066163863087701	0.9210817454840197	-0.06413033741971558
peak_10347	119	64	18	3.752806015850641e-10	1.9290407512354356e-09	1.774440299584869
peak_10349	449	113	81	0.011824903689672017	0.01934984240128148	0.4753380095466579
peak_10352	84	48	0	4.718742700207407e-19	8.371189436158025e-18	5.614709844115208
peak_10353	93	59	48	0.13774969517657845	0.17904999929305707	0.29218075149331035
peak_10358	238	28	56	0.001082688205218153	0.0021007731866205244	-0.9749090190371694
peak_10365	119	0	33	1.763996901678994e-11	1.117636842929452e-10	-5.087462841250339
peak_10368	137	98	42	1.5846816424064335e-11	1.0205269641489724e-10	1.2030918653775118
peak_10371	262	61	60	1.0	1.0	0.02345897282398896
peak_10376	167	87	75	0.22841344417161752	0.28104784652420767	0.21150410519371182
peak_10378	298	82	36	2.9871335379077764e-06	8.60709644111597e-06	1.165586065717975
peak_10379	332	88	127	0.0015932032777744717	0.003009187058577367	-0.5242665690336022
peak_10386	366	54	74	0.06420005477019894	0.08989419433738136	-0.4474589769712214
peak_10393	206	91	36	5.576587314580159e-09	2.389161966397925e-08	1.314108590428063
peak_10394	684	384	337	0.01270825319565073	0.020675771887143028	0.1878351993000793
peak_10399	111	11	0	0.0007528652373396261	0.0015267099996051174	3.584962500721156
peak_10400	213	0	26	1.3230873338280384e-08	5.366088279076455e-08	-4.754887502163468
peak_10404	510	123	146	0.11790240167471426	0.15587719546612885	-0.2454760344494891
peak_10412	276	0	20	1.3348610360992918e-06	4.023539714727688e-06	-4.392317422778761
peak_10428	360	0	26	1.866254995995092e-08	7.3809805509309e-08	-4.754887502163468
peak_10440	238	16	48	2.252895058030869e-05	5.675691110588154e-05	-1.5272470028648688
peak_10441	583	118	133	0.3185042102681549	0.37496197067390363	-0.1712714271498289
peak_10443	418	206	247	0.0054606740464322985	0.00949050617281683	-0.26070935288754993
peak_10446	342	58	136	4.1357267072136346e-11	2.4789069397304126e-10	-1.2153890335986854
peak_10453	582	29	40	0.21427171078124058	0.2656364309368799	-0.4506614090095652
peak_10464	278	0	22	3.094756022161287e-07	1.0296987052181317e-06	-4.523561956057013
peak_10466	436	14	0	0.00010979270067428096	0.0002494576348058819	3.9068905956085187
peak_10470	131	9	0	0.003389017386539111	0.006072337167439406	3.321928094887362
peak_10508	620	79	59	0.08593031780994016	0.11722791615528526	0.41503749927884376
peak_10514	255	16	26	0.1464074659959998	0.18928924664558958	-0.6674246609131291
peak_10517	755	22	64	3.529172939260967e-06	1.0020962626864751e-05	-1.4988058569714415
peak_10518	814	58	69	0.355458979115142	0.41227414380977534	-0.2466399675831252
peak_10520	238	21	0	6.013248351887119e-07	1.907315510866313e-06	4.459431618637297
peak_10540	423	47	38	0.3603138570700211	0.41724000634568936	0.29956028185890793
peak_10541	215	0	62	2.500808856971373e-21	5.816949916626563e-20	-5.977279923499917
peak_10543	66	0	5	0.05778448428901117	0.08286997831312583	-2.584962500721156
peak_10551	194	14	100	4.437058467132322e-23	1.3064957128076328e-21	-2.7513208871432764
peak_10560	399	68	114	0.0001383452981690407	0.00030990806898552916	-0.7369655941662062
peak_10565	214	0	11	0.0008560155613293721	0.001706002844057833	-3.584962500721156
peak_10572	168	0	11	0.0008247160019560677	0.0016533267666132266	-3.584962500721156
peak_10595	472	74	64	0.40709969098287013	0.46351493649234254	0.20645087746742624
peak_10600	298	0	11	0.0008889997820973951	0.0017552577093039264	-3.584962500721156
peak_10601	343	0	7	0.015149486947577845	0.024252509902879176	-3.0
peak_10603	502	0	56	5.467892551933452e-18	8.289715672484824e-17	-5.832890014164742
peak_10604	461	131	175	0.0026067817132608626	0.0047222425488445356	-0.4150374992788438
peak_10620	603	107	54	9.19036532252635e-06	2.4472410325639953e-05	0.973527788638809
peak_10627	308	20	34	0.06317314363732895	0.08860242116975597	-0.7369655941662062
peak_10633	259	0	6	0.030348605045003134	0.046010653005727965	-2.807354922057604
peak_10638	483	44	121	4.1279400669081325e-11	2.4789069397304126e-10	-1.4388842412332115
peak_10645	107	11	16	0.4106504740283403	0.46714013280490524	-0.5025003405291831
peak_10646	147	59	52	0.4704756982920022	0.5248802468461364	0.1789701410453193
peak_10647	309	34	31	0.7933325138477323	0.8159167828670196	0.12928301694496647
peak_10656	100	0	27	1.9551447884493813e-09	9.021293072790894e-09	-4.807354922057605
peak_10674	317	90	109	0.12334150958560171	0.16243579364763575	-0.27356507332596336
peak_10684	325	0	54	1.0049392669905575e-17	1.4584503208119372e-16	-5.78135971352466
peak_10706	604	101	118	0.2320736751115508	0.28506952038057387	-0.22239242133644802
peak_10708	464	157	72	1.0951877386730998e-10	6.123914753897662e-10	1.1139561892970857
peak_10713	453	0	119	3.9060659738283274e-40	4.737500016828929e-38	-6.906890595608519
peak_10714	241	79	108	0.008780094343686031	0.01465939055612476	-0.4462562298895639
peak_10715	793	148	188	0.016468207297505897	0.02618259924266387	-0.34307390375891106
peak_10716	262	134	132	0.9303801252478074	0.9429678388404956	0.02153316154964145
peak_10720	164	11	35	0.0001957484788663404	0.00043054522942363466	-1.5849625007211563
peak_10721	424	69	118	6.539959563359079e-05	0.00015409136917553723	-0.765534746362977
peak_10725	320	0	43	5.010005023340331e-14	4.5330311880809316e-13	-5.459431618637297
peak_10735	764	44	25	0.02592274090863964	0.040051696144558786	0.7914133781885826
peak_10738	72	10	0	0.0013973601364288286	0.002670976560963772	3.4594316186372973
peak_10746	774	146	58	3.410834294706426e-11	2.0758410868858463e-10	1.317029295474523
peak_10749	291	58	64	0.6107424529597566	0.658159944018828	-0.13972476366661327
peak_10767	439	121	109	0.3985396316090531	0.4548739299069668	0.14937762403822671
peak_10772	157	0	11	0.0008146707539646138	0.0016357638236877189	-3.584962500721156
peak_10774	386	27	52	0.004133073499031185	0.0072724961672072045	-0.9205655325055951
peak_10783	226	8	0	0.007335532402727461	0.01243500900482319	3.169925001442312
peak_10801	605	6	0	0.030863246283223688	0.04650025926256772	2.807354922057604
peak_10807	656	143	104	0.0072003381332124555	0.0122430486244324	0.4556794837761897
peak_10811	643	44	62	0.08434516928566295	0.11542841302106006	-0.4854268271702417
peak_10816	140	0	47	1.3444309952697756e-16	1.6744575769937008e-15	-5.584962500721156
peak_10818	390	24	34	0.21905441392989627	0.2704467243235317	-0.4854268271702417
peak_10820	419	37	20	0.02737458240720528	0.04215420882173631	0.8556100906648252
peak_10829	324	43	28	0.07769536880093891	0.10689255361465552	0.6014506235097251
peak_10842	46	19	0	3.632207315379772e-07	1.1943318330798812e-06	4.321928094887363
peak_10843	164	55	29	0.0014760406150527484	0.0028108227637677384	0.9004643264490856
peak_10864	373	74	79	0.7169071372911949	0.7495740881283552	-0.09310940439148147
peak_10867	113	0	6	0.029194651299636797	0.04467334146000296	-2.807354922057604
peak_10875	325	85	99	0.2576556326076522	0.3120536834292392	-0.21759143507262677
peak_10883	207	86	104	0.09348457309600522	0.12631576004006648	-0.27130202181739427
peak_10884	212	0	11	0.0008549250452327976	0.001705163735479981	-3.584962500721156
peak_10888	423	0	23	1.7534658529736777e-07	6.031164790714325e-07	-4.584962500721156
peak_10894	393	86	56	0.007031777321461864	0.012003979113782419	0.6100534816839867
peak_10900	158	55	78	0.012051185722664247	0.019688499060696495	-0.4964258261194988
peak_10926	250	11	25	0.023321789872547245	0.03631953457987028	-1.1154772174199359
peak_10930	334	42	52	0.31663459449674475	0.37310585805376306	-0.3016556998611012
peak_10935	210	64	53	0.27636307636609275	0.33194848172810104	0.26748031086498597
peak_10949	124	21	11	0.08703685495783633	0.11864215658421683	0.874469117916141
peak_10950	226	0	26	1.3903164651164172e-08	5.6163933967510143e-08	-4.754887502163468
peak_10961	123	38	12	5.5804093800351434e-05	0.00013227829400604477	1.584962500721156
peak_10962	98	0	11	0.0007258815054293064	0.0014761039475676195	-3.584962500721156
peak_10971	501	43	0	8.869220167618932e-14	7.776214721833191e-13	5.459431618637297
peak_10976	204	13	0	0.00020043564081051113	0.00043990484889648584	3.807354922057604
peak_10977	455	117	65	2.1528441156203458e-05	5.45049980055198e-05	0.8382489300033878
peak_10983	355	5	135	2.2439311664804237e-40	2.7879476492807996e-38	-4.502500340529183
peak_10991	180	23	0	1.1260024516811409e-07	4.00548637490484e-07	4.584962500721156
peak_10992	180	76	41	0.00012042123516721829	0.00027130728524626713	0.874469117916141
peak_10993	140	33	0	2.7407447440304914e-11	1.6902365285824845e-10	5.087462841250339
peak_10995	467	0	19	3.164722836208343e-06	9.0415581198235e-06	-4.321928094887363
peak_10999	252	0	11	0.0008735642144427843	0.0017314926491718069	-3.584962500721156
peak_11008	266	65	35	0.001214493033403334	0.002343419512180524	0.874469117916141
peak_11011	421	99	53	4.999282408999754e-05	0.00011944814536324928	0.8889686876112561
peak_11013	159	24	0	4.665149979230841e-08	1.7435270722085036e-07	4.643856189774724
peak_11016	502	36	0	1.518387195767514e-11	9.80312341601992e-11	5.20945336562895
peak_11017	190	28	0	2.5468662061333527e-09	1.1481182702693185e-08	4.857980995127572
peak_11018	146	47	62	0.09007257509748318	0.12238722260511584	-0.39231742277876036
peak_11022	134	8	0	0.0070162228565426605	0.011985459165401847	3.169925001442312
peak_11033	161	94	52	3.93214497914393e-06	1.1115619602530066e-05	0.8419351537677487
peak_11036	427	84	91	0.6110738333988874	0.6583777722787505	-0.11417101991931113
peak_11042	308	33	0	9.41565990758492e-11	5.32334867583103e-10	5.087462841250339
peak_11049	300	37	16	0.0036599447845402536	0.006489299941680491	1.1604646721932461
peak_11057	360	0	35	2.4426561991924015e-11	1.5211357797904758e-10	-5.169925001442312
peak_11058	236	0	28	3.1815108712772774e-09	1.41418991084524e-08	-4.857980995127572
peak_11060	378	103	61	0.0002810386695232214	0.0006081609951364868	0.746243407754217
peak_11065	740	0	8	0.007665346028465907	0.012895400485140466	-3.1699250014423126
peak_11071	663	250	185	0.0001781404615756215	0.0003936865558638681	0.43238474284274053
peak_11075	578	0	84	3.9945904717525005e-27	1.7541761950954515e-25	-6.409390936137702
peak_11076	369	104	102	0.9346124907047028	0.9463160460444754	0.027744990482904245
peak_11080	207	48	36	0.17863145944375047	0.22641170798867005	0.40525647848625845
peak_11087	461	137	150	0.3933852770102836	0.44991122610920176	-0.12988028254690984
peak_11096	157	6	0	0.029766826921398648	0.04532254191679009	2.807354922057604
peak_11100	166	31	12	0.002906152041747994	0.005244044810720609	1.2995602818589078
peak_11104	511	94	78	0.2097073579628282	0.2607393901544171	0.2660748601538449
peak_11107	369	93	85	0.547038256675776	0.5992715869906242	0.12832409697553937
peak_11115	220	24	42	0.022696323520971097	0.03542128431857438	-0.7824085649273732
peak_11118	72	21	0	1.727861835929032e-07	5.951134680339749e-07	4.459431618637297
peak_11130	336	95	58	0.0008906588367721557	0.0017564909463868993	0.7023194513593151
peak_11134	307	69	60	0.42813294517326544	0.48357188973672155	0.1985456793820801
peak_11167	349	105	13	3.352258505102624e-22	8.495723793528739e-21	2.920565532505595
peak_11182	305	65	37	0.003255490949692235	0.0058433653621325745	0.796466605914868
peak_11187	117	117	83	7.000727727064282e-12	4.7109256329809056e-11	0.4903256265830809
peak_11192	352	27	57	0.0006741454526345505	0.001380819033261118	-1.050626073069968
peak_11203	131	27	0	3.3462482639765585e-09	1.4796705632646364e-08	4.807354922057604
peak_11206	125	44	0	1.1250972685128974e-15	1.251363643188799e-14	5.491853096329675
peak_11208	65	5	0	0.05771226271134713	0.08278971170138053	2.584962500721156
peak_11211	115	18	0	3.7106130910995643e-06	1.0501035047811766e-05	4.247927513443585
peak_11212	207	0	21	5.591453159270736e-07	1.781292207212328e-06	-4.459431618637297
peak_11215	305	93	107	0.2621581072090233	0.3168288014526133	-0.2002986504858312
peak_11222	182	0	15	4.5192688717159444e-05	0.00010889856022952233	-4.0
peak_11223	315	62	52	0.35168301783816813	0.4087322137503145	0.24935946893671723
peak_11227	308	10	0	0.0018134506571458311	0.00336406323652617	3.4594316186372973
peak_11228	181	81	0	7.055542762173888e-30	3.7438473781785195e-28	6.357552004618084
peak_11245	843	70	85	0.23789714473843224	0.29075049311362133	-0.27651763519741585
peak_11251	99	0	17	7.205290385543731e-06	1.94405451398092e-05	-4.169925001442312
peak_11255	225	0	23	1.318865937159373e-07	4.662250578688304e-07	-4.584962500721156
peak_11275	454	189	194	0.7881057108710423	0.8113602447811418	-0.03747470541866288
peak_11277	346	35	111	1.0618296057180985e-12	8.049047636202372e-12	-1.6374299206152916
peak_11278	87	18	28	0.12130426882556343	0.15995960274331353	-0.6100534816839867
peak_11280	167	11	0	0.0008238544752683644	0.0016522498807153734	3.584962500721156
peak_11282	231	98	111	0.2619770359120357	0.31676027081317587	-0.17799830197799454
peak_11283	242	11	0	0.0008694606690896436	0.0017247011870493163	3.584962500721156
peak_11284	134	10	59	3.4474159550103973e-12	2.439046788169856e-11	-2.4474589769712214
peak_11286	927	224	185	0.03322928490064281	0.049785287436433664	0.2746223801090057
peak_11288	284	44	24	0.013593123350543605	0.022037991835668083	0.8479969065549501
peak_11291	548	20	19	1.0	1.0	0.070389327891398
peak_11293	175	0	11	0.0008304854260831005	0.00166292954420885	-3.584962500721156
peak_11295	250	30	32	0.8921772722886576	0.9073170343458618	-0.09019780897157814
peak_11300	233	21	38	0.025177863781629277	0.03899545092843403	-0.8259706002249511
peak_11304	280	106	83	0.04914818336674493	0.0715521137668473	0.3491495636223866
peak_11306	262	28	0	3.4784048577376987e-09	1.5327849779684982e-08	4.857980995127572
peak_11308	366	100	69	0.008387248896064113	0.014054159827812695	0.5289284658068283
peak_11311	238	48	0	5.08142399274799e-16	6.005747985860385e-15	5.614709844115208
peak_11317	217	54	0	2.550800099685037e-18	4.073283920939052e-17	5.78135971352466
peak_11323	598	76	77	1.0	1.0	-0.01861567816734691
peak_11329	563	64	91	0.024285814100824518	0.03771705397243905	-0.5011941430285584
peak_11330	90	13	0	0.0001531847056738493	0.0003410502144679145	3.807354922057604
peak_11331	180	54	102	4.917359116558251e-07	1.5803802738011187e-06	-0.9051408136585588
peak_11342	213	67	62	0.6732695071084018	0.7121944152501485	0.11018291775042285
peak_11349	677	83	52	0.006331678163414576	0.010907530796223823	0.6643969682155612
peak_11351	546	228	219	0.6225000139499517	0.6676672524354677	0.05784407457228447
peak_11352	89	38	57	0.006674036717223862	0.011458388452798833	-0.5725787762653237
peak_11358	56	6	0	0.027142893558052616	0.041835370585391836	2.807354922057604
peak_11402	448	43	44	1.0	1.0	-0.0324214776923775
peak_11403	368	22	17	0.5109092346597849	0.5649167877918264	0.3536369546147004
peak_11412	364	29	0	2.0845851271018298e-09	9.575181819167467e-09	4.906890595608519
peak_11415	354	104	67	0.0015274335523430024	0.0028946229596857344	0.6267826764157833
peak_11417	34	27	34	0.011098354381936473	0.01824298716411242	-0.3219280948873623
peak_11418	656	171	142	0.06961923916472962	0.09657963080205138	0.2663934179237084
peak_11420	166	0	10	0.0016987216115440574	0.0031860411963201135	-3.4594316186372973
peak_11423	135	47	56	0.31620595266698154	0.3726869789184646	-0.24792751344358557
peak_11436	635	208	157	0.0019118165370348625	0.003515809906012848	0.40357838390377976
peak_11448	305	14	0	0.00010479727080700314	0.00023874655522847677	3.9068905956085187
peak_11449	745	176	215	0.02517380739366239	0.03899545092843403	-0.28728195208047114
peak_11450	234	0	31	3.2146464786638995e-10	1.6778083158108509e-09	-5.0
peak_11451	550	36	10	0.00011405234609009194	0.00025821451154796815	1.7500217469916526
peak_11452	332	70	61	0.4353837455948206	0.490565096230926	0.19555080911780698
peak_11453	326	16	53	2.8394670632580225e-06	8.218321147861573e-06	-1.6674246609131291
peak_11454	317	138	74	9.682552737389155e-08	3.4881841332574514e-07	0.8901223822276265
peak_11456	233	23	0	1.3473656712159122e-07	4.7531029980428374e-07	4.584962500721156
peak_11457	91	67	62	0.5142189048856994	0.5678367876626388	0.11018291775042285
peak_11458	104	36	24	0.09183132796755254	0.12441191081561506	0.5655971758542251
peak_11469	234	51	26	0.0026037238079175103	0.0047183810307832785	0.9455522159776235
peak_11470	420	55	41	0.15831764314169258	0.20293660648308556	0.41503749927884376
peak_11476	210	73	43	0.00149088565891113	0.0028359117051879375	0.7500217469916526
peak_11479	185	0	9	0.003535956407121981	0.006295757405760004	-3.321928094887362
peak_11481	203	45	94	4.2391488058970705e-07	1.3754282813528457e-06	-1.046293652273935
peak_11482	132	5	0	0.06013723176434597	0.08542639671153887	2.584962500721156
peak_11484	372	44	0	2.9432961696374465e-14	2.7309928393685157e-13	5.491853096329675
peak_11487	488	227	192	0.027842732276190586	0.04282333279435835	0.24043297689666124
peak_11488	204	47	34	0.13608011005234716	0.17701534234082136	0.4556794837761897
peak_11490	689	54	41	0.20176467845338675	0.251909135304302	0.3890422907458993
peak_11551	170	16	0	2.108081605798262e-05	5.345230313557166e-05	4.087462841250339
peak_11553	287	21	49	0.0005007808523140878	0.001042066038271227	-1.1844245711374275
peak_11565	560	69	0	3.6334592627777234e-22	9.162792814153329e-21	6.129283016944966
peak_11566	369	136	173	0.007183841561338494	0.012228855214858947	-0.3449114128882016
peak_11567	253	141	138	0.8581434191291667	0.874451405689933	0.030806046781174753
peak_11574	436	88	93	0.7384500788202767	0.766904118554636	-0.07885542071123965
peak_11584	299	26	21	0.5437008338238821	0.5962566302473317	0.2954558835261713
peak_11599	325	43	67	0.015859491283275715	0.025285836806574803	-0.6280312226130421
peak_11603	148	39	59	0.01871164164563586	0.02950993886776132	-0.5849625007211563
peak_11607	178	44	50	0.5478755815553432	0.5998956480901811	-0.18057224564182092
peak_11615	158	0	17	9.687506044653297e-06	2.5688784899252417e-05	-4.169925001442312
peak_11621	51	5	13	0.06701047908716404	0.09336744542396433	-1.222392421336448
peak_11624	250	64	125	2.5587534737765053e-08	9.896955349595685e-08	-0.9549121104714619
peak_11625	284	0	14	0.00010359295624066531	0.00023653183285071678	-3.9068905956085187
peak_11627	266	54	73	0.06690496761890712	0.0932459384543674	-0.42809365210429023
peak_11629	204	22	0	2.622232351901962e-07	8.828586649430663e-07	4.523561956057013
peak_11632	335	95	148	2.788980934363395e-05	6.889946110401132e-05	-0.6342060197410054
peak_11642	436	104	125	0.12367556543212946	0.162807220383196	-0.2630344058337938
peak_11643	258	0	18	5.6126614292754325e-06	1.549703692655885e-05	-4.247927513443585
peak_11648	185	31	70	7.657075091380977e-06	2.0615824796773094e-05	-1.149747119504682
peak_11657	149	9	0	0.00344942676866016	0.006158913410289119	3.321928094887362
peak_11661	403	58	53	0.6827858649178734	0.7201058376587262	0.12775554719837268
peak_11668	413	73	78	0.7188693167224034	0.7510090851894838	-0.09432738254815315
peak_11681	267	47	98	9.489963153080915e-07	2.9139163533329827e-06	-1.0443941193584534
peak_11684	217	47	0	8.672743502054318e-16	9.817545644325488e-15	5.584962500721156
peak_11685	384	117	71	0.00015067401686541743	0.00033560710184190484	0.7127180479195289
peak_11702	508	104	84	0.12463381115026274	0.1637912006115591	0.30485458152842093
peak_11713	185	37	45	0.3810067073590532	0.4373249588298821	-0.27563444261342734
peak_11725	100	7	14	0.16519567874308455	0.21063999687541246	-0.9068905956085186
peak_11726	226	0	10	0.0017642542444198303	0.0032871657355795962	-3.4594316186372973
peak_11727	172	117	142	0.00257612186972303	0.004670023062053066	-0.2772282874165481
peak_11733	95	0	16	1.5328644311109507e-05	3.9596406754965435e-05	-4.087462841250339
peak_11746	564	124	53	6.810760776999585e-09	2.8839580546995746e-08	1.2108967824986185
peak_11753	617	32	52	0.03122179974267217	0.0469710123712853	-0.6835263352047458
peak_11756	231	106	17	5.4828953210495265e-22	1.3691112139914848e-20	2.571541984958835
peak_11763	119	35	56	0.0074763714893025385	0.012614983890860264	-0.6629650127224294
peak_11765	256	55	72	0.10135225383370867	0.13586536342866104	-0.3824696368224132
peak_11770	172	23	81	8.468370328835101e-12	5.646319169513875e-11	-1.7725895038969275
peak_11783	319	72	23	5.2698248067491254e-08	1.955170252409326e-07	1.604862058158861
peak_11792	124	27	9	0.0018582645830030192	0.003428467868821941	1.4854268271702418
peak_11793	361	94	111	0.18656808753902668	0.23500935655880364	-0.23749931372665628
peak_11798	233	19	0	2.602909976199999e-06	7.594056940872163e-06	4.321928094887363
peak_11799	275	33	39	0.5275619367728288	0.5805574650941434	-0.23446525363702297
peak_11802	162	0	15	4.346995391127137e-05	0.00010519522338433082	-4.0
peak_11823	210	0	50	6.446207247653235e-17	8.355465577492514e-16	-5.672425341971495
peak_11825	170	0	45	1.9685140746453985e-15	2.1244937915770466e-14	-5.523561956057013
peak_11830	253	42	38	0.7148812539080999	0.7483775395412784	0.1408625358398497
peak_11833	755	326	377	0.009869406401316247	0.016349514214082914	-0.20909559872299005
peak_11840	359	97	108	0.4086799565844675	0.46511560557776527	-0.15347448066171807
peak_11841	304	19	0	2.8540458460646513e-06	8.255825973795192e-06	4.321928094887363
peak_11843	113	29	15	0.028206562972844382	0.043317525409607864	0.9068905956085185
peak_11844	327	184	143	0.001737590439315151	0.0032481782377509648	0.36145645907399987
peak_11848	73	19	0	9.929880122860091e-07	3.0380065673182766e-06	4.321928094887363
peak_11849	323	47	0	2.3373687464961668e-15	2.5066434515055734e-14	5.584962500721156
peak_11851	93	10	0	0.0015133901910565778	0.002871214016105105	3.4594316186372973
peak_11852	328	99	0	5.014265455407534e-34	3.648952604263711e-32	6.643856189774724
peak_11854	142	31	0	1.4809341427072491e-10	8.120428980571288e-10	5.0
peak_11856	143	0	16	1.9578629038624037e-05	5.00168186172271e-05	-4.087462841250339
peak_11859	88	21	0	2.461441130307177e-07	8.320226355530696e-07	4.459431618637297
peak_11876	173	77	111	0.00035419254565930027	0.0007565018145025055	-0.5219527031953558
peak_11879	237	0	31	3.2613167836531836e-10	1.6986858584794803e-09	-5.0
peak_11910	95	21	42	0.0019356410255595004	0.0035570546119047964	-0.9668331360648006
peak_11915	241	48	66	0.06814343513241787	0.09476458055269905	-0.4513793463425642
peak_11916	342	136	140	0.8151562378362832	0.8349901217651371	-0.0415192694382669
peak_11919	82	14	0	6.662903321481869e-05	0.00015691553175972557	3.9068905956085187
peak_11945	366	0	16	2.581121454501814e-05	6.404267375336685e-05	-4.087462841250339
peak_11947	465	79	104	0.04755992574996542	0.06945821725066624	-0.39231742277876036
peak_11948	399	25	65	9.58593198879062e-06	2.5445928895726638e-05	-1.3439544012173614
peak_11960	169	0	7	0.014665823979788281	0.02364167954210174	-3.0
peak_11961	104	11	40	4.0715879440193695e-06	1.1497044892923875e-05	-1.7725895038969275
peak_11963	390	128	101	0.0408071366929135	0.06028757375687394	0.3388019134517585
peak_11975	145	0	19	2.0310263543105615e-06	6.008158100382114e-06	-4.321928094887363
peak_11979	272	0	22	3.064165374070471e-07	1.0208540494123597e-06	-4.523561956057013
peak_11981	428	5	60	7.407325255972668e-14	6.591163180332314e-13	-3.34577483684173
peak_11987	154	0	21	4.591008088866084e-07	1.4820402537822455e-06	-4.459431618637297
peak_11988	137	0	15	4.071581917544398e-05	9.890623885537037e-05	-4.0
peak_11992	407	86	66	0.0872477908419355	0.11889787227095223	0.3768543053909558
peak_11994	157	28	0	1.987527692054028e-09	9.15412844785101e-09	4.857980995127572
peak_11996	755	381	402	0.3029715807732383	0.35967989017149715	-0.07720720049221876
peak_11998	242	72	11	3.950406330048025e-14	3.606338681947068e-13	2.604862058158861
peak_11999	326	125	130	0.7482367517932779	0.7750138295313048	-0.05614307803753374
peak_12001	257	126	0	2.559304521457139e-47	5.4321238467927776e-45	6.9886846867721655
peak_12003	210	128	77	9.414782757672115e-07	2.8943212653941917e-06	0.7258250365610057
peak_12005	190	18	0	5.001692555873666e-06	1.3953243088510657e-05	4.247927513443585
peak_12006	208	0	16	2.2614766660747067e-05	5.6916808977196425e-05	-4.087462841250339
peak_12007	271	77	104	0.017763502830436723	0.02810164081311946	-0.42884329880387423
peak_12008	692	231	247	0.3964654343842963	0.4530271248886508	-0.09621531525930317
peak_12012	409	13	40	0.00016749778374205857	0.000371779394501981	-1.5501970825604794
peak_12013	440	84	107	0.0718406055730179	0.09941756174652354	-0.34549656602576667
peak_12014	511	42	104	3.322908392838073e-08	1.267136755549501e-07	-1.2879807629640248
peak_12016	246	24	17	0.32778962657048705	0.3842602177056781	0.47393118833241227
peak_12018	263	0	78	7.909755254676928e-27	3.2493784893003445e-25	-6.303780748177103
peak_12021	308	47	28	0.026050838143500885	0.040237407369009555	0.726981505593584
peak_12030	394	119	133	0.32074025838497044	0.3767237436506893	-0.15919859484925386
peak_12049	246	34	76	7.559220460318557e-06	2.0363124814840153e-05	-1.137503523749935
peak_12053	172	17	0	1.0071541439479837e-05	2.662399174504945e-05	4.169925001442312
peak_12059	119	0	14	8.137024847314348e-05	0.00019013763565238205	-3.9068905956085187
peak_12077	335	18	37	0.010725575974801189	0.017670143601435075	-1.0
peak_12083	172	0	11	0.0008280672635668949	0.0016587395362209056	-3.584962500721156
peak_12104	109	51	29	0.0030513046988870874	0.00549623272140411	0.7935491225325737
peak_12106	367	0	16	2.5823253217396056e-05	6.404267375336685e-05	-4.087462841250339
peak_12109	238	51	56	0.6606456101630561	0.7012562488373845	-0.1324502960236496
peak_12110	179	30	57	0.0012765573306650975	0.002454806735525861	-0.9037846847406971
peak_12112	168	0	15	4.402448921067288e-05	0.00010638555409827687	-4.0
peak_12113	199	92	122	0.0034971356496903286	0.006233173197873525	-0.4033556942312085
peak_12119	91	33	10	9.349732754460373e-05	0.0002162921827939198	1.628031222613042
peak_12121	104	66	0	4.402564240802314e-27	1.9005645968344904e-25	6.066089190457772
peak_12122	190	0	5	0.06085748479525207	0.08619679782250216	-2.584962500721156
peak_12124	307	49	57	0.45488855387164173	0.5093871825504821	-0.2141248053528475
peak_12135	271	64	35	0.0017568438474046346	0.003277458199281528	0.8524428115861422
peak_12145	280	0	60	5.008725178120344e-20	9.889320177265515e-19	-5.930737337562886
peak_12146	320	42	23	0.017941798025174246	0.028366082911309	0.8413022539809418
peak_12148	234	41	54	0.16765789356532365	0.21367258189185856	-0.38904229074589924
peak_12150	360	63	0	1.1071033182362092e-20	2.3795714359051684e-19	6.0
peak_12160	523	348	292	0.0004769443003585268	0.0009949034668412513	0.2523263717874043
peak_12161	449	28	12	0.014284379842005231	0.0230705868469165	1.15754127698648
peak_12162	367	39	0	1.2529033618393605e-12	9.399543041545955e-12	5.321928094887363
peak_12163	492	180	127	0.00033841943022913824	0.0007252455101334583	0.4998458870832054
peak_12169	433	51	121	2.7927733334412304e-09	1.2501219121748354e-08	-1.2302976194217943
peak_12173	113	16	34	0.006085533388711906	0.0105190726440782	-1.041820175694627
peak_12177	231	93	11	2.123418876921281e-21	5.031021283273027e-20	2.969626350956481
peak_12187	269	20	0	1.3220537987120599e-06	3.987295471071186e-06	4.392317422778761
peak_12189	213	12	0	0.00041639878673691564	0.0008797741267680831	3.700439718141092
peak_12194	25	0	10	0.0006364235753557286	0.0013109347726898831	-3.4594316186372973
peak_12196	359	21	0	7.057095687891435e-07	2.2122366420996288e-06	4.459431618637297
peak_12204	387	30	5	1.4821925261583377e-05	3.836528825330575e-05	2.3692338096657193
peak_12208	173	138	116	0.010387294199935792	0.017153125690502966	0.2485763531401029
peak_12211	410	57	0	1.7125872876168532e-18	2.823274965411084e-17	5.857980995127572
peak_12213	190	5	0	0.06085748479525207	0.08619679782250216	2.584962500721156
peak_12215	365	183	146	0.007365255823857588	0.012461779122381448	0.3238896112206485
peak_12217	232	115	88	0.014874732602598502	0.023910346442927347	0.38224756416117445
peak_12224	270	56	91	0.0009753927412857876	0.0019007844774712327	-0.6906719418922712
peak_12225	94	12	17	0.4196675583751852	0.47548633059679574	-0.46948528330122025
peak_12226	168	42	5	2.415182246164933e-09	1.0965185705850416e-08	2.841302253980942
peak_12227	398	57	0	1.5999478900351465e-18	2.6547669549964288e-17	5.857980995127572
peak_12229	141	17	0	9.13932470854951e-06	2.4349225975602092e-05	4.169925001442312
peak_12232	908	88	99	0.4401198124677728	0.49513478902624447	-0.16812275880832692
peak_12235	415	0	53	3.7682001883365155e-17	4.998753062340159e-16	-5.754887502163468
peak_12243	511	154	107	0.0009472455114458024	0.0018494705386373773	0.521236903110769
peak_12251	368	98	93	0.7366681690780613	0.7655217570958067	0.07476776840197212
peak_12253	399	67	56	0.3269082199236238	0.3834378246122357	0.25457282708559764
peak_12258	234	24	30	0.4696899036110397	0.5243480975223835	-0.3103401206121506
peak_12260	201	0	21	5.498246471787223e-07	1.754891449077952e-06	-4.459431618637297
peak_12264	469	47	63	0.12765482817527116	0.16729449311161082	-0.4150374992788438
peak_12278	244	51	14	9.030867239689929e-07	2.7863862943052996e-06	1.7935491225325737
peak_12279	404	82	66	0.17234976802322993	0.21910399758181515	0.30895024088915235
peak_12281	230	8	0	0.007343707445743131	0.012443975593962424	3.169925001442312
peak_12285	340	140	141	1.0	1.0	-0.010195767105888494
peak_12294	140	6	0	0.02958806652762633	0.04516679978775204	2.807354922057604
peak_12302	293	0	32	1.902764635790353e-10	1.0311364951825594e-09	-5.044394119358453
peak_12305	121	0	25	1.496179506094009e-08	6.010676974797225e-08	-4.700439718141092
peak_12307	392	24	39	0.06514892695014847	0.09097276148137509	-0.6780719051126377
peak_12316	130	0	41	2.1235170382148915e-14	1.9994816622304358e-13	-5.392317422778761
peak_12320	226	0	23	1.3225105264366366e-07	4.6718922480362185e-07	-4.584962500721156
peak_12324	226	80	0	3.2057593418609347e-28	1.5389134430933875e-26	6.339850002884624
peak_12325	347	142	103	0.002508265967520991	0.004553494953154643	0.45943161863729726
peak_12331	190	10	29	0.0020043440359670717	0.0036727081004375045	-1.4474589769712214
peak_12336	145	93	139	3.5092756476976996e-12	2.4725103941040223e-11	-0.5746941652673292
peak_12337	149	32	48	0.04952515717114095	0.07203916351507482	-0.5703157247567548
peak_12338	289	11	15	0.5479612191919147	0.5998956480901811	-0.4150374992788438
peak_12345	312	60	52	0.46537262068601704	0.5202124489301231	0.20281688299968706
peak_12363	394	61	57	0.7646623320476901	0.7896188768398406	0.09621531525930298
peak_12364	191	0	19	2.382696060081549e-06	6.9916208122439e-06	-4.321928094887363
peak_12366	217	124	140	0.14009052952922488	0.18181430762340675	-0.1737670677367066
peak_12368	109	58	24	3.1386754430629537e-06	8.977210952814533e-06	1.2387868595871165
peak_12369	110	6	0	0.029139134098593134	0.044601787589613404	2.807354922057604
peak_12370	159	0	21	4.705407331292737e-07	1.5180079129578975e-06	-4.459431618637297
peak_12375	197	107	40	3.232268201823325e-12	2.2931997521013953e-11	1.3973354975453849
peak_12380	155	16	0	2.030050181094381e-05	5.170537811247389e-05	4.087462841250339
peak_12381	120	0	17	8.298743960388588e-06	2.2237665299431598e-05	-4.169925001442312
peak_12384	220	61	82	0.04159248698125271	0.06132333681114365	-0.4208431209600496
peak_12400	342	0	33	1.0349651909807863e-10	5.812693145376102e-10	-5.087462841250339
peak_12407	546	59	89	0.010170971047523411	0.016832659686836993	-0.5849625007211563
peak_12410	332	130	145	0.27001834999640223	0.32509417983494987	-0.1564015573425669
peak_12415	153	35	0	6.466021289920556e-12	4.3975851069232725e-11	5.169925001442312
peak_12417	287	0	72	2.572110909241069e-24	8.3454350138051e-23	-6.189824558880018
peak_12421	166	44	0	4.2286847383191865e-15	4.342927430846358e-14	5.491853096329675
peak_12423	512	50	87	0.0008998946719919886	0.0017712764525220981	-0.7870062766658016
peak_12424	373	70	53	0.11415408189456742	0.15131430995860692	0.3948596173412136
peak_12441	328	88	116	0.02264422231433903	0.03536163962882986	-0.39463128861700686
peak_12449	205	51	62	0.2689962491050203	0.32424678015640634	-0.27684020535882436
peak_12451	111	8	0	0.006856266846727796	0.011727946043395365	3.169925001442312
peak_12454	149	25	69	5.522393859868051e-08	2.0384836465339024e-07	-1.4288432988038742
peak_12456	166	70	0	1.532494622357572e-25	5.346936716636624e-24	6.149747119504682
peak_12459	673	303	65	1.6308573275893869e-50	4.1537936133701685e-48	2.2035333940851323
peak_12464	483	74	93	0.1254603732744632	0.16475770597064077	-0.3257701611817565
peak_12467	305	169	162	0.6258418838930859	0.6700274307615369	0.06066278190662417
peak_12491	271	38	31	0.43958035239034293	0.49463713608933224	0.28540221886224837
peak_12496	605	150	156	0.7409159699796357	0.7691514063738056	-0.05621600956654809
peak_12500	206	0	15	4.686358628412732e-05	0.00011255214923684326	-4.0
peak_12504	152	18	5	0.00795472697509052	0.013377807596933345	1.6629650127224291
peak_12519	281	43	79	0.00031838292773962186	0.0006840331648695208	-0.862496476250065
peak_12520	255	48	0	6.173233060238864e-16	7.195983800653723e-15	5.614709844115208
peak_12523	137	116	128	0.031919404752524666	0.04794970445572416	-0.14086253583984967
peak_12530	114	0	16	1.734143669105715e-05	4.4524837955768714e-05	-4.087462841250339
peak_12531	116	0	5	0.05981209474659256	0.08511576800938991	-2.584962500721156
peak_12543	221	0	32	1.3893267144460196e-10	7.657458705751989e-10	-5.044394119358453
peak_12545	609	56	0	7.375783588893313e-18	1.0859029364688595e-16	5.832890014164741
peak_12553	160	8	22	0.011573002249273948	0.018992549438724707	-1.3536369546147005
peak_12558	370	71	84	0.27831133946908476	0.3339736073629017	-0.2394659346953894
peak_12609	132	0	19	1.8996436084350725e-06	5.632587043869767e-06	-4.321928094887363
peak_12619	239	71	107	0.000903925458125609	0.001777836402969827	-0.5849625007211563
peak_12630	146	47	0	1.6932351023827284e-16	2.0935290319266067e-15	5.584962500721156
peak_12634	356	8	23	0.00907412563731469	0.015100815418647837	-1.415037499278844
peak_12642	132	25	0	1.6995293917505137e-08	6.795449545978899e-08	4.700439718141092
peak_12653	210	6	14	0.10664470144213722	0.1422860422069793	-1.0995356735509143
peak_12659	37	37	25	0.0001688367964804821	0.0003744251812240208	0.5474877953024933
peak_12675	132	17	0	8.804435159094725e-06	2.353084611774844e-05	4.169925001442312
peak_12676	109	8	0	0.006839270728168658	0.011706735581079012	3.169925001442312
peak_12705	311	74	90	0.17214848066223284	0.21890273601932453	-0.2789759497028155
peak_12729	271	57	76	0.07214289188501724	0.09978167017710504	-0.4088055455673292
peak_12734	282	66	52	0.1782171263848327	0.22594276799510646	0.3381687358945732
peak_12737	172	33	73	4.374837864956215e-06	1.22987991634034e-05	-1.1219905243786104
peak_12744	170	14	0	9.237024240460127e-05	0.0002142686770532964	3.9068905956085187
peak_12753	361	110	118	0.5752235861771963	0.6257076549192052	-0.10040189695783752
peak_12755	252	37	0	3.4961932750856343e-12	2.4667047843886735e-11	5.247927513443585
peak_12764	112	0	28	1.0814617154118811e-09	5.172738007801055e-09	-4.857980995127572
peak_12771	476	0	11	0.0009211474687892158	0.0018058811371079264	-3.584962500721156
peak_12773	439	164	73	4.944520705746855e-12	3.412925267625268e-11	1.1568688486168661
peak_12825	89	30	0	9.760446200678589e-11	5.512163297811168e-10	4.954196310386875
peak_12828	67	11	0	0.0006252584750357297	0.001288978823080537	3.584962500721156
peak_12849	194	36	0	4.8579014654224e-12	3.357686575964953e-11	5.20945336562895
peak_12874	349	71	112	0.0005560099398763282	0.0011555751259608388	-0.6502539609728754
peak_12876	506	8	127	3.517917399519317e-32	2.2683887636900505e-30	-3.830074998557688
peak_12883	198	0	29	1.2327842586165374e-09	5.8580251990603005e-09	-4.906890595608519
peak_12894	220	0	11	0.0008591730160801582	0.0017096200562157523	-3.584962500721156
peak_12895	254	0	17	1.1569820637919364e-05	3.037972491214497e-05	-4.169925001442312
peak_12917	69	30	0	3.212796540665198e-11	1.9623483906652899e-10	4.954196310386875
peak_12919	219	0	15	4.763025105426404e-05	0.00011417811711549225	-4.0
peak_12953	320	0	56	1.9832461631948712e-18	3.248442429361632e-17	-5.832890014164742
peak_12954	637	141	140	1.0	1.0	0.010195767105888364
peak_12955	483	121	185	1.2527360439335307e-05	3.270854642643468e-05	-0.6084214735451452
peak_12959	578	278	256	0.21536871330661814	0.2665423288590653	0.11849676263530935
peak_12961	408	64	114	2.9948774068338126e-05	7.370002662034513e-05	-0.8231222379159209
peak_12963	622	175	294	4.179476711181656e-12	2.9164732009259386e-11	-0.7451395256119063
peak_12966	312	0	30	8.958254573119449e-10	4.35017624361015e-09	-4.954196310386875
peak_12967	364	0	53	2.8813686794369413e-17	3.8829873156221636e-16	-5.754887502163468
peak_12969	1165	0	65	2.1641737784817245e-20	4.463279849225062e-19	-6.044394119358453
peak_12973	666	29	59	0.001262875561937145	0.002431250231484435	-1.0
peak_12976	550	399	416	0.2708495607061028	0.32586387865774386	-0.06004738366993887
peak_12977	132	26	0	7.608771753862132e-09	3.200584914465211e-08	4.754887502163468
peak_12981	485	208	190	0.26712929210729175	0.3224541739323564	0.12993030404513403
peak_12984	244	21	0	6.084902554685232e-07	1.9276426376596125e-06	4.459431618637297
peak_12986	127	95	0	5.1348733340798064e-42	7.693248459941922e-40	6.584962500721156
peak_13006	53	30	10	0.00011253050130859458	0.00025533646933896694	1.494764691749578
peak_13007	67	38	49	0.0697073473315048	0.09664727986808497	-0.3584539709124763
peak_13011	89	26	38	0.08539034407969906	0.11661619644557293	-0.5305147166987798
peak_13015	315	36	46	0.28653757599998014	0.3427148185357828	-0.34513548604868755
peak_13016	487	98	87	0.41404836551469093	0.4705850901231226	0.16992500144231237
peak_13025	367	154	137	0.22728398152348284	0.27972568298637873	0.16759994849606863
peak_13031	157	11	6	0.31870624568397526	0.3751131274293369	0.777607578663552
peak_13038	603	151	55	1.5392260580553858e-13	1.3046285423850474e-12	1.4405725913859815
peak_13044	440	138	82	1.7194611462188898e-05	4.4170121426318835e-05	0.7439016413765827
peak_13050	194	5	0	0.06089130507735158	0.08619679782250216	2.584962500721156
peak_13056	334	86	90	0.7922213570163054	0.8151031291943163	-0.0648511443499679
peak_13062	161	13	0	0.00018974047450460342	0.00041823365518236686	3.807354922057604
peak_13063	714	233	271	0.04042320022983199	0.059789716019385646	-0.2170981216669348
peak_13065	343	60	12	1.2619986971650051e-09	5.980112896147476e-09	2.230297619421794
peak_13077	244	81	75	0.6275065452426213	0.6709736233135837	0.10962449117449823
peak_13079	201	17	42	0.0006228877572736638	0.0012846114313975884	-1.2563397532597855
peak_13081	108	0	10	0.0015705683161632393	0.002970841070380817	-3.4594316186372973
peak_13083	54	0	5	0.056742323097463285	0.08150601114378657	-2.584962500721156
peak_13086	57	20	0	2.517506421306109e-07	8.487212250253687e-07	4.392317422778761
peak_13109	579	56	5	1.7589735015038104e-12	1.2948281815983252e-11	3.2479275134435857
peak_13111	668	62	42	0.05191555988738656	0.07532266079930137	0.5510151687978184
peak_13112	164	41	0	5.199859296727881e-14	4.696468662682948e-13	5.392317422778761
peak_13116	212	53	31	0.010225857684190312	0.016917999039709464	0.7548875021634686
peak_13120	974	345	223	1.456123181296788e-09	6.823819213915214e-09	0.6272733055791205
peak_13123	670	167	174	0.7067219282825359	0.7415662631417482	-0.058893689053568565
peak_13124	121	0	33	1.8538224844166088e-11	1.1730896565985347e-10	-5.087462841250339
peak_13130	47	20	0	1.44507172762421e-07	5.066204666564161e-07	4.392317422778761
peak_13135	51	19	0	4.838188479817923e-07	1.5578844574078696e-06	4.321928094887363
peak_13136	253	51	0	5.3747231605120975e-17	6.984397902971588e-16	5.700439718141092
peak_13149	207	120	145	0.013860036196779203	0.02244215651188597	-0.27096132160542274
peak_13153	438	111	116	0.7577893666566332	0.7834745349601968	-0.06300979752580035
peak_13155	357	32	103	8.838780770801343e-12	5.877904601365801e-11	-1.6560455987826388
peak_13156	322	79	134	5.612884399195344e-06	1.549703692655885e-05	-0.7548875021634687
peak_13157	261	0	34	3.6886669486484006e-11	2.2315996955362178e-10	-5.129283016944966
peak_13158	168	37	20	0.019472916059185233	0.03064412555004312	0.8556100906648252
peak_13160	590	50	0	6.008721794736974e-16	7.020281839997739e-15	5.672425341971495
peak_13169	191	0	26	1.1967187108135011e-08	4.872969714535551e-08	-4.754887502163468
peak_13173	740	178	129	0.0020578860844063847	0.0037640472940632403	0.4614479642358019
peak_13175	290	43	29	0.10111177763336013	0.13561437474047827	0.5525410230287786
peak_13182	477	160	139	0.1626937978596153	0.20765778158278134	0.2016338611696504
peak_13183	613	45	58	0.21651004393457496	0.26769469995211764	-0.35908109330482835
peak_13188	266	0	12	0.0004301268810118291	0.0009065230996583606	-3.700439718141092
peak_13191	887	85	47	0.000761546533431883	0.0015424723822274403	0.8413022539809418
peak_13192	455	18	23	0.5231376105936321	0.5767017995997866	-0.33703498727757075
peak_13200	137	0	17	8.99474608164832e-06	2.3976575897392222e-05	-4.169925001442312
peak_13203	483	181	215	0.03080375916924224	0.04643810275469664	-0.24709286196477234
peak_13205	620	147	95	0.00024761822069532824	0.0005381259454872022	0.6244908649077937
peak_13209	295	42	37	0.6289039761311607	0.6721240095072921	0.1783372412585124
peak_13213	76	0	10	0.0014239168262872	0.0027166413157704112	-3.4594316186372973
peak_13228	155	87	61	0.004396712988525987	0.007717731207288552	0.5052353082504221
peak_13232	412	44	23	0.010335265300709145	0.017076821745641384	0.9068905956085185
peak_13236	317	57	0	8.712989385135526e-19	1.4893948969087373e-17	5.857980995127572
peak_13237	83	0	11	0.0006854503160276035	0.0014017197550560466	-3.584962500721156
peak_13242	335	38	56	0.058183809493905246	0.08339570218400487	-0.5474877953024933
peak_13243	233	0	5	0.06116026846884507	0.0863259649709883	-2.584962500721156
peak_13246	205	0	19	2.4643247484397688e-06	7.2103792467272726e-06	-4.321928094887363
peak_13247	191	34	51	0.048652349431853245	0.07091132131784275	-0.5711567011961256
peak_13252	371	0	32	2.3162741636319186e-10	1.236802996807232e-09	-5.044394119358453
peak_13256	282	92	100	0.5339732769407535	0.5865618681564114	-0.11905267164376328
peak_13257	85	46	0	5.732336371667228e-18	8.664843168330225e-17	5.554588851677638
peak_13258	269	116	52	3.342836613678067e-09	1.4796705632646364e-08	1.1424442650202054
peak_13260	137	56	38	0.030247812348120424	0.045913488664268004	0.5474877953024933
peak_13269	283	70	47	0.022137221255631577	0.034601719876093055	0.5647846187835259
peak_13273	368	55	115	1.97917051132669e-07	6.761834060830422e-07	-1.050626073069968
peak_13275	330	53	0	2.291371023931167e-17	3.180447955287565e-16	5.754887502163468
peak_13282	177	6	91	9.630895576364862e-27	3.8936334973017945e-25	-3.716207033999409
peak_13283	229	0	11	0.0008636111620760423	0.001717109781270632	-3.584962500721156
peak_13288	284	131	116	0.23600715167174105	0.2888564225410497	0.1740293997750489
peak_13292	432	135	89	0.00046194238153074376	0.0009659829603931069	0.5956097449206647
peak_13296	181	0	25	2.448509486342647e-08	9.506636679443173e-08	-4.700439718141092
peak_13303	64	33	10	2.8309987655037794e-05	6.980207023947848e-05	1.628031222613042
peak_13304	128	61	0	6.389459709278368e-23	1.808217097725778e-21	5.954196310386875
peak_13306	91	0	25	8.804275980638538e-09	3.6521972186785593e-08	-4.700439718141092
peak_13312	72	17	0	5.235754973871683e-06	1.4542495003763552e-05	4.169925001442312
peak_13314	186	57	0	8.580109935844657e-20	1.655571212620935e-18	5.857980995127572
peak_13317	213	37	65	0.002081785854180243	0.0038009380434387663	-0.7964666059148678
peak_13325	441	42	48	0.5782850425945127	0.6286350847154178	-0.1884450894131103
peak_13330	291	61	59	0.9184288250025471	0.9319674172436205	0.04730571477835682
peak_13332	636	206	284	8.86669806224376e-06	2.3684824294215894e-05	-0.4613311515527787
peak_13335	480	50	14	3.455471529042429e-06	9.828125052452336e-06	1.765534746362977
peak_13338	469	0	24	8.815029896367661e-08	3.1937242028518395e-07	-4.643856189774724
peak_13344	208	21	0	5.606583694203366e-07	1.7849960836419967e-06	4.459431618637297
peak_13349	313	51	18	3.3144464918855496e-05	8.10940942827329e-05	1.4525122046975067
peak_13351	249	65	63	0.9183558183053679	0.9319674172436205	0.044394119358453436
peak_13353	381	16	0	2.5985565576292067e-05	6.438252482764192e-05	4.087462841250339
peak_13369	87	0	15	3.157105327574166e-05	7.746770008989789e-05	-4.0
peak_13370	138	57	83	0.0025498683661656367	0.004625722741185097	-0.5343364276511882
peak_13401	419	89	71	0.13496937546992302	0.17579080849846065	0.32192809488736235
peak_13402	192	192	31	1.0678085883382761e-76	7.770595641421683e-74	2.5924570372680806
peak_13403	64	15	0	2.4138985904502228e-05	6.0217431046784695e-05	4.0
peak_13406	50	5	0	0.05628449442882433	0.0808781987645786	2.584962500721156
peak_13407	343	82	5	3.7771486402845466e-21	8.577304503880967e-20	3.7900769306257684
peak_13409	347	23	74	2.3204325794177726e-08	9.057688551382478e-08	-1.6438561897747246
peak_13419	310	149	199	7.064832411175121e-05	0.0001658444990899819	-0.4150374992788438
peak_13427	347	90	130	0.0014361545981511163	0.0027389635054218594	-0.5256283613387539
peak_13429	364	212	180	0.021118070773156677	0.033069613439428255	0.23486373314263287
peak_13439	683	207	214	0.7251799955467872	0.7564578316465719	-0.047753131448368145
peak_13447	192	0	19	2.3888452779428808e-06	7.00159830025376e-06	-4.321928094887363
peak_13448	278	51	24	0.0011366028249944198	0.002198957383411156	1.0565835283663676
peak_13470	159	14	0	9.052713120015374e-05	0.00021047248121112877	3.9068905956085187
peak_13471	415	0	29	2.244511701499014e-09	1.0217643080818568e-08	-4.906890595608519
peak_13478	181	82	99	0.0924554418167459	0.12515759250983355	-0.2688167584278
peak_13487	471	183	224	0.008477718809324476	0.014177774003512436	-0.2902192351600241
peak_13500	372	0	70	4.690369511101198e-23	1.3596403619105233e-21	-6.149747119504682
peak_13519	189	31	58	0.0015335421427848544	0.0029051185107274256	-0.8826430493618412
peak_13520	177	0	10	0.0017139323012159504	0.0032098423317625194	-3.4594316186372973
peak_13524	66	0	36	3.639790418493784e-14	3.3407373678932134e-13	-5.20945336562895
peak_13534	204	17	69	2.0874123566993272e-10	1.1240252161761493e-09	-1.9593580155026542
peak_13538	380	156	127	0.03555850643385727	0.05311877764635453	0.294620748891627
peak_13542	94	20	66	1.7188591006852692e-11	1.0931171359414183e-10	-1.673771767679012
peak_13548	362	104	86	0.15087958400104615	0.19442969919082445	0.2713020218173943
peak_13550	267	8	24	0.005450935363069231	0.009476813904257565	-1.4739311883324124
peak_13556	392	186	278	2.978554283560724e-11	1.8280428337901597e-10	-0.5772268519415509
peak_13558	254	0	5	0.06127091999140742	0.08639318961091616	-2.584962500721156
peak_13566	536	205	153	0.0009443943152953855	0.0018446106756574744	0.4197139864883169
peak_13587	265	31	0	3.669026329976174e-10	1.8955395664197396e-09	5.0
peak_13591	262	37	0	3.70725307572094e-12	2.601204844038907e-11	5.247927513443585
peak_13592	158	26	16	0.13515796110205805	0.17595058876920106	0.667424660913129
peak_13617	436	37	32	0.616083182107537	0.662793607107876	0.20353339408513216
peak_13618	478	0	64	1.1305420235159131e-20	2.4139925334673806e-19	-6.022367813028454
peak_13621	404	102	115	0.3408560310006729	0.39750929988952105	-0.17148046794435365
peak_13638	783	368	377	0.6856409529296587	0.7225186210640631	-0.03476541816067664
peak_13675	419	24	60	4.531641077024143e-05	0.00010909347658960768	-1.2868811477881617
peak_13682	318	0	49	4.788975794876466e-16	5.699776331565588e-15	-5.643856189774724
peak_13702	137	18	0	4.19988143890194e-06	1.1833073036375267e-05	4.247927513443585
peak_13703	227	21	23	0.8741489954014061	0.8896933032117409	-0.12553088208385899
peak_13707	641	116	79	0.005020673088480081	0.008755668850639347	0.548436624696042
peak_13708	536	150	163	0.4202125146191964	0.4759978984812511	-0.11914726529300472
peak_13710	291	41	0	1.9976938178684747e-13	1.6600737860068533e-12	5.392317422778761
peak_13714	99	16	0	1.5799552411674196e-05	4.0750845562059926e-05	4.087462841250339
peak_13724	93	0	18	3.072116109353376e-06	8.820329284683903e-06	-4.247927513443585
peak_13730	253	157	152	0.7153911170474958	0.7485321791617999	0.046392905484451304
peak_13731	377	125	30	2.9813675261633957e-18	4.745964430711356e-17	2.0230836131130414
peak_13732	418	35	57	0.019898317622444817	0.031255636746448934	-0.6880559936852597
peak_13752	459	72	30	1.3135571890864398e-05	3.413908327146084e-05	1.235628248493142
peak_13755	386	68	150	6.390596953485229e-11	3.7246797346743433e-10	-1.1298802825469099
peak_13770	255	109	117	0.5326856646685878	0.5853107799443025	-0.10128333583718171
peak_13775	604	135	97	0.006797907007951741	0.01164375867468264	0.4727529971351312
peak_13779	346	79	57	0.044284022761888	0.06500945589310014	0.4639470997597903
peak_13784	297	58	0	3.1668065940205035e-19	5.700251869236906e-18	5.882643049361842
peak_13791	664	97	65	0.00917917196578702	0.015260672974451396	0.5703157247567547
peak_13794	331	61	27	0.00013583189788161722	0.0003045456372398583	1.1468413883292712
peak_13795	164	10	0	0.001695746096893472	0.0031828042069179606	3.4594316186372973
peak_13796	326	55	56	1.0	1.0	-0.025535092107137648
peak_13797	213	0	18	5.245410452066231e-06	1.4561373756308111e-05	-4.247927513443585
peak_13800	497	61	75	0.23010971168271394	0.2827934550812412	-0.2937312030567103
peak_13815	324	96	54	0.00012473904763783434	0.00028041514062980056	0.8185531286624681
peak_13817	284	49	59	0.33590440376535735	0.39236345626707875	-0.2630344058337938
peak_13823	121	30	69	5.259260078357476e-07	1.6828310828613684e-06	-1.1750867065580912
peak_13824	360	22	75	6.456706771162513e-09	2.7454477706428918e-08	-1.7243655573865726
peak_13826	267	59	30	0.0010663301817923558	0.0020700784855374466	0.9526942852216433
peak_13833	470	76	97	0.09211481296965504	0.12476279108413263	-0.34792330342030686
peak_13834	349	107	159	6.787726237029734e-05	0.00015978131909163339	-0.5670405927238937
peak_13835	521	0	29	2.4955273646327117e-09	1.1279695115740047e-08	-4.906890595608519
peak_13838	626	34	0	7.34572861961738e-11	4.2329345688157164e-10	5.129283016944966
peak_13841	271	64	48	0.1112856065925115	0.1479741268551954	0.4076579689132462
peak_13858	354	130	5	1.994699147293845e-38	1.9923524424146757e-36	4.448460500816294
peak_13859	70	0	23	2.73175108592069e-08	1.0542075781575753e-07	-4.584962500721156
peak_13869	230	6	0	0.030235457253091437	0.045913488664268004	2.807354922057604
peak_13870	377	136	140	0.8206056016036017	0.8398965108637226	-0.0415192694382669
peak_13871	233	0	37	3.0808727967666645e-12	2.2011172548007558e-11	-5.247927513443585
peak_13872	251	25	75	2.5429581640852577e-08	9.843335021162845e-08	-1.5474877953024933
peak_13876	557	312	323	0.545077052160056	0.5975086085008231	-0.04983115595200645
peak_13883	112	0	22	1.5206219221672985e-07	5.309148781028252e-07	-4.523561956057013
peak_13884	368	17	28	0.12309619462717675	0.16215464583161066	-0.6880559936852597
peak_13886	81	53	66	0.032064111659469055	0.048152884667846514	-0.3112016882943039
peak_13897	187	35	51	0.06491387033707907	0.09071913731058458	-0.5305147166987798
peak_13900	188	93	89	0.756925676232115	0.7828993694875926	0.06273575534796275
peak_13902	368	190	157	0.01807075957230283	0.02855224853018319	0.27364807985864575
peak_13905	442	160	262	8.445167094598991e-12	5.6382282018200864e-11	-0.7080021111776853
peak_13906	162	0	23	1.0293650118434445e-07	3.6848807943292384e-07	-4.584962500721156
peak_13908	269	122	156	0.0043689610639783315	0.007674306089622628	-0.35210624355238707
peak_13915	356	0	11	0.0009029186400764093	0.001776542121494488	-3.584962500721156
peak_13917	337	11	8	0.64280757353871	0.6853205901226849	0.41503749927884376
peak_13919	246	0	56	8.071949844390457e-19	1.3891389360582768e-17	-5.832890014164742
peak_13920	140	55	77	0.011797743091813789	0.019317808842719202	-0.47804729680464425
peak_13924	322	182	204	0.09118233604591322	0.12369715574377682	-0.16378026122140354
peak_13926	360	93	82	0.3849590830940969	0.441066479820362	0.17954942033071272
peak_13927	155	0	18	4.520492044966732e-06	1.2694259358908782e-05	-4.247927513443585
peak_13929	160	0	22	2.1978234870301492e-07	7.468787753790247e-07	-4.523561956057013
peak_13930	146	95	122	0.0004507298232646862	0.0009448632591400459	-0.3575520046180836
peak_13931	234	0	45	5.464764962912088e-15	5.556389764685464e-14	-5.523561956057013
peak_13935	397	26	86	7.952856355022063e-10	3.9179739141665754e-09	-1.6880559936852597
peak_13940	676	138	200	0.00012359835175651236	0.0002782191797824454	-0.5321106184554213
peak_13941	518	0	19	3.2245490999922077e-06	9.207316768699723e-06	-4.321928094887363
peak_13945	257	54	66	0.2513524736969656	0.30543642676821153	-0.28472947693311274
peak_13949	659	123	95	0.045143958392858126	0.06623367628260925	0.3692338096657191
peak_13954	253	30	43	0.12852847561128738	0.1682230356536223	-0.505235308250422
peak_13957	394	15	0	5.3287167290193606e-05	0.00012654770637587237	4.0
peak_13959	251	0	35	1.62831964571118e-11	1.0407352917506589e-10	-5.169925001442312
peak_13963	310	47	63	0.11453921189991814	0.1517853135843348	-0.4150374992788438
peak_13968	556	0	11	0.0009289975458617755	0.0018185532774344438	-3.584962500721156
peak_13977	359	55	12	2.5275769410529592e-08	9.794493722879975e-08	2.106915203916512
peak_13979	389	26	0	1.9348408353313122e-08	7.62854428419327e-08	4.754887502163468
peak_13985	350	53	0	2.637341412858546e-17	3.582564575227049e-16	5.754887502163468
peak_13991	444	112	88	0.06448423518060846	0.09017850159679648	0.3444455314487899
peak_14012	263	31	0	3.6415051776800074e-10	1.8832312055941074e-09	5.0
peak_14023	262	19	0	2.719660914597063e-06	7.907507248263377e-06	4.321928094887363
peak_14028	154	0	37	1.242655557346296e-12	9.336412107849603e-12	-5.247927513443585
peak_14029	460	171	263	1.6434805671143013e-09	7.631622615205332e-09	-0.6181293646563556
peak_14030	113	28	62	6.10198486003755e-06	1.663999511618377e-05	-1.1192989283723445
peak_14033	263	156	196	0.0002891328238565297	0.0006243504047160501	-0.32743107056474935
peak_14040	214	146	154	0.45996992257487224	0.5145118106272286	-0.0764520604378732
peak_14053	74	0	11	0.0006543584513406539	0.001344615551080795	-3.584962500721156
peak_14054	342	72	122	3.010474274914275e-05	7.40480731840334e-05	-0.7526899464592226
peak_14058	524	261	228	0.04749487842832973	0.0693831117619477	0.19421921344050636
peak_14071	460	295	341	0.0012990725917338237	0.0024962187032410784	-0.20839914925694816
peak_14082	102	74	42	9.92317572392022e-06	2.6272690819984203e-05	0.802553935793783
peak_14083	142	100	86	0.1044233011572393	0.1395049294767839	0.21526798690306648
peak_14085	353	100	87	0.30607683012155407	0.3625942727067899	0.19877986411449747
peak_14094	98	81	68	0.04400424451224907	0.06461735991507545	0.24902754783991457
peak_14096	375	82	52	0.005567723335677004	0.009669956587773152	0.6471189767837257
peak_14097	125	39	27	0.11412140978423817	0.15131037517983062	0.5145731728297582
peak_14108	258	81	97	0.16469928504282122	0.21011223591488387	-0.25715783949712445
peak_14117	221	103	107	0.7751123542995992	0.7992757758708823	-0.05444778402237646
peak_14129	165	27	25	0.8800435527540271	0.8951561217510012	0.10691520391651188
peak_14192	581	25	91	6.695307620164672e-11	3.8800792966005505e-10	-1.8231222379159209
peak_14193	340	96	67	0.011758044030165013	0.01926519018644599	0.5124500009367883
peak_14200	332	10	40	1.1600053386420517e-05	3.0443416769925872e-05	-1.8981203859807863
peak_14203	124	0	31	1.0903027197149981e-10	6.10329896069033e-10	-5.0
peak_14249	245	81	86	0.7030858887592549	0.7387622766789697	-0.08539149123064467
peak_14254	54	36	41	0.39510257437046065	0.45157112718041875	-0.18286405714981055
peak_14266	374	5	13	0.09227125469590994	0.1249414597078589	-1.222392421336448
peak_14271	260	40	73	0.0006268465358316987	0.001291729876022117	-0.8519013610108661
peak_14273	528	206	247	0.012840918045035253	0.020878275302077746	-0.26070935288754993
peak_14278	1019	472	507	0.13167628403821768	0.1721218862947603	-0.10298831343277064
peak_14283	541	194	280	1.7941358549153827e-07	6.162729632460526e-07	-0.5270960064713155
peak_14288	324	105	123	0.16190977052908823	0.20686440207553936	-0.226275855823676
peak_14293	169	54	25	0.0002862532036635846	0.0006186566904803989	1.0809199953835675
peak_14295	214	0	5	0.06104146576663454	0.0862977671679661	-2.584962500721156
peak_14297	411	67	82	0.20485818912353027	0.2555176110749431	-0.28757659009658537
peak_14302	89	40	13	1.5012073176761892e-05	3.8818020691586336e-05	1.5501970825604794
peak_14308	373	67	79	0.31005359368514096	0.36662326049956084	-0.23446525363702297
peak_14315	443	135	129	0.7134550498609937	0.7471065910865029	0.06509502822188498
peak_14317	391	0	23	1.7086356977492044e-07	5.888897323636298e-07	-4.584962500721156
peak_14325	756	360	389	0.14977934437519233	0.1932073892750645	-0.11147528686243964
peak_14327	627	33	191	1.7173169609709957e-33	1.151054289366612e-31	-2.4974996594708165
peak_14329	354	67	51	0.13012305567449392	0.1701352273115688	0.38702312310924725
peak_14332	588	41	15	0.0005075547538424248	0.001055730467976036	1.3923174227787602
peak_14341	156	62	82	0.030782288702641866	0.04641947266171038	-0.3977595078470083
peak_14343	248	181	189	0.4703628549977815	0.5248693063217303	-0.06206096813225161
peak_14345	495	0	40	8.00454369685327e-13	6.1408351794835176e-12	-5.357552004618084
peak_14346	529	60	182	1.9537101411889274e-19	3.605869369281303e-18	-1.5849625007211563
peak_14347	522	0	18	6.5728737278059505e-06	1.782865749171646e-05	-4.247927513443585
peak_14352	303	0	25	3.557610019460303e-08	1.3494017452815176e-07	-4.700439718141092
peak_14359	313	0	9	0.003685021804503168	0.006526947521606098	-3.321928094887362
peak_14377	406	18	160	1.4591590921772182e-36	1.2598231212797881e-34	-3.0829893646710316
peak_14380	664	76	144	6.450586687972801e-07	2.033371818597367e-06	-0.9131225493200332
peak_14382	374	99	118	0.1468941899898014	0.18987033844406198	-0.2509615735332188
peak_14383	343	125	220	5.074510363336762e-13	4.01390617870147e-12	-0.8106226358915152
peak_14387	403	43	107	7.768714977054625e-09	3.2571056866762355e-08	-1.2954558835261714
peak_14389	153	0	28	1.913266057650119e-09	8.844081032368154e-09	-4.857980995127572
peak_14391	2053	402	396	0.8436853824044176	0.8612692060056318	0.021640831385009624
peak_14401	625	24	11	0.038185067114636685	0.056776045499696226	1.0588936890535685
peak_14403	374	14	0	0.00010784516012323482	0.00024525144895882063	3.9068905956085187
peak_14409	1231	106	145	0.011253664801820695	0.018492312419507943	-0.4483575724788702
peak_14410	406	24	39	0.06555256370601256	0.09151130707548041	-0.6780719051126377
peak_14412	592	116	15	1.3048369288095474e-22	3.443958194484888e-21	2.8703647195834043
peak_14416	1115	189	224	0.06373148617048409	0.0893117443060374	-0.24392558288608923
peak_14422	528	73	7	6.392125712620764e-16	7.350223110629835e-15	3.2094533656289497
peak_14423	524	76	53	0.038276576799077554	0.05689550108389293	0.5118990385314327
peak_14426	118	0	38	2.063189984893809e-13	1.7117084337213458e-12	-5.285402218862249
peak_14428	604	130	150	0.19509705997210003	0.24454341129376908	-0.20498173778762865
peak_14438	200	0	62	1.5758050017117456e-21	3.786391829584732e-20	-5.977279923499917
peak_14452	633	111	98	0.3636801587949728	0.42053783651042836	0.17799830197799443
peak_14454	561	261	245	0.3681500559544842	0.4243847895524197	0.09090849619821029
peak_14467	1014	358	367	0.7108996236491786	0.7446684521630507	-0.0357219222339616
peak_14474	653	34	0	7.490711340869965e-11	4.3018808985785347e-10	5.129283016944966
peak_14487	300	85	110	0.03631019373817437	0.054178127387891115	-0.36815111164800807
peak_14492	652	275	325	0.006455954983839707	0.0111065973278215	-0.2402036974529085
peak_14494	516	30	0	1.2068574963369658e-09	5.7401793523254005e-09	4.954196310386875
peak_14497	752	25	0	4.8664657874782255e-08	1.813443798201469e-07	4.700439718141092
peak_14500	282	0	27	7.753557244245958e-09	3.2534283856827765e-08	-4.807354922057605
peak_14513	880	245	157	7.243237994753394e-07	2.265012544215702e-06	0.638733757162137
peak_14515	848	55	92	0.001808946886468401	0.003358154314748555	-0.7318038890504273
peak_14521	528	0	10	0.0018709187062637478	0.003449315920994402	-3.4594316186372973
peak_14545	95	32	0	1.9949948972784946e-11	1.2515399023074694e-10	5.044394119358453
peak_14553	783	27	36	0.30354639338745876	0.360099051680418	-0.4020984435713456
peak_14554	367	21	0	7.10492314693678e-07	2.2258596869923713e-06	4.459431618637297
peak_14557	297	43	61	0.06609381826476089	0.09219110357083571	-0.4947646917495779
peak_14559	221	31	0	3.005333050722706e-10	1.5750171358417146e-09	5.0
peak_14571	453	37	15	0.0023987796186940003	0.0043609505273473365	1.2479275134435854
peak_14573	399	66	125	1.2943133589086845e-06	3.910576660902039e-06	-0.911190733042144
peak_14574	281	34	49	0.09557772037339503	0.12890466179032942	-0.5145731728297583
peak_14576	357	22	5	0.0012352423811737448	0.002380750923079476	1.9385994553358568
peak_14578	690	57	11	5.751900776993612e-09	2.4601328764068398e-08	2.273018494406416
peak_14580	1507	80	97	0.21502851219175692	0.26626005254424984	-0.27485984123058343
peak_14588	352	152	165	0.3633404758013137	0.42036256727955756	-0.11765158865427294
peak_14589	411	114	84	0.017876781801129508	0.028272066592658712	0.43609911480667357
peak_14590	153	0	68	4.223554255330718e-25	1.4439453272922603e-23	-6.108524456778169
peak_14593	466	141	143	0.9432758512167763	0.9545187099917081	-0.02017788193763023
peak_14602	54	33	8	1.111477610731634e-06	3.378202236913451e-06	1.917537839808027
peak_14603	31	8	0	0.004666367983663723	0.008165743218407077	3.169925001442312
peak_14605	537	37	24	0.11298537203251609	0.14996148377395022	0.6040713236688608
peak_14608	340	102	97	0.7360596063707628	0.7653577535931141	0.07179068306801009
peak_14610	602	0	47	5.583666528566719e-15	5.665975557075471e-14	-5.584962500721156
peak_14616	482	75	120	0.00040131133885369994	0.000849306173710323	-0.670935723831009
peak_14619	718	188	145	0.0085764045809223	0.014338104671879948	0.3724178653410555
peak_14640	390	135	140	0.764379904833498	0.7894872739703648	-0.052088511148454225
peak_14641	1363	85	200	5.008049550707979e-13	3.967496798025885e-12	-1.2247869364768307
peak_14642	978	178	206	0.12423574395221057	0.16336006187211166	-0.2096711802350689
peak_14643	356	0	8	0.0075080801054091895	0.012655910012228462	-3.1699250014423126
peak_14649	466	17	30	0.0714303869078073	0.09890361264157935	-0.7842713089445628
peak_14652	182	72	124	6.735395429433458e-08	2.470129900470413e-07	-0.77595972578207
peak_14661	322	39	19	0.008432276725591667	0.01410640973404399	1.0
peak_14670	955	270	252	0.38275946447823667	0.4389411778595537	0.09915546665956147
peak_14674	219	24	29	0.5581780174228481	0.6093782299082701	-0.2630344058337938
peak_14675	603	147	157	0.5506388328265946	0.6020507006693868	-0.09432738254815315
peak_14678	219	22	0	2.737752605167459e-07	9.187161904297126e-07	4.523561956057013
peak_14681	244	45	0	6.075713913520517e-15	6.140810848308238e-14	5.523561956057013
peak_14682	724	120	81	0.003792893084484474	0.006699374955743381	0.5613112326565108
peak_14683	471	200	216	0.32502584766654335	0.381493471892482	-0.11049954126555073
peak_14689	521	45	27	0.03720539208163211	0.055400253511790114	0.7162070339994087
peak_14693	411	188	139	0.000614862631796595	0.0012687265388538111	0.43295940727610627
peak_14695	1399	103	90	0.3707144327204355	0.4270509543821571	0.19264507794239583
peak_14700	666	238	273	0.05534117061613737	0.0797927888815748	-0.19716527497977818
peak_14706	256	0	8	0.0073907006324915375	0.012495263531998637	-3.1699250014423126
peak_14719	831	327	316	0.6145283681440669	0.6614002762150595	0.049212974478676445
peak_14720	535	69	99	0.014639470627620362	0.02360666773570691	-0.5145731728297583
peak_14721	500	223	222	1.0	1.0	0.006455022137299393
peak_14724	290	0	42	9.176870841565861e-14	8.032127159267439e-13	-5.426264754702098
peak_14726	1681	644	676	0.27358940957802813	0.3286944463185083	-0.06985667326438025
peak_14732	409	180	187	0.6731981734944706	0.7121944152501485	-0.05474296459443205
peak_14734	973	275	240	0.08055670331083299	0.11054845007149333	0.19563512054820734
peak_14748	640	62	0	9.181187044100473e-20	1.7648666717980304e-18	5.977279923499917
peak_14750	540	78	21	1.3281726087629405e-09	6.258752330285309e-09	1.8443491295398056
peak_14751	909	641	646	0.8365617711223902	0.8545108606571998	-0.01119241487020433
peak_14754	296	21	91	8.848422096669069e-14	7.77135554490211e-13	-2.0641303374197157
peak_14755	389	44	47	0.8235696310386782	0.8425916249268983	-0.09310940439148147
peak_14759	107	0	28	9.74423235873386e-10	4.700484813957413e-09	-4.857980995127572
peak_14767	394	226	257	0.0281493402321314	0.04324268369797266	-0.18467876813233913
peak_14770	580	29	0	2.602028106199179e-09	1.168847546118044e-08	4.906890595608519
peak_14772	150	12	0	0.00038841030029814887	0.0008247445059269572	3.700439718141092
peak_14774	606	0	11	0.0009328664645017694	0.0018227931607871168	-3.584962500721156
peak_14778	917	513	529	0.47950136459234044	0.5341307568846233	-0.04422400025668341
peak_14779	291	35	31	0.6951762117338663	0.7316585997050238	0.16992500144231237
peak_14780	435	88	107	0.14323840289980078	0.18561598177857674	-0.2791540711970708
peak_14789	239	44	36	0.3911681451949901	0.4477592231847714	0.28239973070072494
peak_14797	188	29	78	2.7120750089518917e-08	1.0474078920091688e-07	-1.3968901525685844
peak_14806	261	18	11	0.25127159396107046	0.3054109996749446	0.6629650127224292
peak_14811	344	70	0	3.3852844418788376e-23	1.0084584179491694e-21	6.149747119504682
peak_14816	64	13	0	0.00012410278635608792	0.000279114380862777	3.807354922057604
peak_14818	323	100	125	0.04736589406829982	0.06921453367295448	-0.3190684407481217
peak_14820	240	137	107	0.00803804546577662	0.0135090081170129	0.3536369546147004
peak_14822	159	6	0	0.02978536129784353	0.045332127412971296	2.807354922057604
peak_14828	291	65	77	0.2883731779564077	0.3445866686628996	-0.24100809950379493
peak_14837	183	53	45	0.40868815283982673	0.46511560557776527	0.2313255461064558
peak_14841	445	157	151	0.7246348957166467	0.756256947097029	0.05585323473351745
peak_14848	381	141	121	0.14724316194557807	0.1902731270803589	0.21900978194179574
peak_14851	582	0	26	2.2400856296028106e-08	8.757479813658263e-08	-4.754887502163468
peak_14854	466	104	28	4.87325053403205e-13	3.866719348965617e-12	1.8562645225385506
peak_14859	149	0	21	4.4714303445077147e-07	1.4480270931291989e-06	-4.459431618637297
peak_14861	1256	293	312	0.4009741057444811	0.4573582836234632	-0.09034650209625396
peak_14868	458	0	36	1.422745484892888e-11	9.208977763715847e-11	-5.20945336562895
peak_14870	315	25	70	6.467972078952645e-07	2.0375912040930597e-06	-1.4493074013635898
peak_14873	484	205	216	0.5167875841619547	0.5704259921388943	-0.07505070526126094
peak_14886	282	28	0	3.6818567919603712e-09	1.6182380067511763e-08	4.857980995127572
peak_14887	176	38	56	0.040231783422218156	0.05954116930644372	-0.5474877953024933
peak_14902	310	0	30	8.91390785504168e-10	4.332771623433427e-09	-4.954196310386875
peak_14905	168	17	0	9.967226646061222e-06	2.637561170651214e-05	4.169925001442312
peak_14916	424	120	139	0.17952745031484438	0.22743417853862652	-0.21041977967037187
peak_14919	543	179	202	0.16180630132875934	0.20678406898361767	-0.17348282085550149
peak_14921	122	6	0	0.029344966765755317	0.04486292338077959	2.807354922057604
peak_14926	348	0	37	5.298115380574388e-12	3.647108074141342e-11	-5.247927513443585
peak_14932	404	91	95	0.8020868298687543	0.823092327024866	-0.061400544664143256
peak_14934	368	0	83	1.116798847936147e-27	5.125201199447507e-26	-6.392317422778761
peak_14935	194	0	47	5.937557586270771e-16	6.953084676888117e-15	-5.584962500721156
peak_14944	123	0	30	2.482071629212944e-10	1.3156787595432609e-09	-4.954196310386875
peak_14946	271	51	0	6.605531308128291e-17	8.540247838478557e-16	5.700439718141092
peak_14948	392	8	31	0.00020767676087748594	0.00045462201113447074	-1.8300749985576876
peak_14957	376	114	140	0.05379854786898155	0.07787718182568684	-0.2940613014544184
peak_14960	309	134	179	0.0003915408241977907	0.000830353438161343	-0.4150374992788438
peak_14963	283	0	51	7.458036456461823e-17	9.5937468962668e-16	-5.700439718141092
peak_14971	349	197	212	0.28199212896353093	0.33815157837575954	-0.10535300014622866
peak_14981	400	76	75	1.0	1.0	0.01885902725131577
peak_14982	204	21	0	5.545376613038573e-07	1.768825827602911e-06	4.459431618637297
peak_14989	296	59	49	0.3381954563215654	0.39485850435527253	0.2630344058337938
peak_14991	202	26	0	1.2620024118455522e-08	5.130598791653027e-08	4.754887502163468
peak_14997	357	0	16	2.570002958638902e-05	6.38303026392324e-05	-4.087462841250339
peak_15011	234	61	75	0.185558379346209	0.2339689070271259	-0.2937312030567103
peak_15016	452	37	0	6.75155530351723e-12	4.555287776969108e-11	5.247927513443585
peak_15035	372	135	0	1.45776539316304e-47	3.228633440335881e-45	7.087462841250339
peak_15040	126	0	6	0.02940494011466937	0.044927643954446844	-2.807354922057604
peak_15045	434	125	59	5.218974665936334e-08	1.9377155210116388e-07	1.070389327891398
peak_15062	426	56	92	0.0014918064832044765	0.002836604040852409	-0.7062687969432897
peak_15064	363	0	12	0.0004451963174198201	0.0009344169925572986	-3.700439718141092
peak_15071	240	79	29	5.568306480174999e-08	2.0539430275171212e-07	1.4150374992788437
peak_15078	182	0	45	2.538621331048703e-15	2.6997363382801867e-14	-5.523561956057013
peak_15079	48	0	15	1.6714569216612233e-05	4.306728153233319e-05	-4.0
peak_15092	665	169	128	0.008379814698238789	0.014046462360338506	0.3981636807144475
peak_15099	117	27	0	2.7326067864583676e-09	1.2253432192094123e-08	4.807354922057604
peak_15102	539	77	82	0.7312593729896427	0.7612868458610222	-0.08963721248467638
peak_15104	338	65	61	0.7670958735696702	0.791810816608693	0.09019780897157816
peak_15112	433	52	64	0.2723871900875492	0.3273272815064816	-0.2944473584652553
peak_15128	432	38	0	3.1071596421368123e-12	2.2131929331888893e-11	5.285402218862249
peak_15133	296	89	126	0.0020595389768331626	0.003765718430720793	-0.4968315904424912
peak_15152	106	14	28	0.0243200724316903	0.03774210853704411	-0.9510903995190535
peak_15155	488	21	34	0.09497890238240798	0.12813096629660653	-0.6698513983076693
peak_15158	150	0	24	4.388127191741268e-08	1.6472453879683138e-07	-4.643856189774724
peak_15162	420	16	11	0.43452321806831734	0.48991862480185544	0.5025003405291834
peak_15168	353	79	0	2.4082209664404058e-26	9.36448671988353e-25	6.321928094887363
peak_15205	88	56	0	4.7654371890275225e-23	1.3714766689777516e-21	5.832890014164741
peak_15208	175	134	90	1.4121780805281008e-06	4.241530154605039e-06	0.5690209568521347
peak_15210	130	108	103	0.5261722187041948	0.5792784270756794	0.06774460663583427
peak_15211	32	6	5	1.0	1.0	0.22239242133644802
peak_15213	200	55	0	7.411675690755131e-19	1.2885691456896462e-17	5.807354922057604
peak_15215	129	64	30	1.694755981167326e-05	4.3645535733399184e-05	1.0681715026415792
peak_15216	102	77	41	5.219341226782862e-07	1.6721587552976038e-06	0.8930847960834881
peak_15218	280	67	48	0.059405196551513835	0.0847884761091094	0.4727529971351312
peak_15219	409	130	142	0.41431146700185834	0.47077907939046765	-0.1264483352409392
peak_15222	484	241	236	0.797073962490799	0.818772890689278	0.030119988376335356
peak_15224	226	21	29	0.29380640705410044	0.349929819390598	-0.4474589769712214
peak_15233	428	0	59	4.0519511327449394e-19	7.217006667903049e-18	-5.906890595608519
peak_15235	103	0	26	4.894005467755502e-09	2.114509232633293e-08	-4.754887502163468
peak_15243	298	93	81	0.3216768412841254	0.37773670574028	0.19703684705955357
peak_15248	238	18	53	8.641642876290189e-06	2.3107889140064158e-05	-1.506959988719883
peak_15257	164	28	47	0.017593207136310823	0.027840881376939214	-0.7269815055935841
peak_15260	166	36	99	2.0996141397513293e-12	1.5235661578195542e-11	-1.434402824145775
peak_15262	113	0	37	4.2366186451681174e-13	3.3826544480386187e-12	-5.247927513443585
peak_15276	133	38	31	0.4013889082277899	0.45762647683803975	0.28540221886224837
peak_15289	277	31	36	0.6024841862160427	0.6511891458910506	-0.2094533656289497
peak_15290	221	0	26	1.3650652068286244e-08	5.527537490926083e-08	-4.754887502163468
peak_15299	170	0	24	4.980136002817227e-08	1.853090781471947e-07	-4.643856189774724
peak_15313	222	42	47	0.635536234526044	0.6782781434476572	-0.15869774601905817
peak_15319	467	43	5	6.15896518103958e-09	2.6254199692230644e-08	2.8744691179161412
peak_15323	216	6	0	0.030170012559423382	0.04584905846590177	2.807354922057604
peak_15330	488	65	44	0.04171150148111615	0.061463230704311735	0.5525410230287786
peak_15332	330	106	121	0.251268466860894	0.3054109996749446	-0.18927035116173938
peak_15333	380	30	51	0.01827675114046128	0.02885981720691561	-0.7462434077542169
peak_15334	274	0	36	8.504691561858022e-12	5.6631240282489883e-11	-5.20945336562895
peak_15336	274	37	0	3.953352718207439e-12	2.766260816833612e-11	5.247927513443585
peak_15341	300	0	50	1.913422752524036e-16	2.3600424942754087e-15	-5.672425341971495
peak_15344	53	0	33	1.3704318799658414e-13	1.167387959288628e-12	-5.087462841250339
peak_15346	374	147	123	0.07985578696809394	0.10970479471830381	0.25525705524207465
peak_15347	783	355	341	0.5085539917823172	0.5625567935155535	0.05788091608049997
peak_15350	345	175	115	5.0549844780687246e-06	1.4094193175304917e-05	0.6014506235097251
peak_15360	167	62	0	3.9563781733100533e-22	9.927975573813502e-21	5.977279923499917
peak_15374	78	16	0	1.2967965914808202e-05	3.3755144798177305e-05	4.087462841250339
peak_15377	565	126	57	2.9345109019844752e-08	1.129033121956867e-07	1.1307036916445938
peak_15380	169	0	51	1.0291467350833653e-17	1.485119962752029e-16	-5.700439718141092
peak_15387	458	87	0	1.4099747308120674e-28	6.906164691112184e-27	6.459431618637297
peak_15395	843	224	264	0.036168193323110956	0.05398206176030683	-0.2360673582335244
peak_15397	197	18	53	5.90306696962468e-06	1.6192904223623115e-05	-1.506959988719883
peak_15412	424	78	95	0.17262362410783874	0.21939739052029203	-0.2811817525440533
peak_15416	336	35	59	0.010245491016502526	0.01694497767469606	-0.7369655941662062
peak_15417	500	142	111	0.028976708682312356	0.04437984186040263	0.3525164147207852
peak_15420	557	39	23	0.04916984159623219	0.07156319231177335	0.7369655941662062
peak_15426	30	20	0	1.4334985450146902e-08	5.783538331816415e-08	4.392317422778761
peak_15427	113	18	8	0.05896726988718278	0.0842352169167137	1.078002512001273
peak_15436	336	39	38	1.0	1.0	0.036525876025113875
peak_15442	173	45	44	1.0	1.0	0.03170885972733805
peak_15449	673	134	194	0.00017446535303958192	0.00038589948258082083	-0.5305147166987798
peak_15452	486	287	250	0.020171808278842317	0.031636450545696665	0.1983814474915405
peak_15456	322	107	159	4.295748235490999e-05	0.00010405393015497456	-0.5670405927238937
peak_15458	52	0	25	1.286878568173045e-09	6.081038428825131e-09	-4.700439718141092
peak_15464	381	32	40	0.38610192912857455	0.4421769844831292	-0.3131578852596302
peak_15470	212	125	137	0.2715583728923243	0.32663951629598587	-0.13124453327825267
peak_15472	170	8	49	1.4594254929166233e-09	6.833008695696029e-09	-2.473931188332412
peak_15475	205	0	15	4.680098703521715e-05	0.00011245482450820573	-4.0
peak_15489	459	192	209	0.2870096148947289	0.34311827699454334	-0.12178848039804228
peak_15495	289	70	0	1.4450538681824694e-23	4.43440024368765e-22	6.149747119504682
peak_15498	287	46	51	0.6560993735636429	0.6971602070710152	-0.14585086646345477
peak_15499	293	0	35	1.977537450003846e-11	1.2421178508408867e-10	-5.169925001442312
peak_15501	146	5	0	0.060363381253047	0.08572374243184315	2.584962500721156
peak_15504	168	0	81	2.0672465243033274e-30	1.144625412478386e-28	-6.357552004618084
peak_15507	200	34	0	2.5136805209394957e-11	1.5634540382986313e-10	5.129283016944966
peak_15522	171	0	9	0.003506507054363518	0.006245505921303413	-3.321928094887362
peak_15530	230	0	54	3.251798856374249e-18	5.135557292558439e-17	-5.78135971352466
peak_15545	157	0	51	6.823818224528463e-18	1.0134265316544605e-16	-5.700439718141092
peak_15550	304	105	112	0.6115680693462194	0.6587709336539738	-0.09225850785198851
peak_15553	297	0	26	1.6822463842616662e-08	6.731628500729716e-08	-4.754887502163468
peak_15555	216	26	49	0.0049621402086414915	0.00866545842400403	-0.888968687611256
peak_15558	180	102	68	0.0004774834333761272	0.0009956203887097799	0.5779760704050493
peak_15560	196	7	25	0.0013557761691311736	0.0026002756766904337	-1.7004397181410922
peak_15562	426	85	83	0.9314038723419661	0.9438176498328974	0.03394733192333753
peak_15570	585	133	163	0.051040498501397524	0.07407415936356666	-0.29146281416031133
peak_15571	462	160	212	0.0006149363612936906	0.0012687265388538111	-0.4037927421112212
peak_15572	609	40	116	5.886845315971211e-11	3.4547914792116765e-10	-1.512812714965321
peak_15574	466	67	115	9.599503782238362e-05	0.00022166759867054496	-0.7705181538772329
peak_15580	338	99	27	6.830176289325356e-13	5.263678973952097e-12	1.8365012677171206
peak_15584	336	37	136	8.979458645605476e-19	1.5298114495222172e-17	-1.8501045695169414
peak_15589	253	29	72	2.277918946284861e-06	6.699606877814713e-06	-1.282933963271499
peak_15603	104	0	12	0.000348913575848078	0.0007455393269169922	-3.700439718141092
peak_15605	330	33	28	0.5911667973009662	0.6407241841385366	0.22948184612276717
peak_15610	337	0	10	0.001825234188613617	0.0033834581356614866	-3.4594316186372973
peak_15611	274	126	106	0.10035080433748272	0.13473563450056325	0.24721770037101892
peak_15615	545	135	90	0.0009647625610137724	0.0018822292170831698	0.5796682010516432
peak_15619	547	72	82	0.43405528362531154	0.4895013537275486	-0.18521487246690763
peak_15620	364	0	22	3.4383464026139196e-07	1.1351222666827806e-06	-4.523561956057013
peak_15621	419	31	58	0.0033676063577136647	0.006036096687612036	-0.8826430493618412
peak_15622	504	29	0	2.4610527590470025e-09	1.1143646892964828e-08	4.906890595608519
peak_15623	567	20	12	0.20877058575167384	0.2597648665898941	0.6918777046376682
peak_15629	140	105	51	1.0419574627388059e-10	5.845519069594138e-10	1.027480736422107
peak_15632	547	107	101	0.7001258265922679	0.7361075254202296	0.08246216019197297
peak_15635	213	74	49	0.010134398921876954	0.016777584695496003	0.5849625007211562
peak_15637	206	56	14	3.35465978124408e-08	1.27813290393847e-07	1.925999418556223
peak_15646	34	27	5	1.2321806340706347e-07	4.3740265853350613e-07	2.222392421336448
peak_15648	358	9	0	0.0037124544985816374	0.006573251030856746	3.321928094887362
peak_15652	184	64	80	0.10896776045375739	0.14515736708981175	-0.3174821898561702
peak_15653	237	67	120	9.071563545837696e-07	2.7955562433452648e-06	-0.8314003960242551
peak_15655	440	0	48	1.831560597812743e-15	1.9849504586777678e-14	-5.614709844115208
peak_15672	314	0	12	0.0004387059994163195	0.0009223146351740536	-3.700439718141092
peak_15683	366	43	18	0.0011709561854677153	0.002262841733221753	1.2115041051937119
peak_15684	449	162	199	0.01422572185912955	0.022990427395433354	-0.29512803554364725
peak_15686	381	147	171	0.0910195878021947	0.12354217433103645	-0.2168113890731482
peak_15689	241	0	8	0.007364809253467559	0.012461779122381448	-3.1699250014423126
peak_15691	295	35	86	2.490563784599207e-07	8.4075095551679e-07	-1.273018494406416
peak_15693	793	294	380	1.5462143385126755e-05	3.9921012875740336e-05	-0.36907604324411836
peak_15704	417	77	96	0.12408584286272287	0.1632050822470205	-0.3145106233248793
peak_15705	163	0	5	0.060585853774708265	0.08591991623840867	-2.584962500721156
peak_15711	140	128	122	0.33412762079426556	0.3908257406029825	0.0687127500840143
peak_15712	249	0	6	0.030312553296297538	0.045983367031369765	-2.807354922057604
peak_15713	459	180	119	2.2772763744296e-05	5.725787685757346e-05	0.5929552914746868
peak_15714	237	27	0	6.7979675498619075e-09	2.8830845604832094e-08	4.807354922057604
peak_15721	166	0	10	0.0016987216115440574	0.0031860411963201135	-3.4594316186372973
peak_15722	318	46	39	0.48460565076869	0.5389915251125997	0.2326607567902751
peak_15736	134	0	50	6.215092113603321e-18	9.328247556762975e-17	-5.672425341971495
peak_15737	418	0	97	2.2852127293226346e-32	1.511801771840195e-30	-6.614709844115208
peak_15739	200	75	134	5.0040722174499155e-09	2.1602325318381247e-08	-0.8288880836072453
peak_15750	169	144	131	0.09319216660787646	0.1259733348651467	0.1355149706564809
peak_15759	782	91	100	0.5367853731701777	0.5893070454588115	-0.1346495266947818
peak_15768	337	0	42	1.1645439873033258e-13	1.0037541575842878e-12	-5.426264754702098
peak_15770	169	28	0	2.2018717720619807e-09	1.0033830687898554e-08	4.857980995127572
peak_15773	235	0	35	1.4825382932011243e-11	9.583819880160567e-11	-5.169925001442312
peak_15784	316	52	47	0.6617174906655229	0.7019552056331058	0.1429579538420431
peak_15788	341	104	88	0.20149019962366474	0.25162811396983287	0.23851208669972487
peak_15789	284	15	0	5.048754185014373e-05	0.00012040427817632594	4.0
peak_15805	96	15	0	3.3758983471674654e-05	8.247878264014901e-05	4.0
peak_15806	355	105	131	0.04628931034406213	0.06777744952361382	-0.31647366479525435
peak_15808	58	0	11	0.0005793237388885034	0.0011991365810231761	-3.584962500721156
peak_15811	489	320	343	0.13213054782979422	0.17258282324230045	-0.09983526757979481
peak_15812	330	205	278	1.59819225858192e-10	8.735183868257834e-10	-0.43762078464596926
peak_15814	274	156	153	0.8632367634748828	0.8792897566768751	0.027834208196725573
peak_15816	59	27	24	0.7103386182102832	0.7443869411979392	0.16349873228287956
peak_15817	533	154	163	0.591967435606399	0.6413190380644399	-0.0814275993438462
peak_15823	474	8	46	6.259418613744483e-08	2.3005395684281674e-07	-2.384663850235325
peak_15828	278	0	5	0.06137692846553605	0.08642576068672848	-2.584962500721156
peak_15833	211	0	14	9.768918098209954e-05	0.0002250695105937653	-3.9068905956085187
peak_15834	299	59	66	0.5463436701306059	0.5986394182932473	-0.15919859484925386
peak_15845	38	17	0	1.5059301783734173e-06	4.504526323331877e-06	4.169925001442312
peak_15848	191	0	31	2.4765630364311203e-10	1.3141262612062632e-09	-5.0
peak_15852	145	82	97	0.09055499567207803	0.12297711222435764	-0.23967041276828338
peak_15855	150	10	0	0.0016727989346345255	0.0031443681819292523	3.4594316186372973
peak_15862	393	47	52	0.6673587245690651	0.7067620255623321	-0.14295795384204296
peak_15864	191	58	77	0.05383586631194338	0.07790906335029534	-0.40275916950040713
peak_15870	261	40	0	3.605560864487929e-13	2.9015366577727503e-12	5.357552004618084
peak_15874	97	67	76	0.19169240911649796	0.240690444180291	-0.17932369944456203
peak_15901	372	67	17	5.347077508374654e-09	2.3005078401740277e-08	1.917537839808027
peak_15905	247	23	45	0.00579311662110249	0.010027360656411858	-0.9385994553358568
peak_15906	104	0	15	3.545660785495935e-05	8.658483241282978e-05	-4.0
peak_15908	327	131	145	0.3033467954766801	0.3599460927459139	-0.14543043952156387
peak_15910	367	163	209	0.0008807815127740325	0.0017430850917136446	-0.3566935130480389
peak_15915	354	18	21	0.7422512703978053	0.7703802195316438	-0.21150410519371174
peak_15923	346	44	76	0.0017727387738919929	0.003300559690864697	-0.7749334443652267
peak_15924	373	0	17	1.266333501441746e-05	3.304663348537015e-05	-4.169925001442312
peak_15925	397	167	204	0.010401038378392928	0.017168791153445745	-0.28716267672668583
peak_15937	353	104	94	0.45088608852223777	0.5052383930779321	0.14438990933517493
peak_15942	390	6	28	0.00014228213155541693	0.00031830706110816593	-2.050626073069968
peak_15947	299	75	44	0.002036391820994464	0.0037287490784133	0.7560744171139108
peak_15948	381	56	19	8.322742694959839e-06	2.22902477855549e-05	1.5109619192773793
peak_15952	73	0	11	0.0006504952359237651	0.0013377564520773756	-3.584962500721156
peak_15969	149	0	9	0.00344942676866016	0.006158913410289119	-3.321928094887362
peak_15973	206	85	80	0.6876128734154022	0.723997514918987	0.08641475181747328
peak_15974	291	7	0	0.015065109532516793	0.02414019124210146	3.0
peak_15995	485	25	44	0.023939552584518773	0.03720197707917591	-0.7914133781885827
peak_16008	314	136	119	0.1935221417002474	0.2426887714970606	0.19114148735200812
peak_16029	177	23	11	0.0459160324783381	0.06728891526025728	1.0
peak_16031	143	27	19	0.25973912496362195	0.31433923849030215	0.48542682717024166
peak_16049	174	42	59	0.05850540735060449	0.08369181270541401	-0.4806258409064206
peak_16082	129	34	68	2.3399536002448386e-05	5.855862390346064e-05	-0.9792414398332026
peak_16087	250	82	67	0.17092650387143477	0.21745744523503716	0.2875765900965855
peak_16088	177	117	63	1.372020287254816e-08	5.551287802443235e-08	0.8826430493618412
peak_16099	134	57	0	6.683097915646515e-21	1.4674008957889373e-19	5.857980995127572
peak_16100	145	97	0	1.4728331646935088e-40	1.9237467028073676e-38	6.614709844115208
peak_16113	102	28	0	8.675511364640255e-10	4.229000468083967e-09	4.857980995127572
peak_16116	565	76	95	0.13495809802366915	0.17579080849846065	-0.31817596002625476
peak_16143	142	0	23	9.049906231054525e-08	3.276490571499058e-07	-4.584962500721156
peak_16145	314	22	43	0.008379897745007601	0.014046462360338506	-0.9358696625802845
peak_16149	251	97	67	0.005701418989995503	0.009881942271193293	0.5272470028648688
peak_16152	268	86	72	0.21805279118081977	0.2693406688348923	0.2531189369687112
peak_16156	479	20	0	1.5577600214309882e-06	4.648640626344144e-06	4.392317422778761
peak_16161	133	22	32	0.16973414687027277	0.2161024104366832	-0.5208321633014404
peak_16162	263	7	0	0.015005963674798058	0.024060553654208786	3.0
peak_16168	333	7	0	0.015135294441908401	0.02423740644045313	3.0
peak_16185	184	0	40	1.6831858377172823e-13	1.4136197558894846e-12	-5.357552004618084
peak_16193	280	75	100	0.028517711234677723	0.0437557894667013	-0.41028396930820926
peak_16201	209	0	14	9.747410294687761e-05	0.00022467560199610612	-3.9068905956085187
peak_16206	131	12	0	0.00037515044028733815	0.0007989198757624166	3.700439718141092
peak_16213	107	0	42	2.9422982410706527e-15	3.095221841488142e-14	-5.426264754702098
peak_16217	206	34	0	2.6391963859947325e-11	1.631561455128297e-10	5.129283016944966
peak_16218	104	0	57	2.8497813064426526e-22	7.258392987509436e-21	-5.857980995127572
peak_16224	277	0	33	8.453722689327587e-11	4.80616778788334e-10	-5.087462841250339
peak_16225	289	0	15	5.0657851270284365e-05	0.00012064099783582448	-4.0
peak_16229	301	27	0	8.09559053338489e-09	3.3857913117457007e-08	4.807354922057604
peak_16231	565	122	59	3.96813830820822e-07	1.2974131284988876e-06	1.0356239097307212
peak_16233	271	0	21	6.374872789732817e-07	2.013242528884003e-06	-4.459431618637297
peak_16239	721	108	101	0.6536328597686298	0.6950664025030858	0.09575898280543074
peak_16240	198	0	16	2.2261120871413084e-05	5.622119470450087e-05	-4.087462841250339
peak_16244	219	83	95	0.2845511527821953	0.3406588889007057	-0.19264507794239588
peak_16245	297	52	85	0.0017651134487145885	0.0032875641344614678	-0.6983443001388988
peak_16246	295	22	21	1.0	1.0	0.06413033741971556
peak_16255	537	119	141	0.13457038608705188	0.17536493904513745	-0.24285652389616355
peak_16262	261	20	38	0.01729552364947017	0.027420914245378472	-0.8930847960834881
peak_16263	428	148	111	0.007331897688479204	0.012432984961755347	0.4118135984045574
peak_16266	224	72	123	1.704524316340317e-06	5.062884470809082e-06	-0.7643717515068579
peak_16275	179	44	61	0.06297939325822485	0.08835500668063823	-0.46234321405720047
peak_16277	46	0	46	4.868603103360548e-27	2.0496416701255065e-25	-5.554588851677638
peak_16282	266	25	39	0.0825516938428489	0.11310336967064881	-0.6214883767462701
peak_16287	263	36	0	8.04735944246238e-12	5.3938485526188633e-11	5.20945336562895
peak_16291	103	40	0	1.6061746216875446e-14	1.526465209491857e-13	5.357552004618084
peak_16304	167	15	0	4.3934485874085645e-05	0.00010621844852519804	4.0
peak_16309	152	21	0	4.5438156848133155e-07	1.467736023997402e-06	4.459431618637297
peak_16317	736	300	309	0.6720345958331706	0.7112703576094268	-0.04250472851453554
peak_16324	369	29	0	2.1017223127268842e-09	9.645201316243917e-09	4.906890595608519
peak_16325	102	0	13	0.00016241376881748703	0.00036080930586841644	-3.807354922057604
peak_16327	158	0	29	9.054292819357237e-10	4.3842744887648065e-09	-4.906890595608519
peak_16335	330	26	0	1.7854121507337608e-08	7.110937838809833e-08	4.754887502163468
peak_16336	295	42	20	0.004493770527244524	0.007874532874366567	1.0339473319233374
peak_16337	427	59	64	0.696784686474584	0.7331999985336771	-0.1154772174199359
peak_16339	330	56	32	0.008167012931162851	0.013709222566425207	0.7884958948062882
peak_16351	368	147	121	0.05538422924643465	0.07980969272456523	0.27871602806606355
peak_16363	346	24	15	0.18666210304581765	0.23506965461443635	0.6438561897747247
peak_16364	74	10	0	0.0014109604107032847	0.0026929308100871233	3.4594316186372973
peak_16368	184	132	120	0.21704078659220913	0.2682857963845458	0.13641919822659496
peak_16376	282	71	56	0.15798611546087712	0.20261361333275632	0.3370349872775706
peak_16384	376	83	69	0.23774982507388095	0.29075049311362133	0.2630344058337938
peak_16388	375	18	0	6.191113810511012e-06	1.6855977418889952e-05	4.247927513443585
peak_16390	190	25	0	2.5615158922468754e-08	9.900122879442779e-08	4.700439718141092
peak_16394	524	10	88	4.167019406416006e-18	6.451913938079981e-17	-3.0163018123291003
peak_16395	189	48	0	2.313114208369821e-16	2.825660378281983e-15	5.614709844115208
peak_16396	429	153	215	2.4953688110494843e-05	6.212809737774229e-05	-0.4881009614685673
peak_16407	594	132	253	7.17183354039415e-14	6.398129606789458e-13	-0.9334022512709763
peak_16408	183	55	48	0.4856427018850823	0.5399091932349649	0.19264507794239583
peak_16409	392	73	37	0.00028978219025575693	0.0006252225655073384	0.9615258521853643
peak_16414	632	94	99	0.7545037809291715	0.7810287055584636	-0.07400058144377693
peak_16416	563	126	82	0.0009296255858734377	0.0018185532774344438	0.6136452554252411
peak_16419	728	286	319	0.08876916974170415	0.12074503355520454	-0.15702116821167458
peak_16423	169	48	75	0.0032107246287216775	0.005765044504303217	-0.6332176693283773
peak_16427	238	37	55	0.0480718289761544	0.0701254000012974	-0.5594274086140185
peak_16430	436	88	108	0.12308921577024129	0.16215464583161066	-0.29245089381052863
peak_16431	266	6	0	0.030372234719708183	0.04601908496793382	2.807354922057604
peak_16437	424	99	120	0.11648326435633051	0.15416101549263383	-0.27500704749986976
peak_16439	396	144	128	0.2616523064729514	0.3164427467172874	0.16868183459168035
peak_16463	495	91	66	0.036546457572727085	0.05451468663996246	0.4574727655992404
peak_16472	297	68	0	8.84616261478522e-23	2.4490408891149956e-21	6.108524456778169
peak_16475	616	333	331	0.9544256303308499	0.9654178238493546	0.008664861127127575
peak_16476	185	37	0	1.9674148593546477e-12	1.4399441513724964e-11	5.247927513443585
peak_16481	751	94	69	0.046220663111321725	0.0677113600277905	0.4405725913859814
peak_16489	451	143	91	0.00010216150004632897	0.00023378736803054796	0.6463630453852995
peak_16495	490	123	99	0.07907927402791952	0.10869665998333028	0.3103401206121505
peak_16498	358	77	70	0.5789048228478422	0.6291745610383845	0.1356550993575664
peak_16504	234	30	0	6.902035086543075e-10	3.430143095692724e-09	4.954196310386875
peak_16506	552	39	58	0.05520038932882833	0.07963488621949914	-0.5607149544744789
peak_16525	488	80	108	0.028236862067608986	0.04335098715262212	-0.42833432189230164
peak_16529	221	0	41	1.175747155090615e-13	1.0099925814555805e-12	-5.392317422778761
peak_16530	408	10	28	0.004148685306525644	0.007297445770525425	-1.398549376490275
peak_16534	513	339	359	0.2033627279688149	0.2537799451918528	-0.08246216019197299
peak_16536	139	25	20	0.5151762730096396	0.568770683725857	0.30812229536233193
peak_16540	159	28	13	0.01829766950963417	0.028883894788372007	1.0506260730699681
peak_16548	449	246	164	5.284393918076898e-08	1.9591486622040552e-07	0.5820450173388619
peak_16551	439	5	60	7.794848650695069e-14	6.895792167615114e-13	-3.34577483684173
peak_16553	4243	233	79	2.049300833022803e-19	3.755085771013726e-18	1.5484366246960422
peak_16555	260	0	10	0.0017883202842040452	0.0033234963618151794	-3.4594316186372973
peak_16564	80	17	0	5.902255931972884e-06	1.6192904223623115e-05	4.169925001442312
peak_16565	330	226	179	0.0002291719938076867	0.0004986766922069013	0.33469539096124024
peak_16571	309	0	22	3.237049516834965e-07	1.0742364976389127e-06	-4.523561956057013
peak_16583	208	47	40	0.4696087846463407	0.5243480975223835	0.2274104961030724
peak_16592	148	29	13	0.011780590415943664	0.01929592526650065	1.0995356735509143
peak_16597	208	73	0	9.50806543985142e-26	3.410851081028389e-24	6.20945336562895
peak_16600	277	155	140	0.23318278381509974	0.28601808349485147	0.14585086646345485
peak_16601	252	61	89	0.008411383820841554	0.014085335037267218	-0.5376567859427995
peak_16612	180	45	0	2.4398721560507962e-15	2.6020999160623057e-14	5.523561956057013
peak_16616	148	85	69	0.08078439600921042	0.11080121520487828	0.29698173775713155
peak_16617	84	33	0	4.551464306902444e-12	3.163050365533568e-11	5.087462841250339
peak_16619	338	42	0	1.1695623675489123e-13	1.0063768074821214e-12	5.426264754702098
peak_16620	407	39	0	1.3986720577019654e-12	1.0446972818084768e-11	5.321928094887363
peak_16621	186	59	0	1.432360481858932e-20	3.027570246717593e-19	5.906890595608519
peak_16625	576	72	67	0.7176088211523153	0.7499998635514761	0.10236171762967777
peak_16626	266	23	20	0.7507606373454364	0.7773119281783848	0.19264507794239583
peak_16630	760	42	37	0.6441864484289772	0.6863597089096862	0.1783372412585124
peak_16631	192	17	0	1.0537749603410298e-05	2.7784314948122185e-05	4.169925001442312
peak_16647	800	93	68	0.04582784077565131	0.06717899882335762	0.44606439489946836
peak_16648	152	0	6	0.02971837200831385	0.04528429165729906	-2.807354922057604
peak_16657	223	65	60	0.6733271110806273	0.7121944152501485	0.11365678179556728
peak_16678	225	25	20	0.5300479046800167	0.5827895589121531	0.30812229536233193
peak_16679	253	180	35	5.326802070005679e-41	7.333710741786196e-39	2.329920885640893
peak_16684	165	70	30	2.3990743659567666e-06	7.027535836793426e-06	1.1955508091178069
peak_16685	124	35	0	3.542713683925063e-12	2.4926220312036286e-11	5.169925001442312
peak_16686	450	36	45	0.35149749854127604	0.408609826008503	-0.31410859042806305
peak_16689	202	0	43	1.8594927888170525e-14	1.754121530784086e-13	-5.459431618637297
peak_16692	567	0	18	6.652332403569466e-06	1.803458289717023e-05	-4.247927513443585
peak_16699	591	141	110	0.03274280072457004	0.04909974297643797	0.35533125315457614
peak_16700	142	0	8	0.00706001486817285	0.012044111097947924	-3.1699250014423126
peak_16701	151	0	11	0.0008086121095990812	0.0016268049313972039	-3.584962500721156
peak_16706	448	60	62	0.9224405656912282	0.9356655200380559	-0.046542585937030194
peak_16711	198	5	0	0.06092376074983089	0.08620712146101071	2.584962500721156
peak_16713	161	34	97	9.173172851351397e-13	7.005718516459373e-12	-1.4854268271702418
peak_16716	209	27	21	0.4433162802032222	0.4985106250232261	0.3479233034203068
peak_16751	291	19	34	0.04283888174434506	0.06297871965532287	-0.8073549220576042
peak_16775	97	0	12	0.00034002230022098847	0.0007283740947542957	-3.700439718141092
peak_16778	457	69	31	7.495340138331299e-05	0.00017570760545172407	1.1292830169449664
peak_16782	327	22	26	0.6532315726822671	0.6948343351938753	-0.23132554610645567
peak_16785	313	27	0	8.295895660722096e-09	3.452556576447579e-08	4.807354922057604
peak_16789	156	16	0	2.0356451747032763e-05	5.18219716138855e-05	4.087462841250339
peak_16791	763	175	179	0.855648022431473	0.8722575597890581	-0.0324214776923775
peak_16793	173	50	60	0.2987798256043229	0.35514250714588924	-0.2583119955913906
peak_16794	274	0	22	3.0744833243815855e-07	1.0236220950588102e-06	-4.523561956057013
peak_16802	168	44	18	0.0003789901965457261	0.0008064227490409059	1.2439255828860891
peak_16806	75	68	61	0.15683730109353305	0.20139380180752645	0.15432814639129372
peak_16809	36	5	0	0.05388854868340478	0.07793714885524018	2.584962500721156
peak_16812	462	0	101	1.686941397214763e-33	1.1457705969882668e-31	-6.672425341971495
peak_16813	224	37	79	8.296239888651815e-06	2.2237665299431598e-05	-1.074000581443777
peak_16814	314	0	92	1.5889243025043352e-31	9.411605112740794e-30	-6.539158811108031
peak_16815	225	0	20	1.2265636843226056e-06	3.71248687340425e-06	-4.392317422778761
peak_16822	101	0	20	6.720902629681657e-07	2.112046760986944e-06	-4.392317422778761
peak_16824	172	0	18	4.773972241955274e-06	1.3361876154131959e-05	-4.247927513443585
peak_16828	310	0	60	7.331414893541038e-20	1.4363933641422328e-18	-5.930737337562886
peak_16830	206	0	28	2.7853098484076597e-09	1.2478776049066506e-08	-4.857980995127572
peak_16831	381	0	25	3.96812668318914e-08	1.495091518059577e-07	-4.700439718141092
peak_16844	208	26	15	0.09903603217847225	0.13328653841932303	0.7548875021634686
peak_16894	514	109	82	0.036890275149474974	0.05497924564406832	0.4063202821777349
peak_16897	592	85	0	2.0043119903633234e-27	8.878230677313713e-26	6.426264754702098
peak_16903	765	159	28	3.384733712304474e-26	1.2771728541095547e-24	2.4639470997597903
peak_16905	474	7	0	0.01528034241822607	0.02442361602712382	3.0
peak_16906	86	0	5	0.05887746980864388	0.08415315129215262	-2.584962500721156
peak_16908	108	5	0	0.059613494923026526	0.08502847481817671	2.584962500721156
peak_16911	427	105	93	0.37244969701801056	0.42866216823536957	0.17333160288556176
peak_16914	1070	119	109	0.5283907430546352	0.5813439406307369	0.12553088208385882
peak_16925	325	8	0	0.0074793380310896026	0.012615810572970343	3.169925001442312
peak_16928	92	23	17	0.37166595970253863	0.4279535259323535	0.41503749927884376
peak_16942	123	38	0	2.452391972595521e-13	2.0214376550811627e-12	5.285402218862249
peak_16946	280	0	5	0.0613849429765258	0.08642576068672848	-2.584962500721156
peak_16950	258	0	10	0.0017870755811243227	0.003322395259214343	-3.4594316186372973
peak_16957	493	99	56	0.00022176549834272311	0.00048317940485792624	0.810966175609983
peak_16961	142	0	42	1.2828995419533012e-14	1.2353667800964304e-13	-5.426264754702098
peak_16963	369	32	10	0.0006677121874774968	0.001369293833740084	1.584962500721156
peak_16964	65	52	0	4.6387121245554275e-24	1.4861383372632293e-22	5.727920454563199
peak_16980	209	63	51	0.22693730546458174	0.2793665137836103	0.29956028185890793
peak_16982	174	86	76	0.33345208578590757	0.39021477716366026	0.17615695515382698
peak_16983	119	16	0	1.7788339072043703e-05	4.555746567772279e-05	4.087462841250339
peak_16985	273	38	22	0.03940426942888677	0.058469370367244165	0.7618402628052354
peak_16987	179	33	45	0.15876135928709068	0.2033007451504374	-0.43609911480667357
peak_16988	316	37	53	0.08733714567060327	0.11895599466472007	-0.506959988719883
peak_16991	153	42	48	0.5305844718943561	0.5832536253409257	-0.1884450894131103
peak_16994	389	47	39	0.4236370442829157	0.47918096021518775	0.2630344058337938
peak_16995	294	0	14	0.00010418666669891474	0.00023766044851574795	-3.9068905956085187
peak_17002	213	0	55	1.0048330255305718e-18	1.7062064773509108e-17	-5.807354922057605
peak_17007	180	16	0	2.153878307520835e-05	5.45049980055198e-05	4.087462841250339
peak_17017	391	0	33	1.1507926188338413e-10	6.427782456512706e-10	-5.087462841250339
peak_17019	340	52	58	0.6027182398713121	0.6513039274298821	-0.154722594798642
peak_17021	800	245	238	0.7438797217965438	0.7715991249911616	0.04164769735849119
peak_17023	351	58	5	1.909702748296333e-13	1.592148248743293e-12	3.297680548640685
peak_17026	374	16	12	0.56413071595328	0.615613082062127	0.38702312310924725
peak_17028	312	0	27	8.279637463520998e-09	3.451429888639604e-08	-4.807354922057605
peak_17030	421	211	247	0.015395739301489879	0.02459262966503275	-0.226275855823676
peak_17031	268	60	47	0.19457985988662352	0.24395515782979577	0.34577483684173
peak_17043	152	0	20	9.776088291568043e-07	2.996353414996848e-06	-4.392317422778761
peak_17053	485	94	185	1.305864577929777e-10	7.222664668810297e-10	-0.9693032027770836
peak_17066	141	0	22	1.962546715240176e-07	6.718557101769795e-07	-4.523561956057013
peak_17067	69	18	0	2.133627681489103e-06	6.2897566027230835e-06	4.247927513443585
peak_17074	78	11	16	0.3976084893591547	0.4539259625270135	-0.5025003405291831
peak_17081	247	143	122	0.07104624913150348	0.09839847555080987	0.2274104961030724
peak_17085	145	22	17	0.4915501749949179	0.5457621167009833	0.3536369546147004
peak_17087	96	85	74	0.05461347204594412	0.07883282136640389	0.19744606420621713
peak_17089	215	88	52	0.0003000891831545986	0.0006460922649997994	0.7478129764031987
peak_17091	428	195	206	0.49339841317954103	0.5476948173320074	-0.07877711338411704
peak_17094	468	333	282	0.0005654491504790774	0.0011732781965541428	0.23904604964216983
peak_17096	171	0	79	2.310666943012332e-29	1.177053740770482e-27	-6.321928094887363
peak_17098	62	0	9	0.0028594074505121857	0.005165184947840097	-3.321928094887362
peak_17110	211	33	0	5.992851833853318e-11	3.512955954159816e-10	5.087462841250339
peak_17111	240	0	25	3.0839600402398984e-08	1.182958768447443e-07	-4.700439718141092
peak_17115	206	40	50	0.2831880443991767	0.3393460122722668	-0.31487333735341183
peak_17121	574	414	421	0.6909211942324983	0.7273305566068086	-0.02413166247289804
peak_17122	85	0	22	1.0009902765923848e-07	3.588349379987057e-07	-4.523561956057013
peak_17123	41	8	23	0.0012468031227256579	0.002402123716779312	-1.415037499278844
peak_17132	154	35	0	6.571331082916006e-12	4.4454662066897924e-11	5.169925001442312
peak_17141	239	0	25	3.0750024180094486e-08	1.1813018338868877e-07	-4.700439718141092
peak_17143	339	78	112	0.004703398871917053	0.008227717669486767	-0.5163982142380849
peak_17145	429	73	0	7.426395779219976e-24	2.320862582781997e-22	6.20945336562895
peak_17146	400	82	74	0.5322894203276444	0.5850015765154305	0.14622074085104392
peak_17159	580	6	15	0.07567851446209936	0.10436854253562848	-1.1926450779423958
peak_17165	1016	148	152	0.8512138731002732	0.8682586042396458	-0.038219322230490224
peak_17181	203	0	20	1.1663918767476484e-06	3.5366667977098336e-06	-4.392317422778761
peak_17184	263	0	41	1.6766140611671754e-13	1.4116813268736514e-12	-5.392317422778761
peak_17188	258	0	21	6.241479335008207e-07	1.97478855481564e-06	-4.459431618637297
peak_17191	362	0	10	0.0018339052848259634	0.0033945906689329423	-3.4594316186372973
peak_17193	457	216	280	2.7958095784771844e-05	6.903467761882103e-05	-0.37287508777644685
peak_17195	527	27	104	3.039496721174392e-13	2.4733540411601204e-12	-1.9068905956085185
peak_17196	348	127	162	0.008859030944638746	0.014776654758346355	-0.3487281542310775
peak_17202	284	18	5	0.00914836800704	0.01521442593139463	1.6629650127224291
peak_17205	514	138	176	0.012166248184757993	0.01987010844923284	-0.34866447735949
peak_17209	434	18	0	6.373199916429641e-06	1.7314709532956048e-05	4.247927513443585
peak_17226	227	52	0	1.632296851826632e-17	2.290611615207951e-16	5.727920454563199
peak_17243	162	0	19	2.178817559680793e-06	6.419257749574297e-06	-4.321928094887363
peak_17247	474	83	125	0.0012585189700736758	0.0024237790675067316	-0.5849625007211563
peak_17248	182	0	26	1.1399396782146202e-08	4.664138731586567e-08	-4.754887502163468
peak_17250	83	0	11	0.0006854503160276035	0.0014017197550560466	-3.584962500721156
peak_17251	260	0	14	0.00010199377410560364	0.0002335084428287393	-3.9068905956085187
peak_17254	194	50	44	0.5536925242262082	0.6048701948119889	0.18057224564182084
peak_17265	213	75	63	0.2547302791411259	0.3090986283813471	0.2479275134435855
peak_17291	377	77	30	1.1379927505721258e-06	3.454669291665321e-06	1.3312059084753731
peak_17309	320	37	0	4.823439095977193e-12	3.3383965699603015e-11	5.247927513443585
peak_17311	57	0	25	1.999185907843919e-09	9.199505884875271e-09	-4.700439718141092
peak_17316	242	97	101	0.7815504115858495	0.8052624993160027	-0.05771549785628733
peak_17317	160	0	24	4.6948286947542535e-08	1.7533326518385753e-07	-4.643856189774724
peak_17320	472	0	25	4.300991737863028e-08	1.618113139783919e-07	-4.700439718141092
peak_17322	484	133	118	0.3045289073225877	0.3610123932746711	0.1712714271498289
peak_17324	70	10	0	0.001383067414739999	0.002648471488102617	3.4594316186372973
peak_17326	516	13	0	0.0002261581206420189	0.0004925393187475178	3.807354922057604
peak_17334	300	66	29	4.7742553991183844e-05	0.0001143934948405882	1.159198594849254
peak_17335	189	139	130	0.3637396363692476	0.42053783651042836	0.09586001540751618
peak_17336	281	26	31	0.5765438502751434	0.6268760668733363	-0.24511249783653147
peak_17343	242	42	50	0.4175073178106424	0.4739521497251067	-0.24616058726939766
peak_17345	384	26	0	1.9236125199269554e-08	7.590148858642843e-08	4.754887502163468
peak_17346	218	0	11	0.0008581390457525676	0.0017082298941241028	-3.584962500721156
peak_17355	321	42	44	0.9078209261934483	0.9219377587777963	-0.06558834162757671
peak_17357	207	29	0	1.2982376412069598e-09	6.129029234762052e-09	4.906890595608519
peak_17358	399	55	86	0.0052364451806887705	0.009122589517930437	-0.6355885737911242
peak_17361	339	0	47	2.5616710073946578e-15	2.7185733565975805e-14	-5.584962500721156
peak_17363	130	0	21	3.964009379474363e-07	1.2968955542095314e-06	-4.459431618637297
peak_17364	556	265	279	0.43548122453158555	0.49056642144270163	-0.07400058144377693
peak_17370	82	14	41	1.2897645931111928e-05	3.358926808439886e-05	-1.4854268271702418
peak_17386	59	33	0	4.1359171075319244e-13	3.312635494617551e-12	5.087462841250339
peak_17390	526	436	198	1.0607832897190608e-52	3.1786059281346444e-50	1.1348648489569495
peak_17391	93	9	0	0.0031889293311549317	0.005727928777469401	3.321928094887362
peak_17392	140	0	32	6.293562004810758e-11	3.6723258708483395e-10	-5.044394119358453
peak_17393	246	201	88	1.0283443451013701e-25	3.637768120796097e-24	1.1824780517853972
peak_17394	198	69	6	2.5392204458726044e-17	3.4930944532348307e-16	3.321928094887362
peak_17395	255	88	75	0.2544665694004456	0.3088522050335644	0.22780591752281223
peak_17398	448	181	192	0.4979752644768825	0.55181335593762	-0.08466239706938412
peak_17402	601	333	343	0.6008037799813588	0.6497096611845344	-0.04256046222804579
peak_17416	215	0	11	0.0008565535298822434	0.0017064073841298974	-3.584962500721156
peak_17417	609	183	199	0.35426663619186544	0.41122890511236593	-0.12029423371771177
peak_17419	249	0	103	2.8861180432039717e-37	2.579278124926497e-35	-6.700439718141092
peak_17420	357	92	106	0.27712239156868623	0.3327036207048993	-0.2023081752931156
peak_17425	161	12	17	0.4366647311139267	0.49168217071050896	-0.46948528330122025
peak_17435	269	0	5	0.06133938982578882	0.08642576068672848	-2.584962500721156
peak_17445	198	25	10	0.012239536877578382	0.01997699482678125	1.2410080995037949
peak_17446	394	0	19	3.054505711328643e-06	8.775889505644732e-06	-4.321928094887363
peak_17452	928	169	162	0.7160302030344915	0.7489646517982956	0.06066278190662417
peak_17462	590	128	152	0.11542212438847294	0.15287579345680735	-0.24616058726939766
peak_17466	321	17	0	1.2276717091954019e-05	3.2119977846129313e-05	4.169925001442312
peak_17468	410	53	66	0.23404774549813612	0.28677910721321087	-0.3112016882943039
peak_17477	455	122	152	0.03601364401169463	0.05376714613000365	-0.31487333735341183
peak_17478	304	19	70	4.12066093940537e-09	1.8033201739975048e-08	-1.8278190246173196
peak_17480	65	0	16	1.066606353919866e-05	2.80935510179307e-05	-4.087462841250339
peak_17483	441	0	34	6.008893917961963e-11	3.518310990586005e-10	-5.129283016944966
peak_17484	318	0	6	0.030515307701438066	0.046160304378639896	-2.807354922057604
peak_17501	306	78	83	0.7135205272155156	0.7471065910865029	-0.08853667460165739
peak_17505	216	0	52	1.3469468819068546e-17	1.9327739201221174e-16	-5.7279204545632
peak_17509	480	114	37	6.518356295035104e-12	4.415492947727236e-11	1.5975625375007896
peak_17511	473	259	243	0.3284612652543886	0.3849049195320579	0.09163047546556834
peak_17515	306	10	5	0.29569867117978293	0.35193668948360146	0.874469117916141
peak_17517	349	0	68	1.8149802131861682e-22	4.717096533658337e-21	-6.108524456778169
peak_17522	483	215	243	0.08184844002783033	0.11223040471110839	-0.17584983539941776
peak_17526	327	0	77	8.218942370502847e-26	2.9693115202369862e-24	-6.285402218862249
peak_17527	137	64	59	0.6271662347697817	0.6708613170181631	0.11547721741993588
peak_17529	261	40	0	3.605560864487929e-13	2.9015366577727503e-12	5.357552004618084
peak_17530	228	0	37	2.968663170152661e-12	2.1269156383625393e-11	-5.247927513443585
peak_17534	310	57	62	0.6834583107379585	0.7206658321049804	-0.11929892837234443
peak_17537	173	0	24	5.06181479799413e-08	1.8821083635753356e-07	-4.643856189774724
peak_17542	221	18	37	0.009006352262101523	0.015002733297300576	-1.0
peak_17543	493	222	283	0.00012963996479914834	0.00029117547649332523	-0.3488472195843774
peak_17547	654	74	109	0.006608421970087965	0.011353558689925158	-0.5525410230287788
peak_17549	201	25	29	0.6611303855750571	0.7014784803414582	-0.20645087746742632
peak_17555	272	11	31	0.0019464206605826887	0.0035755740515716616	-1.415037499278844
peak_17572	98	0	31	5.519348792287703e-11	3.2503540749033017e-10	-5.0
peak_17574	235	11	44	2.3878458737798773e-06	7.00159830025376e-06	-1.9068905956085185
peak_17587	258	68	98	0.006190299209587934	0.010689282770725742	-0.5208321633014404
peak_17591	350	249	247	0.9337269214878446	0.9456073435505131	0.011587974275211825
peak_17592	151	0	31	1.6738301330756534e-10	9.119241388114843e-10	-5.0
peak_17594	549	30	35	0.6093038476764676	0.6571657421265987	-0.21572869105543707
peak_17596	263	46	31	0.08370908572555975	0.11459663603493721	0.5545888516776374
peak_17608	573	34	52	0.05609834199231913	0.08067898196185028	-0.5986374376182328
peak_17609	546	0	34	6.851690527274143e-11	3.9661944938561915e-10	-5.129283016944966
peak_17610	464	90	121	0.018663488595008902	0.02944311269835099	-0.42294269736418993
peak_17612	344	0	32	2.186882409749898e-10	1.1713963191657183e-09	-5.044394119358453
peak_17613	994	19	11	0.1970676052695187	0.24689187930224502	0.7369655941662062
peak_17615	144	16	103	8.01229665061112e-27	3.265171131057044e-25	-2.6129768768907526
peak_17644	220	89	95	0.628978239756824	0.6721240095072921	-0.09310940439148147
peak_17648	102	0	16	1.6134889791659863e-05	4.159470070785189e-05	-4.087462841250339
peak_17650	190	17	0	1.0494880912035494e-05	2.7685615414763753e-05	4.169925001442312
peak_17655	554	37	28	0.3064223059914887	0.3629191412975223	0.38994651831601335
peak_17659	282	54	49	0.6630207901728449	0.7030449427852772	0.13750352374993502
peak_17660	147	0	42	1.479570275649145e-14	1.416716350405403e-13	-5.426264754702098
peak_17676	288	125	132	0.6150598555675616	0.6618324681582507	-0.07800251200127321
peak_17683	381	40	82	4.466493576421994e-05	0.00010777981183464538	-1.0174874267288412
peak_17689	160	28	69	8.737547038831327e-07	2.700792755813518e-06	-1.2713020218173943
peak_17691	212	44	0	9.410312248225356e-15	9.326095446003884e-14	5.491853096329675
peak_17692	117	24	38	0.05364514483137582	0.07767719379506209	-0.6415460290875236
peak_17714	240	0	30	7.087261655829973e-10	3.515336988782656e-09	-4.954196310386875
peak_17721	164	21	50	0.00014922220688539877	0.00033266429841322597	-1.2129937233341983
peak_17729	227	63	0	1.4466600858366206e-21	3.525974391029543e-20	6.0
peak_17733	246	0	5	0.061230992215711016	0.08637792144747491	-2.584962500721156
peak_17741	157	51	56	0.6339905835958993	0.6767703337882462	-0.1324502960236496
peak_17746	264	53	41	0.21063179905187251	0.2615058211967435	0.36257007938470837
peak_17763	213	22	36	0.06557628987175462	0.0915193481114296	-0.685891409571937
peak_17771	512	147	153	0.7313972955720147	0.7612868458610222	-0.0573331750659516
peak_17775	247	112	101	0.3636355281479023	0.42053783651042836	0.1477536204436922
peak_17793	302	14	26	0.07071596698148257	0.09796767359360137	-0.84799690655495
peak_17796	333	48	56	0.45504781078644485	0.5094535270650878	-0.21818017004953344
peak_17799	164	75	0	7.920974396476321e-28	3.7360595903379976e-26	6.247927513443585
peak_17801	288	84	11	1.8519336217648305e-17	2.591689524524738e-16	2.8244284354165456
peak_17803	81	5	0	0.0586546349466776	0.08388172667556869	2.584962500721156
peak_17804	248	77	24	3.4230014035383427e-09	1.5109851949414488e-08	1.6415460290875237
peak_17806	375	28	0	4.414887994618365e-09	1.9271156336406127e-08	4.857980995127572
peak_17807	565	159	112	0.0013254597879365354	0.002545962352846422	0.5017491324721747
peak_17808	518	58	92	0.0034704364114341653	0.006189917044763879	-0.6565157617461902
peak_17809	365	56	66	0.3719941679369104	0.42823464214025353	-0.23319917629303075
peak_17811	644	184	163	0.20904027262063088	0.2600369105566529	0.1738294558982283
peak_17816	503	12	30	0.0066936900149118725	0.011484559426056275	-1.253756592245783
peak_17817	694	110	89	0.1254105100556639	0.16473469268271065	0.3025627700204313
peak_17819	130	14	0	8.437286648411829e-05	0.00019670269193139522	3.9068905956085187
peak_17820	554	81	55	0.021823173324915627	0.034121315198624984	0.5501970825604795
peak_17823	173	0	42	2.66648329567597e-14	2.4877410088229657e-13	-5.426264754702098
peak_17827	328	184	168	0.24019177527647662	0.293203187936346	0.13050202423412785
peak_17829	261	130	142	0.3351677856156359	0.39176391770703345	-0.1264483352409392
peak_17841	219	66	94	0.007286765573309584	0.012369994068394202	-0.5037664178731754
peak_17843	555	0	17	1.3474239731287644e-05	3.4983576550040396e-05	-4.169925001442312
peak_17846	191	34	57	0.008021905065204043	0.013486331485857886	-0.7286979781826057
peak_17852	136	0	10	0.0016453701401120048	0.0030985269847432725	-3.4594316186372973
peak_17859	72	20	0	4.1202859164461535e-07	1.3411333200240707e-06	4.392317422778761
peak_17879	85	24	0	1.797144705078992e-08	7.146491122304751e-08	4.643856189774724
peak_17907	226	82	75	0.5534280965856243	0.6047110090105471	0.1271119179033392
peak_17910	395	132	75	5.321843075992025e-06	1.4757467952696447e-05	0.8073549220576041
peak_17928	277	0	23	1.4809808501230765e-07	5.181398661076203e-07	-4.584962500721156
peak_17931	359	25	30	0.5749560763961357	0.6256838823246987	-0.253756592245783
peak_17938	199	0	26	1.2446285372710669e-08	5.064007802602887e-08	-4.754887502163468
peak_17947	394	48	36	0.20394709705529532	0.2544468558412134	0.40525647848625845
peak_17949	412	132	111	0.1264386457214355	0.1658286460620475	0.2479275134435855
peak_17953	406	53	76	0.0343962531451043	0.05145800690783005	-0.5118990385314328
peak_17957	417	15	0	5.36948177377159e-05	0.0001274563846952119	4.0
peak_17958	531	95	92	0.8720317844910964	0.8878932460918739	0.045803689613124754
peak_17960	338	45	0	1.1837892641680426e-14	1.1530062163808814e-13	5.523561956057013
peak_17966	478	0	11	0.0009213751620226739	0.0018058811371079264	-3.584962500721156
peak_17968	113	0	11	0.0007565123533671503	0.0015328854129086171	-3.584962500721156
peak_17981	509	145	173	0.06777962667032449	0.09433590662804178	-0.25311893696871113
peak_17985	295	85	180	4.120005351821931e-15	4.2398600529658416e-14	-1.0735811323811073
peak_17986	491	0	50	4.77244864307969e-16	5.69340828755221e-15	-5.672425341971495
peak_17991	483	65	54	0.32760481710757505	0.38416642227117576	0.2630344058337938
peak_17993	502	61	108	9.645974227716282e-05	0.00022263974950605684	-0.8139880143900511
peak_17994	398	57	35	0.01951763553177809	0.030705014020653978	0.6880559936852598
peak_17995	366	135	221	2.720576367024825e-10	1.429916328667546e-09	-0.7069530250997667
peak_17996	323	92	134	0.0007019982349422069	0.0014315368329846283	-0.5376567859427995
peak_17999	318	42	66	0.014872284231594039	0.023910346442927347	-0.6398244357556746
peak_18005	237	0	47	1.1278861666146235e-15	1.2517324907919154e-14	-5.584962500721156
peak_18020	251	103	94	0.4646762513010657	0.5195480298787596	0.13058410981014443
peak_18024	288	56	89	0.0020635918073612257	0.0037704220468787963	-0.6589630821649332
peak_18026	281	95	54	0.00012329123184096711	0.0002776505459760771	0.8036027871964965
peak_18030	341	60	62	0.9204511877275263	0.9338335690667235	-0.046542585937030194
peak_18034	422	140	172	0.026991263689211346	0.04161425461042451	-0.29507687523793114
peak_18037	416	215	242	0.06998232738450672	0.09697768653337248	-0.16992500144231246
peak_18039	494	16	6	0.049896955569150164	0.07253855355857618	1.2801079191927351
peak_18053	322	31	53	0.013638764021337228	0.02210495193276864	-0.7548875021634687
peak_18055	623	130	135	0.7818773338211342	0.8054364284094758	-0.0540398397128891
peak_18059	285	143	53	1.786934316327037e-15	1.9408621337675746e-14	1.4150374992788437
peak_18063	1061	76	71	0.7324850338000248	0.7621075903139964	0.09686153925258897
peak_18065	196	15	0	4.621185975215328e-05	0.00011109165341079228	4.0
peak_18066	597	140	108	0.0268712445658466	0.04144175592443917	0.37136702762186724
peak_18067	376	79	101	0.07252478377778926	0.10028264076114508	-0.35049724708413327
peak_18100	156	0	37	1.2881242185083122e-12	9.649565836884328e-12	-5.247927513443585
peak_18101	165	0	45	1.7481072788525383e-15	1.9058970732376393e-14	-5.523561956057013
peak_18107	475	14	68	2.1527007023947166e-10	1.1555171104318953e-09	-2.2016338611696504
peak_18108	311	49	37	0.2011257977854483	0.25123462822929715	0.3959286763311393
peak_18128	101	0	26	4.696343485391925e-09	2.037749038721164e-08	-4.754887502163468
peak_18130	339	230	231	1.0	1.0	-0.006231953711514548
peak_18132	75	75	45	4.856577180522509e-11	2.8833804379465804e-10	0.7243655573865726
peak_18133	329	40	0	5.149465162645716e-13	4.0668799284522905e-12	5.357552004618084
peak_18140	277	38	22	0.03957911535546447	0.05866046366620192	0.7618402628052354
peak_18145	81	0	15	2.9917519607143338e-05	7.365869737979129e-05	-4.0
peak_18146	329	0	22	3.316844381746022e-07	1.097856093607163e-06	-4.523561956057013
peak_18147	111	86	63	0.0015803949738732268	0.0029872103884639027	0.4429434958487283
peak_18163	248	0	19	2.6662071991984606e-06	7.765385633343029e-06	-4.321928094887363
peak_18169	644	29	97	1.2738580474938525e-10	7.068663283152162e-10	-1.7078192485066896
peak_18170	441	44	0	3.67719879407465e-14	3.369001916729544e-13	5.491853096329675
peak_18175	255	5	0	0.061275734994943085	0.08639318961091616	2.584962500721156
peak_18194	373	72	158	1.057939670410819e-11	6.944774073547309e-11	-1.1230583964043381
peak_18195	515	170	175	0.7917467663540211	0.8148325998466226	-0.04157910375139944
peak_18201	376	214	192	0.12436260328681598	0.16348467126272015	0.1557358123213798
peak_18202	379	31	0	4.913926098121144e-10	2.4857536786324838e-09	5.0
peak_18204	234	143	122	0.06199620544994521	0.0871677257968592	0.2274104961030724
peak_18205	599	21	17	0.6214739077844856	0.6670434231466856	0.289506617194985
peak_18214	93	12	0	0.00033441992338737234	0.0007172779325201156	3.700439718141092
peak_18217	551	28	51	0.009810888329649433	0.01626315169255913	-0.84245872301352
peak_18223	327	25	0	3.700469375736126e-08	1.400459955423464e-07	4.700439718141092
peak_18225	450	142	134	0.6128808779787288	0.6600454952269862	0.08305573972755864
peak_18227	429	65	125	1.0512172579453601e-06	3.2065273724393203e-06	-0.9328858041414629
peak_18234	59	5	0	0.05722779635823113	0.08216414730801279	2.584962500721156
peak_18235	43	20	0	1.05015904774542e-07	3.7487807913210723e-07	4.392317422778761
peak_18251	388	188	207	0.19614008242428213	0.24579030255087161	-0.13819729392001953
peak_18253	412	188	183	0.7794344673121991	0.8032448263176901	0.038680468164059796
peak_18255	158	0	31	1.8214039988453828e-10	9.880971214183578e-10	-5.0
peak_18259	471	279	245	0.030396673254902855	0.04604241854310887	0.18676851160572655
peak_18265	58	35	0	3.106863158585261e-14	2.8722978094071357e-13	5.169925001442312
peak_18277	176	0	38	7.741117524986528e-13	5.947700252229468e-12	-5.285402218862249
peak_18279	236	40	43	0.8090462320365375	0.8298996186053407	-0.10187961401921364
peak_18287	212	16	113	3.752574771272696e-26	1.4055599915340525e-24	-2.745427172914402
peak_18290	363	0	68	2.118169210377627e-22	5.4771339886617424e-21	-6.108524456778169
peak_18300	146	58	74	0.07759090925475225	0.1068216607844112	-0.3461756411340397
peak_18306	413	36	86	1.1642698055951853e-06	3.5323349551529923e-06	-1.2334901302197785
peak_18321	1902	219	379	1.0943433610111782e-12	8.270897746277361e-12	-0.7884958948062882
peak_18323	300	22	12	0.1108332039248203	0.14744955361531328	0.8231222379159207
peak_18326	1156	54	96	0.0004998956372422112	0.0010406491116108803	-0.8185531286624681
peak_18332	1368	80	85	0.7481295108455364	0.7750138295313048	-0.0864147518174732
peak_18333	269	0	16	2.4254552377856477e-05	6.0476108572100287e-05	-4.087462841250339
peak_18334	499	194	279	9.418190232318811e-08	3.3994516243620285e-07	-0.5219527031953558
peak_18336	329	124	59	1.9988239253899906e-08	7.868631434263225e-08	1.0588936890535685
peak_18339	446	38	16	0.002872627827678706	0.005187226570079875	1.197939377611909
peak_18352	201	28	36	0.3400089118908269	0.39670302271458363	-0.3514723705013777
peak_18358	522	46	61	0.15284695726879322	0.1967161193348238	-0.39960745870923786
peak_18359	291	232	216	0.13951757129421047	0.18116301508353508	0.1026349122098008
peak_18365	231	28	11	0.006748485179220511	0.011570778695035101	1.2730184944064158
peak_18368	263	0	54	5.336974863902919e-18	8.115388046782527e-17	-5.78135971352466
peak_18377	526	81	36	1.300411958648586e-05	3.383196382714963e-05	1.148098638989134
peak_18385	206	0	18	5.176086249760227e-06	1.4384606304570975e-05	-4.247927513443585
peak_18386	42	33	0	3.6241507513177056e-15	3.7676375361657945e-14	5.087462841250339
peak_18387	104	56	39	0.025694440114235995	0.03973511777228845	0.5109619192773793
peak_18388	248	62	35	0.0031126426984831404	0.005602756857269652	0.8073549220576041
peak_18389	79	44	0	2.3765003919706434e-17	3.280729809403376e-16	5.491853096329675
peak_18392	199	18	0	5.102675061205518e-06	1.4203839760536014e-05	4.247927513443585
peak_18393	227	225	98	5.860063404079992e-47	1.1940465192153392e-44	1.1908223423355782
peak_18400	1030	342	326	0.4801897187889026	0.534597846674952	0.0689179406747299
peak_18402	51	9	0	0.002656559741703958	0.00480899620619757	3.321928094887362
peak_18411	487	138	110	0.04692253317864953	0.0686060229655685	0.32452520637340154
peak_18413	74	24	0	1.2816089901964815e-08	5.2061532663962336e-08	4.643856189774724
peak_18419	172	27	34	0.39714539615273053	0.4536985222049274	-0.3219280948873623
peak_18428	169	14	107	9.48120935729075e-28	4.390661860549008e-26	-2.84799690655495
peak_18434	673	335	401	0.000368456070186836	0.0007849917279513771	-0.2587342684001684
peak_18441	449	0	117	1.9738745909587055e-39	2.052023911498703e-37	-6.882643049361842
peak_18443	282	44	61	0.08315171442401004	0.11389481938045365	-0.46234321405720047
peak_18446	525	34	72	0.0001313545484544882	0.0002948964609198602	-1.0605415419350508
peak_18455	551	79	38	7.987304885994406e-05	0.00018681051923441461	1.036525876025114
peak_18463	140	0	13	0.00018237237001936715	0.00040286420332985963	-3.807354922057604
peak_18466	223	0	51	3.504362758098916e-17	4.673095259098398e-16	-5.700439718141092
peak_18471	265	23	28	0.5561053525771407	0.6073757860265769	-0.27301849440641596
peak_18489	95	0	15	3.353140943055203e-05	8.196209195740501e-05	-4.0
peak_18500	110	0	17	7.815598574153843e-06	2.1009318805667373e-05	-4.169925001442312
peak_18506	659	62	49	0.23384425971442613	0.28662239147865415	0.3334237337251918
peak_18510	75	67	36	5.517687606097914e-08	2.0382233985107157e-07	0.8780094756213898
peak_18518	501	92	111	0.15702723080465464	0.2015868734170642	-0.26819611094957263
peak_18521	287	32	139	2.664010216898122e-23	7.9826282616935495e-22	-2.084888897586513
peak_18526	888	307	348	0.04911566241746123	0.07152520993554817	-0.18029668551475084
peak_18527	341	265	310	2.7467944071739825e-06	7.977292309090233e-06	-0.22548833462941292
peak_18528	57	13	0	0.00011299450643576403	0.00025616111071819403	3.807354922057604
peak_18529	104	0	37	2.906951853662303e-13	2.3692820388089234e-12	-5.247927513443585
peak_18551	144	29	0	7.768126615102856e-10	3.841828832750869e-09	4.906890595608519
peak_18553	694	84	100	0.2350413323087149	0.28781263143764274	-0.24882054661409303
peak_18567	138	11	0	0.0007937981961762129	0.001601278983474076	3.584962500721156
peak_18574	276	0	48	7.570463621797756e-16	8.62728002000845e-15	-5.614709844115208
peak_18618	231	132	103	0.00909456500431115	0.015129887045055844	0.3548427173600973
peak_18635	163	20	49	0.00012410562871106986	0.000279114380862777	-1.2515387669959646
peak_18639	389	112	126	0.31179617771017176	0.36817100817237247	-0.1685057243569782
peak_18640	321	11	0	0.0008951045996113232	0.0017638927777253698	3.584962500721156
peak_18659	274	34	9	9.267933674485703e-05	0.00021479765727151559	1.8073549220576042
peak_18660	108	45	38	0.4013789050877489	0.45762647683803975	0.23815973719476458
peak_18663	276	55	50	0.6645777118265848	0.7044025934341703	0.13492958008610864
peak_18664	152	21	0	4.5438156848133155e-07	1.467736023997402e-06	4.459431618637297
peak_18670	66	14	0	5.654354716543577e-05	0.00013396875779568828	3.9068905956085187
peak_18671	110	14	0	7.853998281594044e-05	0.00018394605630547153	3.9068905956085187
peak_18673	250	117	136	0.10728669498687719	0.14303020786787554	-0.21538903359868555
peak_18676	345	77	45	0.0018960561442152549	0.00349186912459599	0.7618402628052354
peak_18677	176	91	32	4.728897717817134e-11	2.8108523890969055e-10	1.4791678366985594
peak_18678	147	99	94	0.6233671032062901	0.6679495211890706	0.07400058144377678
peak_18679	297	81	71	0.39745328715037537	0.4538504919847595	0.18762700317577127
peak_18695	293	11	26	0.016357451091732676	0.02601462874220614	-1.1699250014423124
peak_18697	236	55	10	1.0103045380908765e-09	4.864358522717321e-09	2.347923303420307
peak_18698	416	58	48	0.3494168504966533	0.40665511456019005	0.26793320524663305
peak_18723	186	36	71	8.912679772501686e-05	0.0002074060793107519	-0.9604716358133627
peak_18725	412	74	94	0.10021977501553192	0.13459518426815703	-0.34103691783506696
peak_18726	264	52	90	0.00026596306903931374	0.000577008464091254	-0.779874185635497
peak_18727	209	0	82	1.938673870651904e-29	1.0077147650102855e-27	-6.3750394313469245
peak_18728	77	0	41	5.63666053007852e-16	6.615932889451608e-15	-5.392317422778761
peak_18735	271	0	33	8.254127550836704e-11	4.713736069950916e-10	-5.087462841250339
peak_18739	401	49	64	0.15511498872674787	0.19938323304921868	-0.3785116232537297
peak_18755	384	295	340	2.3658276685696062e-05	5.9047163859351176e-05	-0.20417456339522266
peak_18756	195	0	19	2.4069869882842946e-06	7.046661907080573e-06	-4.321928094887363
peak_18767	365	0	69	9.704604008509623e-23	2.615621842293546e-21	-6.129283016944966
peak_18770	118	0	7	0.014258556711300755	0.023036183916069156	-3.0
peak_18777	528	5	31	9.353321206859281e-06	2.4867337279614395e-05	-2.415037499278844
peak_18786	48	0	28	2.552121943486267e-11	1.5834968550693112e-10	-4.857980995127572
peak_18787	72	56	17	8.348204537906523e-11	4.762122499002892e-10	1.6629650127224291
peak_18789	392	18	33	0.04168603197482922	0.06144347421289932	-0.8395353278067539
peak_18791	243	25	7	0.0014844072286229837	0.002824643415242988	1.7004397181410922
peak_18794	402	65	67	0.9241863443880707	0.9370631445686369	-0.04306872189188598
peak_18796	687	246	143	8.538079842992819e-10	4.17399028025004e-09	0.7784422301423652
peak_18810	392	120	194	9.346831886881316e-08	3.379188192460853e-07	-0.6884670764750161
peak_18811	276	75	38	0.00013204101733600417	0.000296307023043879	0.9625252945813372
peak_18814	231	103	0	7.247015895737114e-38	6.836351661645343e-36	6.700439718141092
peak_18821	350	0	29	2.0346971582237613e-09	9.354465093855451e-09	-4.906890595608519
peak_18827	182	26	0	1.1399396782146202e-08	4.664138731586567e-08	4.754887502163468
peak_18829	232	0	30	6.839146379638505e-10	3.4022081697147016e-09	-4.954196310386875
peak_18840	283	80	98	0.12368746424871781	0.162807220383196	-0.2895066171949848
peak_18841	268	30	129	1.690717041214253e-21	4.024538601843647e-20	-2.068171502641579
peak_18844	238	66	87	0.04948352558649083	0.0719991657633774	-0.39334242817952486
peak_18848	296	202	191	0.38430522062554606	0.4405154801679865	0.08037341646402014
peak_18855	352	71	110	0.0010176597947911385	0.001977101065852807	-0.6244908649077935
peak_18857	133	0	27	3.4311253757982062e-09	1.5132599709364555e-08	-4.807354922057605
peak_18858	172	43	32	0.1914140694025757	0.24040021438282064	0.41503749927884376
peak_18859	154	101	89	0.19720210534835342	0.24694853904905317	0.18057224564182084
peak_18860	90	74	59	0.016981650655285715	0.026956848999073055	0.32192809488736235
peak_18862	110	8	0	0.006847843544910924	0.011717472293508984	3.169925001442312
peak_18863	377	25	0	3.9504548224652795e-08	1.4906382863435656e-07	4.700439718141092
peak_18866	203	18	30	0.090062195137263	0.12238722260511584	-0.7062687969432897
peak_18872	514	201	192	0.6076589684634532	0.6559471890978662	0.06575444548371424
peak_18879	728	43	25	0.0340286194772001	0.050922969335151974	0.7589919004962051
peak_18883	543	233	243	0.5820574825198436	0.6320615680997832	-0.06037261797948182
peak_18884	431	167	159	0.6229955264500499	0.6678323257021368	0.070389327891398
peak_18887	887	78	27	2.981769827094426e-07	9.953561926093713e-07	1.496425826119499
peak_18892	43	9	0	0.00245260017483685	0.00445402684157537	3.321928094887362
peak_18910	514	166	63	9.03119088221513e-15	8.967814104094322e-14	1.3837042924740521
peak_18916	643	89	59	0.011078714160648491	0.018216581644397486	0.5849625007211562
peak_18920	262	0	77	1.8538488878149055e-26	7.264235565022408e-25	-6.285402218862249
peak_18921	210	31	43	0.15856933878767038	0.20315699491559178	-0.4594316186372972
peak_18923	366	63	25	2.041968816261202e-05	5.1956988761411406e-05	1.2995602818589078
peak_18931	820	146	177	0.06239142722305636	0.08760251661362985	-0.27606108613003333
peak_18938	488	34	0	6.418782140614937e-11	3.7325657790288226e-10	5.129283016944966
peak_18941	247	33	44	0.21465487678512893	0.26591730115356194	-0.40439025507933535
peak_18942	321	55	64	0.4165722687542237	0.4731369313342286	-0.21501289097085033
peak_18947	191	0	33	5.128511489361636e-11	3.03070040914248e-10	-5.087462841250339
peak_18948	82	0	6	0.028427706507898966	0.04363083367015286	-2.807354922057604
peak_18949	328	63	172	4.732827949771321e-19	8.371189436158025e-18	-1.4346282276367246
peak_18952	346	36	67	0.001272635864951947	0.002448189990961185	-0.8780094756213898
peak_18955	319	168	142	0.04758407142912669	0.06947356258525977	0.24100809950379498
peak_18957	287	21	0	6.52513615162285e-07	2.0530601331912782e-06	4.459431618637297
peak_18960	390	47	105	1.9654375202214712e-07	6.723934672940346e-07	-1.142957953842043
peak_18961	288	65	15	1.1635740629954752e-09	5.53948250177472e-09	2.0443941193584534
peak_18962	266	47	0	1.5280945885214036e-15	1.6812340894013023e-14	5.584962500721156
peak_18966	522	55	61	0.6225900885543835	0.6676672524354677	-0.14684138832927116
peak_18968	282	40	35	0.6200961018985308	0.6659855667449117	0.18762700317577127
peak_18975	323	45	0	1.0945318156851646e-14	1.0722202055961978e-13	5.523561956057013
peak_18978	64	21	0	1.3360257692573756e-07	4.7163653975031677e-07	4.459431618637297
peak_18983	369	0	49	6.445001282582215e-16	7.394332552584192e-15	-5.643856189774724
peak_19002	409	42	142	2.5440479822342407e-17	3.4930944532348307e-16	-1.7336065820762916
peak_19004	164	59	38	0.015299550928538712	0.02444664756272779	0.6214883767462702
peak_19005	199	0	30	5.713660039935591e-10	2.8694951358203047e-09	-4.954196310386875
peak_19028	392	0	11	0.0009095329607969377	0.0017874849160106486	-3.584962500721156
peak_19038	119	41	5	1.607830176716664e-09	7.479714082369576e-09	2.807354922057604
peak_19040	160	0	8	0.007142884449169374	0.012173253055894543	-3.1699250014423126
peak_19046	205	0	22	2.6303253372359004e-07	8.844143411141701e-07	-4.523561956057013
peak_19048	237	114	145	0.005584836716174764	0.009696372948941462	-0.34433450793564196
peak_19050	339	115	142	0.03947612165519214	0.05852484392070686	-0.30189034165081735
peak_19053	223	0	29	1.4076683147750218e-09	6.615002209837602e-09	-4.906890595608519
peak_19055	404	30	36	0.5209852121954178	0.5748101951317865	-0.2552570552420746
peak_19057	333	211	225	0.28939328310198026	0.34540051174355374	-0.09225850785198851
peak_19058	797	80	91	0.4183702871508812	0.4747036845029062	-0.18371195317238811
peak_19059	300	0	11	0.0008895667002146882	0.0017556965404469669	-3.584962500721156
peak_19066	273	0	28	3.5927737738444268e-09	1.5804481523284552e-08	-4.857980995127572
peak_19068	392	0	18	6.248757426255548e-06	1.7003830304137693e-05	-4.247927513443585
peak_19072	378	70	131	6.790528025232169e-07	2.1326109593423345e-06	-0.8946469998537715
peak_19074	368	0	10	0.0018358142401905995	0.0033951358213417876	-3.4594316186372973
peak_19075	749	162	368	4.7827566243609977e-29	2.4122140836133585e-27	-1.1787488518293185
peak_19076	458	0	9	0.003754322515685266	0.006635849720645644	-3.321928094887362
peak_19078	279	0	23	1.486260746729164e-07	5.196302157747674e-07	-4.584962500721156
peak_19081	310	53	81	0.008275227320872328	0.01388014750494687	-0.6026645024546151
peak_19087	181	0	46	1.0678664838117057e-15	1.1929192694159712e-14	-5.554588851677638
peak_19088	192	63	50	0.17888969458392984	0.22668261298769618	0.3275746580285044
peak_19089	358	0	27	8.955335630854342e-09	3.705806637170757e-08	-4.807354922057605
peak_19093	441	0	19	3.1293176103030044e-06	8.963657055474933e-06	-4.321928094887363
peak_19096	276	25	0	3.3744217618171634e-08	1.2847013792747856e-07	4.700439718141092
peak_19099	253	0	23	1.4125569028661455e-07	4.965883273430052e-07	-4.584962500721156
peak_19100	284	0	61	2.3358457771424683e-20	4.778633891069773e-19	-5.954196310386875
peak_19101	246	0	36	7.311230996707784e-12	4.913378719951115e-11	-5.20945336562895
peak_19107	96	33	0	8.303774572441905e-12	5.5511059937032894e-11	5.087462841250339
peak_19108	201	140	123	0.09320641914148761	0.1259733348651467	0.18535504201191846
peak_19119	175	0	10	0.0017113033022318437	0.0032060974702350174	-3.4594316186372973
peak_19133	502	119	145	0.07298554115124757	0.1008923600066364	-0.2829339632714988
peak_19136	98	78	71	0.3155046100996334	0.3719464207006555	0.1338557467347907
peak_19144	168	157	141	0.009039099993380123	0.015047442930156321	0.15403362867242096
peak_19164	585	22	72	7.117697990623787e-08	2.600972278639711e-07	-1.6662626028230045
peak_19168	287	23	0	1.5067905211622205e-07	5.264465648011215e-07	4.584962500721156
peak_19169	241	0	20	1.2646331476804773e-06	3.8254401747531775e-06	-4.392317422778761
peak_19188	441	57	131	1.3249480642719314e-09	6.249338369815943e-09	-1.1864131242308813
peak_19192	54	0	21	8.460274812849861e-08	3.0695612462006545e-07	-4.459431618637297
peak_19199	43	12	0	0.00020063375866334542	0.00044015002869555623	3.700439718141092
peak_19214	256	16	79	3.074484957142411e-13	2.497835146998954e-12	-2.234465253637023
peak_19218	466	402	70	2.5669661363042857e-115	4.358708499444677e-112	2.5048889090232853
peak_19223	461	51	50	1.0	1.0	0.028014376169596473
peak_19225	537	275	274	1.0	1.0	0.005236648366147135
peak_19226	383	11	46	1.4131532710568038e-06	4.241958021663735e-06	-1.9696263509564813
peak_19235	73	73	63	0.0014042436838989218	0.002681115939198316	0.20945336562894978
peak_19236	636	456	478	0.1824838877685921	0.23066325664843873	-0.06783149067811049
peak_19241	354	45	85	0.00013996146768761186	0.00031339064457173397	-0.9027027986450852
peak_19244	1004	147	142	0.7992991698401328	0.8203969315264229	0.049582028850560414
peak_19252	66	61	32	2.848640224743071e-08	1.0968233790507333e-07	0.9098021910284219
peak_19257	72	11	22	0.0463924313275144	0.06788941257752322	-0.9385994553358568
peak_19259	186	40	59	0.034408357224888796	0.05146100167456944	-0.5493385909904348
peak_19261	186	90	95	0.6783557685908574	0.7164300564533941	-0.07716786052245997
peak_19262	464	59	88	0.011640179899168476	0.019090494657554483	-0.5688428353578793
peak_19265	316	30	0	9.045820431750541e-10	4.3842744887648065e-09	4.954196310386875
peak_19266	555	20	0	1.6023525289257025e-06	4.778913221514946e-06	4.392317422778761
peak_19267	319	25	0	3.6547261934161056e-08	1.3841765969711259e-07	4.700439718141092
peak_19278	536	6	0	0.03081355282054064	0.04643912368870829	2.807354922057604
peak_19284	223	5	0	0.06110026124229588	0.0863259649709883	2.584962500721156
peak_19291	602	108	136	0.05275593140093896	0.07652013512425486	-0.3298477581836003
peak_19312	428	23	58	5.740125698345226e-05	0.00013593770482273632	-1.297680548640685
peak_19313	457	43	71	0.006673392565693971	0.011458388452798833	-0.710493382805015
peak_19315	69	21	0	1.5821391705957332e-07	5.505066212441711e-07	4.459431618637297
peak_19322	459	44	32	0.18737638398540005	0.23585255745530712	0.44745897697122117
peak_19325	443	240	249	0.5889115246299418	0.6386875253278526	-0.05289494843212547
peak_19330	48	13	11	0.8140465455470216	0.8341889163179497	0.22239242133644802
peak_19331	341	100	101	1.0	1.0	-0.014213859219700802
peak_19334	222	62	0	3.025281214783514e-21	6.973204754799647e-20	5.977279923499917
peak_19335	282	110	125	0.2317670926230402	0.2847615942647773	-0.18286405714981055
peak_19344	302	36	0	9.601986968942847e-12	6.3276224605168e-11	5.20945336562895
peak_19353	305	0	7	0.01509063772469287	0.02417349326087594	-3.0
peak_19357	405	71	76	0.715457871844834	0.7485321791617999	-0.09686153925258903
peak_19364	240	0	28	3.229796260091774e-09	1.433151755131315e-08	-4.857980995127572
peak_19375	94	0	27	1.6790533794239788e-09	7.789706661917804e-09	-4.807354922057605
peak_19387	138	30	0	3.176083011739518e-10	1.6593812165949852e-09	4.954196310386875
peak_19388	571	210	185	0.1353645463286931	0.1761745015325403	0.18194037759915388
peak_19389	353	50	45	0.6592826294505346	0.6999553385621141	0.14886338591448275
peak_19392	298	39	8	2.347834833399606e-06	6.89727257285905e-06	2.15200309344505
peak_19395	755	94	68	0.03736827654967179	0.055610283594515954	0.4613311515527787
peak_19406	611	75	55	0.07761031930960068	0.1068216607844112	0.4405725913859814
peak_19408	34	34	22	0.00015060480926992246	0.0003355996930975437	0.6057210608879536
peak_19410	170	92	71	0.029770165931209194	0.04532254191679009	0.3692338096657191
peak_19411	170	0	16	2.108081605798262e-05	5.345230313557166e-05	-4.087462841250339
peak_19414	91	23	11	0.03539081457399413	0.052883781003205066	1.0
peak_19416	82	40	53	0.05824950720438275	0.08344291048906798	-0.3973354975453848
peak_19428	301	0	59	1.480473997508174e-19	2.752384869819941e-18	-5.906890595608519
peak_19432	183	0	45	2.588516806882299e-15	2.7413523106566387e-14	-5.523561956057013
peak_19458	275	0	11	0.0008819066144301125	0.001744633900546405	-3.584962500721156
peak_19467	113	52	0	1.9847493834404123e-19	3.649932620666231e-18	5.727920454563199
peak_19468	107	28	0	9.74423235873386e-10	4.700484813957413e-09	4.857980995127572
peak_19469	76	76	0	5.422089502504354e-45	9.206707975252393e-43	6.266786540694901
peak_19474	127	0	11	0.0007790670580771788	0.0015735795376071169	-3.584962500721156
peak_19475	205	48	120	5.315442704222427e-13	4.1785285702637415e-12	-1.3041533931593863
peak_19499	177	0	29	1.068480761239587e-09	5.115452065558699e-09	-4.906890595608519
peak_19500	407	312	268	0.0008479223216599159	0.0016925220636895028	0.2185564843759943
peak_19505	559	36	24	0.14378377074497647	0.18618061214410528	0.5655971758542251
peak_19533	483	219	207	0.4759775486154523	0.5306696503933276	0.08091999538356746
peak_19581	250	52	86	0.0009243847985547915	0.001811083139937734	-0.7150230412855291
peak_19589	345	0	23	1.631924349484487e-07	5.662821959314697e-07	-4.584962500721156
peak_19597	54	15	0	1.9765710808431596e-05	5.044415373654837e-05	4.0
peak_19598	237	0	29	1.4965880948397342e-09	6.987735797537677e-09	-4.906890595608519
peak_19599	604	106	181	5.060712550563135e-07	1.6233797060811467e-06	-0.7663276537975493
peak_19601	325	52	24	0.0008842897574015322	0.0017486692640541171	1.0840642647884746
peak_19604	408	203	187	0.2931465332511864	0.3493889659292334	0.11783649029385808
peak_19609	937	297	284	0.5489603640344208	0.60060225395003	0.06435041141005744
peak_19612	599	50	58	0.4802355214732196	0.534597846674952	-0.21021770739034562
peak_19620	435	38	50	0.21597140756540054	0.267158414312324	-0.38702312310924736
peak_19621	241	74	109	0.001386333331953584	0.0026528857975099763	-0.5525410230287788
peak_19623	197	0	27	5.728820966512145e-09	2.4523205044884762e-08	-4.807354922057605
peak_19625	155	79	65	0.1386307598045103	0.1801033130436561	0.27753397552890896
peak_19626	197	0	11	0.000846072630287784	0.00169081756715809	-3.584962500721156
peak_19627	505	198	154	0.004485220577830895	0.007862255204222499	0.36050021526941134
peak_19630	159	0	49	4.416728449205126e-17	5.768926851346387e-16	-5.643856189774724
peak_19634	213	56	90	0.0007283474406599255	0.0014805274791387312	-0.6749046260339546
peak_19638	302	16	0	2.4887637605032873e-05	6.199394912471269e-05	4.087462841250339
peak_19641	371	0	79	3.149627659249118e-26	1.1973286041951498e-24	-6.321928094887363
peak_19643	303	11	0	0.0008904034549583799	0.0017564909463868993	3.584962500721156
peak_19644	457	126	149	0.11250675375544328	0.14944573643723916	-0.24013400372371502
peak_19647	389	40	5	3.4795716824865637e-08	1.3217701827432183e-07	2.7725895038969273
peak_19654	410	28	0	4.6238366651106565e-09	2.0114281786570185e-08	4.857980995127572
peak_19657	452	73	112	0.00168481061215593	0.0031646110834521782	-0.6107255967862378
peak_19658	264	30	0	7.779218150530646e-10	3.843582663317469e-09	4.954196310386875
peak_19661	467	105	127	0.11165144317256195	0.1484218297288702	-0.2720795454368008
peak_19663	470	17	84	5.527276511941754e-13	4.325030192293594e-12	-2.2394659346953896
peak_19670	152	123	152	8.511444136990771e-10	4.164966035910757e-09	-0.30319153230577656
peak_19674	409	189	185	0.8332492411899752	0.8518104825650681	0.030696797222916423
peak_19681	360	65	56	0.4253310485796892	0.4807269495151845	0.21150410519371182
peak_19682	549	76	113	0.003920718073694284	0.0069155602033928966	-0.5661034734698404
peak_19692	325	14	56	9.561454004526455e-08	3.4469955201031683e-07	-1.9259994185562233
peak_19693	342	30	51	0.01751694732932831	0.027728815940210816	-0.7462434077542169
peak_19699	411	217	255	0.009011106612779408	0.015005746023373099	-0.23181567522307364
peak_19701	343	91	129	0.002433873590744419	0.004421594889890182	-0.49880585697144153
peak_19702	279	55	43	0.22088998589230982	0.27238285842058246	0.3479233034203068
peak_19704	701	218	255	0.04194858299156887	0.061758983167356014	-0.22521294039882658
peak_19713	716	126	97	0.04111527693846479	0.06066405582791956	0.37397484265695763
peak_19716	474	61	117	4.150744536770763e-06	1.1701102750586756e-05	-0.9284467389749659
peak_19723	353	26	37	0.18643032221349873	0.23489390585099246	-0.493040011280117
peak_19725	262	55	45	0.317064211319953	0.3735256920591676	0.28379296600059134
peak_19726	164	40	28	0.13368997055484913	0.17430681085395483	0.49957100949051153
peak_19729	54	0	19	5.568140532289085e-07	1.7749754612941552e-06	-4.321928094887363
peak_19734	255	146	241	1.780443589955056e-24	5.889337433266919e-23	-0.7191908924382302
peak_19735	123	0	26	6.8030381658830344e-09	2.8830845604832094e-08	-4.754887502163468
peak_19741	337	118	90	0.024233808114806694	0.03764776411614068	0.38702312310924725
peak_19747	167	63	69	0.5758297717376174	0.626233317086128	-0.1292830169449665
peak_19756	86	0	10	0.0014804597605415088	0.002818184611434397	-3.4594316186372973
peak_19758	371	73	27	9.049881583724032e-07	2.790562759533306e-06	1.4020984435713457
peak_19759	222	0	9	0.0035963128326829737	0.0063920507919354745	-3.321928094887362
peak_19760	230	38	49	0.23369287018046225	0.2865747425852852	-0.3584539709124763
peak_19766	382	77	56	0.056077017788302944	0.08067108969602237	0.4525122046975067
peak_19769	210	23	0	1.2611708758049883e-07	4.4738192488514e-07	4.584962500721156
peak_19773	193	0	11	0.0008434904585080486	0.0016863188365934065	-3.584962500721156
peak_19777	230	45	34	0.21619852459160402	0.26737443172362974	0.3942789391120464
peak_19782	153	67	28	2.1090319987952948e-06	6.228063189485931e-06	1.2294818461227672
peak_19794	494	52	58	0.613219256572725	0.6602703219153374	-0.154722594798642
peak_19805	230	16	0	2.3296013612256923e-05	5.834311373689123e-05	4.087462841250339
peak_19813	455	52	13	4.802056616005752e-07	1.5472281089141875e-06	1.920565532505595
peak_19832	477	66	109	0.0004210383209841868	0.0008888392901340437	-0.7152705230668871
peak_19834	462	30	18	0.10207692111080621	0.1366210814867175	0.7062687969432897
peak_19835	1051	6	15	0.07687709881248252	0.1059269519477376	-1.1926450779423958
peak_19847	446	90	127	0.004896406190985714	0.008553598469438007	-0.49220535980130375
peak_19848	92	26	15	0.07568460858394417	0.10436854253562848	0.7548875021634686
peak_19851	1079	261	297	0.08524460557213422	0.11644838315485431	-0.18574551892471136
peak_19853	314	0	56	1.876209553654957e-18	3.0830359568768875e-17	-5.832890014164742
peak_19856	243	97	112	0.19953631669250785	0.24937144191158858	-0.20546911829997946
peak_19865	770	271	204	0.0002667432621460678	0.0005782085861157743	0.40798274174489346
peak_19872	169	0	16	2.10324711065826e-05	5.338286388486884e-05	-4.087462841250339
peak_19877	632	121	268	2.737525317496734e-19	4.962617070223616e-18	-1.1407250249937377
peak_19892	433	175	120	0.00010465033787179776	0.00023851848819639274	0.5405683813627028
peak_19893	288	0	8	0.007437027296539798	0.012561079923267153	-3.1699250014423126
peak_19896	298	13	5	0.09125453401552233	0.12376213958335217	1.222392421336448
peak_19898	1102	53	114	1.0727369270365083e-06	3.2663011992372825e-06	-1.0906025487809066
peak_19901	154	46	0	5.402780960584853e-16	6.356066100050633e-15	5.554588851677638
peak_19906	760	160	188	0.0992096534343631	0.1334496896209785	-0.23132554610645567
peak_19907	246	0	63	2.261064579432261e-21	5.307770952823934e-20	-6.0
peak_19909	229	106	35	5.86018302280561e-13	4.571481212583733e-12	1.5715419849588346
peak_19910	1482	345	315	0.20040467900198966	0.25039525014376635	0.1308474794596218
peak_19911	295	36	85	7.53390306245695e-07	2.3472600734040185e-06	-1.2168113890731482
peak_19915	299	117	76	0.0004524499629300982	0.0009476891904465132	0.61585650866694
peak_19918	224	15	43	0.00011318121554213824	0.0002564702455389912	-1.4594316186372973
peak_19920	286	51	65	0.1762582413349834	0.22362627182077346	-0.3439544012173613
peak_19923	549	11	38	0.00010075409994959898	0.0002309817214866144	-1.7004397181410922
peak_19924	133	0	9	0.003396505891366503	0.006081476629392255	-3.321928094887362
peak_19925	220	51	0	3.333201352549515e-17	4.456516454038643e-16	5.700439718141092
peak_19932	673	63	49	0.19934150964692135	0.24925028231257176	0.35614381022527536
peak_19936	539	132	124	0.6164119862305635	0.6628967590715855	0.08949815083910263
peak_19945	1037	166	165	1.0	1.0	0.008664861127127575
peak_19947	249	0	8	0.007379000915429244	0.012479625054182129	-3.1699250014423126
peak_19951	171	42	73	0.0005659244428294401	0.0011737862832952638	-0.783188610926852
peak_19953	263	65	54	0.2973366454626781	0.35372089490585756	0.2630344058337938
peak_19957	358	10	0	0.0018325977652121522	0.0033940137393347024	3.4594316186372973
peak_19969	428	142	171	0.04682694843222507	0.06848592458046354	-0.26639341792370846
peak_19974	409	55	92	0.0009984460573087878	0.0019419947368961301	-0.7318038890504273
peak_19975	84	0	33	4.551464306902444e-12	3.163050365533568e-11	-5.087462841250339
peak_19979	291	61	0	2.575007635773077e-20	5.246835558651222e-19	5.954196310386875
peak_19984	417	20	0	1.510468691809352e-06	4.515450420232887e-06	4.392317422778761
peak_19999	84	36	30	0.4297217786250028	0.48525886506667354	0.25525705524207465
peak_20011	202	0	10	0.001742553209546445	0.003253873185274777	-3.4594316186372973
peak_20025	119	56	0	5.247681860261645e-21	1.1724426050952991e-19	5.832890014164741
peak_20028	248	0	35	1.6015245375468862e-11	1.0274768254740351e-10	-5.169925001442312
peak_20030	341	99	91	0.5499675883599207	0.6014458770084663	0.12029423371771175
peak_20066	136	21	12	0.13646077754935895	0.17746520317498968	0.7589919004962051
peak_20067	240	55	0	1.6769422704513096e-18	2.7734882875581073e-17	5.807354922057604
peak_20070	181	0	6	0.029962364192430417	0.04557428581553913	-2.807354922057604
peak_20089	459	275	294	0.2209866558107207	0.27243611439976073	-0.09604668747103452
peak_20090	309	232	220	0.31813327310391465	0.3746118569559272	0.0762835852628487
peak_20091	317	74	122	5.0569380971962036e-05	0.00012048663548698531	-0.713695814843359
peak_20092	387	0	6	0.03064595490214005	0.04628238786584685	-2.807354922057604
peak_20094	287	109	111	0.931597500857635	0.9438261076708021	-0.025995208532944573
peak_20101	89	0	62	1.6500320018016325e-26	6.515707765253888e-25	-5.977279923499917
peak_20113	395	10	11	1.0	1.0	-0.12553088208385899
peak_20117	176	19	39	0.005990568152436155	0.010358436581299991	-1.0
peak_20119	619	77	89	0.3589162712086615	0.4158106630741237	-0.20645087746742632
peak_20124	1276	20	28	0.3077179119270599	0.3641995918579096	-0.46566357234881184
peak_20125	361	26	35	0.2843199254959518	0.3404620828576348	-0.4150374992788438
peak_20132	327	0	12	0.00044061101030239006	0.000925937494422597	-3.700439718141092
peak_20140	175	0	48	1.6804364381115477e-16	2.082759906506137e-15	-5.614709844115208
peak_20152	247	0	33	7.408921926034659e-11	4.2597119967517553e-10	-5.087462841250339
peak_20153	311	15	56	2.3002105971716045e-07	7.806310980674319e-07	-1.8328900141647417
peak_20156	375	168	172	0.8258515112146272	0.844756545808697	-0.03374879135454029
peak_20174	223	95	51	1.2885486487744355e-05	3.357476632663414e-05	0.8845227825800641
peak_20183	413	66	45	0.04095088081997282	0.06048239689676473	0.5425272344007596
peak_20186	285	0	33	8.712878456919325e-11	4.947982481554854e-10	-5.087462841250339
peak_20187	290	0	24	7.258634170263796e-08	2.6505722195931023e-07	-4.643856189774724
peak_20192	327	200	211	0.41841765673695497	0.4747036845029062	-0.07686876338427064
peak_20196	227	70	117	1.0661901421549676e-05	2.80935510179307e-05	-0.7328959298571593
peak_20199	169	57	83	0.005680446100736307	0.00985493538845003	-0.5343364276511882
peak_20206	297	24	0	7.347594400554654e-08	2.67729941891455e-07	4.643856189774724
peak_20208	181	0	105	1.6335730666131954e-41	2.3115058892576714e-39	-6.7279204545632
peak_20209	740	76	133	2.659106004141924e-05	6.575478633543185e-05	-0.7993026497628711
peak_20211	148	60	48	0.18400748151647023	0.2324225716006464	0.3160274934476781
peak_20212	161	6	56	2.5751991166322643e-13	2.115816822600767e-12	-3.0255350921071376
peak_20213	314	143	131	0.376114543858149	0.43229410794526424	0.12553088208385882
peak_20220	869	125	44	4.299631724367442e-11	2.567681594833265e-10	1.4854268271702418
peak_20229	655	90	46	8.738855921253627e-05	0.00020354701446212152	0.9532057885210589
peak_20230	451	112	115	0.878068444577774	0.8933254756698983	-0.03780203271238441
peak_20231	376	147	111	0.007120844386027441	0.012139752778588952	0.40209844357134567
peak_20232	443	19	0	3.1321769844415746e-06	8.963657055474933e-06	4.321928094887363
peak_20234	458	212	135	2.080811911073272e-07	7.094816516069108e-07	0.6472467789754989
peak_20235	354	27	0	8.901940111183575e-09	3.6867059289731e-08	4.807354922057604
peak_20237	281	119	27	2.1140467275805163e-19	3.859840154227652e-18	2.0995356735509145
peak_20239	297	39	0	9.573618576786301e-13	7.289688046360152e-12	5.321928094887363
peak_20240	305	89	0	1.7075108086968708e-30	9.664511177224289e-29	6.491853096329675
peak_20241	165	12	0	0.0003968767460814507	0.0008406196027188814	3.700439718141092
peak_20244	465	50	10	6.532117837692655e-08	2.399034481990367e-07	2.2129937233341983
peak_20253	128	87	61	0.0015024156791701088	0.002853581457752623	0.5052353082504221
peak_20258	281	51	10	1.8426369529000985e-08	7.310274640243848e-08	2.241008099503795
peak_20260	143	38	21	0.018886618035887176	0.029776673560758058	0.8259706002249511
peak_20261	111	0	31	8.129265499814905e-11	4.6528627478715873e-10	-5.0
peak_20264	100	6	100	3.767935349307282e-50	9.139934604462522e-48	-3.8508565606941905
peak_20266	772	21	0	8.308735226957744e-07	2.5792015384596434e-06	4.459431618637297
peak_20267	331	143	106	0.003830623817512096	0.006761329773529666	0.4284580150411653
peak_20280	633	111	141	0.04108775447874576	0.06064938316856879	-0.34239219744707805
peak_20287	673	109	38	4.754389043239006e-10	2.4146418530667494e-09	1.4959574946624115
peak_20289	518	0	10	0.001869351828164628	0.003447674950279006	-3.4594316186372973
peak_20291	282	35	0	1.8906771183942873e-11	1.191968965482735e-10	5.169925001442312
peak_20292	244	49	80	0.0020063303747997023	0.003675025864519843	-0.6959938131099002
peak_20293	598	0	80	9.736835342084559e-26	3.468492254026486e-24	-6.339850002884625
peak_20294	381	31	63	0.0005798525504583847	0.0011997436604528886	-1.0
peak_20295	278	121	92	0.014490000420341063	0.02338044413722438	0.3915785264548548
peak_20296	459	211	220	0.5967856765813728	0.645715003505844	-0.05998210482823234
peak_20297	276	27	0	7.63865215813836e-09	3.210502812999736e-08	4.807354922057604
peak_20301	373	24	0	8.135372254562982e-08	2.95378376797889e-07	4.643856189774724
peak_20307	136	15	0	4.05878624841321e-05	9.86424482319508e-05	4.0
peak_20309	474	120	114	0.7064979332279221	0.7415662631417482	0.07337318633021918
peak_20313	62	41	51	0.0637760064075247	0.0893249867033079	-0.3081222953623318
peak_20323	81	24	0	1.6094191506866878e-08	6.450339223916592e-08	4.643856189774724
peak_20329	267	0	7	0.015015166695390447	0.024067734155544033	-3.0
peak_20331	330	59	22	1.4659128613208552e-05	3.800183264920324e-05	1.3833286395515056
peak_20340	416	131	181	0.00044135187714975624	0.0009267297865625962	-0.46340052084024286
peak_20342	788	68	55	0.25972620044050315	0.31433923849030215	0.301169534720565
peak_20346	393	179	192	0.3912399494298032	0.4477592231847714	-0.10060394093840573
peak_20351	1022	218	209	0.6633964937010473	0.7032969279735972	0.060541541935050874
peak_20353	288	0	34	4.136377893150473e-11	2.4789069397304126e-10	-5.129283016944966
peak_20360	229	97	0	2.7489334715355946e-35	2.1216768339397453e-33	6.614709844115208
peak_20371	404	123	51	7.926838486253201e-10	3.908936616551192e-09	1.253756592245783
peak_20372	130	43	24	0.010388180752886072	0.017153125690502966	0.8155754288625726
peak_20409	138	54	43	0.20727766779773735	0.2580964164658211	0.32192809488736235
peak_20415	354	114	128	0.30298123453590387	0.35967989017149715	-0.16573720447887885
peak_20417	336	134	115	0.15043239823816087	0.19395156583781106	0.2188346019232587
peak_20419	413	0	16	2.631757940112846e-05	6.514176359054829e-05	-4.087462841250339
peak_20420	509	37	66	0.0034482097227231806	0.006158913410289119	-0.818161677014187
peak_20421	234	18	45	0.0003654752292626326	0.0007792929333879659	-1.2756344426134274
peak_20425	164	23	0	1.0407685101594492e-07	3.720473537369989e-07	4.584962500721156
peak_20445	359	85	138	2.5813596885558217e-05	6.404267375336685e-05	-0.6926763180214094
peak_20446	277	106	91	0.21398182318910527	0.26534162787860327	0.21790503034413414
peak_20495	387	75	109	0.005244775068253444	0.009133977503481383	-0.5334322000810741
peak_20527	487	193	264	6.732435965192606e-06	1.823153046386632e-05	-0.44993570726343396
peak_20587	225	62	97	0.0007739983419672026	0.0015645823626908451	-0.6374299206152917
peak_20588	526	135	160	0.09941652505153054	0.13365737097189143	-0.2434540368642775
peak_20591	237	25	57	0.00014403256643920443	0.0003219402779470414	-1.15754127698648
peak_20593	110	0	36	9.369532848104261e-13	7.144970109018429e-12	-5.20945336562895
peak_20612	423	0	113	3.335017657585947e-38	3.267034605335156e-36	-6.832890014164742
peak_20618	365	14	0	0.00010750995915902144	0.0002447076550295153	3.9068905956085187
peak_20619	644	172	213	0.014847848423004932	0.023882203936465778	-0.30683875876442224
peak_20621	431	210	219	0.5858012955099441	0.6357204514971571	-0.06026052481747445
peak_20623	318	44	66	0.02737168045439403	0.04215420882173631	-0.5742360941280976
peak_20627	445	0	31	5.42116051406311e-10	2.7341971939245034e-09	-5.0
peak_20636	813	12	0	0.00046872287147647543	0.0009785550439758877	3.700439718141092
peak_20637	699	120	158	0.013072925289037106	0.021228397010632775	-0.39401971800976077
peak_20639	472	93	110	0.2049056618062706	0.2555176110749431	-0.23982701467246859
peak_20641	286	31	42	0.20994932409018496	0.2609554383221148	-0.42626475470209796
peak_20650	356	67	103	0.002039434707995895	0.0037329789444955404	-0.6129768768907528
peak_20652	272	62	40	0.02076139361873964	0.032541088951956836	0.6197279188818328
peak_20656	314	76	69	0.5700169739748048	0.6213709534405426	0.13750352374993502
peak_20704	402	32	63	0.0009657690504808931	0.0018834714943145748	-0.9556058806415466
peak_20710	170	72	0	2.7688266621854287e-26	1.0604814298625995e-24	6.189824558880018
peak_20720	182	59	38	0.017482091108585222	0.027682241873525994	0.6214883767462702
peak_20723	67	67	59	0.006260470442773694	0.010803128873810703	0.18057224564182084
peak_20727	435	223	212	0.4977540288853233	0.5517842129093334	0.07264530183176597
peak_20729	526	247	278	0.06427940473072051	0.08995584826876106	-0.16992500144231246
peak_20734	619	318	295	0.21106924362604476	0.26198506993934506	0.1079592481359195
peak_20741	634	20	11	0.144610264263802	0.1871556621340974	0.8073549220576041
peak_20748	210	80	91	0.32062682457288844	0.3767237436506893	-0.18371195317238811
peak_20753	264	35	58	0.011678669862223965	0.01914745551276758	-0.7127180479195288
peak_20756	127	0	10	0.0016247210441951423	0.0030619049201369053	-3.4594316186372973
peak_20757	218	10	0	0.0017575347763970858	0.003277458199281528	3.4594316186372973
peak_20769	286	0	117	3.45140093102544e-42	5.6714310782721265e-40	-6.882643049361842
peak_20776	201	90	59	0.001901604971910034	0.003498293870317701	0.6009040445901777
peak_20778	617	18	38	0.008799590775117345	0.014687128246542515	-1.0374747054186628
peak_20779	1245	279	135	8.284455361499342e-15	8.290965738993645e-14	1.0418201756946268
peak_20783	1135	530	467	0.008724598544421385	0.01457628894236882	0.18220333122074905
peak_20784	508	15	9	0.30163743268714405	0.3582515929373541	0.6780719051126377
peak_20785	535	129	39	2.1406713324722464e-14	2.0082099019546268e-13	1.7004397181410922
peak_20787	811	209	210	1.0	1.0	-0.006853671041062569
peak_20790	1773	499	448	0.05768397097364139	0.08277243609569837	0.15521264992094008
peak_20791	276	0	15	5.020314576479951e-05	0.00011983824954352797	-4.0
peak_20792	2196	376	294	0.0006676032814655723	0.001369293833740084	0.35384956901946074
peak_20793	1723	573	522	0.06732373741305829	0.09377826589612222	0.13423979042874645
peak_20797	469	61	60	1.0	1.0	0.02345897282398896
peak_20798	142	10	5	0.2885238459401093	0.34460503428345063	0.874469117916141
peak_20804	1732	267	221	0.02789201029935223	0.042886175811922805	0.2716733241076666
peak_20807	474	198	103	4.143398891688432e-11	2.4801967043784807e-10	0.9361849024025567
peak_20815	239	39	23	0.04048745484532374	0.059867371547773336	0.7369655941662062
peak_20830	942	213	240	0.1609705999962194	0.2058193364409492	-0.17142234982881474
peak_20844	93	0	35	1.1073929433886326e-12	8.357125412772881e-12	-5.169925001442312
peak_20847	280	0	29	1.7348193129256998e-09	8.041100618783908e-09	-4.906890595608519
peak_20861	862	50	40	0.32985514944754096	0.38636057284106085	0.3148733373534119
peak_20865	577	15	0	5.56622336747865e-05	0.00013200345360305513	4.0
peak_20871	550	33	0	1.419708058750935e-10	7.801502536437177e-10	5.087462841250339
peak_20874	23	0	5	0.04909560723514212	0.07151644931536001	-2.584962500721156
peak_20881	516	136	299	6.31964068881459e-25	2.1319370641603657e-23	-1.130786607535354
peak_20884	493	14	56	1.6597467438073772e-07	5.743715973474715e-07	-1.9259994185562233
peak_20887	1256	659	709	0.04960839246936899	0.07213963780729821	-0.10535300014622866
peak_20897	892	25	82	1.1084233287422648e-08	4.5461420584646506e-08	-1.6745997132058326
peak_20901	704	181	215	0.0503855814821706	0.07320711696240075	-0.24709286196477234
peak_20905	391	86	107	0.0970056254098559	0.13065749757742093	-0.3119440063147402
peak_20908	269	75	29	6.43988767959286e-07	2.0312562129935624e-06	1.341036917835067
peak_20913	1137	485	375	2.3798725759697134e-06	6.987360750426352e-06	0.3702236519281436
peak_20916	946	35	0	4.225300897850586e-11	2.526253846672639e-10	5.169925001442312
peak_20926	483	167	263	6.781530681886891e-10	3.3768443102181644e-09	-0.6520766965796931
peak_20927	384	0	17	1.2732653417913653e-05	3.3210515366539756e-05	-4.169925001442312
peak_20929	85	68	85	6.280560027417388e-06	1.7081245477663734e-05	-0.31774029792392894
peak_20935	226	27	0	6.527307347964401e-09	2.7731529299858767e-08	4.807354922057604
peak_20938	423	0	41	3.284744430261725e-13	2.655950496468766e-12	-5.392317422778761
peak_20940	271	0	30	7.967205656666921e-10	3.921250784063894e-09	-4.954196310386875
peak_20941	823	204	217	0.4978406443916954	0.5517842129093334	-0.08870422527148028
peak_20947	408	0	91	2.8156593538798054e-30	1.5258477392195455e-28	-6.523561956057013
peak_20952	581	131	48	1.297343845749125e-11	8.456927781884349e-11	1.4296842752432453
peak_20954	541	78	0	3.3193708460428313e-25	1.1502636115470872e-23	6.303780748177103
peak_20963	95	31	0	4.956315447926262e-11	2.939170068886656e-10	5.0
peak_20964	289	31	0	3.9815908080458394e-10	2.0363678289342875e-09	5.0
peak_20969	140	18	46	0.00010125864457534053	0.00023203397906737953	-1.306661338234052
peak_20973	405	82	38	1.7734958307237523e-05	4.544360041099997e-05	1.0896372124846765
peak_20990	197	0	65	9.435834744065433e-23	2.559991910801332e-21	-6.044394119358453
peak_20991	131	0	52	7.652027913918062e-19	1.3258309589625377e-17	-5.7279204545632
peak_20993	339	18	29	0.12978068075699029	0.1697311393520176	-0.6589630821649332
peak_21023	48	48	40	0.0056914947474074554	0.009868098789412383	0.25715783949712445
peak_21031	195	41	75	0.00023954802804113188	0.0005208099252417951	-0.8556100906648251
peak_21034	224	69	43	0.006229146576162394	0.010752718623846571	0.6698513983076692
peak_21046	389	0	21	7.2274813052511e-07	2.261473573031272e-06	-4.459431618637297
peak_21047	340	17	48	6.990367891460196e-05	0.00016432364577341135	-1.4447848426728958
peak_21049	407	26	80	1.834014582397923e-08	7.281738334166032e-08	-1.5849625007211563
peak_21050	267	0	82	2.5806486313468186e-28	1.2519832502933994e-26	-6.3750394313469245
peak_21052	508	143	159	0.30317516217547785	0.35982625259130574	-0.15200309344504995
peak_21054	298	0	33	9.117594884395789e-11	5.166299036831163e-10	-5.087462841250339
peak_21059	417	26	32	0.4964111735542047	0.5505592244905549	-0.2895066171949848
peak_21064	370	29	0	2.105108434334379e-09	9.652045332582653e-09	4.906890595608519
peak_21076	313	0	23	1.5675903518545233e-07	5.458171737762776e-07	-4.584962500721156
peak_21087	264	36	0	8.089553227614609e-12	5.4150044863953775e-11	5.20945336562895
peak_21088	198	29	49	0.01600283482978269	0.025498417461030036	-0.7369655941662062
peak_21093	376	23	0	1.6853781763832037e-07	5.812671923152362e-07	4.584962500721156
peak_21097	169	79	23	2.9833518910105246e-11	1.8287839389660184e-10	1.7369655941662063
peak_21105	346	47	51	0.7437412437447329	0.7715991249911616	-0.1154772174199359
peak_21107	762	302	305	0.9166580215190826	0.9305412438457964	-0.014213859219700802
peak_21108	400	36	43	0.4772330433014623	0.5318366052456025	-0.24997825300834742
peak_21113	555	152	184	0.04275547599490295	0.0628742478978163	-0.2739936178236604
peak_21140	192	11	17	0.3265244440964723	0.3830758908860962	-0.5849625007211563
peak_21164	463	155	161	0.7289588824213038	0.7593694370253827	-0.05444778402237646
peak_21169	262	0	41	1.6649004756669874e-13	1.4041395733522573e-12	-5.392317422778761
peak_21175	399	0	16	2.6178494677577877e-05	6.482899945920355e-05	-4.087462841250339
peak_21178	952	61	86	0.03902859179492673	0.057928801457854534	-0.4887471854618531
peak_21181	373	0	30	1.014817068400907e-09	4.88147133752051e-09	-4.954196310386875
peak_21183	738	101	79	0.09462627716374858	0.1276984302569644	0.35049724708413316
peak_21186	154	42	0	1.7739622023087694e-14	1.679658635420236e-13	5.426264754702098
peak_21188	75	33	7	2.0853267111920747e-06	6.165208512369373e-06	2.0874628412503395
peak_21191	373	92	97	0.7363850578920187	0.7654091566252568	-0.07555103300717675
peak_21194	492	30	52	0.014995998594141942	0.02405214635974781	-0.7737241441763241
peak_21203	340	61	50	0.29943302740547123	0.3557163809709586	0.2817709684153795
peak_21208	227	11	18	0.24916807978348796	0.30363157925755463	-0.6629650127224294
peak_21215	329	48	0	1.117759020942862e-15	1.2459221997118027e-14	5.614709844115208
peak_21216	146	48	0	6.84205204636286e-17	8.823648892195546e-16	5.614709844115208
peak_21219	512	75	36	0.0001170616666857744	0.00026420564027352007	1.0384741478146355
peak_21225	422	85	127	0.0011089813184104258	0.002148783125136063	-0.5737352452979021
peak_21227	496	101	165	5.869698658028784e-06	1.6118730438813276e-05	-0.7026140893754292
peak_21231	120	89	0	3.450672372224165e-39	3.51554501282198e-37	6.491853096329675
peak_21242	323	24	0	7.65085234918628e-08	2.783817276196779e-07	4.643856189774724
peak_21244	248	11	0	0.000871961077304009	0.0017289878270870462	3.584962500721156
peak_21246	564	26	15	0.11059523243953838	0.14717139865386847	0.7548875021634686
peak_21248	380	166	133	0.017426835960377807	0.027620504785987723	0.31761510201627974
peak_21261	73	23	0	3.038653573530367e-08	1.1682189663066936e-07	4.584962500721156
peak_21274	295	49	65	0.11754187222702503	0.15547062217255908	-0.40053792958372875
peak_21278	363	52	57	0.6778474077613715	0.7162200445408397	-0.13006054056437286
peak_21279	301	47	63	0.11336970549751585	0.1504311747341354	-0.4150374992788438
peak_21317	378	0	13	0.000219824673649803	0.0004795661188745595	-3.807354922057604
peak_21320	250	130	153	0.047016617792699604	0.06872385969469491	-0.2333635391574511
peak_21323	206	29	18	0.12048755523648294	0.1590061156410995	0.658963082164933
peak_21334	675	42	67	0.01616847903169414	0.02575429399232331	-0.6611980865482415
peak_21344	87	46	54	0.2830691791626442	0.3392833879187081	-0.2267708618470223
peak_21364	235	46	71	0.010281009389172627	0.016992687160430033	-0.615336149764675
peak_21366	115	18	0	3.7106130910995643e-06	1.0501035047811766e-05	4.247927513443585
peak_21371	178	46	0	1.0017985811176637e-15	1.1240444872716693e-14	5.554588851677638
peak_21373	299	110	173	3.4683914501749205e-07	1.1442996144553785e-06	-0.6485276294986222
peak_21376	292	167	165	0.93342591420015	0.9454904766227011	0.017277991431835428
peak_21378	185	116	121	0.6648238425011188	0.7045168824008111	-0.06037261797948182
peak_21380	457	60	67	0.5662558223594221	0.6177997770612328	-0.15672550368745308
peak_21388	72	0	38	8.567147137302057e-15	8.557068140669937e-14	-5.285402218862249
peak_21393	320	167	18	3.728056237458627e-42	5.934599523004452e-40	3.144389909335175
peak_21399	392	38	46	0.4190585904680637	0.47511338968268785	-0.26918663281538907
peak_21403	325	22	16	0.40351884017570544	0.45974613550772614	0.43609911480667357
peak_21434	385	19	25	0.43791542047936666	0.4929814700379876	-0.3785116232537297
peak_21443	394	68	73	0.7101698898330756	0.7443869411979392	-0.1009289088507807
peak_21448	151	0	52	2.1483577966606413e-18	3.474201465456923e-17	-5.7279204545632
peak_21461	868	123	111	0.4395249958327784	0.49463713608933224	0.14684138832927118
peak_21466	244	83	108	0.025893220242369754	0.04001822327507025	-0.37586690199816597
peak_21471	336	94	101	0.6101221480613087	0.657630601401673	-0.10256973364054771
peak_21475	109	10	0	0.001573858153440498	0.0029759589582872667	3.4594316186372973
peak_21480	80	20	0	4.911754105055946e-07	1.5795754678759463e-06	4.392317422778761
peak_21484	719	385	404	0.34015009629297116	0.3967768698228521	-0.0693210605039067
peak_21487	266	11	45	1.6252549426177843e-06	4.841548934324558e-06	-1.9385994553358568
peak_21494	270	142	157	0.22550152970069903	0.2776661330179746	-0.14390941139871344
peak_21498	116	33	8	2.2640192243679014e-05	5.695266137743254e-05	1.917537839808027
peak_21501	419	86	100	0.27983176747228994	0.3357190352105146	-0.21526798690306645
peak_21526	382	79	34	5.8177718034688165e-06	1.601065886918971e-05	1.1926450779423958
peak_21528	154	23	0	9.819416925529714e-08	3.532493631260478e-07	4.584962500721156
peak_21532	347	45	0	1.2364844434763444e-14	1.1974623108495244e-13	5.523561956057013
peak_21536	237	10	59	7.373952494273083e-11	4.24439706280532e-10	-2.4474589769712214
peak_21537	215	19	84	9.950440648154707e-14	8.649751648754279e-13	-2.0874628412503395
peak_21540	167	0	27	4.751983740498108e-09	2.0583847937157622e-08	-4.807354922057605
peak_21546	471	50	54	0.7552589351532792	0.7816515675885422	-0.10893437155316406
peak_21548	217	0	12	0.00041765657956110573	0.0008820657613118875	-3.700439718141092
peak_21562	331	103	121	0.16251430827433533	0.2074806732705424	-0.2302976194217942
peak_21563	170	0	24	4.980136002817227e-08	1.853090781471947e-07	-4.643856189774724
peak_21570	363	15	53	1.3884424003529764e-06	4.172699461591777e-06	-1.7548875021634687
peak_21578	751	175	97	2.130728745077995e-07	7.255302291061033e-07	0.8447217745220891
peak_21579	479	41	90	5.175908468114453e-06	1.4384606304570975e-05	-1.1154772174199359
peak_21580	324	0	56	2.0553958715023523e-18	3.336785079966494e-17	-5.832890014164742
peak_21609	297	38	0	2.0551860728545108e-12	1.49987361821216e-11	5.285402218862249
peak_21612	218	0	23	1.2926655134794258e-07	4.575982019224597e-07	-4.584962500721156
peak_21613	398	15	53	1.5412298270274325e-06	4.60470659171715e-06	-1.7548875021634687
peak_21638	371	117	99	0.16941858204848692	0.21580851636784004	0.23878685958711648
peak_21673	222	66	71	0.6811673093856008	0.7186964113525788	-0.1038358109845399
peak_21695	87	0	11	0.0006974420259198437	0.0014243812466146926	-3.584962500721156
peak_21704	248	18	0	5.541074092247236e-06	1.5340343166254035e-05	4.247927513443585
peak_21754	459	211	247	0.02081850618308317	0.03261053828309522	-0.226275855823676
peak_21757	308	63	84	0.05847167328741729	0.0836670516084561	-0.4093909361377018
peak_21765	316	39	94	9.855479964793102e-08	3.54296506285505e-07	-1.2479275134435857
peak_21767	571	146	197	0.0012312108675776963	0.0023738789399851573	-0.4296842752432452
peak_21776	575	102	87	0.26524566092871144	0.32033224200352206	0.22706890854592107
peak_21778	192	31	17	0.043991432634534804	0.06461717354103814	0.8300749985576875
peak_21787	390	17	35	0.013982064291825348	0.02262536070602234	-1.0
peak_21788	295	0	11	0.0008881354244245838	0.0017542310399452617	-3.584962500721156
peak_21789	248	0	15	4.907495371917034e-05	0.00011736517100725527	-4.0
peak_21795	519	68	196	3.650453853161914e-20	7.349965188935491e-19	-1.5135273626782073
peak_21796	155	103	108	0.6261742608858064	0.6700653310107902	-0.06774460663583412
peak_21817	547	191	174	0.3049212609420255	0.361393416295644	0.13375138888882745
peak_21825	475	0	6	0.030757623212527663	0.04639601203571689	-2.807354922057604
peak_21830	404	9	0	0.0037342569791197285	0.0066072612197415415	3.321928094887362
peak_21831	459	163	176	0.4118581368168833	0.46840932104157257	-0.11005354546491374
peak_21837	259	127	128	1.0	1.0	-0.01122725542325414
peak_21845	291	103	95	0.5403026264414491	0.5926917720518816	0.11547721741993588
peak_21855	196	0	9	0.003556219718749722	0.006327412940031815	-3.321928094887362
peak_21859	280	0	27	7.715641274483337e-09	3.240187687734388e-08	-4.807354922057605
peak_21870	233	131	145	0.2203499139692012	0.27179838233976383	-0.14543043952156387
peak_21882	449	88	108	0.12466008731272374	0.1637912006115591	-0.29245089381052863
peak_21899	270	38	103	2.0473479950407007e-10	1.104787149018785e-09	-1.415037499278844
peak_21913	150	64	0	1.9375515835511944e-23	5.840170276100464e-22	6.022367813028454
peak_21924	429	314	352	0.002385255546260196	0.004341628640976501	-0.1643163548839015
peak_21928	150	12	0	0.00038841030029814887	0.0008247445059269572	3.700439718141092
peak_21934	193	36	57	0.017014924751790714	0.02700125441919685	-0.6485276294986222
peak_21945	82	0	23	3.958526057307977e-08	1.4925782187954724e-07	-4.584962500721156
peak_21950	111	0	42	3.694198759840894e-15	3.832637165504993e-14	-5.426264754702098
peak_21951	221	118	131	0.2497697168409286	0.3042388659941871	-0.14957635605050995
peak_21961	221	0	8	0.007324903838522102	0.012425261456354177	-3.1699250014423126
peak_21976	391	0	12	0.000448195611572211	0.0009399376061543198	-3.700439718141092
peak_21978	441	0	21	7.473535974728694e-07	2.331303873562031e-06	-4.459431618637297
peak_21982	377	0	19	3.0232790189060227e-06	8.700894532376994e-06	-4.321928094887363
peak_21988	159	90	99	0.360930314481106	0.4177777524711092	-0.13606154957602837
peak_22000	163	62	84	0.01919530988172307	0.030235284025200163	-0.43211101263778523
peak_22019	167	116	102	0.13500071512484846	0.17579080849846065	0.18386419240018606
peak_22032	353	80	89	0.4805000935538256	0.5347755028540939	-0.15200309344504995
peak_22035	237	70	42	0.0033964110659155423	0.006081476629392255	0.7234823648025842
peak_22042	708	227	241	0.4627079601895028	0.5174608889583594	-0.08597322310985288
peak_22043	402	132	206	1.682193606526464e-07	5.805619398134016e-07	-0.6382045219981357
peak_22045	445	0	53	4.279522491211595e-17	5.6185277242865625e-16	-5.754887502163468
peak_22047	292	52	59	0.5269923303829518	0.5800559487836552	-0.1789701410453194
peak_22048	111	13	55	9.210902042923775e-10	4.4558722703374845e-09	-2.0
peak_22049	309	48	40	0.42049406278063756	0.4761050801966143	0.25715783949712445
peak_22051	427	61	82	0.06654438532468553	0.09276877362998032	-0.4208431209600496
peak_22058	319	66	0	6.343094535938385e-22	1.5761816373692746e-20	6.066089190457772
peak_22062	875	627	683	0.0024190778112294182	0.0043962834000723	-0.12323176599427084
peak_22071	237	72	42	0.0017558411430226425	0.003277458199281528	0.7635598041779192
peak_22075	128	15	0	3.950423957144065e-05	9.619244568686361e-05	4.0
peak_22077	338	31	28	0.7854398855325494	0.8087792150601995	0.14201900487242786
peak_22081	538	82	172	1.1817398524455027e-10	6.578997604762175e-10	-1.0595887962897999
peak_22083	305	48	0	9.54218422695072e-16	1.0730217759842598e-14	5.614709844115208
peak_22091	462	167	95	1.9289857320488586e-07	6.608105796272284e-07	0.8073549220576041
peak_22096	266	43	67	0.013572935883912203	0.02201226851087194	-0.6280312226130421
peak_22101	250	0	15	4.91632429605366e-05	0.00011752114483386834	-4.0
peak_22111	492	0	38	3.4613020862283372e-12	2.44547473332138e-11	-5.285402218862249
peak_22118	123	0	50	3.2563506193489906e-18	5.135557292558439e-17	-5.672425341971495
peak_22132	290	47	64	0.0909543027936474	0.12348646546664174	-0.43740531230729823
peak_22140	90	10	0	0.0014998527827686384	0.0028497762310419413	3.4594316186372973
peak_22141	673	380	480	1.7762015884935298e-08	7.07978943019252e-08	-0.3362458962767199
peak_22143	289	11	0	0.000886354523771708	0.0017520721552553666	3.584962500721156
peak_22151	356	91	95	0.7980568718470635	0.8194520671616492	-0.061400544664143256
peak_22152	62	62	0	1.3150943098036516e-36	1.1550155886447934e-34	5.977279923499917
peak_22157	694	398	416	0.354157626304852	0.41122890511236593	-0.06365863722231777
peak_22162	519	0	26	2.161883267669887e-08	8.471256435008003e-08	-4.754887502163468
peak_22163	455	162	205	0.00450730341582949	0.007895530811635288	-0.33777237295214085
peak_22173	566	117	110	0.6561024799172452	0.6971602070710152	0.08822718301173532
peak_22181	154	123	33	1.263224789582691e-25	4.437839364230503e-24	1.8667334691365358
peak_22182	105	105	76	3.941460035371358e-10	2.019899136839205e-09	0.46113391386829783
peak_22183	137	42	0	1.0985954339010376e-14	1.0741353436260817e-13	5.426264754702098
peak_22185	326	14	37	0.0011414480079523423	0.0022066550863412645	-1.341036917835067
peak_22186	263	51	61	0.3377951821621371	0.39448158136953837	-0.253756592245783
peak_22204	393	100	68	0.006879514341196256	0.011763761683133174	0.5496870259736257
peak_22208	227	33	0	6.644670281552385e-11	3.859515440618911e-10	5.087462841250339
peak_22219	57	0	23	1.459298804388743e-08	5.871775757943331e-08	-4.584962500721156
peak_22224	118	0	30	2.249787270997175e-10	1.2025620523042612e-09	-4.954196310386875
peak_22234	160	21	6	0.00408373669984876	0.007189084984000189	1.6520766965796931
peak_22240	351	26	31	0.5807880089239648	0.6309520404049214	-0.24511249783653147
peak_22247	288	0	18	5.800915931626512e-06	1.598153907826147e-05	-4.247927513443585
peak_22250	378	101	78	0.059625447325191976	0.08502847481817671	0.3686445937943927
peak_22260	288	37	51	0.13184304237091585	0.17225146392342788	-0.45251220469750675
peak_22269	234	0	33	6.918512034938584e-11	4.000329206126804e-10	-5.087462841250339
peak_22275	490	91	78	0.31024252819307374	0.36667643587366994	0.21978120787990993
peak_22276	248	0	35	1.6015245375468862e-11	1.0274768254740351e-10	-5.169925001442312
peak_22279	61	61	15	1.4822495838448476e-20	3.120074124010601e-19	1.9541963103868751
peak_22291	265	109	190	1.5866378787551376e-12	1.1747577549968997e-11	-0.796069114511089
peak_22298	348	44	9	4.785291586288202e-07	1.5428022367438037e-06	2.169925001442312
peak_22324	215	0	14	9.810829408605208e-05	0.0002258308405216219	-3.9068905956085187
peak_22328	248	30	45	0.07881188743571885	0.10838762273152047	-0.5693656456701377
peak_22331	211	11	0	0.0008543723656036597	0.001704728879900134	3.584962500721156
peak_22332	452	0	28	4.840222293295222e-09	2.093046889817136e-08	-4.857980995127572
peak_22334	504	106	30	1.4085272473061388e-12	1.0505179791767894e-11	1.7872706760142718
peak_22335	179	45	54	0.3445409848811707	0.4013473077943479	-0.2577977574676468
peak_22338	84	75	69	0.27010804292469476	0.3251227162451891	0.11864449649861893
peak_22342	401	36	45	0.3485627101167139	0.4057537580746208	-0.31410859042806305
peak_22348	334	31	43	0.17476976175782083	0.22201425595868812	-0.4594316186372972
peak_22353	270	78	112	0.0028942944545575847	0.005224498919743564	-0.5163982142380849
peak_22356	231	15	26	0.10086840403933246	0.13534664992632467	-0.7548875021634687
peak_22358	114	29	0	4.834018967838422e-10	2.450198270862579e-09	4.906890595608519
peak_22366	156	0	53	1.0574489033194568e-18	1.789582961298775e-17	-5.754887502163468
peak_22367	333	171	136	0.008167940810581175	0.013709222566425207	0.3282326717415712
peak_22369	178	55	45	0.28852020140947376	0.34460503428345063	0.28379296600059134
peak_22370	232	0	29	1.4655313670653939e-09	6.855295485611677e-09	-4.906890595608519
peak_22371	128	94	87	0.410065735323452	0.4665791502652813	0.11042398969365064
peak_22372	59	46	52	0.21931792611241557	0.2707064491438442	-0.17333160288556176
peak_22373	139	0	26	8.209292012090536e-09	3.427715861441737e-08	-4.754887502163468
peak_22380	98	54	0	3.7630709147094904e-21	8.577304503880967e-20	5.78135971352466
peak_22417	168	13	42	2.5893145234274108e-05	6.418476001138313e-05	-1.6189098326444937
peak_22420	547	494	487	0.5512946417113326	0.6026383916046197	0.020547377404085753
peak_22421	61	61	31	1.5550303609870063e-11	1.0026993239073177e-10	0.9541963103868752
peak_22425	256	75	96	0.06076082409534473	0.08612009959423651	-0.3519853287435422
peak_22436	683	57	27	0.0009841296357407877	0.001917077003618957	1.0506260730699681
peak_22441	567	110	128	0.21503609269082133	0.26626005254424984	-0.2168113890731482
peak_22445	231	0	102	2.022423040670822e-37	1.8396826730673513e-35	-6.6865005271832185
peak_22449	114	0	114	8.784044856093382e-68	4.474592449693969e-65	-6.845490050944375
peak_22450	104	0	39	4.4219267619176835e-14	4.0223740937872643e-13	-5.321928094887363
peak_22451	104	0	104	8.798415959370544e-62	3.734927574752796e-59	-6.714245517666122
peak_22452	67	0	67	1.3348521267544933e-39	1.4467524965292317e-37	-6.087462841250339
peak_22457	136	16	0	1.910946054700383e-05	4.88427456228989e-05	4.087462841250339
peak_22463	211	50	9	5.384532942630005e-09	2.3146675788824682e-08	2.350497247084133
peak_22467	378	131	115	0.24423685584241975	0.2978555287673656	0.18641312423088138
peak_22488	198	175	120	2.1425373305955642e-10	1.151274806123819e-09	0.5405683813627028
peak_22491	99	99	77	1.2839989273560602e-07	4.548463515960897e-07	0.3584539709124765
peak_22492	444	184	114	8.667319685066248e-07	2.680711990025954e-06	0.685891409571937
peak_22512	460	24	0	8.761757574468439e-08	3.1766827818037176e-07	4.643856189774724
peak_22518	329	0	6	0.030539795815258494	0.04616312162698124	-2.807354922057604
peak_22546	240	0	11	0.0008686004518947212	0.001724337763815943	-3.584962500721156
peak_22551	230	70	73	0.8403772483730393	0.8580640816220209	-0.05970624612426777
peak_22553	129	0	8	0.006986169314871562	0.011938123612866737	-3.1699250014423126
peak_22557	357	128	194	9.465970847335303e-07	2.908302502794091e-06	-0.5961030583263566
peak_22561	152	34	11	0.00030115939786182796	0.0006481225064250746	1.5443205162238103
peak_22562	374	163	120	0.001521676501903055	0.0028847860441734876	0.4386887673434891
peak_22569	691	524	543	0.2483845271256319	0.30276879185881045	-0.05128922869685441
peak_22572	170	0	64	6.921217937443428e-23	1.947883103499272e-21	-6.022367813028454
peak_22576	303	137	126	0.41245746594985827	0.46898623472066475	0.1198397700060033
peak_22592	243	144	137	0.5816081229675768	0.6317082683148905	0.07138463323676542
peak_22596	16	0	5	0.04338153503893215	0.06373969988125767	-2.584962500721156
peak_22611	255	0	24	6.758208845127646e-08	2.476713371012966e-07	-4.643856189774724
peak_22613	415	0	36	1.3166221286853406e-11	8.565610630297733e-11	-5.20945336562895
peak_22620	525	0	11	0.0009262348442211584	0.001814010110135556	-3.584962500721156
peak_22626	277	200	199	1.0	1.0	0.007195501404203766
peak_22642	71	15	40	2.853071710833303e-05	7.031227525391798e-05	-1.3575520046180836
peak_22643	76	46	51	0.49975237100100217	0.5535417651400533	-0.14585086646345477
peak_22644	351	100	106	0.6786053449402363	0.7164384719431219	-0.08325550364935222
peak_22652	410	113	123	0.4875982758034353	0.5418467750747599	-0.1213062962221336
peak_22654	835	18	0	6.954714523220386e-06	1.8794331979461353e-05	4.247927513443585
peak_22664	995	272	185	4.352407689085388e-06	1.2242498491552162e-05	0.5535983298118211
peak_22692	181	36	25	0.15990220946426978	0.2046587575404498	0.5090136474878577
peak_22693	268	0	14	0.00010255665060558213	0.00023458624974622154	-3.9068905956085187
peak_22694	182	14	20	0.3680379654091809	0.4243516061100877	-0.4854268271702417
peak_22701	506	72	11	5.407491605754118e-13	4.24433932815277e-12	2.604862058158861
peak_22705	142	36	0	2.2863952104294713e-12	1.652042156301805e-11	5.20945336562895
peak_22710	817	302	311	0.6827289019714554	0.7201058376587262	-0.04222823538929744
peak_22714	376	0	54	1.4282697150029454e-17	2.0322921587220682e-16	-5.78135971352466
peak_22716	274	57	48	0.38528087910310915	0.4413359114349535	0.24327115101236388
peak_22720	83	0	8	0.006546986953334307	0.011255602949809302	-3.1699250014423126
peak_22732	154	69	120	3.2355558548380366e-09	1.4344579220665761e-08	-0.7895802203296282
peak_22733	144	21	63	6.676422924249247e-08	2.450266453611359e-07	-1.5405683813627027
peak_22738	37	24	9	0.0009209479194181999	0.0018058811371079264	1.3219280948873624
peak_22742	139	6	22	0.002264654482464327	0.004130379496481661	-1.7162070339994087
peak_22754	150	73	90	0.06348400787957185	0.08901391030513048	-0.2983412745697465
peak_22755	418	45	63	0.07924074991746076	0.10888923120570411	-0.4764380439429871
peak_22766	234	46	0	2.441703494067103e-15	2.6020999160623057e-14	5.554588851677638
peak_22770	218	17	0	1.103284897965919e-05	2.9029613999165245e-05	4.169925001442312
peak_22778	141	9	0	0.003424413081898307	0.006120687803224553	3.321928094887362
peak_22786	247	0	45	6.2604039096576855e-15	6.302469864781868e-14	-5.523561956057013
peak_22790	272	44	69	0.010988169683039622	0.01807353450610392	-0.6374299206152917
peak_22791	225	9	0	0.00360035594675721	0.006397004950394568	3.321928094887362
peak_22792	432	21	0	7.43475012771139e-07	2.3206260508922684e-06	4.459431618637297
peak_22793	450	49	30	0.03342302738127582	0.05004612036455586	0.6896598793878495
peak_22797	241	38	43	0.6262624736832297	0.6700653310107902	-0.17402939977504894
peak_22798	224	52	0	1.552268067345828e-17	2.1843241809557038e-16	5.727920454563199
peak_22801	214	62	110	3.2284218244203793e-06	9.21321051742152e-06	-0.8171359428501895
peak_22807	462	206	231	0.11373709027134496	0.15086320851548699	-0.16449403762824683
peak_22808	421	14	145	4.4980928904855525e-34	3.320765968714986e-32	-3.282933963271499
peak_22809	163	54	84	0.0011156616819912675	0.0021600838495110285	-0.6280312226130421
peak_22812	89	0	11	0.0007030785209133086	0.0014331660606372125	-3.584962500721156
peak_22813	250	23	0	1.4032895800106246e-07	4.936710718628537e-07	4.584962500721156
peak_22814	567	58	36	0.0232800473025288	0.03626561497219624	0.6731896837328915
peak_22817	105	0	25	1.1772447174692895e-08	4.797507672630849e-08	-4.700439718141092
peak_22823	81	0	20	5.006778367347019e-07	1.6070906744338823e-06	-4.392317422778761
peak_22827	185	0	47	4.970006553846102e-16	5.887724043091173e-15	-5.584962500721156
peak_22837	294	48	0	8.79158422944413e-16	9.9300066662502e-15	5.614709844115208
peak_22842	838	0	62	1.3439257742846252e-19	2.516896284634515e-18	-5.977279923499917
peak_22844	168	14	50	6.697751290990586e-07	2.1060706837225954e-06	-1.765534746362977
peak_22845	85	0	39	1.1952139620173138e-14	1.159699032860228e-13	-5.321928094887363
peak_22848	229	161	167	0.6044160818840786	0.6530001105233291	-0.05246741989413554
peak_22850	870	419	454	0.10303513256734005	0.13779495019638494	-0.1154772174199359
peak_22853	593	0	22	3.910343539932607e-07	1.2818075928196075e-06	-4.523561956057013
peak_22899	227	0	57	2.469850780927176e-19	4.493364242158227e-18	-5.857980995127572
peak_22901	233	107	117	0.4040507357126075	0.46024920566190136	-0.1277555471983727
peak_22903	431	121	107	0.31543313526445754	0.3719464207006555	0.17584983539941762
peak_22910	562	295	274	0.23277951060413055	0.28559294370946825	0.1061655572169279
peak_22919	466	113	173	2.6554863342186214e-05	6.569717040558357e-05	-0.6100534816839867
peak_22920	134	0	22	1.8658148903709318e-07	6.404623350100759e-07	-4.523561956057013
peak_22940	346	5	15	0.03852873176927666	0.05723690861262622	-1.415037499278844
peak_22941	152	17	0	9.50534090438863e-06	2.5245154623021733e-05	4.169925001442312
peak_22943	227	33	35	0.8954603272804925	0.9102923382891297	-0.08246216019197299
peak_22946	116	0	13	0.00017109195407360002	0.00037893148436996454	-3.807354922057604
peak_22950	193	11	32	0.001014327682931817	0.001971379327300525	-1.4594316186372973
peak_22952	206	29	82	4.63273678931755e-09	2.0135803075753924e-08	-1.4681488357384063
peak_22953	320	95	131	0.0037488288387540992	0.006630741008546313	-0.4594316186372972
peak_22970	507	75	80	0.7271248440603439	0.7580789921496914	-0.09192248944103931
peak_22974	168	80	69	0.2721225059719511	0.3271635698421333	0.21056698593965842
peak_22975	128	36	0	1.6508194625064247e-12	1.218735411885178e-11	5.20945336562895
peak_22984	280	19	120	2.1642332361111253e-24	7.112647809516175e-23	-2.596935142387232
peak_22985	695	107	336	9.954816001974375e-41	1.3344692819488808e-38	-1.6417172790183898
peak_22986	201	8	0	0.007277191123805362	0.012360790791818779	3.169925001442312
peak_22987	544	199	225	0.12010506769548533	0.15862463438962984	-0.17632277264046295
peak_22994	180	15	0	4.5035637339072006e-05	0.00010857147969958958	4.0
peak_23007	691	0	44	5.6067817296175924e-14	5.037203903116758e-13	-5.491853096329675
peak_23008	360	24	40	0.048782076464750905	0.07108006221723144	-0.713695814843359
peak_23018	644	38	16	0.0031521135471642395	0.005667796120456984	1.197939377611909
peak_23021	533	185	190	0.7975409359037124	0.819087404736595	-0.03827001692771726
peak_23037	1152	450	588	9.27883130560815e-09	3.830337655653802e-08	-0.38514020057507975
peak_23038	319	150	174	0.06846538661223084	0.09516034908668591	-0.21280637250724987
peak_23039	346	0	40	5.499919716383841e-13	4.310244774655275e-12	-5.357552004618084
peak_23040	173	0	59	8.659916893943728e-21	1.869221044819888e-19	-5.906890595608519
peak_23043	428	185	263	1.268198255801957e-07	4.49561719906414e-07	-0.505235308250422
peak_23044	410	44	69	0.014763008101863713	0.02376825640673001	-0.6374299206152917
peak_23046	312	90	100	0.433720872069596	0.48928706654164106	-0.15041684255309842
peak_23054	371	15	0	5.283166121893282e-05	0.0001255244786610279	4.0
peak_23055	155	0	11	0.0008127002248513742	0.0016337391260429757	-3.584962500721156
peak_23063	259	14	24	0.1284178775729689	0.16816469623565644	-0.7369655941662062
peak_23064	944	175	181	0.7686507993299232	0.7932550996326233	-0.048363021561399
peak_23066	355	13	0	0.000218308786987262	0.0004766673643005197	3.807354922057604
peak_23069	368	156	161	0.7659140614470008	0.7907511611291086	-0.04522925399299776
peak_23071	858	128	19	1.1206946142597135e-22	2.9889101387638646e-21	2.689299160535892
peak_23074	230	55	0	1.4096467948814478e-18	2.3543412370905232e-17	5.807354922057604
peak_23075	208	41	0	1.0199104420061785e-13	8.850807140680533e-13	5.392317422778761
peak_23077	434	49	0	8.452288290092163e-16	9.610704586993186e-15	5.643856189774724
peak_23083	251	57	49	0.4440678846900876	0.49909526681327443	0.21412480535284734
peak_23086	519	61	70	0.4547181166103826	0.5093082862826053	-0.19555080911780695
peak_23087	841	365	375	0.6584350729949402	0.6992012219796175	-0.038889013393594844
peak_23094	268	46	16	6.865297106116225e-05	0.0001615326718640002	1.4671260104272978
peak_23098	459	21	0	7.546987580546102e-07	2.3498994336981564e-06	4.459431618637297
peak_23103	285	30	24	0.47481865274418644	0.5294934800960783	0.3103401206121505
peak_23113	78	27	5	1.704630627146028e-05	4.385549704384781e-05	2.222392421336448
peak_23116	231	42	58	0.08984459165481085	0.1221426073898069	-0.45637829465974344
peak_23118	578	61	0	1.6306293905972993e-19	3.020518587528234e-18	5.954196310386875
peak_23122	424	42	25	0.040982657157588476	0.060511784220508895	0.7258250365610057
peak_23136	175	17	34	0.014743435543359355	0.023744249338562298	-0.9593580155026542
peak_23141	381	65	127	3.004088662033306e-07	1.0021498129926432e-06	-0.9556058806415466
peak_23146	363	71	86	0.2068283126469988	0.2576628575749112	-0.27301849440641596
peak_23147	376	31	0	4.887852968063543e-10	2.47502216891806e-09	5.0
peak_23153	413	115	130	0.2862019457944214	0.3424742099781025	-0.17544200640987812
peak_23155	485	103	173	8.253498315838219e-07	2.5636170988341397e-06	-0.742503777707636
peak_23157	169	15	0	4.411355952874142e-05	0.00010655024762418624	4.0
peak_23171	240	0	22	2.88061544071614e-07	9.64750496713216e-07	-4.523561956057013
peak_23172	628	62	49	0.23278011430736398	0.28559294370946825	0.3334237337251918
peak_23177	509	286	294	0.6577022564901882	0.698568660250421	-0.039664217573515834
peak_23181	273	0	14	0.00010289273696028616	0.00023524937256539396	-3.9068905956085187
peak_23182	186	0	10	0.0017250892444449553	0.0032283631929473193	-3.4594316186372973
peak_23183	317	83	106	0.055967987867685275	0.08053698593163525	-0.3491495636223867
peak_23187	296	49	0	4.070088028126737e-16	4.913039908833554e-15	5.643856189774724
peak_23201	509	357	335	0.1582828575096433	0.20293660648308556	0.09149835448549612
peak_23202	234	234	200	3.196829698902657e-11	1.9549400343589596e-10	0.22546525538607098
peak_23204	308	47	0	2.124925572115366e-15	2.2836225452227163e-14	5.584962500721156
peak_23205	70	0	10	0.001383067414739999	0.002648471488102617	-3.4594316186372973
peak_23206	404	72	99	0.024955757291737612	0.03869851678663969	-0.4540316308947075
peak_23213	171	88	114	0.0058822971223638516	0.010178132317024953	-0.36975661997797754
peak_23222	860	775	434	9.962704158926251e-77	7.770595641421683e-74	0.8350412514510371
peak_23223	115	33	0	1.5874531232761694e-11	1.0210209861071727e-10	5.087462841250339
peak_23228	305	0	55	3.8152795855583616e-18	5.943435537869815e-17	-5.807354922057605
peak_23229	171	0	11	0.0008272433607575282	0.0016577410226982095	-3.584962500721156
peak_23233	83	0	65	1.2903219168558768e-29	6.776185406663748e-28	-6.044394119358453
peak_23235	136	0	25	1.7701169812762e-08	7.06106178748705e-08	-4.700439718141092
peak_23237	150	72	0	4.856563278071528e-27	2.0496416701255065e-25	6.189824558880018
peak_23247	277	21	7	0.010453516382866707	0.01724423978443102	1.4594316186372973
peak_23251	574	174	128	0.002525277208223488	0.004582743889807784	0.43998385640907467
peak_23254	235	21	0	5.976319239675539e-07	1.8967831904615072e-06	4.459431618637297
peak_23255	66	42	0	2.3312879667823078e-17	3.2270600279318144e-16	5.426264754702098
peak_23256	726	107	134	0.06651251754366923	0.0927497301854506	-0.3219280948873623
peak_23263	180	0	10	0.0017177704802073107	0.00321584815368469	-3.4594316186372973
peak_23265	275	137	146	0.4949390703631244	0.5491218841031885	-0.09114788805819528
peak_23269	408	0	7	0.015224865644978495	0.024342581793948666	-3.0
peak_23275	173	23	75	5.717584536430328e-10	2.8694951358203047e-09	-1.6629650127224294
peak_23277	292	104	60	7.009421660442394e-05	0.00016469554399581898	0.7835081801032363
peak_23283	434	63	65	0.9237729311312435	0.93683044220238	-0.044394119358453395
peak_23291	153	12	0	0.00039022624180173513	0.0008282551982241828	3.700439718141092
peak_23295	306	69	52	0.10414034993861546	0.1391634162086325	0.4013625623817672
peak_23298	1006	980	468	1.3457379884504196e-165	6.855189313166437e-162	1.0646652137038621
peak_23303	234	185	46	1.0918106332281618e-39	1.2090616012313602e-37	1.984569959430394
peak_23309	154	0	16	2.024394263615536e-05	5.158711545201371e-05	-4.087462841250339
peak_23310	103	21	18	0.7224215416262167	0.7544106873808831	0.21150410519371182
peak_23312	147	25	39	0.06565206204173701	0.09160000110671278	-0.6214883767462701
peak_23323	437	18	31	0.07669904959477841	0.10571021608111504	-0.7520724865564145
peak_23333	506	101	180	3.765159170124086e-08	1.4228279534578704e-07	-0.8274205451117098
peak_23336	210	78	61	0.09691162225385046	0.13056540697199528	0.3495844377902277
peak_23349	309	48	78	0.0036750715906177646	0.006513853403829817	-0.6890709040618948
peak_23351	304	72	96	0.03681158229150169	0.05487802171287961	-0.41008828330711045
peak_23367	165	49	86	5.150677677852591e-05	0.00012249090612035995	-0.7990873060740037
peak_23369	207	15	0	4.6925640821050164e-05	0.00011264807461942957	4.0
peak_23374	556	152	149	0.892639289524363	0.9076056967738733	0.02856915219677092
peak_23376	42	36	0	1.4618423198592425e-17	2.0742687402125297e-16	5.20945336562895
peak_23377	199	27	0	5.788191853438024e-09	2.473577961527961e-08	4.807354922057604
peak_23380	413	96	84	0.35389171349619414	0.4110178724463322	0.19052190604942584
peak_23386	213	17	35	0.01130107968209193	0.018564237310730824	-1.0
peak_23388	213	69	11	1.6577981019344737e-13	1.400468247305839e-12	2.5443205162238103
peak_23389	270	123	11	7.607711059512548e-32	4.6691180888140865e-30	3.3692338096657193
peak_23390	187	11	0	0.0008394201015194622	0.0016788402030389245	3.584962500721156
peak_23407	392	164	145	0.18828776286033433	0.23664886849507602	0.17649765536579864
peak_23408	488	45	79	0.0014377538680396377	0.0027409873517192794	-0.7983661388303496
peak_23413	292	0	40	4.3366475636606566e-13	3.4463155521509185e-12	-5.357552004618084
peak_23425	412	10	15	0.4171355026091749	0.4736710321647653	-0.5405683813627028
peak_23427	214	102	112	0.3842901582924282	0.4405154801679865	-0.13367843523196937
peak_23435	538	168	153	0.35091054872550986	0.4081906333235672	0.13409289558728293
peak_23436	271	0	21	6.374872789732817e-07	2.013242528884003e-06	-4.459431618637297
peak_23441	154	0	36	2.864426369476208e-12	2.055125060015747e-11	-5.20945336562895
peak_23442	153	52	63	0.23781827641152475	0.29075049311362133	-0.2720795454368008
peak_23454	107	63	52	0.1702276954813352	0.2166225033179919	0.27207954543680074
peak_23469	174	0	29	1.0436480658404814e-09	5.001263638185713e-09	-4.906890595608519
peak_23479	554	148	114	0.019534716394502317	0.030722397441677925	0.37367846951778644
peak_23480	81	0	7	0.013650637726443834	0.02211715921708171	-3.0
peak_23482	197	0	31	2.5875290320894855e-10	1.3658935636750093e-09	-5.0
peak_23486	191	191	186	0.06086607247972631	0.08619679782250216	0.03806804083351967
peak_23488	286	120	77	0.00021089308314383318	0.00046126636562245007	0.6334610184123463
peak_23499	201	29	0	1.2549240132995303e-09	5.952125627325705e-09	4.906890595608519
peak_23500	292	42	20	0.004469957976376975	0.007838198255306131	1.0339473319233374
peak_23503	206	170	177	0.4175691495811305	0.4739521497251067	-0.057880916080499875
peak_23511	452	223	182	0.007431779262703665	0.01255637929161276	0.2916550837735617
peak_23521	221	37	10	3.9739135135194444e-05	9.67181817385e-05	1.7884958948062883
peak_23529	288	129	144	0.24268072819922923	0.29609955196332305	-0.15754127698647993
peak_23531	405	0	19	3.073436293740465e-06	8.820329284683903e-06	-4.321928094887363
peak_23536	288	68	73	0.6983765911086491	0.7345716198859094	-0.1009289088507807
peak_23539	172	44	57	0.15522700551641216	0.19947688347643883	-0.3661278987978974
peak_23541	264	96	90	0.64878534628165	0.6905375164978531	0.09211820198843139
peak_23545	224	49	21	0.0003864392609391394	0.0008219296848534348	1.1844245711374275
peak_23549	73	8	0	0.006381882473027166	0.010986586454072453	3.169925001442312
peak_23561	299	32	42	0.26361544833919875	0.3185144909487378	-0.38187063534364446
peak_23568	265	6	0	0.03036893518307379	0.04601908496793382	2.807354922057604
peak_23570	216	54	0	2.500109987997087e-18	4.0048931694519373e-17	5.78135971352466
peak_23572	66	31	0	8.880924588824187e-12	5.898230750387276e-11	5.0
peak_23575	137	0	10	0.0016475056901770456	0.0031002563671081902	-3.4594316186372973
peak_23576	211	33	22	0.1477011069789126	0.1908164947883796	0.5639008851933265
peak_23586	148	0	16	1.9891230763754412e-05	5.07136784337162e-05	-4.087462841250339
peak_23593	65	0	12	0.00027951715768573905	0.0006051255423931809	-3.700439718141092
peak_23596	119	89	69	0.008919654510163497	0.014868036673682217	0.36257007938470837
peak_23597	162	69	61	0.4275930211962446	0.48306916167080727	0.1750867065580914
peak_23616	231	0	8	0.007345707618972323	0.012443975593962424	-3.1699250014423126
peak_23626	131	45	74	0.0004881985267545669	0.0010175463565007218	-0.7052567344388682
peak_23628	40	32	40	0.005306051673313682	0.009231225144760893	-0.3131578852596302
peak_23644	145	0	23	9.249170480964497e-08	3.346255286223945e-07	-4.584962500721156
peak_23651	349	0	83	8.075255150288353e-28	3.773885296841181e-26	-6.392317422778761
peak_23660	309	11	111	2.51239318110172e-26	9.695553685251636e-25	-3.222392421336448
peak_23661	214	0	74	4.917280897701256e-26	1.8151180357166807e-24	-6.22881869049588
peak_23662	288	87	88	1.0	1.0	-0.016301812329100537
peak_23663	201	91	101	0.36885502984957735	0.4251012493334269	-0.1488633859144827
peak_23668	198	0	11	0.0008467026173542678	0.0016914129932559373	-3.584962500721156
peak_23672	707	209	195	0.4441301225882554	0.49909526681327443	0.09953567355091437
peak_23673	309	45	23	0.0065970700829109	0.011337879555448085	0.9385994553358568
peak_23675	202	66	45	0.025562930898619867	0.039567781828492736	0.5425272344007596
peak_23678	183	8	0	0.007225498920672029	0.012281178345646753	3.169925001442312
peak_23685	95	29	13	0.008235517664968703	0.013818091892407961	1.0995356735509143
peak_23686	230	140	137	0.8489317946002914	0.8661042583003974	0.031026895620624637
peak_23687	210	55	86	0.0018850446158571125	0.0034728453067544777	-0.6355885737911242
peak_23694	193	22	82	4.4039250056096285e-12	3.06889110514028e-11	-1.851477475289912
peak_23698	217	71	47	0.012902686326484308	0.020972011533858033	0.5849625007211562
peak_23704	127	45	0	4.860735065405054e-16	5.771698000739708e-15	5.523561956057013
peak_23708	132	14	6	0.10147834820344227	0.13596300932071168	1.0995356735509143
peak_23709	108	0	103	4.915840487696851e-56	1.6694194296218508e-53	-6.700439718141092
peak_23714	243	0	14	0.00010068317026379713	0.00023092303886707905	-3.9068905956085187
peak_23717	251	70	48	0.02682549752659189	0.0413837324047423	0.5350372753894739
peak_23719	305	9	0	0.0036793110374530092	0.006519099278186306	3.321928094887362
peak_23722	341	50	36	0.13337126927410994	0.1739803446049465	0.4629719763425457
peak_23723	322	8	106	6.904463880246235e-27	2.85945845577027e-25	-3.571541984958835
peak_23725	287	123	54	5.493850328734388e-10	2.768118058810383e-09	1.1728365968622154
peak_23728	103	0	28	8.888801985507511e-10	4.328829571144863e-09	-4.857980995127572
peak_23732	236	48	90	3.0266958325972893e-05	7.441114175313992e-05	-0.8930847960834881
peak_23739	288	12	28	0.0130610656565484	0.021215901930630596	-1.15754127698648
peak_23741	277	0	10	0.0017981923562107541	0.0033406178213953377	-3.4594316186372973
peak_23742	300	38	0	2.083129653595868e-12	1.5159232079167646e-11	5.285402218862249
peak_23744	189	34	61	0.001957167178056248	0.0035940193240874283	-0.8249132934419087
peak_23751	144	0	22	2.0022548831451228e-07	6.831538094267418e-07	-4.523561956057013
peak_23753	281	49	36	0.15742429032097116	0.20199479468388593	0.43440282414577486
peak_23755	268	88	138	1.7169559651781245e-05	4.4144931132279295e-05	-0.6432076417571096
peak_23759	265	0	24	6.911484504192813e-08	2.5310641311544353e-07	-4.643856189774724
peak_23760	472	177	221	0.004567511390866447	0.007998247860114705	-0.31868243538370816
peak_23766	436	79	54	0.023522891853407713	0.03661033030897003	0.5405683813627028
peak_23768	283	98	17	3.61321478942294e-18	5.663297273021679e-17	2.4594316186372973
peak_23769	474	365	124	2.172633338748015e-57	7.905281591130276e-55	1.5499155536219553
peak_23779	283	0	56	1.3509648759203476e-18	2.2637549598481087e-17	-5.832890014164742
peak_23780	125	0	25	1.571686754257905e-08	6.30904044617003e-08	-4.700439718141092
peak_23781	305	28	56	0.0014003694596275036	0.0026757246914262955	-0.9749090190371694
peak_23786	291	14	0	0.000104012589753275	0.00023738357177561955	3.9068905956085187
peak_23789	530	73	39	0.0009089393898940903	0.0017870078163336534	0.8875252707415875
peak_23793	619	266	22	4.310915375008721e-68	2.4399781022549365e-65	3.537133975630541
peak_23795	221	108	93	0.18105522923873038	0.22891420643884156	0.21359547309928892
peak_23797	455	108	15	6.4867605868283226e-21	1.4366764534479773e-19	2.7681843247769264
peak_23798	81	0	39	8.151012331282806e-15	8.173475751093427e-14	-5.321928094887363
peak_23801	75	14	0	6.26053032610737e-05	0.00014784952007969838	3.9068905956085187
peak_23803	112	62	36	0.0007216966823849756	0.0014693536770859577	0.7678265578709667
peak_23804	313	98	18	3.2050693170046574e-17	4.2964797633741383e-16	2.3814291066360243
peak_23805	77	0	46	1.5138980597715111e-18	2.5201950053843392e-17	-5.554588851677638
peak_23806	137	0	10	0.0016475056901770456	0.0031002563671081902	-3.4594316186372973
peak_23808	332	5	0	0.06155945445791491	0.08660145291593993	2.584962500721156
peak_23816	331	54	101	2.178334587355909e-05	5.509650639518868e-05	-0.891065628446836
peak_23817	376	0	9	0.0037216129700277764	0.006587177369465425	-3.321928094887362
peak_23818	329	75	34	2.2986141040540202e-05	5.770892186323893e-05	1.1186444964986189
peak_23823	309	210	215	0.728492208809602	0.7591938035343929	-0.0337883134562834
peak_23824	311	85	156	6.942046973288185e-09	2.93710857823339e-08	-0.8683559941895291
peak_23826	412	108	97	0.4203830110481635	0.4760851619118152	0.15347448066171815
peak_23830	149	52	100	3.980094991088029e-08	1.498492526578154e-07	-0.9302910281885955
peak_23832	151	33	117	9.13332402854865e-23	2.5148731135906393e-21	-1.7951802081115018
peak_23840	276	0	23	1.4783181051770434e-07	5.17563740740334e-07	-4.584962500721156
peak_23855	127	0	34	9.052880923422328e-12	5.98900979531342e-11	-5.129283016944966
peak_23860	126	0	20	8.416032976798247e-07	2.609328787815598e-06	-4.392317422778761
peak_23863	275	15	0	5.016651793811378e-05	0.00011980695845136034	4.0
peak_23868	127	0	10	0.0016247210441951423	0.0030619049201369053	-3.4594316186372973
peak_23871	333	90	0	1.5101164500381829e-30	8.741514996016482e-29	6.507794640198696
peak_23872	118	47	0	4.464103180991809e-17	5.815892993343294e-16	5.584962500721156
peak_23873	329	194	107	1.2915903897983422e-11	8.43507877645225e-11	0.8524428115861422
peak_23876	176	85	120	0.00022698246335904615	0.0004941233625431543	-0.49259848257249667
peak_23877	274	167	99	8.662450107157094e-09	3.599226822663804e-08	0.7484612330040356
peak_23879	58	0	11	0.0005793237388885034	0.0011991365810231761	-3.584962500721156
peak_23882	583	0	18	6.677783510061613e-06	1.809395170226269e-05	-4.247927513443585
peak_23893	391	38	0	2.8289860497646285e-12	2.0354314883476016e-11	5.285402218862249
peak_23896	248	31	0	3.427376217084147e-10	1.7815361683496576e-09	5.0
peak_23903	133	62	43	0.023737418048304138	0.03689911734454113	0.5178483048626192
peak_23904	202	107	86	0.04623088146381142	0.0677113600277905	0.3119440063147403
peak_23905	361	96	42	4.0244098061291336e-07	1.314967514587672e-06	1.1736480874850297
peak_23906	333	144	51	1.8353193286949915e-15	1.9849504586777678e-14	1.4794693718738423
peak_23907	258	229	189	9.65173072084229e-06	2.56072480687347e-05	0.27563444261342734
peak_23911	580	256	46	1.0318497589319128e-47	2.3892012145450747e-45	2.451035697516241
peak_23912	349	106	0	1.954122010389474e-36	1.6590495868206634e-34	6.741466986401147
peak_23913	108	47	0	2.223669951441663e-17	3.094911129137659e-16	5.584962500721156
peak_23915	277	53	0	1.4155224862296356e-17	2.0197959509394296e-16	5.754887502163468
peak_23916	285	153	0	7.299036596707185e-59	2.8600994172020305e-56	7.266786540694901
peak_23917	241	19	0	2.6375006638561328e-06	7.690571483504946e-06	4.321928094887363
peak_23918	176	64	0	9.447948159219678e-23	2.559991910801332e-21	6.022367813028454
peak_23923	350	88	77	0.37323349722122984	0.42946723172463175	0.19033121210414933
peak_23924	283	68	30	3.313778002959476e-05	8.10940942827329e-05	1.1543281463912938
peak_23928	318	95	28	1.2982562868931214e-11	8.456927781884349e-11	1.726981505593584
peak_23929	78	54	0	4.697618839737968e-23	1.3596403619105233e-21	5.78135971352466
peak_23945	266	45	41	0.724016198780533	0.7557660894647613	0.13124453327825272
peak_23948	181	0	66	1.8413392980034893e-23	5.616636158101661e-22	-6.066089190457772
peak_23954	374	0	23	1.6821570564508692e-07	5.805619398134016e-07	-4.584962500721156
peak_23957	320	78	46	0.0018552501768063017	0.0034241465219751093	0.7491918964994656
peak_23958	218	20	5	0.0031315599461743666	0.005632827106572113	1.8073549220576042
peak_23960	146	21	29	0.27676961495741187	0.3323584202246714	-0.4474589769712214
peak_23961	401	137	126	0.4519820367581746	0.5063550682309526	0.1198397700060033
peak_23962	357	10	0	0.0018322663931854128	0.0033940137393347024	3.4594316186372973
peak_23969	323	18	0	5.980716929361399e-06	1.6370645909815675e-05	4.247927513443585
peak_23970	643	304	265	0.032843081092952954	0.049235625393614584	0.19738299694905911
peak_23975	235	34	29	0.5883991309237039	0.6384036577050793	0.22239242133644802
peak_23976	119	26	0	6.433332629569919e-09	2.7377941867192288e-08	4.754887502163468
peak_23978	351	157	85	1.4407125779756104e-08	5.8061628735820884e-08	0.877515993475005
peak_23981	422	121	107	0.31356945362182703	0.3700933264016652	0.17584983539941762
peak_23992	369	48	110	3.204164278770189e-08	1.2262969824233917e-07	-1.1797060222348978
peak_23997	840	28	0	5.927112125183485e-09	2.5308222267967034e-08	4.857980995127572
peak_24003	387	40	138	2.555862548040626e-17	3.499882747236276e-16	-1.7613890681054238
peak_24005	191	0	13	0.000197671879980303	0.0004344005852543846	-3.807354922057604
peak_24007	442	114	124	0.49500739925438586	0.5491218841031885	-0.12029423371771177
peak_24008	475	256	178	5.003177552406911e-07	1.6069474433771002e-06	0.5218087719296218
peak_24021	353	75	60	0.18016501110858382	0.22807171137851043	0.31719017588069925
peak_24026	425	0	32	2.53997022823416e-10	1.343573036617322e-09	-5.044394119358453
peak_24027	90	12	0	0.00032993628914367544	0.0007082576725233387	3.700439718141092
peak_24030	780	75	189	1.0488527516447917e-14	1.031439366192774e-13	-1.3219280948873622
peak_24031	211	50	64	0.15393186865372102	0.1979623678167268	-0.3499424710569589
peak_24041	365	14	62	4.067483187298838e-09	1.7815786204729392e-08	-2.070389327891398
peak_24044	408	42	0	1.4953418042746613e-13	1.2695451918291875e-12	5.426264754702098
peak_24045	552	113	88	0.06105558556602862	0.0862977671679661	0.3571565831983439
peak_24047	692	201	178	0.18475418646618227	0.23306532649614065	0.17439570548753835
peak_24056	397	32	49	0.06010789323244916	0.085408537831547	-0.5994620704162712
peak_24058	362	24	0	8.038299898360615e-08	2.9206205194186147e-07	4.643856189774724
peak_24059	873	234	271	0.057352584895569214	0.08232010917386012	-0.2109458946853396
peak_24062	279	0	35	1.8664313459512577e-11	1.1796031360143557e-10	-5.169925001442312
peak_24065	498	52	0	1.0900699063818276e-16	1.3812975380868232e-15	5.727920454563199
peak_24068	160	53	0	1.2434716393048238e-18	2.0974319637810506e-17	5.754887502163468
peak_24069	341	124	105	0.14435170904522096	0.18686851483516026	0.23786383009888795
peak_24071	580	93	88	0.7462859831021178	0.773307729439013	0.07885542071123951
peak_24077	322	97	103	0.6703087586071654	0.7095911920916252	-0.08572987402588397
peak_24083	227	0	51	3.7375888141257546e-17	4.971090709962557e-16	-5.700439718141092
peak_24085	149	0	46	4.610200139841544e-16	5.5127604489091134e-15	-5.554588851677638
peak_24099	336	22	9	0.02583574160815289	0.039941507663711934	1.2016338611696504
peak_24110	205	53	75	0.025016449949049016	0.038780826549134416	-0.493040011280117
peak_24121	216	39	25	0.07770379388203169	0.10689255361465552	0.6214883767462702
peak_24126	333	80	74	0.6459421809569631	0.6879426029259398	0.11103131238874395
peak_24127	402	60	96	0.0017412338594992504	0.003252601862958996	-0.6691755046242415
peak_24131	165	0	19	2.202478099978957e-06	6.485215862018964e-06	-4.321928094887363
peak_24132	467	106	119	0.35852842181426336	0.41564492051020885	-0.1654236092073715
peak_24135	78	0	14	6.439598550255204e-05	0.00015186719914351854	-3.9068905956085187
peak_24136	145	45	103	1.1582801933154648e-11	7.593667058878993e-11	-1.1768777620840793
peak_24139	832	245	263	0.3655103206307817	0.4218191149282288	-0.10187961401921364
peak_24143	543	219	91	6.226156594619967e-18	9.328247556762975e-17	1.2577977574676467
peak_24145	249	0	25	3.162258532612847e-08	1.211168794370665e-07	-4.700439718141092
peak_24146	142	0	22	1.9758961937802372e-07	6.755177994037939e-07	-4.523561956057013
peak_24155	188	32	17	0.031176819158324508	0.04691719846159676	0.874469117916141
peak_24161	596	44	70	0.01352112868611818	0.02193523233346688	-0.6578940231750072
peak_24168	299	38	0	2.0738399374276253e-12	1.5113219801511192e-11	5.285402218862249
peak_24171	75	23	33	0.1283552734636085	0.16812593546506088	-0.5025003405291831
peak_24184	357	35	22	0.09680482998139114	0.13049055409505333	0.6463630453852995
peak_24188	70	0	20	3.914209055969217e-07	1.2822495775631633e-06	-4.392317422778761
peak_24190	681	204	222	0.32043730333021053	0.3766284317406766	-0.12141980041485871
peak_24191	91	43	32	0.1318312623373422	0.17225146392342788	0.41503749927884376
peak_24192	125	85	80	0.5934435786789785	0.6426448957888428	0.08641475181747328
peak_24205	769	123	88	0.011606215265058803	0.019040921275429803	0.47846287942047755
peak_24206	789	110	30	6.814083326233723e-13	5.259233403611301e-12	1.8402195559632308
peak_24214	600	58	52	0.6170968579144868	0.6633237801680514	0.15472259479864206
peak_24216	442	27	38	0.19720978736779513	0.24694853904905317	-0.47804729680464425
peak_24217	496	128	108	0.15646903773950124	0.20098152256620724	0.2430429306463278
peak_24225	270	12	0	0.00043095346080705314	0.0009078895489458762	3.700439718141092
peak_24227	201	85	71	0.18325893445490082	0.23158546566937852	0.25633975325978553
peak_24231	360	57	41	0.10268966820579001	0.13740508795384668	0.4656635723488118
peak_24238	831	117	75	0.001599974105103406	0.003020855482356097	0.6347155359182557
peak_24240	398	211	239	0.053468689779681534	0.07746572973199595	-0.1789701410453194
peak_24253	608	138	134	0.8364678297206163	0.8545108606571998	0.0421254756726766
peak_24259	83	31	30	1.0	1.0	0.045803689613124754
peak_24260	659	67	83	0.19312039578417706	0.24230426012921133	-0.3048545815284209
peak_24265	577	166	145	0.1844912707325715	0.23279626780077264	0.19387973359403488
peak_24282	400	80	69	0.3638285931531306	0.42054523565283575	0.21056698593965842
peak_24286	404	30	52	0.014019421734491668	0.02267140771920653	-0.7737241441763241
peak_24292	292	57	96	0.000331419491229757	0.0007111419074660414	-0.7419318470595556
peak_24293	223	0	14	9.890489532148168e-05	0.00022735628915506663	-3.9068905956085187
peak_24294	315	0	30	9.024068579147119e-10	4.3779624135405165e-09	-4.954196310386875
peak_24297	238	0	28	3.2057783814085607e-09	1.4237345313770888e-08	-4.857980995127572
peak_24300	1578	707	481	1.1770782687042216e-16	1.476856330241208e-15	0.5547162138530359
peak_24307	251	0	17	1.153030149274062e-05	3.0291570811769324e-05	-4.169925001442312
peak_24309	356	0	18	6.120739526872328e-06	1.6682208212887982e-05	-4.247927513443585
peak_24311	637	31	0	6.407399978349931e-10	3.1967968158388392e-09	5.0
peak_24326	245	43	0	3.013466734774635e-14	2.791018099443999e-13	5.459431618637297
peak_24328	166	33	0	3.980142242497975e-11	2.396553733248781e-10	5.087462841250339
peak_24331	1357	220	251	0.12831144948907916	0.16811176021022872	-0.1893773641084849
peak_24333	759	120	28	4.2082800144720516e-16	5.0678435918961306e-15	2.0608822421470223
peak_24339	839	122	139	0.2811362653206914	0.33720464693750934	-0.1867685116057266
peak_24349	1266	390	417	0.26748797697890847	0.32273419107782086	-0.09633433477353039
peak_24351	677	141	30	1.1629965728370695e-20	2.46846022584668e-19	2.195550809117807
peak_24352	671	99	107	0.596125926725963	0.6452752806506705	-0.11103131238874384
peak_24354	739	0	111	8.825561539533799e-36	7.136096901965901e-34	-6.807354922057605
peak_24355	1034	402	417	0.5290484756087241	0.5819418991040468	-0.052723103552915415
peak_24356	751	322	332	0.6395343669419644	0.6819736372623754	-0.043988012377337224
peak_24360	422	54	87	0.00305259461959789	0.005496612581205957	-0.6780719051126377
peak_24361	375	0	36	1.2046470190244916e-11	7.87737087921792e-11	-5.20945336562895
peak_24373	1025	136	102	0.022736108741895546	0.0354725077890401	0.41153155577730843
peak_24380	404	64	141	5.632344125866322e-10	2.8350949582176923e-09	-1.1273793064762276
peak_24385	376	65	59	0.6233080467982527	0.6679495211890706	0.13750352374993502
peak_24390	127	94	69	0.001614977257683714	0.0030457956870199336	0.4405725913859814
peak_24401	112	9	0	0.0033051510584001715	0.005928323764609322	3.321928094887362
peak_24406	195	114	99	0.15437912426203323	0.19848744547975702	0.2016338611696504
peak_24410	137	70	118	4.2814295860604204e-10	2.180960231139178e-09	-0.7450706438032615
peak_24411	992	45	34	0.25075492293340174	0.30520808901316077	0.3942789391120464
peak_24412	282	11	19	0.18827660444630348	0.23664886849507602	-0.7369655941662062
peak_24417	110	61	40	0.006676187068690015	0.011458388452798833	0.5966443057687916
peak_24420	350	41	0	2.6210394016517595e-13	2.150012030920139e-12	5.392317422778761
peak_24423	339	48	84	0.0006498715051216739	0.0013370135085176925	-0.7946810920224937
peak_24425	96	44	55	0.14853009859405567	0.19181210033393864	-0.31550182572792934
peak_24440	335	146	151	0.7557720970123283	0.7820237786270161	-0.04825516860722117
peak_24443	116	30	0	2.1571476285454865e-10	1.1566852652432324e-09	4.954196310386875
peak_24444	236	0	22	2.8549295730934107e-07	9.567770556143312e-07	-4.523561956057013
peak_24449	173	66	86	0.03941673424199385	0.05847083407941662	-0.376854305390956
peak_24450	126	64	26	8.801148215639531e-07	2.7188022444189067e-06	1.267480310864986
peak_24460	1002	224	49	9.663265124462162e-32	5.8600800647631256e-30	2.169925001442312
peak_24465	99	0	30	1.3904886735022752e-10	7.657458705751989e-10	-4.954196310386875
peak_24467	187	61	16	8.227432021355253e-09	3.4324765533811346e-08	1.8667334691365358
peak_24468	244	22	0	2.905638693136631e-07	9.724916887541392e-07	4.523561956057013
peak_24472	289	115	147	0.00953084964322526	0.015829849391127967	-0.3514723705013777
peak_24473	382	0	10	0.0018400393575791	0.0033997680404453884	-3.4594316186372973
peak_24476	311	114	109	0.7380897077089312	0.7666861686519771	0.06413033741971556
peak_24477	470	33	114	1.9767461307990772e-13	1.6453504559298202e-12	-1.7580272096940357
peak_24480	408	0	40	6.658708691881748e-13	5.162779615897355e-12	-5.357552004618084
peak_24492	219	97	78	0.0789584459298465	0.10855987140799948	0.31092909593810525
peak_24502	705	159	169	0.5705609497791999	0.6216978562941698	-0.08746284125033943
peak_24510	405	53	37	0.09309706123210888	0.12589233605425076	0.506959988719883
peak_24511	570	109	85	0.06968216642238968	0.09664060870015058	0.3550949588225617
peak_24514	35	0	13	6.220633426366362e-05	0.00014697544839475997	-3.807354922057604
peak_24515	678	308	64	1.2403646394087762e-52	3.5102319295268367e-50	2.2490952148759202
peak_24517	97	23	0	5.4302091325150205e-08	2.0088224634009816e-07	4.584962500721156
peak_24527	557	177	158	0.2395536277258094	0.292494290420727	0.16285047568204236
peak_24530	94	37	0	1.717347345362051e-13	1.4388433186306395e-12	5.247927513443585
peak_24531	224	0	14	9.900077627891494e-05	0.00022747404346630252	-3.9068905956085187
peak_24533	112	20	0	7.521738538078379e-07	2.3449042908795144e-06	4.392317422778761
peak_24536	346	201	180	0.12634722578688004	0.1657514211069706	0.15836559566858943
peak_24541	503	24	13	0.09267423835726932	0.12535384232393254	0.8365012677171206
peak_24543	146	0	43	5.987445609506076e-15	6.063627820044522e-14	-5.459431618637297
peak_24550	109	28	44	0.030407093660805327	0.04604425384183563	-0.6338721012021025
peak_24558	290	38	54	0.08782024882896801	0.11955006615039099	-0.49595749466241124
peak_24560	1797	295	407	2.8976860600272076e-06	8.372554049789335e-06	-0.46297197634254583
peak_24562	176	0	60	3.915345202519304e-21	8.825118788333334e-20	-5.930737337562886
peak_24564	644	171	391	1.6097227669012895e-35	1.2615273499377183e-33	-1.1884450894131102
peak_24567	424	83	126	0.0007940382238428576	0.001601278983474076	-0.5963672639934054
peak_24569	622	36	0	1.7278924045864855e-11	1.0961250197962089e-10	5.20945336562895
peak_24572	1152	639	659	0.42481772719384325	0.48035993392351556	-0.044394119358453395
peak_24573	368	0	10	0.0018358142401905995	0.0033951358213417876	-3.4594316186372973
peak_24574	609	194	200	0.7594340238529933	0.7848563435802695	-0.043721377429317886
peak_24578	127	48	0	2.8701912901609263e-17	3.8781841994906527e-16	5.614709844115208
peak_24580	428	85	163	5.310531584054811e-09	2.286715797901539e-08	-0.9312872499159857
peak_24582	496	0	29	2.4441637992330827e-09	1.1077019922858829e-08	-4.906890595608519
peak_24586	199	0	11	0.0008473265608125784	0.0016919958842725497	-3.584962500721156
peak_24587	200	0	43	1.8078855849392977e-14	1.708602814412019e-13	-5.459431618637297
peak_24590	694	139	102	0.010638566551058644	0.017538141751162695	0.44278248976174817
peak_24591	212	10	99	4.900189694757325e-25	1.6641044203395874e-23	-3.1844245711374275
peak_24593	90	0	16	1.469848196711778e-05	3.8084469552643935e-05	-4.087462841250339
peak_24600	259	109	114	0.7226715713784315	0.7545171110067084	-0.06413033741971558
peak_24602	505	101	117	0.25123996952216615	0.3054109996749446	-0.21021770739034562
peak_24608	39	22	0	7.201196326104221e-09	3.039179294546388e-08	4.523561956057013
peak_24620	295	162	168	0.6784567319063943	0.7164300564533941	-0.05215128205110671
peak_24624	221	105	140	0.0011145770392421755	0.0021588043490112707	-0.4116308978355944
peak_24625	212	0	41	1.0677249971677328e-13	9.218629043343102e-13	-5.392317422778761
peak_24630	225	0	11	0.0008616807367934693	0.0017139405205880253	-3.584962500721156
peak_24631	40	0	8	0.00530605167331368	0.009231225144760893	-3.1699250014423126
peak_24639	128	84	0	7.219419077124091e-35	5.488913549085093e-33	6.409390936137702
peak_24643	112	82	64	0.01684224353271998	0.026743886706881412	0.35267161831847016
peak_24652	431	37	0	6.492684675942054e-12	4.40481821410218e-11	5.247927513443585
peak_24671	839	268	189	1.827861267729097e-05	4.6766073821255755e-05	0.5016067542256762
peak_24682	77	0	14	6.381062593000863e-05	0.00015055642820169707	-3.9068905956085187
peak_24685	197	10	51	7.993962566804322e-09	3.346034947847265e-08	-2.241008099503795
peak_24686	266	47	52	0.6560286300463309	0.6971602070710152	-0.14295795384204296
peak_24693	367	74	92	0.13348578918567647	0.17408515363846286	-0.3103401206121506
peak_24697	244	32	11	0.0011727909350507072	0.0022655278813607516	1.4594316186372973
peak_24703	203	123	73	1.0093723087230417e-06	3.0862800363956626e-06	0.7447429447579255
peak_24705	505	137	143	0.7252728798119076	0.7564578316465719	-0.061400544664143256
peak_24710	121	0	43	2.376052865465651e-15	2.5427759026642914e-14	-5.459431618637297
peak_24712	193	65	0	8.038714650669443e-23	2.237661881448642e-21	6.044394119358453
peak_24713	73	0	10	0.0014042436838989215	0.002681115939198316	-3.4594316186372973
peak_24715	237	30	0	6.995288173632918e-10	3.4730992160317823e-09	4.954196310386875
peak_24755	219	32	0	1.3728573209358718e-10	7.576744520961355e-10	5.044394119358453
peak_24756	320	0	19	2.897012638307454e-06	8.372554049789335e-06	-4.321928094887363
peak_24758	262	0	29	1.6410216465939946e-09	7.62715717860384e-09	-4.906890595608519
peak_24763	727	137	191	0.0008661797737208638	0.0017202026383368733	-0.4764380439429871
peak_24767	188	79	0	9.295851866060243e-29	4.6424577848736154e-27	6.321928094887363
peak_24785	188	5	29	1.7020275217514973e-05	4.3810652833765165e-05	-2.321928094887362
peak_24790	294	0	18	5.834454963217195e-06	1.603924100519611e-05	-4.247927513443585
peak_24802	166	56	0	1.0185783258379902e-19	1.9433101092954016e-18	5.832890014164741
peak_24804	250	29	43	0.09724074588864064	0.13093956107764618	-0.5525410230287788
peak_24806	229	63	0	1.5225053021271918e-21	3.6756597199222344e-20	6.0
peak_24824	96	49	14	9.921336126371806e-08	3.5616128419829447e-07	1.7369655941662063
peak_24831	279	46	48	0.9100005596733447	0.9239670821160092	-0.06012099243757091
peak_24843	89	24	9	0.00631709863041341	0.010889780177098447	1.3219280948873624
peak_24844	77	33	0	2.8615399242463168e-12	2.055125060015747e-11	5.087462841250339
peak_24849	65	0	27	4.829576489115888e-10	2.450198270862579e-09	-4.807354922057605
peak_24858	418	94	59	0.002284999248224433	0.004165993618631089	0.6629650127224292
peak_24859	270	18	0	5.692394945823459e-06	1.5699545129412398e-05	4.247927513443585
peak_24860	165	0	43	9.720101724886469e-15	9.614407414868286e-14	-5.459431618637297
peak_24861	377	109	93	0.21734256016783957	0.2685936442248847	0.22677086184702225
peak_24883	215	61	0	5.992197845600232e-21	1.3329369356108115e-19	5.954196310386875
peak_24892	96	89	84	0.3339314632793965	0.39068600687764027	0.08246216019197297
peak_24941	442	70	96	0.03110958449704554	0.046829853258850467	-0.4501657226824457
peak_24962	373	136	153	0.229145209432065	0.2817440735812067	-0.1687544577343746
peak_24978	283	0	46	3.881192810416718e-15	4.010303484028958e-14	-5.554588851677638
peak_24980	443	104	93	0.41917400630110985	0.4751384931236879	0.15965666598848513
peak_24988	439	55	71	0.1485470623905355	0.19181210033393864	-0.36257007938470825
peak_24990	222	70	41	0.002067653921709168	0.0037764894504074943	0.7574296967259218
peak_24991	230	54	63	0.3917751654776488	0.44827104513547683	-0.2186402864753404
peak_24992	319	31	58	0.0028109536710707326	0.005079460092385354	-0.8826430493618412
peak_24994	297	0	35	2.0083398401672683e-11	1.2583620105549896e-10	-5.169925001442312
peak_24998	613	100	111	0.4493387456125119	0.504058923177744	-0.14914343930580934
peak_25009	185	0	21	5.227588594848786e-07	1.6737483533727035e-06	-4.459431618637297
peak_25015	317	126	134	0.5719614285308408	0.6229573480727182	-0.088130910278665
peak_25019	266	26	54	0.0009666294868552258	0.001884428092629361	-1.026472211361191
peak_25023	569	54	64	0.38157032118695733	0.4377745982266578	-0.24100809950379493
peak_25025	232	0	11	0.0008650169869574122	0.0017185633898444065	-3.584962500721156
peak_25028	397	0	6	0.030661131225488414	0.04629158342105453	-2.807354922057604
peak_25031	118	0	19	1.7362168777229557e-06	5.154014437716047e-06	-4.321928094887363
peak_25035	311	170	181	0.4187441776775602	0.47486260932535435	-0.08994212531279842
peak_25036	215	0	33	6.159175600106592e-11	3.60216308920126e-10	-5.087462841250339
peak_25043	199	0	29	1.240200326315431e-09	5.887773030988635e-09	-4.906890595608519
peak_25098	262	7	19	0.025135500848973192	0.03895352641456326	-1.3219280948873622
peak_25109	118	0	13	0.0001721852579297768	0.0003811871811796102	-3.807354922057604
peak_25111	209	76	91	0.16200779214082936	0.20693773650084873	-0.2567754153621114
peak_25116	90	0	32	1.608565155977756e-11	1.0306288106515629e-10	-5.044394119358453
peak_25117	114	0	23	6.943709683218709e-08	2.539214438357222e-07	-4.584962500721156
peak_25127	166	0	20	1.0380259323163663e-06	3.168186997734913e-06	-4.392317422778761
peak_25131	321	27	0	8.423245405236926e-09	3.5026948648389305e-08	4.807354922057604
peak_25133	336	35	42	0.46762060895664204	0.5222669112091941	-0.2563397532597855
peak_25135	133	78	87	0.31215465739556403	0.3685088817550413	-0.15565087046019435
peak_25194	450	194	186	0.6366558747719919	0.6793307553599763	0.060435853861973955
peak_25198	458	148	164	0.2956539355375454	0.35193668948360146	-0.14715369378365414
peak_25202	463	96	9	1.6867108426437339e-21	4.024538601843647e-20	3.277984747299765
peak_25203	735	0	45	2.8380280276830393e-14	2.6381231337623e-13	-5.523561956057013
peak_25207	434	133	144	0.4665490774353768	0.5211844299245196	-0.1138198995571621
peak_25210	143	0	25	1.889366388588576e-08	7.466588350248414e-08	-4.700439718141092
peak_25213	68	28	0	2.2007656303556604e-10	1.1775945505285437e-09	4.857980995127572
peak_25224	268	59	34	0.0059830792744397995	0.010349000279795021	0.777607578663552
peak_25230	193	90	84	0.6090820865018817	0.6571657421265987	0.09840370406099447
peak_25232	111	13	19	0.339495815088844	0.39619511616553754	-0.5145731728297583
peak_25237	238	19	80	3.248732892829009e-12	2.3016752929166858e-11	-2.0179219079972626
peak_25239	133	72	90	0.03244098833255754	0.04867581577792286	-0.317970081318679
peak_25240	133	0	28	1.5217543507724262e-09	7.092238483837822e-09	-4.857980995127572
peak_25241	246	172	197	0.012279249841523406	0.020035393559487583	-0.19472839244288503
peak_25245	152	5	38	3.253059070144178e-08	1.2431420032493954e-07	-2.700439718141092
peak_25252	327	73	54	0.07491449246218577	0.10341854325267597	0.4280936521042902
peak_25255	74	0	14	6.198470602831141e-05	0.0001465197645049737	-3.9068905956085187
peak_25269	189	0	33	5.039204749230276e-11	2.9848498828580263e-10	-5.087462841250339
peak_25270	365	0	49	6.316928313820942e-16	7.280188423213547e-15	-5.643856189774724
peak_25273	147	46	0	4.31103962426298e-16	5.179348076885759e-15	5.554588851677638
peak_25301	361	104	43	2.027841487050159e-08	7.976698482651358e-08	1.2548138990288253
peak_25302	77	51	0	2.3076149161974357e-21	5.3921974234448334e-20	5.700439718141092
peak_25320	325	53	29	0.006315079732446721	0.010889780177098447	0.8479969065549501
peak_25324	634	179	117	4.899821252598879e-05	0.00011729177378166678	0.6092100469678334
peak_25332	271	116	137	0.08498319414148685	0.11612242246693509	-0.23815973719476455
peak_25335	279	0	32	1.8142210825955698e-10	9.85249700931965e-10	-5.044394119358453
peak_25339	306	121	116	0.7399798565937873	0.7683361984282007	0.06037261797948185
peak_25350	56	0	46	1.0803170842152553e-21	2.645738089900245e-20	-5.554588851677638
peak_25358	673	145	133	0.4589512907596036	0.513485147184147	0.12373536842224485
peak_25359	274	46	75	0.003817892181131785	0.006741193334726279	-0.693338661765948
peak_25361	345	0	15	5.224779953244319e-05	0.00012419518936923268	-4.0
peak_25363	176	0	26	1.100300931023975e-08	4.516464901398976e-08	-4.754887502163468
peak_25370	644	380	353	0.14344630459540977	0.1857908659061829	0.10604163741032462
peak_25374	296	45	75	0.0029262047873356745	0.005276491039535549	-0.7243655573865726
peak_25381	271	105	161	2.1218547292970802e-06	6.258672837891909e-06	-0.6119295483214255
peak_25382	313	0	72	4.162763997323584e-24	1.3420961900231859e-22	-6.189824558880018
peak_25385	139	53	43	0.25621499266788966	0.3105485948279156	0.2954558835261713
peak_25389	166	15	0	4.384353496584687e-05	0.00010604889226781764	4.0
peak_25394	308	0	11	0.0008917628644050454	0.001757987628204064	-3.584962500721156
peak_25395	433	46	85	0.00028968377751797795	0.0006252225655073384	-0.8716759030244606
peak_25399	526	50	5	7.87964911360025e-11	4.51506553258489e-10	3.0874628412503395
peak_25401	428	117	107	0.4840773310017159	0.538521494676292	0.12775554719837268
peak_25402	437	22	0	3.636452047716717e-07	1.1943318330798812e-06	4.523561956057013
peak_25413	418	45	0	1.6262333605730467e-14	1.5426504169011358e-13	5.523561956057013
peak_25427	278	149	165	0.1994159270647293	0.2492821429368665	-0.14622074085104383
peak_25433	250	0	34	3.493739368313924e-11	2.1212286462683107e-10	-5.129283016944966
peak_25434	280	0	14	0.00010334431248698387	0.00023617583122866569	-3.9068905956085187
peak_25439	655	133	119	0.36218407863079377	0.4191198765436764	0.15919859484925394
peak_25444	104	36	7	7.390908556565952e-07	2.308356112026178e-06	2.2094533656289497
peak_25445	76	14	0	6.32138359033251e-05	0.00014921746065409548	3.9068905956085187
peak_25446	158	0	25	2.12713783758759e-08	8.343089627671935e-08	-4.700439718141092
peak_25471	155	61	65	0.7287367880072745	0.7592933520370334	-0.09019780897157814
peak_25481	440	103	91	0.3710914740456795	0.4273886431808029	0.17687776208407918
peak_25493	225	84	103	0.08498151406390957	0.11612242246693509	-0.29104878200339046
peak_25494	182	22	17	0.49829228620235333	0.5520445641397973	0.3536369546147004
peak_25502	233	91	96	0.7054568318681015	0.7409478559868266	-0.07635088613011487
peak_25504	432	77	64	0.2692313332613991	0.3243766347288474	0.2630344058337938
peak_25506	183	101	58	8.605750056097183e-06	2.3023997261428073e-05	0.7897822926096544
peak_25507	105	62	58	0.6758189878325629	0.7142369136969036	0.09463687413807527
peak_25515	160	0	30	4.15613432276335e-10	2.1235053400357575e-09	-4.954196310386875
peak_25520	107	61	46	0.05536337102960855	0.07980221053334068	0.39960745870923775
peak_25526	116	10	66	1.216788289306017e-15	1.3474607708097503e-14	-2.606657571820475
peak_25529	73	0	20	4.2221537530271256e-07	1.371661429714297e-06	-4.392317422778761
peak_25535	171	23	0	1.0793314789764937e-07	3.8448353523819993e-07	4.584962500721156
peak_25537	513	226	201	0.12845351067929486	0.16816812731953945	0.1683370045391204
peak_25567	509	167	204	0.018998075626311364	0.029943130334291485	-0.28716267672668583
peak_25569	589	265	283	0.3206975477589882	0.3767237436506893	-0.0944646840034925
peak_25574	372	0	6	0.03062166476079375	0.04627314158750619	-2.807354922057604
peak_25579	387	110	156	0.0006464170324086454	0.0013309815533911235	-0.5002048825415212
peak_25586	599	0	30	1.2836222716546414e-09	6.072792989328211e-09	-4.954196310386875
peak_25587	261	66	98	0.0034019554090998134	0.006089093764565864	-0.5632674296218372
peak_25590	33	22	0	2.1246388691558625e-09	9.732833093057521e-09	4.523561956057013
peak_25591	147	126	101	0.0007688701838869887	0.001556068620071641	0.3162593448006703
peak_25593	90	52	43	0.2322311725432786	0.28519421237595494	0.26848883592590195
peak_25601	110	73	55	0.019916655607889324	0.03127479767773989	0.40209844357134567
peak_25604	246	62	114	1.4235131062364907e-06	4.270539318709472e-06	-0.8682101274444589
peak_25605	166	26	0	1.0308863749745083e-08	4.241789332891879e-08	4.754887502163468
peak_25612	237	121	78	8.861748823517532e-05	0.00020631512114715862	0.6269565893857834
peak_25615	272	56	77	0.04578289728733138	0.06713243488246	-0.45251220469750675
peak_25616	136	0	40	6.248261530312152e-14	5.593786333112497e-13	-5.357552004618084
peak_25618	227	94	27	8.496258795171252e-13	6.4984898352255785e-12	1.7625006862733437
peak_25619	251	198	194	0.746275975238931	0.773307729439013	0.029294306794038046
peak_25620	64	30	0	2.1013125560271625e-11	1.3149982998037305e-10	4.954196310386875
peak_25621	36	5	0	0.05388854868340478	0.07793714885524018	2.584962500721156
peak_25622	135	64	42	0.008720447972861376	0.014574134505825408	0.5961030583263566
peak_25623	242	0	26	1.4663894022386683e-08	5.8956492620392864e-08	-4.754887502163468
peak_25626	161	0	38	6.104111040124652e-13	4.75448648905122e-12	-5.285402218862249
peak_25635	207	67	80	0.2177197823353716	0.2689945600815869	-0.2523871616342854
peak_25639	65	38	20	0.0025622591867496664	0.004646546207654967	0.8930847960834881
peak_25640	81	70	64	0.2988105193614608	0.35514250714588924	0.12737930647622742
peak_25642	75	14	34	0.0007881937738866326	0.0015907524105303115	-1.222392421336448
peak_25650	340	75	102	0.02291722100187489	0.035733187567661674	-0.43857301373963287
peak_25660	221	59	45	0.14469727148803585	0.18722070128525645	0.3833286395515057
peak_25668	204	84	106	0.037008291561906374	0.055138998893346315	-0.3320760502634452
peak_25672	163	11	14	0.6779766499363818	0.7162200445408397	-0.3219280948873623
peak_25674	548	38	119	1.9589567590679898e-12	1.4358166518981783e-11	-1.6214883767462702
peak_25680	369	76	37	9.045955608876806e-05	0.00021041140580647694	1.0188590272513158
peak_25681	90	10	0	0.0014998527827686384	0.0028497762310419413	3.4594316186372973
peak_25687	249	34	0	3.475649121550121e-11	2.1127633204267683e-10	5.129283016944966
peak_25688	158	81	76	0.6527488603978707	0.6944658928293136	0.0907654639231822
peak_25692	346	66	39	0.005681968047875488	0.00985493538845003	0.7441610955704101
peak_25695	361	0	69	9.290086589930093e-23	2.5442850047905317e-21	-6.129283016944966
peak_25704	160	28	66	4.523681943887677e-06	1.2696218083836819e-05	-1.2081081953302004
peak_25727	131	66	77	0.2145945148895338	0.26590719018420944	-0.219313028404476
peak_25729	194	0	32	1.1562374250564011e-10	6.451120967401213e-10	-5.044394119358453
peak_25736	251	34	78	3.237818233336628e-06	9.234852228788792e-06	-1.1744977312321365
peak_25752	198	23	0	1.210547378835053e-07	4.303229830974013e-07	4.584962500721156
peak_25763	65	24	0	8.740355499814606e-09	3.628636586475599e-08	4.643856189774724
peak_25767	534	14	0	0.00011197751057716776	0.0002541949371123407	3.9068905956085187
peak_25770	429	0	67	8.268337584779378e-22	2.0347300317326646e-20	-6.087462841250339
peak_25773	348	0	81	4.216069542884631e-27	1.8356118163636162e-25	-6.357552004618084
peak_25778	169	26	60	3.180575285285254e-05	7.800602071855121e-05	-1.1758498353994178
peak_25784	171	0	8	0.007185112614462668	0.012228855214858947	-3.1699250014423126
peak_25797	372	55	95	0.000344693707745121	0.0007377603980057338	-0.777607578663552
peak_25808	340	16	37	0.003853341033816505	0.006799071432719527	-1.1604646721932461
peak_25811	168	0	21	4.899213617237994e-07	1.5765378500448732e-06	-4.459431618637297
peak_25812	459	145	65	3.6783262334441483e-10	1.898418828081509e-09	1.1454304395215638
peak_25821	446	76	82	0.661113262047409	0.7014784803414582	-0.10825289065202341
peak_25827	271	83	30	2.3983513289880713e-08	9.333232750088032e-08	1.438121112391885
peak_25830	135	45	51	0.5250910125499129	0.5782130605121608	-0.17687776208407935
peak_25835	120	36	26	0.1841886468572596	0.23252960770529876	0.45456586346548133
peak_25842	399	0	63	1.5189763564238803e-20	3.1805171174893616e-19	-6.0
peak_25849	413	74	18	3.726048918549427e-10	1.917221534453614e-09	1.9808911770522952
peak_25851	76	8	0	0.006435754013807292	0.01107558477916701	3.169925001442312
peak_25852	156	53	86	0.00025446256458186634	0.0005527643087334871	-0.6880559936852597
peak_25853	465	0	63	2.2780710291661956e-20	4.679231380069597e-19	-6.0
peak_25855	234	76	12	7.45882738586588e-15	7.494135444497198e-14	2.5663468225538093
peak_25856	359	10	0	0.0018329273256595534	0.0033940137393347024	3.4594316186372973
peak_25860	265	29	34	0.5916396477752749	0.6411002692548926	-0.22239242133644802
peak_25861	499	67	96	0.016314848323080704	0.025963085710019713	-0.5124500009367884
peak_25874	158	67	87	0.03232484849573578	0.04851584509053567	-0.3719687773869579
peak_25875	369	14	109	1.4003952513537536e-22	3.658263287382575e-21	-2.8744691179161412
peak_25877	321	26	112	4.271955710487475e-17	5.6185277242865625e-16	-2.065291460251719
peak_25885	263	0	17	1.1683539032599597e-05	3.0646729058734476e-05	-4.169925001442312
peak_25893	67	41	27	0.024324173994329762	0.03774210853704411	0.5849625007211562
peak_25899	261	21	0	6.273234320621336e-07	1.9836037013808245e-06	4.459431618637297
peak_25902	150	38	50	0.16284790345256925	0.20780240986658008	-0.38702312310924736
peak_25911	214	14	0	9.800486666758785e-05	0.00022569475172002374	3.9068905956085187
peak_25913	149	0	12	0.00038779001671753355	0.0008244584078293473	-3.700439718141092
peak_25916	104	27	31	0.6429598259246713	0.6853394754677287	-0.19264507794239588
peak_25932	283	58	71	0.2291238821933531	0.2817440735812067	-0.28728195208047114
peak_25933	110	0	32	3.310868126949564e-11	2.0174117510384064e-10	-5.044394119358453
peak_25937	519	163	146	0.2774164367186359	0.33297816414814596	0.15787965978171917
peak_25952	136	93	64	0.0005617809463199332	0.0011670930426401875	0.5322210386491828
peak_25958	335	0	60	9.508158476084705e-20	1.820848093126898e-18	-5.930737337562886
peak_25960	111	0	48	1.0198136232885066e-17	1.4758325559749013e-16	-5.614709844115208
peak_25969	505	117	105	0.40328919432128313	0.45958728319297903	0.15472259479864206
peak_25973	559	111	129	0.21556149093513155	0.26671611241767307	-0.21501289097085033
peak_25974	460	76	56	0.07366053221767456	0.10177020643255606	0.43389652653015964
peak_25979	338	25	42	0.038801907003999075	0.05760912686632797	-0.7258250365610058
peak_25981	533	35	50	0.11298629264319217	0.14996148377395022	-0.5025003405291831
peak_25982	231	78	94	0.14874914000619374	0.19202435863952125	-0.26607486015384485
peak_25984	306	35	56	0.022684629461710883	0.035413883689229306	-0.6629650127224294
peak_25985	290	160	169	0.5026053713023968	0.5564598481665745	-0.07847405802308483
peak_25987	100	13	49	4.555252310207834e-08	1.7049563018514846e-07	-1.8365012677171204
peak_26005	193	36	0	4.808359929498805e-12	3.334712947383633e-11	5.20945336562895
peak_26006	328	33	45	0.18427440241323945	0.23258022940858317	-0.43609911480667357
peak_26049	602	25	0	4.621804020315436e-08	1.72859542433824e-07	4.700439718141092
peak_26054	111	25	0	1.2998548459578482e-08	5.276064211401816e-08	4.700439718141092
peak_26062	184	16	54	5.303488549601552e-07	1.6948538689880993e-06	-1.6938968722743202
peak_26063	47	14	0	3.9207014211806474e-05	9.556006238992448e-05	3.9068905956085187
peak_26065	363	242	230	0.39201954544553147	0.4484499358858157	0.07306346218972339
peak_26066	384	105	147	0.0016013467794524902	0.0030212075905670316	-0.4815329110657506
peak_26078	313	10	135	3.338774598124333e-36	2.7881504594828447e-34	-3.6280312226130422
peak_26079	80	0	16	1.3280075846938984e-05	3.449704557078388e-05	-4.087462841250339
peak_26087	235	28	85	7.82993943908003e-10	3.864894525452876e-09	-1.5682837595745258
peak_26089	530	73	132	5.772421234537124e-06	1.591164164974681e-05	-0.8458290698722399
peak_26092	333	23	0	1.6090040952366742e-07	5.594721406918511e-07	4.584962500721156
peak_26094	749	179	198	0.28386624160281415	0.3400787005467392	-0.14477152421397407
peak_26097	342	166	181	0.28428683168381697	0.3404620828576348	-0.12409034772464411
peak_26100	555	124	93	0.023030963486471788	0.035888567757750775	0.41119543298444966
peak_26101	453	59	88	0.011450646596427248	0.01880386646105751	-0.5688428353578793
peak_26102	1718	623	574	0.08565277897258664	0.11692886035178825	0.11798407303051088
peak_26108	84	41	5	2.3243644825808104e-10	1.2394084963028816e-09	2.807354922057604
peak_26109	301	79	49	0.003760516856156783	0.00664449284261625	0.6780719051126377
peak_26110	281	40	39	1.0	1.0	0.03562390973072122
peak_26114	242	18	0	5.495654477301462e-06	1.5231155553522115e-05	4.247927513443585
peak_26122	698	240	324	5.809389857897197e-06	1.5996233478988283e-05	-0.4314065716858551
peak_26123	134	59	80	0.014328943068302997	0.023135225353386836	-0.43295940727610627
peak_26125	217	0	16	2.290830217733531e-05	5.754185961111739e-05	-4.087462841250339
peak_26132	487	78	101	0.06854468002325947	0.09522874191466839	-0.3686445937943926
peak_26136	847	60	7	5.672416538664668e-12	3.889002671326759e-11	2.9307373375628862
peak_26140	410	145	216	7.943088555378068e-07	2.4687061074494132e-06	-0.5717266735644622
peak_26145	273	23	77	2.1320236109261677e-09	9.757887038686341e-09	-1.7004397181410922
peak_26146	956	252	306	0.007641502900670258	0.01285953610043419	-0.2791012706758692
peak_26151	222	62	26	2.5374995295716854e-05	6.305376879823496e-05	1.222392421336448
peak_26153	178	15	0	4.4875468716874083e-05	0.0001082365708540514	4.0
peak_26154	338	0	25	3.760546560541912e-08	1.422139879688233e-07	-4.700439718141092
peak_26162	176	0	7	0.014703525310198966	0.023694956637188715	-3.0
peak_26163	180	130	133	0.8122894156558091	0.8325557914186503	-0.03266618892032209
peak_26178	404	51	77	0.01577186434544649	0.02516187816339005	-0.5849625007211563
peak_26186	452	97	90	0.622322904105233	0.6676672524354677	0.10691520391651188
peak_26187	131	110	122	0.03144311912877888	0.047262097622307354	-0.14809863898913386
peak_26188	117	0	5	0.05983501477063708	0.08511576800938991	-2.584962500721156
peak_26190	55	0	13	0.00010946045046428752	0.0002488137147099869	-3.807354922057604
peak_26192	279	39	32	0.4461156139194712	0.5011053886010554	0.27753397552890896
peak_26193	448	153	186	0.027431590303810604	0.042216471603507916	-0.28010791919273537
peak_26195	99	50	0	3.9585770066251856e-19	7.07543553394691e-18	5.672425341971495
peak_26197	45	12	33	1.8129788967074786e-05	4.64086155770246e-05	-1.3870231231092474
peak_26200	121	94	89	0.5495007568477871	0.6010643881001991	0.07800251200127316
peak_26209	363	238	157	2.1479415340429663e-09	9.820112045408864e-09	0.5970860598036457
peak_26215	318	39	21	0.020459340880922727	0.03207752614571264	0.8624964762500651
peak_26217	223	29	41	0.15180692223694164	0.1955752306208854	-0.4854268271702417
peak_26219	97	38	0	7.797362168328044e-14	6.895792167615114e-13	5.285402218862249
peak_26220	637	315	316	1.0	1.0	-0.004558281962304301
peak_26222	383	49	0	6.889668060643947e-16	7.869051367919341e-15	5.643856189774724
peak_26229	186	0	24	5.396392400215391e-08	1.9977632911843895e-07	-4.643856189774724
peak_26238	258	0	6	0.030345125126066026	0.046010653005727965	-2.807354922057604
peak_26241	273	28	66	2.2391447905600297e-05	5.64663542728356e-05	-1.2081081953302004
peak_26250	159	47	43	0.7089292645666759	0.7435218599346607	0.12553088208385882
peak_26254	199	23	35	0.11756435740257118	0.15547062217255908	-0.5849625007211563
peak_26256	213	0	30	6.211924207261155e-10	3.1023080305674826e-09	-4.954196310386875
peak_26257	182	40	41	1.0	1.0	-0.03476541816067664
peak_26259	133	20	0	8.817213729717503e-07	2.722114347829149e-06	4.392317422778761
peak_26262	176	23	5	0.000562744028240902	0.0011681410268374714	2.0
peak_26270	281	43	64	0.031328316443066245	0.0471034368243741	-0.5629361943911572
peak_26272	260	37	34	0.7985539174838576	0.819797189774843	0.11864449649861893
peak_26279	333	37	39	0.9030841485811298	0.9178592683304619	-0.07400058144377693
peak_26283	322	140	131	0.5231525355223035	0.5767017995997866	0.09515723304034003
peak_26291	302	100	118	0.1497096770078233	0.1932073892750645	-0.2366062805561488
peak_26292	164	20	0	1.0298590460903345e-06	3.1451450724125683e-06	4.392317422778761
peak_26293	169	44	0	4.524245907151121e-15	4.6278129821340986e-14	5.491853096329675
peak_26294	548	99	101	0.9376823083938397	0.9490470254238466	-0.028569152196770954
peak_26295	166	14	0	9.172529025749541e-05	0.00021306367011932588	3.9068905956085187
peak_26298	279	11	29	0.004711842416145721	0.00823965851968634	-1.3219280948873622
peak_26309	291	81	87	0.6474691448598908	0.6894247123570827	-0.10187961401921364
peak_26312	236	31	0	3.245826836415625e-10	1.6923481990482285e-09	5.0
peak_26319	153	0	27	4.2365176990824055e-09	1.8524310007833282e-08	-4.807354922057605
peak_26336	349	124	123	1.0	1.0	0.011587974275211825
peak_26339	241	16	0	2.3594676555880944e-05	5.8946190473593686e-05	4.087462841250339
peak_26345	282	111	89	0.06441588270392667	0.09012208362916849	0.3155018257279294
peak_26348	269	31	17	0.04833469277434329	0.0704684959909859	0.8300749985576875
peak_26352	491	57	52	0.6846425363701961	0.7217651242280172	0.1300605405643729
peak_26353	266	20	63	3.1397539069743445e-07	1.0433076583253302e-06	-1.6076825772212398
peak_26355	182	0	22	2.4281031059362547e-07	8.218443336637396e-07	-4.523561956057013
peak_26359	153	31	0	1.7162420145079747e-10	9.330348796055094e-10	5.0
peak_26360	139	0	11	0.0007950295505531788	0.0016026436606719006	-3.584962500721156
peak_26361	217	0	15	4.751771590249256e-05	0.00011401565935341361	-4.0
peak_26365	509	130	215	2.3719872590741975e-08	9.237693499788963e-08	-0.7214645006260182
peak_26369	366	39	21	0.021320475950622753	0.033366053607518376	0.8624964762500651
peak_26372	326	61	17	1.0638742417833776e-07	3.792425043838016e-07	1.784271308944563
peak_26377	424	89	101	0.3649906686783252	0.4214257881789725	-0.18057224564182092
peak_26379	350	44	65	0.036735209510579125	0.05478019825728632	-0.5525410230287788
peak_26380	108	80	96	0.008044760395383762	0.013511377993433856	-0.2600628393025029
peak_26381	390	34	60	0.005740332338962296	0.009942622555142448	-0.8014543206179199
peak_26384	152	0	29	8.511444136990771e-10	4.164966035910757e-09	-4.906890595608519
peak_26389	340	289	286	0.8320007874215265	0.8507049400090839	0.015002163339246545
peak_26391	531	56	15	4.4959602116568755e-07	1.454121988455881e-06	1.8328900141647417
peak_26398	635	264	312	0.00804328712554147	0.013511377993433856	-0.2401702974820568
peak_26408	472	260	286	0.09935026781962239	0.13360355445437078	-0.13700093010580336
peak_26409	254	31	0	3.5146906185434943e-10	1.8232010194359022e-09	5.0
peak_26410	197	59	49	0.30940166191770885	0.3659373266331109	0.2630344058337938
peak_26414	159	52	87	0.00011393842276475396	0.00025807128748939824	-0.731511164074098
peak_26415	382	158	202	0.00181123747988349	0.003361181683980509	-0.3524529619008208
peak_26416	145	0	17	9.27755247082216e-06	2.4691667861216344e-05	-4.169925001442312
peak_26420	413	47	42	0.6537226412234559	0.6950664025030858	0.15869774601905823
peak_26421	776	161	106	0.0002709614311058458	0.0005871023096780853	0.5983830164834777
peak_26422	183	0	34	2.1479188382883655e-11	1.3392287101886088e-10	-5.129283016944966
peak_26424	246	22	33	0.15199854562056303	0.19572310196945097	-0.5639008851933265
peak_26427	368	34	0	5.2367448028418814e-11	3.087497456675526e-10	5.129283016944966
peak_26428	921	24	0	1.0242215362871296e-07	3.66904676923111e-07	4.643856189774724
peak_26429	109	9	0	0.0032893635406906407	0.005902084493229349	3.321928094887362
peak_26437	499	117	116	1.0	1.0	0.012278329778436693
peak_26440	270	18	8	0.06855198205753611	0.09522874191466839	1.078002512001273
peak_26445	194	12	32	0.0020548528611029748	0.0037598493083543655	-1.3439544012173614
peak_26446	455	42	73	0.002642253472300815	0.004784798858123125	-0.783188610926852
peak_26450	301	83	86	0.8560901574541482	0.8725336658806384	-0.05062607306996795
peak_26454	71	8	17	0.07652700912715403	0.1055016466830102	-1.0
peak_26465	112	0	18	3.63352800804221e-06	1.0294322398758076e-05	-4.247927513443585
peak_26466	173	0	34	1.9269341797144508e-11	1.213325427869643e-10	-5.129283016944966
peak_26469	270	33	105	9.680908182487773e-13	7.360380042028763e-12	-1.6404576133128599
peak_26472	262	86	50	0.000462235143501749	0.0009661985313901969	0.7705181538772327
peak_26475	150	36	23	0.08075404819534633	0.11078942135930359	0.6244908649077937
peak_26477	439	140	146	0.7188380830899795	0.7510090851894838	-0.06012099243757091
peak_26480	92	60	38	0.001836865787910869	0.0033951358213417876	0.645335118700638
peak_26482	275	0	19	2.7650692890628184e-06	8.021220363602503e-06	-4.321928094887363
peak_26486	127	14	0	8.359818332545532e-05	0.00019498587264646033	3.9068905956085187
peak_26488	295	54	59	0.6757129708617412	0.7142369136969036	-0.12553088208385899
peak_26498	106	0	48	6.772936274943938e-18	1.0088110346363865e-16	-5.614709844115208
peak_26500	565	0	23	1.8972388225249534e-07	6.5081040821159e-07	-4.584962500721156
peak_26504	275	68	52	0.12124612964358182	0.1599243356821351	0.3806040022149698
peak_26509	173	35	5	3.294864563833788e-07	1.0912899927288241e-06	2.584962500721156
peak_26510	283	14	0	0.00010353141493320617	0.00023649732182500098	3.9068905956085187
peak_26512	242	41	0	1.4279136794069442e-13	1.2143225847911476e-12	5.392317422778761
peak_26521	251	123	148	0.03151551826530346	0.047356946915473694	-0.2649722100752863
peak_26522	406	55	18	6.735716594620418e-06	1.823153046386632e-05	1.5594274086140185
peak_26525	192	20	38	0.014880281816598126	0.023911721001183234	-0.8930847960834881
peak_26526	162	0	42	2.1346930893715296e-14	2.006296420158408e-13	-5.426264754702098
peak_26528	441	41	0	3.4311396348853203e-13	2.7699247702227928e-12	5.392317422778761
peak_26540	485	66	50	0.1374686958988848	0.17873035653622235	0.39366384848627684
peak_26543	107	14	52	2.214304118849521e-08	8.669136184048923e-08	-1.8210298589546807
peak_26547	125	38	47	0.2854531353282516	0.3416584284215493	-0.2995602818589078
peak_26548	146	23	42	0.010980941236753708	0.01806747889535639	-0.8413022539809418
peak_26552	355	30	53	0.00984430892518607	0.016313243222152843	-0.8006911917765933
peak_26554	491	32	37	0.6177760724347433	0.663773742455723	-0.203533394085132
peak_26557	293	52	37	0.10671408963802242	0.1423040766010697	0.4799929411196136
peak_26562	68	17	0	4.871783206066785e-06	1.362067159808134e-05	4.169925001442312
peak_26563	51	6	0	0.026749066659243242	0.04127832340569072	2.807354922057604
peak_26566	156	37	47	0.25059527315649727	0.30509854719388074	-0.33703498727757075
peak_26569	321	29	70	9.763656041733695e-06	2.5863787767338242e-05	-1.2428565238961635
peak_26571	312	96	59	0.0008193180395041097	0.0016437991702378633	0.6930222465786092
peak_26596	125	0	14	8.306404844320129e-05	0.00019382879650465753	-3.9068905956085187
peak_26600	608	92	59	0.005259298073340151	0.009156139571290063	0.632268215499513
peak_26602	151	22	0	2.091058171675596e-07	7.124983495996981e-07	4.523561956057013
peak_26603	509	0	90	2.148471824261e-29	1.1054864113924783e-27	-6.507794640198696
peak_26606	94	0	5	0.05918485330250037	0.0844976577138276	-2.584962500721156
peak_26611	143	0	20	9.343856121343906e-07	2.8742513938481797e-06	-4.392317422778761
peak_26617	252	0	44	1.45282580187046e-14	1.3937278031503055e-13	-5.491853096329675
peak_26631	513	165	178	0.4271345967939527	0.48265830436299806	-0.10877634591733164
peak_26633	416	142	77	4.0683572791747884e-07	1.3284751269305367e-06	0.874469117916141
peak_26634	363	0	105	7.23330251937957e-36	5.9429746828579885e-34	-6.7279204545632
peak_26636	90	44	0	9.835403174477103e-17	1.2525385942696593e-15	5.491853096329675
peak_26637	199	74	63	0.2914021939572051	0.347553916183096	0.22881869049588088
peak_26638	76	19	0	1.0553288140942995e-06	3.2171424171133225e-06	4.321928094887363
peak_26644	643	51	90	0.0006528068027365853	0.0013419684637369514	-0.8073549220576042
peak_26645	269	96	114	0.13289678702305835	0.17345022626068646	-0.2455772087572475
peak_26650	374	0	27	9.15997536833561e-09	3.78434018867004e-08	-4.807354922057605
peak_26652	217	42	98	1.1738653963588496e-08	4.7875663162946196e-08	-1.2030918653775116
peak_26657	246	0	78	4.525783362641947e-27	1.9373395335544606e-25	-6.303780748177103
peak_26660	171	55	0	3.0727774082303778e-19	5.550612807633172e-18	5.807354922057604
peak_26662	126	5	0	0.06002496039936639	0.08531449449619764	2.584962500721156
peak_26665	363	0	20	1.4575380960351715e-06	4.364902446327551e-06	-4.392317422778761
peak_26673	328	151	178	0.04224762525998373	0.06216331689034001	-0.23588826382067093
peak_26678	463	34	39	0.6259639856682675	0.6700274307615369	-0.19264507794239588
peak_26679	114	36	26	0.18014067224537783	0.22807171137851043	0.45456586346548133
peak_26689	184	28	31	0.7765024238390812	0.8005471254880144	-0.14201900487242788
peak_26692	352	30	48	0.04067677209907586	0.06011240994275962	-0.6605135337283329
peak_26695	493	78	88	0.44375325385151626	0.49889187268144425	-0.1719526827892949
peak_26702	368	20	44	0.0023942946027344664	0.00435435084124576	-1.0995356735509143
peak_26706	263	101	115	0.2492115494455901	0.30363157925755463	-0.18555565315607656
peak_26712	260	0	31	3.599777789934132e-10	1.863543502228096e-09	-5.0
peak_26713	145	15	22	0.2908805576249153	0.3470130118363744	-0.523561956057013
peak_26720	760	178	362	5.0670594338912833e-23	1.450089930125966e-21	-1.0200099607314943
peak_26724	718	0	27	1.1616192493668629e-08	4.7452192913190054e-08	-4.807354922057605
peak_26727	234	94	157	7.40494277590905e-09	3.1174197107835286e-08	-0.7339251398461552
peak_26728	468	0	11	0.0009202175975086529	0.0018056966262361624	-3.584962500721156
peak_26733	316	66	79	0.25622487460369636	0.3105485948279156	-0.2558389044295899
peak_26734	92	28	0	6.573099432135906e-10	3.2762591494423e-09	4.857980995127572
peak_26736	238	12	0	0.0004235997307146653	0.0008938761508949896	3.700439718141092
peak_26738	176	25	43	0.021268259024238782	0.033294564065603056	-0.758991900496205
peak_26740	822	122	137	0.3432572457620101	0.3999433691472277	-0.16600995143892924
peak_26742	139	20	0	9.139394115124122e-07	2.814756567257695e-06	4.392317422778761
peak_26743	543	136	156	0.19342545508210915	0.24262725146226644	-0.19658866593110025
peak_26745	452	87	0	1.3191701557342424e-28	6.524128906126438e-27	6.459431618637297
peak_26750	429	30	33	0.7937181915947208	0.8159839491389521	-0.13326653086346424
peak_26753	188	0	52	7.333269218009118e-18	1.0827731419286507e-16	-5.7279204545632
peak_26754	301	0	16	2.487033229084101e-05	6.198115102228185e-05	-4.087462841250339
peak_26769	510	88	109	0.11250969753372833	0.14944573643723916	-0.30562628255826185
peak_26772	183	0	35	9.639756232077303e-12	6.344304682971807e-11	-5.169925001442312
peak_26778	361	0	18	6.139915468139242e-06	1.6725523740481976e-05	-4.247927513443585
peak_26781	77	0	40	1.736700811970139e-15	1.8984450506815208e-14	-5.357552004618084
peak_26792	75	29	0	1.277490954007008e-10	7.081108726563327e-10	4.906890595608519
peak_26794	440	119	144	0.07705787015346541	0.10614732032497372	-0.27301849440641596
peak_26799	206	46	0	1.6750605091603563e-15	1.8350017706801838e-14	5.554588851677638
peak_26800	135	26	0	7.868986027806892e-09	3.296432140267131e-08	4.754887502163468
peak_26809	278	109	128	0.12259663749915237	0.16158014784493716	-0.2298675418985946
peak_26815	577	32	0	2.993249532309504e-10	1.570300012109641e-09	5.044394119358453
peak_26818	111	0	45	2.0249183962411217e-16	2.4915300266792932e-15	-5.523561956057013
peak_26819	214	11	0	0.0008560155613293721	0.001706002844057833	3.584962500721156
peak_26821	487	121	148	0.062309570906241514	0.08751170504449801	-0.2884311828992752
peak_26826	182	0	40	1.6342818612015553e-13	1.38289564800012e-12	-5.357552004618084
peak_26830	110	46	52	0.4977125725032971	0.5517842129093334	-0.17333160288556176
peak_26841	58	0	58	3.256682344093458e-34	2.439638214825305e-32	-5.882643049361842
peak_26846	239	57	5	1.24757856038389e-13	1.0680949893437874e-12	3.273018494406416
peak_26850	561	80	86	0.6742724524356929	0.7128982716287713	-0.10309349296410361
peak_26852	533	104	114	0.4943918566029206	0.5486780212495158	-0.13124453327825267
peak_26854	367	169	212	0.0018975005642275437	0.003493266307977993	-0.3253186840881365
peak_26855	175	0	16	2.1315423094053822e-05	5.399341881706125e-05	-4.087462841250339
peak_26858	181	37	11	7.695139723642064e-05	0.00018030837972508128	1.6629650127224291
peak_26862	137	33	0	2.5980324694905305e-11	1.6100215814580002e-10	5.087462841250339
peak_26865	145	0	35	5.630124974310981e-12	3.86520978694611e-11	-5.169925001442312
peak_26868	120	31	0	1.0039802668413544e-10	5.651133126287137e-10	5.0
peak_26869	199	0	32	1.2011479375507293e-10	6.672461934442109e-10	-5.044394119358453
peak_26871	186	17	0	1.0406798639949007e-05	2.746747786108821e-05	4.169925001442312
peak_26876	550	57	87	0.009352700199912384	0.015544096188696146	-0.6014506235097252
peak_26877	476	87	121	0.009541548686977722	0.015842454045457796	-0.471305718925589
peak_26881	194	0	9	0.0035527019745520464	0.006323362633951127	-3.321928094887362
peak_26886	188	53	26	0.0009199726218454774	0.0018056966262361624	1.0
peak_26888	583	214	258	0.010268631301541554	0.0169777370496763	-0.2686154380970936
peak_26895	344	37	60	0.015622706105607075	0.02493953773173376	-0.6828098241193007
peak_26896	290	108	103	0.7299588859448591	0.7602556869767149	0.06774460663583427
peak_26898	387	111	129	0.18640195524233208	0.23489390585099246	-0.21501289097085033
peak_26911	171	47	11	2.1424448467856366e-07	7.285456641873186e-07	2.0
peak_26920	360	151	140	0.4476181353444583	0.5025400466635707	0.10837616104479195
peak_26923	131	0	7	0.014391991615928284	0.02322965947133672	-3.0
peak_26924	341	8	37	8.048218133403718e-06	2.16118203329249e-05	-2.078002512001273
peak_26930	962	180	141	0.020045565321563413	0.03144813974377703	0.3500987675785234
peak_26936	911	163	208	0.010411067668552501	0.017179779301459815	-0.3498071274627991
peak_26937	520	197	234	0.023396059847536278	0.036424061388554335	-0.2471603264853901
peak_26938	194	53	0	3.591815569451288e-18	5.64713225641508e-17	5.754887502163468
peak_26939	440	55	0	9.173930663525211e-18	1.3352000799999264e-16	5.807354922057604
peak_26942	561	58	100	0.000407767095394559	0.0008622522141718073	-0.7755684333899535
peak_26943	206	27	16	0.1062257738790377	0.14176423687184125	0.7198920808072646
peak_26944	919	303	321	0.40239119854101324	0.45866653957662146	-0.08298936467103148
peak_26951	401	160	184	0.10073714972643699	0.13521871955374706	-0.20046458240169515
peak_26954	346	119	80	0.0013830769141643144	0.002648471488102617	0.5670405927238937
peak_26955	254	0	20	1.2926126634432083e-06	3.907756028237213e-06	-4.392317422778761
peak_26956	156	0	11	0.0008136914325765504	0.0016350864526804528	-3.584962500721156
peak_26957	182	23	5	0.0005725173089198364	0.0011860118632117309	2.0
peak_26972	167	108	56	1.8484650163387074e-08	7.327689333252433e-08	0.9352943106121846
peak_26973	169	38	26	0.12628679683808813	0.16571482305337995	0.5305147166987798
peak_26976	340	131	129	0.9371121470893825	0.948658441429514	0.02202630632999885
peak_26980	424	35	79	1.223580701166107e-05	3.2029394099384116e-05	-1.15200309344505
peak_26982	161	0	11	0.000818473339910014	0.0016427514552803826	-3.584962500721156
peak_26983	394	150	203	0.00019117706621045718	0.00042121798238584296	-0.4340206026464166
peak_26986	285	20	41	0.006346549180564034	0.0109294528484764	-1.0
peak_26993	200	0	100	8.077999966565502e-38	7.481696696306303e-36	-6.658211482751795
peak_26994	394	167	181	0.35103948586663736	0.4081906333235672	-0.1154772174199359
peak_26997	141	24	19	0.5079456267940383	0.5620058694371918	0.32192809488736235
peak_26999	445	70	86	0.1859022445570447	0.23434447754852408	-0.2931963763440462
peak_27002	136	17	0	8.957559631408044e-06	2.3889952231619152e-05	4.169925001442312
peak_27004	136	16	0	1.910946054700383e-05	4.88427456228989e-05	4.087462841250339
peak_27005	211	0	109	1.4579329397274402e-41	2.1219172557061657e-39	-6.78135971352466
peak_27011	348	59	111	6.030198552115537e-06	1.6488368987910117e-05	-0.9004643264490856
peak_27012	516	71	27	3.587510953002488e-06	1.016960533922909e-05	1.3625700793847084
peak_27013	305	30	31	1.0	1.0	-0.04580368961312479
peak_27022	466	106	129	0.09689230772724917	0.13056540697199528	-0.28090082662730764
peak_27023	134	17	28	0.10147847692134783	0.13596300932071168	-0.6880559936852597
peak_27025	395	23	37	0.0800884772713686	0.10999479730934258	-0.6629650127224294
peak_27034	380	73	152	4.2248187922968187e-10	2.1542769697657653e-09	-1.047934477063702
peak_27035	141	6	0	0.029599766039895056	0.04517112289012145	2.807354922057604
peak_27036	486	132	127	0.7716999236281425	0.7960792650793354	0.0552824355011896
peak_27039	77	32	0	7.757952683512237e-12	5.206720812886869e-11	5.044394119358453
peak_27049	344	26	123	4.514086692373628e-20	9.017552004294612e-19	-2.1993088082234067
peak_27054	126	27	0	3.1308501080834755e-09	1.3953237489568874e-08	4.807354922057604
peak_27055	174	0	42	2.716606475258037e-14	2.529870819920373e-13	-5.426264754702098
peak_27058	128	17	33	0.017454200880485472	0.02764667266330628	-0.9175378398080271
peak_27059	640	59	174	4.269084716566515e-17	5.6185277242865625e-16	-1.5443205162238103
peak_27072	167	0	32	9.009080974694867e-11	5.110496490545174e-10	-5.044394119358453
peak_27075	205	0	8	0.00728746607759148	0.012369994068394202	-3.1699250014423126
peak_27077	330	42	55	0.186898247864095	0.23530886668801285	-0.3810901673555061
peak_27081	301	79	124	0.00014248255570804608	0.0003186155130714604	-0.6438561897747247
peak_27088	279	25	30	0.5703152801958541	0.6215631230889347	-0.253756592245783
peak_27089	164	16	10	0.30683671795281814	0.36324105072081236	0.6280312226130421
peak_27091	170	0	18	4.746265603697844e-06	1.3291631107881702e-05	-4.247927513443585
peak_27100	159	32	10	0.0003970851184198693	0.0008407113853827158	1.584962500721156
peak_27108	247	0	25	3.145212036645901e-08	1.2055462840236432e-07	-4.700439718141092
peak_27110	481	123	128	0.7690408703256804	0.7934968996230536	-0.05703094503637885
peak_27111	157	49	99	2.330951159979227e-08	9.091780405003202e-08	-1.0
peak_27112	564	91	139	0.0004968085026442353	0.0010346453444275284	-0.6057210608879536
peak_27115	688	277	319	0.025669130717311986	0.039708032758574936	-0.2029870221638549
peak_27116	229	0	60	2.0091627652575655e-20	4.16043704317969e-19	-5.930737337562886
peak_27119	71	21	41	0.0012203872113007658	0.002353900967196555	-0.9328858041414629
peak_27120	300	70	81	0.3468643464499159	0.4038690241864849	-0.20780488511340164
peak_27127	508	19	75	8.909562189750373e-10	4.332771623433427e-09	-1.9259994185562233
peak_27128	408	80	149	9.952131841034588e-08	3.5701520843824075e-07	-0.888968687611256
peak_27129	179	29	0	1.084845053782439e-09	5.18405319321552e-09	4.906890595608519
peak_27131	429	173	155	0.23233261796092244	0.2852500255225208	0.15754127698648002
peak_27138	124	0	30	2.528574392530527e-10	1.3389353384148135e-09	-4.954196310386875
peak_27141	142	0	33	2.8361575196774436e-11	1.7469632896296128e-10	-5.087462841250339
peak_27144	168	0	25	2.2729397696690643e-08	8.879106738262433e-08	-4.700439718141092
peak_27145	213	165	94	2.0882606253316835e-12	1.517489247566276e-11	0.805183823015977
peak_27146	76	25	8	0.0013926232826675863	0.0026629215472630196	1.5305147166987798
peak_27147	19	6	0	0.019656019656019652	0.030894095688912094	2.807354922057604
peak_27148	102	0	76	1.3865450681421722e-33	9.544676455562467e-32	-6.266786540694901
